{"type":"FeatureCollection","features":[{"type":"Feature","properties":{"DistName":"岩倉台ニュータウン地区地区計画","DistType":"地区計画","DistCode":1,"Pref":"熊本県","Citycode":"43100","Cityname":"熊本市","FNDate":null},"geometry":{"type":"Polygon","coordinates":[[[130.747104,32.843165],[130.747152,32.843023],[130.747103,32.843016],[130.747129,32.842916],[130.746909,32.842877],[130.746958,32.842717],[130.74648,32.842567],[130.746359,32.842494],[130.746265,32.842451],[130.746092,32.842373],[130.746047,32.84236],[130.745986,32.84233],[130.745676,32.842238],[130.745278,32.842122],[130.744899,32.84205],[130.744256,32.841758],[130.744106,32.841618],[130.743979,32.841551],[130.743638,32.841377],[130.7433,32.841321],[130.743283,32.841323],[130.743117,32.841224],[130.743013,32.841181],[130.742458,32.840941],[130.741894,32.841044],[130.741518,32.841116],[130.741286,32.841105],[130.741265,32.841086],[130.741109,32.841029],[130.741053,32.841457],[130.74099,32.841802],[130.740891,32.842342],[130.741263,32.842386],[130.741335,32.842396],[130.741303,32.842547],[130.741263,32.842541],[130.741086,32.842525],[130.741037,32.842794],[130.741262,32.842909],[130.742038,32.843249],[130.742714,32.843503],[130.742327,32.843903],[130.741747,32.844513],[130.741542,32.844745],[130.741254,32.845049],[130.740991,32.844863],[130.740948,32.844928],[130.740921,32.844916],[130.740826,32.845062],[130.7408,32.845092],[130.740834,32.845225],[130.740847,32.845226],[130.740986,32.845229],[130.741079,32.845243],[130.741072,32.845258],[130.741254,32.845297],[130.741269,32.845299],[130.741273,32.845358],[130.741376,32.845375],[130.741389,32.845436],[130.741618,32.845433],[130.74166,32.845633],[130.741705,32.845839],[130.741699,32.845921],[130.741764,32.846349],[130.741767,32.846512],[130.741803,32.846524],[130.742303,32.846507],[130.742993,32.846503],[130.743065,32.845687],[130.743094,32.845687],[130.743108,32.845585],[130.743671,32.845596],[130.743866,32.845571],[130.744057,32.84574],[130.744502,32.845443],[130.74517,32.844991],[130.745714,32.844622],[130.745758,32.844569],[130.745991,32.84442],[130.74607,32.844366],[130.746324,32.84416],[130.746537,32.844173],[130.746702,32.843979],[130.746779,32.843996],[130.747372,32.843571],[130.747411,32.843202],[130.747104,32.843165]]]}},{"type":"Feature","properties":{"DistName":"兎谷地区地区計画","DistType":"地区計画","DistCode":1,"Pref":"熊本県","Citycode":"43100","Cityname":"熊本市","FNDate":null},"geometry":{"type":"Polygon","coordinates":[[[130.734132,32.837622],[130.734223,32.837355],[130.734316,32.837181],[130.733984,32.837058],[130.733711,32.836957],[130.733261,32.83681],[130.733424,32.836502],[130.732974,32.836408],[130.73274,32.836419],[130.732584,32.836678],[130.732549,32.836773],[130.732404,32.836995],[130.732329,32.837103],[130.73217,32.837323],[130.732167,32.837337],[130.732073,32.837367],[130.732051,32.837372],[130.732316,32.837479],[130.732361,32.837496],[130.732467,32.837534],[130.732581,32.837569],[130.732693,32.837599],[130.73279,32.837635],[130.732893,32.837664],[130.732979,32.83767],[130.733067,32.837669],[130.733142,32.837649],[130.733214,32.837634],[130.733302,32.83761],[130.733365,32.837597],[130.733449,32.837589],[130.733535,32.837589],[130.733639,32.837587],[130.733732,32.837595],[130.733849,32.837613],[130.733951,32.837637],[130.73406,32.837667],[130.734122,32.837686],[130.734132,32.837622]]]}},{"type":"Feature","properties":{"DistName":"大平地区地区計画","DistType":"地区計画","DistCode":1,"Pref":"熊本県","Citycode":"43100","Cityname":"熊本市","FNDate":null},"geometry":{"type":"Polygon","coordinates":[[[130.7151,32.845787],[130.715032,32.84576],[130.714789,32.84567],[130.714721,32.845647],[130.714643,32.845582],[130.714627,32.845563],[130.714337,32.845357],[130.714005,32.845474],[130.713983,32.845416],[130.713802,32.845458],[130.713586,32.845169],[130.713594,32.844807],[130.713865,32.844819],[130.713793,32.844424],[130.71377,32.844345],[130.71375,32.844298],[130.713717,32.844252],[130.713645,32.84419],[130.713577,32.844149],[130.713462,32.844085],[130.712139,32.843571],[130.712076,32.843541],[130.711977,32.84349],[130.7119,32.843428],[130.711844,32.843509],[130.711818,32.843548],[130.711772,32.843559],[130.711616,32.843469],[130.711516,32.843437],[130.711383,32.843415],[130.71122,32.843441],[130.71113,32.843439],[130.711129,32.843439],[130.71102,32.843436],[130.710911,32.843442],[130.71084,32.843425],[130.710762,32.843418],[130.710683,32.843412],[130.710613,32.843406],[130.710469,32.8434],[130.710349,32.843411],[130.71023,32.843421],[130.710112,32.843448],[130.709955,32.843605],[130.709818,32.843734],[130.709771,32.843714],[130.709702,32.843794],[130.709674,32.843847],[130.709404,32.843744],[130.709383,32.84379],[130.709582,32.843871],[130.709677,32.843904],[130.709649,32.843958],[130.709624,32.843998],[130.709581,32.844061],[130.709557,32.844095],[130.709433,32.844239],[130.709421,32.844282],[130.709398,32.844385],[130.709358,32.844745],[130.709351,32.844828],[130.709368,32.844859],[130.709429,32.844927],[130.709454,32.844997],[130.709442,32.84509],[130.709321,32.84528],[130.709255,32.84546],[130.709274,32.845526],[130.709316,32.845576],[130.70942,32.845644],[130.709538,32.845698],[130.709698,32.845798],[130.709883,32.84594],[130.709953,32.846103],[130.709938,32.845912],[130.710044,32.845834],[130.710016,32.845694],[130.710142,32.845647],[130.710239,32.845642],[130.710249,32.845629],[130.710309,32.845606],[130.710344,32.845577],[130.710447,32.845445],[130.710499,32.845253],[130.710569,32.845218],[130.710594,32.84518],[130.710601,32.845143],[130.710595,32.845004],[130.710881,32.844985],[130.710884,32.845071],[130.71089,32.845103],[130.710879,32.845117],[130.710874,32.84514],[130.710877,32.845174],[130.710888,32.84521],[130.710911,32.845266],[130.710923,32.845312],[130.710921,32.845398],[130.710915,32.845427],[130.710923,32.845452],[130.710942,32.845466],[130.710951,32.84547],[130.710977,32.845483],[130.711031,32.845508],[130.71105,32.845523],[130.711068,32.845546],[130.711089,32.845575],[130.711117,32.845636],[130.711141,32.845675],[130.71117,32.845715],[130.711232,32.845779],[130.711312,32.845881],[130.711308,32.84602],[130.711386,32.846002],[130.711487,32.845978],[130.711566,32.845963],[130.711644,32.84596],[130.711746,32.845966],[130.711761,32.845993],[130.711764,32.846027],[130.711769,32.846044],[130.711768,32.846061],[130.711766,32.846073],[130.711735,32.846102],[130.711715,32.846125],[130.711705,32.846139],[130.711702,32.846162],[130.711705,32.846188],[130.711714,32.846202],[130.711732,32.846219],[130.711738,32.846227],[130.711739,32.84624],[130.711734,32.846247],[130.711724,32.846258],[130.711718,32.846266],[130.711716,32.846279],[130.711721,32.84629],[130.711732,32.846302],[130.711745,32.846312],[130.711759,32.846317],[130.711779,32.84632],[130.711812,32.84632],[130.711838,32.846315],[130.71186,32.846314],[130.711887,32.846314],[130.711908,32.846318],[130.711932,32.846325],[130.711942,32.84633],[130.71195,32.846342],[130.711961,32.846386],[130.711966,32.846412],[130.711968,32.846435],[130.711979,32.846464],[130.711985,32.846478],[130.712,32.846508],[130.712027,32.84656],[130.712044,32.846602],[130.712051,32.846616],[130.712063,32.846631],[130.712085,32.846651],[130.712165,32.846709],[130.712284,32.846796],[130.712304,32.846812],[130.712433,32.846867],[130.712502,32.846896],[130.712504,32.846897],[130.712538,32.84694],[130.712539,32.84694],[130.71255,32.846949],[130.71255,32.846949],[130.712456,32.846997],[130.71223,32.847103],[130.712102,32.846973],[130.711979,32.847089],[130.71206,32.847187],[130.712091,32.84725],[130.712047,32.84743],[130.712015,32.847594],[130.712021,32.847679],[130.712058,32.847792],[130.712102,32.847896],[130.712214,32.847996],[130.712339,32.848118],[130.712433,32.848219],[130.712533,32.84833],[130.712589,32.848373],[130.712764,32.848458],[130.712814,32.848468],[130.712902,32.848442],[130.712965,32.848397],[130.713241,32.84812],[130.713314,32.848105],[130.713442,32.84811],[130.713441,32.848068],[130.713396,32.847938],[130.71332,32.847834],[130.713255,32.847778],[130.713155,32.847733],[130.713068,32.847712],[130.712999,32.847675],[130.712953,32.847647],[130.713011,32.847602],[130.713074,32.847549],[130.713507,32.847367],[130.713507,32.847328],[130.713814,32.847207],[130.713847,32.846932],[130.713928,32.84681],[130.714129,32.846663],[130.714223,32.846631],[130.714192,32.846552],[130.714186,32.846494],[130.714212,32.846425],[130.7143,32.846182],[130.714357,32.846076],[130.714439,32.845939],[130.71447,32.84595],[130.714508,32.845966],[130.714847,32.846203],[130.714872,32.846221],[130.71493,32.846157],[130.714978,32.84619],[130.714997,32.846186],[130.71502,32.846099],[130.715051,32.846012],[130.715074,32.845908],[130.7151,32.845787]]]}},{"type":"Feature","properties":{"DistName":"城山小学校西地区地区計画","DistType":"地区計画","DistCode":1,"Pref":"熊本県","Citycode":"43100","Cityname":"熊本市","FNDate":null},"geometry":{"type":"Polygon","coordinates":[[[130.656508,32.777579],[130.655821,32.777617],[130.65441,32.777698],[130.654495,32.778695],[130.656133,32.778593],[130.656599,32.778571],[130.656592,32.778497],[130.656551,32.778043],[130.656508,32.777579]]]}},{"type":"Feature","properties":{"DistName":"白藤地区地区計画","DistType":"地区計画","DistCode":1,"Pref":"熊本県","Citycode":"43100","Cityname":"熊本市","FNDate":null},"geometry":{"type":"Polygon","coordinates":[[[130.67497,32.751566],[130.675567,32.751539],[130.675534,32.751225],[130.675491,32.750852],[130.67549,32.750815],[130.676182,32.750791],[130.676237,32.751019],[130.676247,32.751108],[130.676255,32.751237],[130.676498,32.751197],[130.677112,32.751151],[130.677337,32.751076],[130.677369,32.751064],[130.677489,32.751317],[130.677498,32.751333],[130.677587,32.751345],[130.677916,32.751383],[130.677919,32.75138],[130.678287,32.750496],[130.678315,32.750428],[130.678331,32.750393],[130.678791,32.749267],[130.678811,32.749219],[130.678868,32.749076],[130.678996,32.748821],[130.679503,32.74816],[130.679502,32.748118],[130.679306,32.748092],[130.679274,32.748089],[130.67923,32.748087],[130.679187,32.74809],[130.679158,32.748094],[130.679108,32.74811],[130.678798,32.748256],[130.678691,32.748302],[130.678324,32.748434],[130.678303,32.74844],[130.678253,32.748458],[130.6782,32.748472],[130.678056,32.748496],[130.677963,32.748506],[130.677926,32.748508],[130.677883,32.748508],[130.677594,32.748492],[130.6775,32.748488],[130.677309,32.748514],[130.677037,32.74854],[130.676053,32.748621],[130.675839,32.748625],[130.675528,32.748632],[130.675285,32.748632],[130.675223,32.748626],[130.675169,32.748612],[130.675125,32.748589],[130.675085,32.748563],[130.674987,32.748509],[130.674861,32.748513],[130.674816,32.748516],[130.674837,32.7493],[130.674867,32.75029],[130.674906,32.751567],[130.67497,32.751566]]]}},{"type":"Feature","properties":{"DistName":"千原地区地区計画","DistType":"地区計画","DistCode":1,"Pref":"熊本県","Citycode":"43100","Cityname":"熊本市","FNDate":null},"geometry":{"type":"Polygon","coordinates":[[[130.678638,32.805947],[130.678913,32.806147],[130.678213,32.80654],[130.678315,32.806599],[130.678413,32.806655],[130.678479,32.806667],[130.678544,32.806665],[130.678791,32.806982],[130.679004,32.807255],[130.679053,32.807289],[130.679293,32.807403],[130.679451,32.807259],[130.679575,32.807298],[130.679811,32.807309],[130.680003,32.807311],[130.680223,32.807308],[130.680282,32.807296],[130.68038,32.807255],[130.680356,32.807302],[130.680349,32.80736],[130.680372,32.807469],[130.680388,32.807524],[130.680661,32.807435],[130.680683,32.807435],[130.680742,32.807562],[130.680868,32.807561],[130.680934,32.807551],[130.680969,32.807555],[130.681051,32.807502],[130.681054,32.807437],[130.681143,32.807419],[130.68115,32.807401],[130.681253,32.807416],[130.681438,32.80742],[130.681405,32.807555],[130.681935,32.807688],[130.681989,32.807724],[130.682008,32.807761],[130.682017,32.807858],[130.682166,32.8079],[130.682241,32.807925],[130.682292,32.80796],[130.68233,32.807995],[130.682369,32.808013],[130.682464,32.808093],[130.682501,32.808118],[130.682546,32.808149],[130.682587,32.808191],[130.682608,32.808226],[130.682623,32.808249],[130.682664,32.808313],[130.682699,32.80841],[130.68271,32.808449],[130.682741,32.808358],[130.682802,32.8083],[130.682791,32.808248],[130.682762,32.808119],[130.682795,32.808099],[130.682837,32.808077],[130.682874,32.808057],[130.682899,32.808043],[130.682927,32.808022],[130.682942,32.80801],[130.682965,32.807993],[130.683107,32.807883],[130.683256,32.808004],[130.683314,32.807989],[130.683506,32.808032],[130.68353,32.80815],[130.683555,32.80816],[130.683644,32.808179],[130.683721,32.808197],[130.683954,32.807932],[130.684764,32.807161],[130.685202,32.806903],[130.685269,32.806846],[130.685332,32.80672],[130.685429,32.80676],[130.685491,32.806511],[130.685549,32.806369],[130.685454,32.806114],[130.685807,32.806004],[130.685677,32.805592],[130.685519,32.805612],[130.68538,32.805501],[130.68496,32.805597],[130.684903,32.8056],[130.684664,32.805651],[130.684515,32.805676],[130.684052,32.805447],[130.683326,32.804959],[130.682917,32.804647],[130.682634,32.804518],[130.682463,32.804404],[130.682086,32.804009],[130.681886,32.803984],[130.681334,32.803736],[130.680964,32.803546],[130.680757,32.803833],[130.680622,32.803963],[130.680482,32.804072],[130.680406,32.804134],[130.680272,32.804226],[130.68012,32.804352],[130.680033,32.804445],[130.679975,32.804509],[130.679829,32.804637],[130.679825,32.804663],[130.679831,32.804692],[130.679699,32.804763],[130.679602,32.804865],[130.679551,32.804917],[130.679451,32.80495],[130.67941,32.804992],[130.679252,32.80514],[130.679218,32.805169],[130.679177,32.80521],[130.679085,32.805305],[130.679189,32.805381],[130.679162,32.8054],[130.67912,32.805437],[130.679093,32.805463],[130.679065,32.805495],[130.679059,32.805514],[130.679103,32.805546],[130.67892,32.805769],[130.678831,32.805719],[130.678812,32.805721],[130.678781,32.805742],[130.678749,32.805771],[130.678601,32.80592],[130.678638,32.805947]]]}},{"type":"Feature","properties":{"DistName":"平成ニュータウン地区地区計画","DistType":"地区計画","DistCode":1,"Pref":"熊本県","Citycode":"43100","Cityname":"熊本市","FNDate":null},"geometry":{"type":"Polygon","coordinates":[[[130.70594,32.777363],[130.705155,32.777304],[130.70436,32.777248],[130.704368,32.777161],[130.704392,32.776937],[130.70441,32.776774],[130.704427,32.776613],[130.704441,32.776478],[130.704469,32.776217],[130.704489,32.776039],[130.704467,32.776019],[130.704201,32.775998],[130.70416,32.775995],[130.703777,32.775966],[130.703562,32.775949],[130.703424,32.775939],[130.703399,32.775956],[130.703374,32.776195],[130.703367,32.776259],[130.703349,32.77643],[130.703334,32.776565],[130.703317,32.776727],[130.703293,32.776936],[130.703276,32.777077],[130.703271,32.777157],[130.702822,32.777126],[130.702813,32.777219],[130.702787,32.777468],[130.702762,32.777692],[130.702738,32.777917],[130.702758,32.777938],[130.70296,32.777953],[130.703015,32.777958],[130.703146,32.777968],[130.703182,32.777971],[130.703175,32.778045],[130.703159,32.778193],[130.703148,32.778299],[130.703135,32.778422],[130.70313,32.778464],[130.703124,32.778521],[130.703122,32.778546],[130.7031,32.778745],[130.703082,32.778916],[130.703077,32.778964],[130.703067,32.779055],[130.703034,32.77936],[130.703016,32.779536],[130.703039,32.77956],[130.703193,32.779574],[130.703326,32.779584],[130.703381,32.779588],[130.7038,32.779621],[130.70394,32.779632],[130.704087,32.779643],[130.704133,32.779646],[130.704158,32.779629],[130.704162,32.779624],[130.704179,32.77945],[130.704192,32.779306],[130.704198,32.779252],[130.704284,32.779259],[130.70439,32.779267],[130.704576,32.779282],[130.704855,32.779303],[130.705093,32.779321],[130.705279,32.779335],[130.705461,32.77935],[130.705538,32.779356],[130.705646,32.779365],[130.705665,32.779249],[130.705709,32.77899],[130.705765,32.778662],[130.705798,32.77847],[130.705835,32.778242],[130.705848,32.778175],[130.705849,32.778155],[130.705864,32.778013],[130.705881,32.777853],[130.705891,32.777762],[130.705926,32.777444],[130.705931,32.777439],[130.705928,32.777439],[130.70594,32.777363]]]}},{"type":"Feature","properties":{"DistName":"熊本駅前南Ａ地区地区計画","DistType":"地区計画","DistCode":1,"Pref":"熊本県","Citycode":"43100","Cityname":"熊本市","FNDate":null},"geometry":{"type":"Polygon","coordinates":[[[130.688354,32.787831],[130.688795,32.788408],[130.689308,32.788366],[130.689343,32.78833],[130.689227,32.787315],[130.689224,32.787286],[130.689065,32.787205],[130.688893,32.787251],[130.688778,32.787281],[130.688515,32.78735],[130.688268,32.787407],[130.688201,32.78744],[130.688181,32.787488],[130.688193,32.787574],[130.688342,32.787815],[130.688354,32.787831]]]}},{"type":"Feature","properties":{"DistName":"良町地区地区計画","DistType":"地区計画","DistCode":1,"Pref":"熊本県","Citycode":"43100","Cityname":"熊本市","FNDate":null},"geometry":{"type":"Polygon","coordinates":[[[130.726223,32.756127],[130.726208,32.756114],[130.726108,32.756195],[130.726098,32.756203],[130.726117,32.756217],[130.726132,32.756207],[130.726312,32.756299],[130.726326,32.75631],[130.726278,32.756537],[130.72624,32.756628],[130.726186,32.756837],[130.72612,32.757011],[130.726082,32.757064],[130.726011,32.757187],[130.725914,32.757343],[130.725867,32.757426],[130.725821,32.757536],[130.725783,32.757683],[130.725771,32.757763],[130.725781,32.757875],[130.725652,32.75788],[130.725584,32.757899],[130.725503,32.757927],[130.725443,32.757956],[130.725391,32.757993],[130.725298,32.758062],[130.725249,32.758086],[130.725251,32.758335],[130.725263,32.758502],[130.725262,32.758644],[130.725635,32.758674],[130.726138,32.758719],[130.726371,32.758734],[130.726604,32.758745],[130.726886,32.758757],[130.726877,32.758834],[130.726885,32.759108],[130.72687,32.759201],[130.726776,32.759463],[130.726759,32.759574],[130.726727,32.759782],[130.726713,32.760042],[130.726691,32.760061],[130.726744,32.760064],[130.726849,32.760017],[130.726817,32.759947],[130.726817,32.759927],[130.726827,32.759743],[130.72687,32.759489],[130.726906,32.759495],[130.726975,32.75913],[130.727014,32.758841],[130.726977,32.758838],[130.72702,32.758524],[130.727038,32.758394],[130.727151,32.758332],[130.727281,32.758276],[130.72748,32.758191],[130.727622,32.758138],[130.727725,32.758106],[130.727929,32.758046],[130.72831,32.75795],[130.728305,32.757789],[130.728285,32.757332],[130.728276,32.757152],[130.728266,32.757036],[130.728231,32.756649],[130.728228,32.756568],[130.728175,32.756566],[130.728173,32.756423],[130.728171,32.756398],[130.72816,32.75636],[130.728104,32.756165],[130.728097,32.756122],[130.7281,32.75608],[130.727722,32.756066],[130.72772,32.756046],[130.727579,32.756042],[130.727575,32.75606],[130.727531,32.756073],[130.727517,32.75611],[130.727334,32.756103],[130.727333,32.756079],[130.72719,32.756073],[130.727187,32.7561],[130.727054,32.756095],[130.727038,32.756217],[130.726763,32.756213],[130.726631,32.756239],[130.726589,32.756243],[130.726429,32.756242],[130.72641,32.756244],[130.726395,32.756252],[130.726225,32.756146],[130.726223,32.756127]]]}},{"type":"Feature","properties":{"DistName":"熊本駅前東Ｂ地区地区計画","DistType":"地区計画","DistCode":1,"Pref":"熊本県","Citycode":"43100","Cityname":"熊本市","FNDate":null},"geometry":{"type":"Polygon","coordinates":[[[130.691801,32.789554],[130.6918,32.789408],[130.691819,32.789272],[130.691784,32.789146],[130.691766,32.789089],[130.69173,32.789038],[130.691672,32.788986],[130.69162,32.788944],[130.691493,32.788831],[130.691413,32.788736],[130.691364,32.788678],[130.691314,32.788618],[130.691262,32.788554],[130.691198,32.788474],[130.691141,32.788409],[130.691044,32.788316],[130.690954,32.788232],[130.690899,32.788171],[130.690811,32.788098],[130.690745,32.788049],[130.690632,32.78797],[130.690572,32.787956],[130.690524,32.787917],[130.690459,32.787858],[130.690356,32.787746],[130.690287,32.787668],[130.690263,32.787628],[130.69022,32.787596],[130.69018,32.78756],[130.690137,32.787516],[130.690084,32.787438],[130.690038,32.78738],[130.689998,32.787325],[130.689954,32.787271],[130.689882,32.787156],[130.68985,32.787116],[130.68978,32.78702],[130.689734,32.786943],[130.689703,32.786883],[130.68959,32.786914],[130.689603,32.786954],[130.689623,32.787034],[130.689654,32.78719],[130.689683,32.787391],[130.689693,32.787546],[130.689695,32.78759],[130.689727,32.788129],[130.68974,32.788298],[130.689743,32.788334],[130.68975,32.788408],[130.689757,32.788488],[130.689772,32.788598],[130.689786,32.788694],[130.689807,32.788814],[130.689823,32.78889],[130.689848,32.788987],[130.689871,32.789076],[130.689909,32.789191],[130.689949,32.789296],[130.690104,32.789532],[130.690354,32.789539],[130.690503,32.789548],[130.690611,32.789528],[130.690736,32.789513],[130.690851,32.789504],[130.690971,32.789502],[130.691086,32.789506],[130.691675,32.789553],[130.691782,32.789559],[130.691782,32.789555],[130.691801,32.789554]]]}},{"type":"Feature","properties":{"DistName":"一木山ノ本地区地区計画","DistType":"地区計画","DistCode":1,"Pref":"熊本県","Citycode":"43100","Cityname":"熊本市","FNDate":null},"geometry":{"type":"Polygon","coordinates":[[[130.69012,32.902376],[130.690075,32.903028],[130.691262,32.903031],[130.691264,32.902433],[130.691297,32.902352],[130.69012,32.902376]]]}},{"type":"Feature","properties":{"DistName":"御幸笛田町地区地区計画","DistType":"地区計画","DistCode":1,"Pref":"熊本県","Citycode":"43100","Cityname":"熊本市","FNDate":null},"geometry":{"type":"Polygon","coordinates":[[[130.708424,32.758302],[130.708501,32.757788],[130.708532,32.757442],[130.707597,32.757368],[130.70761,32.757397],[130.707618,32.757487],[130.707677,32.757645],[130.707676,32.757933],[130.708157,32.758175],[130.70834,32.758266],[130.708403,32.7583],[130.708424,32.758302]]]}},{"type":"Feature","properties":{"DistName":"佐土原３丁目地区地区計画","DistType":"地区計画","DistCode":1,"Pref":"熊本県","Citycode":"43100","Cityname":"熊本市","FNDate":null},"geometry":{"type":"Polygon","coordinates":[[[130.780263,32.796041],[130.780238,32.796167],[130.780316,32.79619],[130.780486,32.79621],[130.780568,32.796344],[130.78057,32.796345],[130.78057,32.796346],[130.780363,32.796816],[130.780325,32.796826],[130.780274,32.7969],[130.781478,32.79735],[130.78189,32.797497],[130.781962,32.797522],[130.781995,32.797416],[130.782002,32.797371],[130.782067,32.797264],[130.782166,32.797126],[130.782185,32.797099],[130.782195,32.797071],[130.782184,32.796977],[130.782148,32.796787],[130.781908,32.796875],[130.781853,32.796836],[130.781786,32.79676],[130.781692,32.796616],[130.781583,32.796454],[130.781499,32.79632],[130.781457,32.796231],[130.781316,32.796012],[130.781158,32.796039],[130.781048,32.795811],[130.781003,32.795718],[130.780976,32.795716],[130.780536,32.79586],[130.780519,32.795819],[130.780468,32.795827],[130.780411,32.795881],[130.780354,32.795948],[130.780291,32.795978],[130.78027,32.79601],[130.780263,32.796041]]]}},{"type":"Feature","properties":{"DistName":"近見６丁目地区地区計画","DistType":"地区計画","DistCode":1,"Pref":"熊本県","Citycode":"43100","Cityname":"熊本市","FNDate":null},"geometry":{"type":"Polygon","coordinates":[[[130.697012,32.76425],[130.697153,32.764256],[130.697161,32.764137],[130.697166,32.764061],[130.697167,32.764044],[130.697175,32.763936],[130.697175,32.76393],[130.69718,32.763864],[130.697184,32.7638],[130.697192,32.763684],[130.697193,32.763665],[130.697195,32.763642],[130.697199,32.763583],[130.697175,32.763601],[130.696802,32.763583],[130.69678,32.763563],[130.69679,32.763427],[130.696803,32.763228],[130.696681,32.763222],[130.696471,32.763212],[130.696458,32.763409],[130.696458,32.763412],[130.696449,32.763543],[130.696442,32.763633],[130.696434,32.763752],[130.696428,32.763828],[130.696426,32.763872],[130.696424,32.7639],[130.696417,32.763992],[130.696415,32.764023],[130.696409,32.764113],[130.696408,32.764118],[130.696401,32.764221],[130.696595,32.76423],[130.696734,32.764236],[130.696873,32.764243],[130.697012,32.76425]]]}},{"type":"Feature","properties":{"DistName":"楠６丁目地区地区計画","DistType":"地区計画","DistCode":1,"Pref":"熊本県","Citycode":"43100","Cityname":"熊本市","FNDate":null},"geometry":{"type":"Polygon","coordinates":[[[130.761129,32.852052],[130.760923,32.852573],[130.761363,32.852709],[130.761402,32.852755],[130.762425,32.852111],[130.762391,32.852061],[130.761643,32.85253],[130.761718,32.852377],[130.761771,32.852296],[130.761768,32.852259],[130.761732,32.852258],[130.761444,32.852161],[130.761654,32.851704],[130.761421,32.851633],[130.761321,32.85183],[130.761044,32.851761],[130.760962,32.852003],[130.761129,32.852052]]]}},{"type":"Feature","properties":{"DistName":"出水７丁目地区地区計画","DistType":"地区計画","DistCode":1,"Pref":"熊本県","Citycode":"43100","Cityname":"熊本市","FNDate":null},"geometry":{"type":"Polygon","coordinates":[[[130.729639,32.770707],[130.729614,32.770841],[130.729607,32.770886],[130.729495,32.770969],[130.729459,32.771006],[130.729393,32.771077],[130.729351,32.771146],[130.729323,32.771206],[130.729312,32.77124],[130.729292,32.771345],[130.729273,32.771453],[130.72925,32.771604],[130.729236,32.771783],[130.729228,32.771871],[130.729224,32.771923],[130.729221,32.772016],[130.728671,32.771977],[130.728657,32.772104],[130.728641,32.772104],[130.728621,32.772254],[130.728621,32.772277],[130.728488,32.77228],[130.728417,32.772268],[130.728368,32.772251],[130.728328,32.772229],[130.728309,32.772239],[130.728175,32.772143],[130.72807,32.772078],[130.727987,32.77203],[130.727863,32.771964],[130.727775,32.771924],[130.727752,32.772016],[130.727725,32.772076],[130.727691,32.772145],[130.727822,32.772285],[130.727742,32.772338],[130.727733,32.772489],[130.727696,32.772989],[130.727677,32.773282],[130.727739,32.773287],[130.727732,32.773474],[130.727931,32.773481],[130.728088,32.773487],[130.728351,32.773487],[130.728682,32.773456],[130.728787,32.773435],[130.728877,32.773432],[130.729045,32.773435],[130.729211,32.773435],[130.729211,32.773452],[130.729282,32.773451],[130.729285,32.77342],[130.729283,32.773343],[130.729267,32.773342],[130.729252,32.773281],[130.729222,32.77321],[130.729197,32.773152],[130.72918,32.773094],[130.729169,32.773043],[130.729166,32.772814],[130.729164,32.772682],[130.729177,32.772586],[130.729185,32.772533],[130.729195,32.772448],[130.7292,32.772332],[130.729205,32.772251],[130.729225,32.772195],[130.729299,32.772079],[130.729334,32.772002],[130.729346,32.771931],[130.729349,32.771794],[130.729343,32.771669],[130.729345,32.771596],[130.729375,32.771432],[130.729411,32.77122],[130.729419,32.771199],[130.729525,32.771059],[130.729641,32.770999],[130.729696,32.770957],[130.729721,32.770911],[130.729735,32.770899],[130.729738,32.770877],[130.729738,32.770843],[130.729714,32.770805],[130.729714,32.770775],[130.729723,32.770727],[130.729639,32.770707]]]}},{"type":"Feature","properties":{"DistName":"佐土原２丁目地区地区計画","DistType":"地区計画","DistCode":1,"Pref":"熊本県","Citycode":"43100","Cityname":"熊本市","FNDate":null},"geometry":{"type":"Polygon","coordinates":[[[130.778154,32.79268],[130.778151,32.792694],[130.778488,32.792842],[130.77896,32.793061],[130.779208,32.793198],[130.779395,32.793276],[130.779642,32.79334],[130.779793,32.793378],[130.779864,32.793393],[130.779888,32.793398],[130.779997,32.793419],[130.780034,32.793425],[130.780055,32.793371],[130.780036,32.793347],[130.780162,32.793037],[130.780257,32.7928],[130.78033,32.792606],[130.780338,32.792596],[130.780425,32.792341],[130.780296,32.79232],[130.780076,32.792284],[130.779963,32.792263],[130.779916,32.792252],[130.779799,32.792201],[130.779688,32.792142],[130.779479,32.792031],[130.779464,32.792026],[130.779427,32.792045],[130.779363,32.792133],[130.77889,32.791927],[130.778862,32.791964],[130.778614,32.791857],[130.778374,32.7923],[130.778297,32.79227],[130.778268,32.792253],[130.778231,32.792244],[130.778187,32.792263],[130.778164,32.792263],[130.778149,32.792321],[130.778159,32.792593],[130.778154,32.792628],[130.778154,32.79268]]]}},{"type":"Feature","properties":{"DistName":"佐土原３丁目（その２）地区地区計画","DistType":"地区計画","DistCode":1,"Pref":"熊本県","Citycode":"43100","Cityname":"熊本市","FNDate":null},"geometry":{"type":"Polygon","coordinates":[[[130.779749,32.796634],[130.779806,32.79643],[130.779861,32.79609],[130.780238,32.796167],[130.780263,32.796041],[130.78027,32.79601],[130.780291,32.795978],[130.780354,32.795948],[130.780411,32.795881],[130.780468,32.795827],[130.780519,32.795819],[130.780527,32.79581],[130.780398,32.79549],[130.78008,32.795471],[130.779796,32.795475],[130.779703,32.79547],[130.779589,32.795458],[130.779579,32.795457],[130.779092,32.795433],[130.779096,32.79547],[130.779126,32.795929],[130.779119,32.795995],[130.779061,32.795978],[130.778857,32.796351],[130.77975,32.796694],[130.779749,32.796634]]]}},{"type":"Feature","properties":{"DistName":"近見３丁目地区地区計画","DistType":"地区計画","DistCode":1,"Pref":"熊本県","Citycode":"43100","Cityname":"熊本市","FNDate":null},"geometry":{"type":"Polygon","coordinates":[[[130.696062,32.767159],[130.696025,32.767651],[130.696833,32.767725],[130.696883,32.767466],[130.696947,32.767142],[130.696952,32.767124],[130.696926,32.76714],[130.696774,32.767121],[130.696756,32.767101],[130.69684,32.766587],[130.696767,32.766583],[130.696703,32.766584],[130.696555,32.766587],[130.696315,32.766599],[130.696098,32.766625],[130.696062,32.767159]]]}},{"type":"Feature","properties":{"DistName":"龍田４丁目地区地区計画","DistType":"地区計画","DistCode":1,"Pref":"熊本県","Citycode":"43100","Cityname":"熊本市","FNDate":null},"geometry":{"type":"Polygon","coordinates":[[[130.754774,32.842981],[130.754828,32.842982],[130.754829,32.842954],[130.754832,32.84292],[130.754834,32.842816],[130.754835,32.842789],[130.754778,32.842787],[130.754769,32.842794],[130.754743,32.842815],[130.754271,32.84279],[130.754252,32.842771],[130.75428,32.842417],[130.75428,32.842396],[130.75428,32.842342],[130.754284,32.842316],[130.754284,32.842297],[130.754257,32.842288],[130.754227,32.842284],[130.754194,32.842284],[130.754104,32.842281],[130.753945,32.842281],[130.753912,32.842278],[130.753701,32.842276],[130.753575,32.842273],[130.753566,32.84229],[130.753558,32.842303],[130.753547,32.842321],[130.753526,32.842339],[130.7535,32.842342],[130.753507,32.842386],[130.753523,32.842486],[130.753533,32.842581],[130.753533,32.842622],[130.753529,32.842664],[130.753514,32.842685],[130.753495,32.84271],[130.753469,32.84273],[130.753444,32.842744],[130.753434,32.84275],[130.753396,32.842751],[130.753298,32.842752],[130.75302,32.842735],[130.753025,32.842527],[130.752578,32.842538],[130.752579,32.842461],[130.752587,32.842375],[130.752579,32.842343],[130.752582,32.842309],[130.75257,32.842308],[130.752569,32.842303],[130.752571,32.842253],[130.752562,32.842187],[130.752548,32.842125],[130.752541,32.842092],[130.75251,32.841992],[130.752507,32.841951],[130.752421,32.841943],[130.752443,32.841966],[130.752446,32.842002],[130.752478,32.842103],[130.752495,32.842181],[130.752508,32.842262],[130.752502,32.842262],[130.752502,32.842311],[130.752496,32.842388],[130.752521,32.842388],[130.752514,32.842459],[130.752514,32.842537],[130.752517,32.84263],[130.752518,32.842708],[130.75256,32.842705],[130.752583,32.842706],[130.752841,32.842712],[130.752849,32.842714],[130.752991,32.842791],[130.753297,32.84281],[130.753397,32.842809],[130.753398,32.842814],[130.753406,32.842979],[130.753412,32.843072],[130.753421,32.843192],[130.753426,32.843272],[130.753427,32.8433],[130.75347,32.843299],[130.753492,32.8433],[130.753657,32.843314],[130.753822,32.843327],[130.753957,32.843338],[130.75396,32.843164],[130.753962,32.843001],[130.753963,32.842958],[130.754112,32.842965],[130.754265,32.842973],[130.754341,32.842977],[130.75442,32.842978],[130.754585,32.842979],[130.754774,32.842981]]]}},{"type":"Feature","properties":{"DistName":"佐土原３丁目(その３)地区地区計画","DistType":"地区計画","DistCode":1,"Pref":"熊本県","Citycode":"43100","Cityname":"熊本市","FNDate":null},"geometry":{"type":"Polygon","coordinates":[[[130.778068,32.793987],[130.778044,32.794201],[130.778183,32.794206],[130.778162,32.794361],[130.778141,32.794379],[130.778138,32.794416],[130.778141,32.794416],[130.7784,32.794427],[130.778515,32.794433],[130.778557,32.794437],[130.778593,32.794441],[130.7786,32.794378],[130.778945,32.794375],[130.778951,32.793986],[130.779275,32.79399],[130.779274,32.793935],[130.779275,32.793819],[130.779288,32.793817],[130.779287,32.793936],[130.779307,32.793936],[130.779445,32.793924],[130.779653,32.793895],[130.779717,32.793885],[130.779857,32.793864],[130.779969,32.793848],[130.779988,32.79384],[130.779999,32.793815],[130.78003,32.79379],[130.779997,32.793758],[130.779976,32.793726],[130.779965,32.793703],[130.779954,32.793673],[130.779946,32.793614],[130.779946,32.793608],[130.779946,32.793591],[130.779945,32.793571],[130.779947,32.793533],[130.779959,32.793472],[130.779974,32.793431],[130.779997,32.793419],[130.779888,32.793398],[130.779864,32.793393],[130.779793,32.793378],[130.779642,32.79334],[130.779636,32.793439],[130.779628,32.793552],[130.779618,32.793558],[130.779566,32.793566],[130.779382,32.793576],[130.779289,32.793575],[130.779276,32.793575],[130.779271,32.793575],[130.778981,32.793572],[130.778962,32.793573],[130.778961,32.793565],[130.778961,32.793303],[130.778961,32.793167],[130.77896,32.793061],[130.778488,32.792842],[130.778494,32.792953],[130.778523,32.793309],[130.778168,32.793307],[130.778168,32.793314],[130.77816,32.793548],[130.77813,32.793548],[130.777986,32.793538],[130.777966,32.79376],[130.777945,32.793982],[130.778068,32.793987]]]}},{"type":"Feature","properties":{"DistName":"出水７丁目(その２)地区地区計画","DistType":"地区計画","DistCode":1,"Pref":"熊本県","Citycode":"43100","Cityname":"熊本市","FNDate":null},"geometry":{"type":"Polygon","coordinates":[[[130.727918,32.773626],[130.727931,32.773481],[130.727732,32.773474],[130.727739,32.773287],[130.727677,32.773282],[130.727696,32.772989],[130.727733,32.772489],[130.727742,32.772338],[130.727822,32.772285],[130.727691,32.772145],[130.72758,32.77227],[130.727484,32.772366],[130.727433,32.772417],[130.727273,32.772596],[130.727139,32.772751],[130.727026,32.772886],[130.72693,32.773],[130.72684,32.773131],[130.726787,32.773187],[130.726687,32.773302],[130.726623,32.77337],[130.72638,32.773589],[130.726443,32.773772],[130.726521,32.773961],[130.726581,32.774041],[130.726635,32.774216],[130.726624,32.774254],[130.726855,32.774249],[130.726919,32.774242],[130.727048,32.774226],[130.727154,32.774231],[130.727175,32.774199],[130.727597,32.774247],[130.7277,32.774268],[130.727703,32.77424],[130.72786,32.774274],[130.727895,32.77373],[130.727945,32.773711],[130.727918,32.773626]]]}},{"type":"Feature","properties":{"DistName":"近見６丁目（その２）地区地区計画","DistType":"地区計画","DistCode":1,"Pref":"熊本県","Citycode":"43100","Cityname":"熊本市","FNDate":null},"geometry":{"type":"Polygon","coordinates":[[[130.695656,32.764068],[130.695648,32.764181],[130.695796,32.764189],[130.695942,32.764196],[130.696087,32.764204],[130.696233,32.764211],[130.696372,32.764218],[130.696383,32.764058],[130.696391,32.763949],[130.696393,32.763914],[130.696399,32.763824],[130.696403,32.763772],[130.696408,32.763706],[130.696413,32.763631],[130.696442,32.763633],[130.696449,32.763543],[130.696419,32.763541],[130.69642,32.763527],[130.696427,32.763406],[130.696148,32.763392],[130.696004,32.763385],[130.695859,32.763378],[130.695705,32.76337],[130.695704,32.763388],[130.695696,32.76351],[130.695692,32.763568],[130.69569,32.763592],[130.695688,32.763611],[130.695678,32.763754],[130.695676,32.763788],[130.69567,32.763873],[130.695667,32.763913],[130.695663,32.763975],[130.695656,32.764068]]]}},{"type":"Feature","properties":{"DistName":"佐土原３丁目(その４)地区地区計画","DistType":"地区計画","DistCode":1,"Pref":"熊本県","Citycode":"43100","Cityname":"熊本市","FNDate":null},"geometry":{"type":"Polygon","coordinates":[[[130.77919,32.795429],[130.779579,32.795448],[130.77957,32.795249],[130.779555,32.794975],[130.779535,32.79472],[130.77952,32.794516],[130.779545,32.794514],[130.779569,32.794688],[130.780093,32.794673],[130.780129,32.794709],[130.780184,32.794699],[130.780166,32.794645],[130.780264,32.794645],[130.780269,32.794305],[130.78028,32.793884],[130.780112,32.793849],[130.780039,32.793796],[130.780015,32.79382],[130.780015,32.793839],[130.779969,32.793848],[130.779857,32.793864],[130.779717,32.793885],[130.779653,32.793895],[130.779445,32.793924],[130.779307,32.793936],[130.779287,32.793936],[130.779299,32.79411],[130.779281,32.794119],[130.779292,32.794381],[130.778945,32.794375],[130.7786,32.794378],[130.778593,32.794441],[130.778557,32.794437],[130.778528,32.795178],[130.779038,32.795195],[130.779039,32.795426],[130.77919,32.795429]]]}},{"type":"Feature","properties":{"DistName":"合志３丁目・白藤１丁目地区地区計画","DistType":"地区計画","DistCode":1,"Pref":"熊本県","Citycode":"43100","Cityname":"熊本市","FNDate":null},"geometry":{"type":"Polygon","coordinates":[[[130.675357,32.754703],[130.675435,32.755213],[130.675719,32.755199],[130.675759,32.755198],[130.676043,32.755195],[130.67606,32.755194],[130.676064,32.755223],[130.676073,32.755308],[130.676081,32.755366],[130.676109,32.755542],[130.676125,32.755643],[130.676134,32.755681],[130.676288,32.755679],[130.67629,32.755713],[130.676664,32.755707],[130.676666,32.755691],[130.676717,32.755686],[130.676731,32.755667],[130.676843,32.755655],[130.677527,32.755594],[130.677712,32.755593],[130.677785,32.755597],[130.677904,32.7556],[130.677903,32.755423],[130.677901,32.7554],[130.677897,32.75531],[130.677879,32.755186],[130.678158,32.755157],[130.678578,32.755113],[130.678506,32.754679],[130.678475,32.754491],[130.678449,32.754338],[130.678446,32.754279],[130.678411,32.754074],[130.678403,32.754028],[130.678384,32.753919],[130.678372,32.753825],[130.678364,32.753742],[130.678313,32.753465],[130.678309,32.753441],[130.67826,32.753443],[130.678193,32.753485],[130.678152,32.753515],[130.678122,32.753538],[130.678118,32.753542],[130.678111,32.753551],[130.678016,32.753552],[130.677989,32.75375],[130.67765,32.753736],[130.677645,32.753791],[130.677541,32.753796],[130.677298,32.753779],[130.677059,32.753777],[130.676974,32.753789],[130.67693,32.753798],[130.676876,32.7538],[130.676764,32.753795],[130.676738,32.753782],[130.676519,32.75378],[130.676515,32.753706],[130.676391,32.753699],[130.676222,32.753699],[130.676218,32.753687],[130.676204,32.753349],[130.67586,32.753364],[130.675875,32.753653],[130.67596,32.753666],[130.67599,32.753892],[130.675393,32.753917],[130.675393,32.753934],[130.67537,32.753935],[130.675418,32.754158],[130.675443,32.754252],[130.675431,32.754261],[130.675287,32.75427],[130.675347,32.754654],[130.675357,32.754703]]]}},{"type":"Feature","properties":{"DistName":"佐土原３丁目(その５)地区地区計画","DistType":"地区計画","DistCode":1,"Pref":"熊本県","Citycode":"43100","Cityname":"熊本市","FNDate":null},"geometry":{"type":"Polygon","coordinates":[[[130.779579,32.795448],[130.779579,32.795457],[130.779589,32.795458],[130.779703,32.79547],[130.779796,32.795475],[130.78008,32.795471],[130.780398,32.79549],[130.780546,32.795459],[130.780645,32.795446],[130.780709,32.795431],[130.78083,32.795394],[130.780863,32.79538],[130.780919,32.795498],[130.781003,32.795718],[130.781048,32.795811],[130.781081,32.795758],[130.781515,32.795578],[130.781461,32.795326],[130.781428,32.795129],[130.781388,32.794971],[130.781321,32.794966],[130.7811,32.794958],[130.780929,32.794956],[130.780788,32.794967],[130.780832,32.795226],[130.780201,32.795261],[130.780211,32.795124],[130.780203,32.794952],[130.779555,32.794975],[130.77957,32.795249],[130.779579,32.795448]]]}},{"type":"Feature","properties":{"DistName":"戸島町（その１）地区 産業立地型地区計画","DistType":"地区計画","DistCode":1,"Pref":"熊本県","Citycode":"43100","Cityname":"熊本市","FNDate":null},"geometry":{"type":"Polygon","coordinates":[[[130.828121,32.820437],[130.827643,32.8203],[130.827514,32.820259],[130.827304,32.8202],[130.827154,32.820166],[130.826917,32.820127],[130.826734,32.820104],[130.826722,32.820103],[130.826713,32.820102],[130.826715,32.820088],[130.826581,32.820048],[130.826333,32.820007],[130.826183,32.820003],[130.826067,32.820005],[130.825967,32.8199],[130.825848,32.819842],[130.825729,32.81981],[130.825652,32.81978],[130.825506,32.819728],[130.825355,32.819651],[130.825326,32.81961],[130.824371,32.819392],[130.82427,32.819457],[130.824209,32.819578],[130.824138,32.819657],[130.824019,32.819677],[130.823993,32.819681],[130.823991,32.819762],[130.824002,32.819809],[130.824006,32.819842],[130.823407,32.819949],[130.823417,32.820063],[130.823439,32.820188],[130.823452,32.820187],[130.823454,32.820198],[130.82344,32.820199],[130.823094,32.8202],[130.823053,32.820201],[130.822984,32.820191],[130.822975,32.82019],[130.822464,32.820121],[130.822466,32.82011],[130.822442,32.820096],[130.822377,32.820091],[130.822365,32.820091],[130.822334,32.820087],[130.822206,32.820066],[130.822099,32.820045],[130.822046,32.820034],[130.821859,32.81999],[130.821822,32.819986],[130.821752,32.819992],[130.82176,32.820061],[130.821743,32.820144],[130.821724,32.820219],[130.821682,32.820358],[130.821678,32.820373],[130.821716,32.820407],[130.82166,32.820483],[130.821732,32.82055],[130.821881,32.82077],[130.821945,32.820828],[130.822013,32.820853],[130.822098,32.820872],[130.822182,32.820886],[130.822244,32.820894],[130.8227,32.820906],[130.822899,32.820911],[130.823154,32.820919],[130.823413,32.820931],[130.824185,32.820976],[130.824395,32.820993],[130.824558,32.821016],[130.82481,32.821064],[130.825235,32.821144],[130.825404,32.821176],[130.825798,32.821254],[130.825935,32.821291],[130.826052,32.821332],[130.826374,32.821463],[130.826551,32.821508],[130.827124,32.821633],[130.827301,32.821674],[130.827535,32.821741],[130.827687,32.821788],[130.827736,32.821798],[130.827784,32.821807],[130.827858,32.821818],[130.82794,32.821827],[130.827973,32.821832],[130.828007,32.821841],[130.828009,32.821809],[130.828022,32.821633],[130.828025,32.82159],[130.828033,32.821453],[130.828043,32.821273],[130.828049,32.821155],[130.828048,32.821092],[130.828048,32.821071],[130.828052,32.821053],[130.828052,32.821047],[130.828047,32.820961],[130.828053,32.820912],[130.828082,32.820858],[130.828097,32.82083],[130.828107,32.820651],[130.828113,32.820553],[130.828117,32.820493],[130.828118,32.820475],[130.828121,32.820437]]]}},{"type":"Feature","properties":{"DistName":null,"DistType":"地区計画","DistCode":1,"Pref":"熊本県","Citycode":"43202","Cityname":"八代市","FNDate":null},"geometry":{"type":"Polygon","coordinates":[[[130.600935,32.505958],[130.600967,32.506699],[130.60105,32.506775],[130.601057,32.506861],[130.60116,32.506856],[130.601283,32.506848],[130.60185,32.50681],[130.602468,32.506771],[130.602563,32.506765],[130.602598,32.507487],[130.60351,32.50746],[130.603465,32.506571],[130.603153,32.506585],[130.602869,32.506598],[130.60234,32.506616],[130.602239,32.506615],[130.602194,32.50553],[130.601153,32.505578],[130.60119,32.505948],[130.600935,32.505958]]]}},{"type":"Feature","properties":{"DistName":"水野地区地区計画","DistType":"地区計画","DistCode":1,"Pref":"熊本県","Citycode":"43204","Cityname":"荒尾市","FNDate":"平成10年8月18日"},"geometry":{"type":"Polygon","coordinates":[[[130.457708,32.961043],[130.457856,32.96104],[130.457893,32.960943],[130.457861,32.960893],[130.457806,32.960882],[130.457813,32.960769],[130.457818,32.960764],[130.457943,32.960772],[130.457966,32.960783],[130.458082,32.96084],[130.458093,32.960776],[130.458093,32.960772],[130.458085,32.960692],[130.458086,32.960638],[130.458094,32.960594],[130.458106,32.960522],[130.458119,32.960452],[130.45813,32.960383],[130.458143,32.960299],[130.458162,32.960197],[130.458163,32.960193],[130.458168,32.96018],[130.458169,32.960176],[130.458142,32.960151],[130.458078,32.960092],[130.457992,32.960002],[130.457948,32.959961],[130.45793,32.959942],[130.457467,32.959854],[130.457519,32.959611],[130.45752,32.959608],[130.457531,32.959499],[130.457532,32.959495],[130.457488,32.959485],[130.457324,32.959445],[130.457309,32.959441],[130.457284,32.959429],[130.457264,32.959417],[130.457242,32.959409],[130.457195,32.959399],[130.457048,32.959373],[130.456997,32.959368],[130.456977,32.959366],[130.456953,32.959367],[130.456925,32.959371],[130.456862,32.959363],[130.456775,32.959355],[130.456686,32.959349],[130.456637,32.959344],[130.456604,32.959338],[130.45658,32.959331],[130.456594,32.959296],[130.456554,32.959278],[130.456531,32.959263],[130.456509,32.959244],[130.456493,32.959224],[130.456482,32.959208],[130.456476,32.959194],[130.456471,32.959177],[130.456465,32.959142],[130.456464,32.959006],[130.456458,32.958886],[130.456454,32.958856],[130.456454,32.958853],[130.456546,32.958842],[130.456975,32.958771],[130.457526,32.958681],[130.45777,32.958635],[130.457846,32.958564],[130.457892,32.958525],[130.457919,32.958499],[130.457946,32.958467],[130.457975,32.958431],[130.458009,32.958379],[130.458055,32.958302],[130.458085,32.958245],[130.458106,32.95821],[130.458187,32.95807],[130.458198,32.958047],[130.458205,32.958019],[130.45821,32.957991],[130.458212,32.957969],[130.458211,32.957936],[130.458209,32.957912],[130.458189,32.957791],[130.458184,32.957759],[130.458177,32.957707],[130.458177,32.957682],[130.458179,32.95766],[130.458183,32.957638],[130.458192,32.957619],[130.458204,32.957599],[130.458221,32.957575],[130.458238,32.957558],[130.458254,32.957542],[130.458273,32.957528],[130.458304,32.957508],[130.458308,32.95749],[130.458244,32.957391],[130.458168,32.957271],[130.458092,32.957157],[130.458041,32.957079],[130.457982,32.956995],[130.457911,32.956898],[130.457844,32.956801],[130.457789,32.956724],[130.457738,32.95665],[130.45771,32.95661],[130.4577,32.956597],[130.457623,32.956494],[130.457532,32.956363],[130.457476,32.956287],[130.457399,32.956177],[130.457335,32.956088],[130.457281,32.956015],[130.457232,32.955953],[130.45719,32.955895],[130.457146,32.955844],[130.457107,32.955798],[130.457019,32.95569],[130.456942,32.955585],[130.45688,32.955504],[130.456774,32.95537],[130.45668,32.955255],[130.456424,32.95491],[130.456417,32.954914],[130.45637,32.954938],[130.456365,32.954929],[130.456206,32.954878],[130.456106,32.954853],[130.455807,32.954794],[130.455708,32.954775],[130.455699,32.954815],[130.455659,32.95496],[130.455224,32.954927],[130.455184,32.954924],[130.455174,32.954963],[130.455166,32.955011],[130.455161,32.955092],[130.455163,32.95517],[130.455172,32.955228],[130.455184,32.955242],[130.455231,32.955261],[130.455247,32.955271],[130.455308,32.95536],[130.455311,32.955373],[130.455309,32.955412],[130.455313,32.955422],[130.455356,32.95545],[130.455392,32.955465],[130.455433,32.955477],[130.455464,32.955481],[130.455542,32.955484],[130.455711,32.955475],[130.455727,32.955476],[130.45575,32.955483],[130.455764,32.955492],[130.455829,32.955578],[130.455894,32.955682],[130.455977,32.955872],[130.45598,32.955896],[130.455979,32.95592],[130.455969,32.955934],[130.455955,32.955939],[130.455422,32.956138],[130.455343,32.956156],[130.455328,32.956124],[130.455262,32.956],[130.455198,32.955888],[130.455148,32.955808],[130.455134,32.955802],[130.455031,32.95582],[130.455007,32.955813],[130.454831,32.955665],[130.454804,32.955661],[130.454686,32.955675],[130.454487,32.955698],[130.45446,32.955683],[130.454352,32.955247],[130.454305,32.955116],[130.454278,32.95506],[130.454269,32.955046],[130.454261,32.955034],[130.454252,32.955025],[130.454234,32.955009],[130.454217,32.954991],[130.45418,32.954996],[130.454147,32.954997],[130.454108,32.954996],[130.454066,32.954996],[130.454048,32.954994],[130.454034,32.954998],[130.453972,32.955012],[130.453917,32.955024],[130.453867,32.955036],[130.453821,32.955046],[130.453795,32.955053],[130.453777,32.955059],[130.453752,32.955069],[130.453719,32.955083],[130.453696,32.955099],[130.453674,32.955114],[130.453654,32.955129],[130.453629,32.955151],[130.45361,32.955172],[130.45359,32.955192],[130.453561,32.955224],[130.453548,32.955242],[130.453541,32.955254],[130.453533,32.955271],[130.453517,32.95531],[130.453489,32.955373],[130.453479,32.955406],[130.453472,32.95545],[130.453468,32.955488],[130.453463,32.955516],[130.453455,32.955552],[130.453442,32.955589],[130.453423,32.95563],[130.45339,32.955685],[130.45333,32.955777],[130.453302,32.955825],[130.453256,32.955898],[130.453202,32.955986],[130.453157,32.956057],[130.453143,32.956107],[130.453131,32.956134],[130.453037,32.956279],[130.453003,32.956335],[130.452996,32.956349],[130.452995,32.956362],[130.452998,32.956373],[130.45301,32.956384],[130.453721,32.956802],[130.454013,32.956987],[130.454024,32.956989],[130.454034,32.956989],[130.454043,32.956987],[130.454047,32.956985],[130.454053,32.956983],[130.454107,32.956999],[130.45415,32.957008],[130.454228,32.95702],[130.454268,32.957027],[130.454294,32.957038],[130.45431,32.95705],[130.45433,32.957078],[130.454331,32.957082],[130.454335,32.957121],[130.454344,32.957188],[130.454356,32.95726],[130.454369,32.957344],[130.45437,32.957348],[130.454383,32.957432],[130.454384,32.957436],[130.454396,32.957503],[130.454408,32.957602],[130.454416,32.957665],[130.454429,32.957745],[130.454447,32.957865],[130.454462,32.957951],[130.454463,32.957963],[130.454448,32.957978],[130.454424,32.958001],[130.454365,32.958056],[130.454293,32.958122],[130.454243,32.958169],[130.454214,32.958197],[130.454177,32.958228],[130.454046,32.95835],[130.454017,32.958377],[130.453982,32.958401],[130.453981,32.958404],[130.453975,32.958419],[130.453962,32.958446],[130.45388,32.958643],[130.453871,32.958671],[130.453869,32.958689],[130.453872,32.958716],[130.453881,32.958738],[130.453893,32.958755],[130.453912,32.958771],[130.454124,32.958902],[130.454481,32.959126],[130.45465,32.959231],[130.454673,32.959246],[130.454681,32.959256],[130.454734,32.959288],[130.454754,32.959286],[130.454771,32.959285],[130.454907,32.959267],[130.455148,32.959231],[130.455182,32.959229],[130.455216,32.959231],[130.45543,32.959246],[130.455479,32.959252],[130.455579,32.959269],[130.455677,32.959286],[130.455763,32.959298],[130.455868,32.959306],[130.455858,32.959316],[130.45597,32.959316],[130.455981,32.959336],[130.455979,32.959351],[130.455948,32.959355],[130.455862,32.959364],[130.455677,32.959391],[130.45533,32.959443],[130.455087,32.959476],[130.454903,32.959509],[130.454752,32.95953],[130.454701,32.959646],[130.454691,32.959653],[130.454674,32.959686],[130.454651,32.959742],[130.454643,32.959769],[130.454635,32.959804],[130.454614,32.959905],[130.454606,32.959932],[130.454592,32.959957],[130.454572,32.959987],[130.454507,32.960063],[130.454492,32.960086],[130.454483,32.960105],[130.454476,32.960124],[130.454469,32.960152],[130.454462,32.960208],[130.454454,32.960266],[130.454444,32.96031],[130.45442,32.96044],[130.454399,32.960567],[130.454393,32.96063],[130.454396,32.960655],[130.454406,32.960678],[130.454424,32.960701],[130.45446,32.960729],[130.454504,32.960755],[130.454538,32.960766],[130.454573,32.960774],[130.454656,32.96078],[130.454687,32.960782],[130.454733,32.960788],[130.454776,32.960796],[130.454868,32.960814],[130.45492,32.960821],[130.454971,32.960826],[130.455078,32.960831],[130.455157,32.960835],[130.45515,32.960819],[130.456144,32.960809],[130.456147,32.960775],[130.456395,32.960768],[130.456424,32.960768],[130.456452,32.960767],[130.456991,32.960755],[130.457063,32.960754],[130.457124,32.960754],[130.457154,32.960754],[130.457154,32.960758],[130.457148,32.960965],[130.457152,32.961038],[130.457313,32.961039],[130.457708,32.961043]]]}},{"type":"Feature","properties":{"DistName":"緑ヶ丘西地区地区計画","DistType":"地区計画","DistCode":1,"Pref":"熊本県","Citycode":"43204","Cityname":"荒尾市","FNDate":"平成15年2月14日"},"geometry":{"type":"Polygon","coordinates":[[[130.467835,32.980955],[130.467609,32.980694],[130.467488,32.980559],[130.467373,32.980427],[130.467311,32.980365],[130.467158,32.98023],[130.467013,32.980095],[130.466793,32.980159],[130.4668,32.980168],[130.466846,32.98022],[130.466855,32.980228],[130.466866,32.980256],[130.466884,32.980299],[130.4671,32.98047],[130.467177,32.980556],[130.467411,32.980794],[130.467431,32.98078],[130.467481,32.980845],[130.467496,32.980893],[130.467471,32.980913],[130.467636,32.981104],[130.46755,32.981152],[130.467599,32.981208],[130.467686,32.981449],[130.467967,32.981722],[130.468011,32.981773],[130.468026,32.981786],[130.468198,32.981995],[130.468187,32.982004],[130.468196,32.982015],[130.468021,32.982127],[130.467765,32.982273],[130.46748,32.982427],[130.467449,32.98245],[130.467402,32.982462],[130.467323,32.982483],[130.467291,32.98253],[130.467334,32.982557],[130.467537,32.982776],[130.467579,32.982826],[130.467603,32.982856],[130.467625,32.982882],[130.467642,32.982901],[130.467657,32.982915],[130.467681,32.982938],[130.467705,32.982959],[130.467724,32.982979],[130.467746,32.983004],[130.467767,32.983029],[130.46779,32.983062],[130.467811,32.983095],[130.467843,32.983145],[130.467848,32.983156],[130.46785,32.983165],[130.467852,32.983177],[130.467851,32.983189],[130.46785,32.9832],[130.467842,32.983224],[130.467887,32.983307],[130.46799,32.983417],[130.467947,32.983439],[130.467866,32.983494],[130.46786,32.983507],[130.467866,32.983539],[130.467887,32.983552],[130.468054,32.983629],[130.468078,32.983642],[130.468194,32.983707],[130.468312,32.98378],[130.468415,32.983848],[130.468531,32.983932],[130.468619,32.984],[130.468717,32.984086],[130.46879,32.984153],[130.468894,32.984241],[130.469037,32.984374],[130.469113,32.984447],[130.469161,32.984492],[130.469206,32.984543],[130.46921,32.984548],[130.46931,32.984639],[130.469413,32.984725],[130.469482,32.984771],[130.469516,32.984789],[130.46953,32.984795],[130.469546,32.984799],[130.469564,32.984799],[130.46959,32.984796],[130.469609,32.98479],[130.469629,32.984781],[130.469652,32.984768],[130.469668,32.984756],[130.469675,32.984747],[130.469682,32.984734],[130.46969,32.984708],[130.469699,32.984669],[130.469708,32.984619],[130.469714,32.984569],[130.469716,32.984486],[130.469713,32.984442],[130.469686,32.984163],[130.46963,32.983817],[130.469601,32.983649],[130.469559,32.983418],[130.469554,32.98339],[130.46949,32.983149],[130.469449,32.983034],[130.469429,32.982979],[130.469376,32.982858],[130.469338,32.982784],[130.469321,32.98275],[130.469305,32.982724],[130.469194,32.98254],[130.469132,32.982452],[130.469126,32.982443],[130.469067,32.982366],[130.469062,32.982361],[130.468968,32.982246],[130.468879,32.982137],[130.468828,32.982077],[130.468793,32.982037],[130.468734,32.981969],[130.468636,32.981857],[130.468532,32.981739],[130.46834,32.981525],[130.468283,32.981463],[130.468132,32.981289],[130.467835,32.980955]]]}},{"type":"Feature","properties":{"DistName":"緑ヶ丘南地区再開発地区計画","DistType":"地区計画","DistCode":1,"Pref":"熊本県","Citycode":"43204","Cityname":"荒尾市","FNDate":"平成9年3月27日"},"geometry":{"type":"Polygon","coordinates":[[[130.470799,32.984887],[130.470807,32.984879],[130.470815,32.984873],[130.470869,32.984836],[130.470912,32.984815],[130.470964,32.984794],[130.471017,32.984774],[130.471128,32.984739],[130.471169,32.984718],[130.471223,32.984689],[130.471266,32.984667],[130.471314,32.984642],[130.471379,32.984609],[130.471405,32.98459],[130.471413,32.984585],[130.471423,32.984577],[130.471454,32.984553],[130.471496,32.984519],[130.471541,32.984476],[130.471562,32.984454],[130.471604,32.984399],[130.471661,32.984325],[130.471799,32.984141],[130.471808,32.984129],[130.471815,32.98412],[130.471886,32.98403],[130.471911,32.983997],[130.471918,32.983988],[130.471935,32.983964],[130.471949,32.983941],[130.471956,32.983929],[130.471964,32.983914],[130.471972,32.983901],[130.471984,32.983875],[130.471987,32.983867],[130.471996,32.983844],[130.472016,32.983792],[130.472018,32.983786],[130.472029,32.983749],[130.472054,32.983666],[130.472091,32.983546],[130.472093,32.98354],[130.472112,32.983456],[130.472122,32.98343],[130.472135,32.983305],[130.472129,32.983257],[130.472117,32.983201],[130.472067,32.983143],[130.472022,32.983097],[130.472002,32.983077],[130.471967,32.983061],[130.47184,32.982921],[130.471794,32.98287],[130.471743,32.982813],[130.471502,32.982551],[130.471394,32.982424],[130.471168,32.982171],[130.470972,32.981943],[130.47078,32.981725],[130.470542,32.981457],[130.470355,32.98125],[130.470296,32.981182],[130.470247,32.981132],[130.470194,32.981094],[130.470139,32.981067],[130.470088,32.981045],[130.470039,32.981033],[130.469957,32.981016],[130.469834,32.98099],[130.469801,32.980982],[130.469774,32.980972],[130.469751,32.980961],[130.469732,32.980951],[130.469717,32.980941],[130.46969,32.980921],[130.469648,32.980885],[130.469563,32.980804],[130.469501,32.980742],[130.469437,32.980673],[130.469321,32.980544],[130.469151,32.980352],[130.468984,32.980211],[130.468936,32.980156],[130.46888,32.980094],[130.468847,32.980057],[130.468805,32.980009],[130.468768,32.97996],[130.468744,32.97993],[130.46872,32.979905],[130.468689,32.97988],[130.46866,32.979861],[130.468633,32.979845],[130.468593,32.97983],[130.468546,32.979821],[130.468504,32.979818],[130.46846,32.979819],[130.468369,32.979823],[130.468268,32.979832],[130.46816,32.979842],[130.46804,32.979853],[130.467837,32.97987],[130.46752,32.979892],[130.467352,32.979904],[130.467312,32.979903],[130.467263,32.979905],[130.467227,32.979903],[130.467193,32.979901],[130.467167,32.979896],[130.467126,32.979888],[130.467096,32.97988],[130.467057,32.979866],[130.46701,32.979844],[130.46697,32.979819],[130.467225,32.980047],[130.467228,32.980052],[130.46725,32.980078],[130.467443,32.980272],[130.467467,32.980296],[130.467512,32.980342],[130.467626,32.980473],[130.467806,32.980669],[130.4679,32.980774],[130.467916,32.980791],[130.46793,32.980802],[130.468157,32.981055],[130.468165,32.98107],[130.468177,32.981086],[130.468277,32.981199],[130.468428,32.981374],[130.468453,32.9814],[130.468763,32.981733],[130.468777,32.981758],[130.468797,32.981786],[130.468879,32.98188],[130.469024,32.982048],[130.469188,32.982238],[130.469277,32.982352],[130.46936,32.982469],[130.469459,32.982631],[130.469525,32.982751],[130.469558,32.982817],[130.46967,32.983119],[130.469734,32.983356],[130.469741,32.983394],[130.46978,32.983613],[130.469782,32.983626],[130.469794,32.983692],[130.469803,32.98372],[130.469852,32.983996],[130.469853,32.984015],[130.469856,32.984039],[130.46986,32.984056],[130.469874,32.984094],[130.469894,32.984141],[130.469909,32.98427],[130.469901,32.98435],[130.469901,32.984375],[130.469906,32.984475],[130.469905,32.984501],[130.469904,32.984509],[130.469896,32.984512],[130.469894,32.984515],[130.469892,32.98452],[130.469888,32.984596],[130.469886,32.984602],[130.469857,32.984753],[130.46986,32.984782],[130.469869,32.984835],[130.469879,32.984875],[130.469887,32.984891],[130.469901,32.98491],[130.469911,32.98492],[130.469924,32.984929],[130.469937,32.984933],[130.46996,32.984939],[130.470333,32.985004],[130.470532,32.984969],[130.470592,32.984936],[130.470724,32.984899],[130.470799,32.984887]]]}},{"type":"Feature","properties":{"DistName":"東屋形地区地区計画","DistType":"地区計画","DistCode":1,"Pref":"熊本県","Citycode":"43204","Cityname":"荒尾市","FNDate":"平成4年3月30日"},"geometry":{"type":"Polygon","coordinates":[[[130.454315,32.985152],[130.454481,32.985095],[130.454536,32.985118],[130.454593,32.985143],[130.454622,32.985155],[130.454637,32.985162],[130.454651,32.985167],[130.454674,32.985174],[130.454697,32.985179],[130.454713,32.985181],[130.454729,32.985182],[130.45474,32.985176],[130.454753,32.985166],[130.45476,32.985155],[130.454771,32.985102],[130.454791,32.985019],[130.454821,32.984867],[130.454846,32.984716],[130.454862,32.984629],[130.454866,32.984613],[130.454879,32.984577],[130.454911,32.984481],[130.454919,32.984455],[130.454926,32.984429],[130.454929,32.984409],[130.454923,32.984351],[130.454923,32.984347],[130.4549,32.984343],[130.454784,32.984321],[130.454736,32.984314],[130.454695,32.984305],[130.454578,32.984265],[130.454529,32.984252],[130.454474,32.984242],[130.454427,32.984234],[130.454386,32.984217],[130.454311,32.984188],[130.454272,32.984166],[130.454233,32.984152],[130.454088,32.984109],[130.454022,32.984086],[130.453954,32.98406],[130.453904,32.984038],[130.453892,32.984032],[130.453888,32.984025],[130.453886,32.984018],[130.453903,32.983949],[130.453904,32.983941],[130.4539,32.98393],[130.453894,32.983922],[130.453885,32.983917],[130.453875,32.983913],[130.453868,32.983912],[130.453883,32.983896],[130.453909,32.983852],[130.454084,32.98355],[130.45413,32.983476],[130.454133,32.983466],[130.454325,32.983556],[130.454356,32.98357],[130.454346,32.983599],[130.454273,32.98366],[130.454265,32.983672],[130.45425,32.983691],[130.454219,32.983732],[130.454207,32.983765],[130.454464,32.98386],[130.454707,32.983905],[130.454743,32.983911],[130.454923,32.983985],[130.454962,32.983998],[130.454967,32.984028],[130.454969,32.984038],[130.45497,32.984042],[130.455192,32.98407],[130.455193,32.984084],[130.455266,32.984064],[130.455388,32.984074],[130.455409,32.984058],[130.455411,32.984049],[130.455413,32.98402],[130.455413,32.984006],[130.455411,32.983979],[130.455407,32.98392],[130.455406,32.983906],[130.4554,32.983844],[130.455432,32.983842],[130.455421,32.983831],[130.455404,32.983684],[130.455404,32.983675],[130.455394,32.983561],[130.455394,32.983548],[130.455396,32.983531],[130.455406,32.983482],[130.4554,32.983427],[130.455391,32.98339],[130.455376,32.983311],[130.455376,32.983265],[130.455387,32.983173],[130.455402,32.983134],[130.455399,32.983106],[130.455233,32.98313],[130.45518,32.98313],[130.455177,32.983085],[130.455132,32.983085],[130.455092,32.983083],[130.455038,32.983082],[130.454993,32.98308],[130.45495,32.983099],[130.454929,32.983106],[130.454902,32.983113],[130.454899,32.983114],[130.45487,32.983113],[130.454826,32.983108],[130.454763,32.983078],[130.454838,32.982875],[130.454766,32.982849],[130.454794,32.982793],[130.454808,32.982758],[130.454825,32.982695],[130.454835,32.982649],[130.454863,32.982527],[130.454899,32.982513],[130.455086,32.982589],[130.455105,32.982596],[130.455134,32.982525],[130.455367,32.982635],[130.455385,32.982602],[130.455374,32.982583],[130.455375,32.982556],[130.455389,32.982537],[130.455404,32.982518],[130.455434,32.982487],[130.455444,32.982477],[130.4555,32.982374],[130.455526,32.982362],[130.455536,32.982358],[130.455555,32.982351],[130.455537,32.982311],[130.455548,32.982271],[130.455556,32.982251],[130.455567,32.982243],[130.455573,32.982238],[130.455598,32.982216],[130.45565,32.982172],[130.455722,32.98211],[130.45577,32.982097],[130.455814,32.982085],[130.455868,32.98207],[130.455972,32.982053],[130.456115,32.982046],[130.456169,32.982054],[130.456203,32.98206],[130.456239,32.982066],[130.456243,32.982066],[130.456264,32.982072],[130.456293,32.982079],[130.456299,32.982081],[130.456331,32.982093],[130.45634,32.982096],[130.456376,32.982113],[130.456398,32.982125],[130.456416,32.982135],[130.456496,32.982171],[130.456516,32.982181],[130.456529,32.982187],[130.45654,32.982192],[130.45655,32.982196],[130.456567,32.982201],[130.456575,32.982203],[130.456555,32.982148],[130.456548,32.98209],[130.456544,32.982065],[130.456521,32.981957],[130.45649,32.981817],[130.456439,32.981595],[130.456377,32.981325],[130.456331,32.981133],[130.456321,32.981096],[130.456287,32.980954],[130.456273,32.980891],[130.456242,32.980755],[130.456222,32.980666],[130.45621,32.980614],[130.456183,32.98049],[130.456154,32.980364],[130.456109,32.980168],[130.455939,32.980177],[130.455827,32.980184],[130.455785,32.980187],[130.455743,32.98019],[130.455643,32.980196],[130.455535,32.980203],[130.455424,32.980209],[130.455254,32.98022],[130.455131,32.980232],[130.455054,32.98024],[130.454973,32.980248],[130.454867,32.980257],[130.454844,32.980258],[130.454769,32.980265],[130.454589,32.980284],[130.454547,32.980288],[130.45449,32.98029],[130.454357,32.980279],[130.454204,32.980279],[130.454171,32.980279],[130.45413,32.980277],[130.454092,32.980274],[130.45407,32.980273],[130.454046,32.980269],[130.45403,32.980267],[130.453997,32.980262],[130.453966,32.980257],[130.453916,32.980248],[130.453875,32.980242],[130.453749,32.98022],[130.453525,32.980184],[130.453427,32.980167],[130.453322,32.98015],[130.453195,32.980129],[130.453116,32.980115],[130.45304,32.980103],[130.452967,32.98009],[130.452873,32.980074],[130.452819,32.980066],[130.452771,32.980058],[130.452723,32.98005],[130.452434,32.980001],[130.452232,32.979971],[130.452039,32.979956],[130.451925,32.979927],[130.451911,32.979934],[130.451936,32.980026],[130.451983,32.980165],[130.451994,32.980198],[130.452028,32.980305],[130.452034,32.980326],[130.452033,32.980344],[130.452071,32.980485],[130.452078,32.980512],[130.452112,32.980658],[130.452168,32.980887],[130.452177,32.980908],[130.452222,32.981005],[130.452258,32.981071],[130.452258,32.981075],[130.452268,32.981101],[130.452429,32.981368],[130.452418,32.981373],[130.452457,32.981431],[130.452481,32.981471],[130.452494,32.981497],[130.452502,32.981515],[130.452496,32.981529],[130.452491,32.98154],[130.452382,32.981589],[130.452294,32.981628],[130.452182,32.981672],[130.452053,32.981724],[130.451945,32.981851],[130.451905,32.981935],[130.451886,32.981992],[130.451859,32.98207],[130.451839,32.9821],[130.451815,32.982137],[130.451801,32.982163],[130.451751,32.982279],[130.45167,32.98247],[130.451634,32.98253],[130.4516,32.982606],[130.451578,32.982716],[130.451571,32.982836],[130.451565,32.982942],[130.451531,32.982991],[130.451495,32.983028],[130.451409,32.983075],[130.451373,32.983093],[130.451311,32.983112],[130.451299,32.983116],[130.451244,32.983128],[130.45117,32.983142],[130.451125,32.983154],[130.451061,32.98317],[130.451031,32.983168],[130.450865,32.983176],[130.450769,32.98318],[130.450732,32.983184],[130.450685,32.983189],[130.450599,32.983205],[130.450509,32.983218],[130.450462,32.983223],[130.450401,32.983228],[130.45034,32.98323],[130.450309,32.983231],[130.450164,32.98323],[130.450011,32.983234],[130.44989,32.983234],[130.449867,32.983233],[130.449855,32.983231],[130.449848,32.983229],[130.449739,32.98318],[130.449652,32.983144],[130.449606,32.98313],[130.449569,32.983121],[130.449529,32.983113],[130.449431,32.982967],[130.449402,32.982921],[130.449383,32.982889],[130.449361,32.982864],[130.449352,32.982858],[130.449339,32.982852],[130.449325,32.982848],[130.449309,32.982844],[130.449279,32.982842],[130.449261,32.982843],[130.44925,32.982846],[130.449237,32.982854],[130.449229,32.982863],[130.449218,32.982877],[130.449211,32.982895],[130.44921,32.982899],[130.449202,32.982941],[130.4492,32.982986],[130.449198,32.983005],[130.449195,32.983018],[130.449192,32.983028],[130.449183,32.983041],[130.449174,32.98305],[130.449159,32.98306],[130.449145,32.983066],[130.449126,32.983072],[130.449001,32.983093],[130.448935,32.983092],[130.448908,32.983091],[130.44887,32.983088],[130.448833,32.983083],[130.448805,32.983076],[130.448781,32.983067],[130.448751,32.98305],[130.448698,32.983022],[130.448655,32.982997],[130.448616,32.982979],[130.448591,32.982969],[130.448562,32.982958],[130.448533,32.982948],[130.448504,32.982939],[130.44847,32.98293],[130.448434,32.982923],[130.448401,32.982918],[130.448351,32.98291],[130.448317,32.982904],[130.448264,32.982893],[130.448212,32.982877],[130.448168,32.982864],[130.448126,32.982855],[130.448095,32.982827],[130.448081,32.982822],[130.44805,32.982822],[130.448016,32.982822],[130.447974,32.982823],[130.447942,32.982825],[130.447923,32.982825],[130.447917,32.982825],[130.447908,32.982824],[130.447898,32.982822],[130.447883,32.982819],[130.447874,32.982817],[130.447853,32.98281],[130.447839,32.982804],[130.447827,32.982798],[130.447823,32.982796],[130.447809,32.982814],[130.4478,32.982808],[130.447746,32.982853],[130.447731,32.982865],[130.447708,32.982883],[130.447761,32.982976],[130.447747,32.982995],[130.447711,32.982981],[130.447649,32.983014],[130.447686,32.983145],[130.44765,32.98321],[130.447589,32.983282],[130.447526,32.983316],[130.447486,32.983309],[130.447457,32.983307],[130.44741,32.983314],[130.447381,32.983339],[130.447356,32.983361],[130.447361,32.983362],[130.447361,32.983366],[130.447361,32.98339],[130.447363,32.983413],[130.447347,32.983435],[130.447286,32.983501],[130.447243,32.983542],[130.447229,32.983556],[130.44722,32.983564],[130.44727,32.983632],[130.447291,32.983738],[130.447307,32.983746],[130.447342,32.983763],[130.447301,32.983895],[130.447261,32.983973],[130.447262,32.984051],[130.447252,32.984109],[130.447243,32.984135],[130.44721,32.984176],[130.447338,32.984235],[130.447281,32.984399],[130.447263,32.984456],[130.44724,32.984477],[130.447214,32.98453],[130.447185,32.984572],[130.44718,32.984579],[130.447164,32.984605],[130.44716,32.984615],[130.447138,32.984671],[130.447094,32.984783],[130.447071,32.984841],[130.447068,32.984849],[130.447058,32.98492],[130.447054,32.984937],[130.447051,32.984948],[130.447001,32.985083],[130.44724,32.985138],[130.447304,32.985144],[130.447547,32.985193],[130.447554,32.985195],[130.447708,32.98523],[130.447802,32.985253],[130.447892,32.985274],[130.448082,32.985315],[130.44832,32.985368],[130.448325,32.985369],[130.448442,32.985416],[130.448553,32.985436],[130.448689,32.985458],[130.448822,32.98548],[130.448888,32.985488],[130.44899,32.985502],[130.449123,32.985519],[130.449266,32.985536],[130.449432,32.985552],[130.449912,32.985613],[130.450067,32.985627],[130.450277,32.985643],[130.450424,32.985662],[130.450555,32.985676],[130.45057,32.985676],[130.450675,32.985692],[130.450877,32.985708],[130.450955,32.985718],[130.451193,32.98574],[130.451283,32.985747],[130.451433,32.985762],[130.451835,32.985796],[130.451917,32.9858],[130.451986,32.985807],[130.452071,32.985811],[130.452232,32.985819],[130.452281,32.985819],[130.452515,32.985809],[130.452765,32.985795],[130.452964,32.985779],[130.453104,32.985773],[130.45333,32.985754],[130.453849,32.985718],[130.453847,32.985549],[130.453874,32.985471],[130.453907,32.985418],[130.453911,32.985409],[130.45396,32.985354],[130.453994,32.985326],[130.454027,32.985305],[130.454071,32.98528],[130.454096,32.985264],[130.454145,32.985243],[130.454181,32.985229],[130.454222,32.985214],[130.454259,32.985201],[130.454315,32.985182],[130.454315,32.985166],[130.454315,32.985152]]]}},{"type":"Feature","properties":{"DistName":"宮内地区地区計画","DistType":"地区計画","DistCode":1,"Pref":"熊本県","Citycode":"43204","Cityname":"荒尾市","FNDate":"平成元年4月10日"},"geometry":{"type":"Polygon","coordinates":[[[130.445183,32.984508],[130.445161,32.984496],[130.445156,32.984495],[130.44515,32.984494],[130.445142,32.984495],[130.445134,32.984496],[130.445001,32.984465],[130.444976,32.98446],[130.444949,32.984452],[130.444934,32.984443],[130.444911,32.984429],[130.444869,32.984398],[130.444809,32.984351],[130.444767,32.984308],[130.444626,32.984207],[130.444434,32.984091],[130.444431,32.984086],[130.444431,32.984078],[130.444433,32.98407],[130.444477,32.98404],[130.444414,32.983982],[130.444388,32.983959],[130.444396,32.983952],[130.444319,32.983881],[130.444161,32.983821],[130.444145,32.983856],[130.444124,32.983851],[130.443991,32.983808],[130.443861,32.983763],[130.443664,32.983701],[130.443622,32.983686],[130.443533,32.983655],[130.443496,32.983636],[130.443409,32.98357],[130.443398,32.983576],[130.443328,32.983659],[130.443227,32.983619],[130.443171,32.983598],[130.443151,32.983588],[130.443001,32.98355],[130.44297,32.983551],[130.442945,32.98354],[130.442921,32.983529],[130.442352,32.983509],[130.442169,32.983499],[130.441982,32.983513],[130.44196,32.983514],[130.441951,32.983381],[130.44194,32.983222],[130.441935,32.98319],[130.441899,32.983079],[130.441863,32.982949],[130.441826,32.982854],[130.441773,32.982697],[130.441764,32.982665],[130.44174,32.982573],[130.441721,32.982529],[130.441664,32.982393],[130.441648,32.982357],[130.441632,32.982325],[130.441632,32.982318],[130.441632,32.982314],[130.441577,32.982322],[130.441403,32.982348],[130.441299,32.982364],[130.441297,32.982367],[130.441287,32.982392],[130.441268,32.98243],[130.4412,32.982582],[130.441146,32.982694],[130.441128,32.982723],[130.441009,32.982915],[130.440945,32.983013],[130.440878,32.983117],[130.440661,32.983434],[130.44059,32.98353],[130.440546,32.983598],[130.440572,32.983605],[130.440624,32.983617],[130.440963,32.983693],[130.441081,32.983715],[130.441087,32.983716],[130.441237,32.983752],[130.44136,32.983781],[130.441471,32.983807],[130.441632,32.983844],[130.441816,32.983888],[130.442088,32.983952],[130.442432,32.984031],[130.442462,32.984173],[130.442458,32.984192],[130.442457,32.984196],[130.442458,32.9842],[130.442479,32.984236],[130.442497,32.98427],[130.442504,32.984285],[130.442511,32.9843],[130.442515,32.984313],[130.442517,32.984321],[130.442517,32.984326],[130.442702,32.984365],[130.443106,32.984446],[130.443453,32.98452],[130.443617,32.984553],[130.443837,32.984596],[130.443851,32.984599],[130.443882,32.984606],[130.443973,32.984625],[130.444031,32.984642],[130.444085,32.984659],[130.444169,32.984692],[130.444178,32.984696],[130.444237,32.984726],[130.444278,32.984746],[130.444383,32.984807],[130.444432,32.984842],[130.444505,32.984901],[130.444541,32.984935],[130.44457,32.984962],[130.444628,32.985024],[130.444707,32.985112],[130.444714,32.985121],[130.444823,32.985239],[130.444833,32.985249],[130.444863,32.985278],[130.444954,32.985364],[130.44506,32.985441],[130.445107,32.985469],[130.445184,32.985506],[130.445227,32.985524],[130.445317,32.985553],[130.445379,32.985568],[130.445426,32.985579],[130.445559,32.985601],[130.445815,32.985643],[130.446045,32.98568],[130.446363,32.98573],[130.446552,32.985767],[130.446844,32.985816],[130.447114,32.985857],[130.447171,32.98587],[130.447176,32.98587],[130.447211,32.985871],[130.447472,32.985879],[130.447496,32.985879],[130.447671,32.985867],[130.447778,32.985863],[130.447843,32.98586],[130.447914,32.985855],[130.448132,32.985839],[130.448439,32.985816],[130.448526,32.98581],[130.448695,32.985799],[130.449063,32.985775],[130.449413,32.98575],[130.449499,32.98574],[130.449461,32.985712],[130.449434,32.985704],[130.449411,32.985699],[130.449385,32.985694],[130.449327,32.985686],[130.449,32.985648],[130.448897,32.985632],[130.448843,32.985624],[130.448744,32.985605],[130.448681,32.985593],[130.448483,32.985564],[130.448341,32.985538],[130.448269,32.985523],[130.448037,32.985472],[130.447841,32.985431],[130.447642,32.985386],[130.447499,32.985356],[130.447249,32.985301],[130.447185,32.985286],[130.44705,32.985249],[130.446916,32.985218],[130.446962,32.985073],[130.446856,32.985049],[130.446717,32.985016],[130.446258,32.984909],[130.446226,32.984901],[130.446126,32.984878],[130.445853,32.984814],[130.445713,32.984782],[130.445634,32.984763],[130.445633,32.98475],[130.44563,32.984741],[130.445623,32.984734],[130.445529,32.984687],[130.445492,32.984669],[130.445432,32.984644],[130.445372,32.984618],[130.445325,32.984591],[130.445271,32.984556],[130.44523,32.984531],[130.445209,32.984521],[130.445194,32.984513],[130.445183,32.984508]]]}},{"type":"Feature","properties":{"DistName":"聖人原地区地区計画","DistType":"地区計画","DistCode":1,"Pref":"熊本県","Citycode":"43204","Cityname":"荒尾市","FNDate":"令和5年8月3日"},"geometry":{"type":"Polygon","coordinates":[[[130.486408,32.989808],[130.486423,32.989647],[130.486461,32.98909],[130.486456,32.988892],[130.486437,32.988746],[130.486393,32.988566],[130.486392,32.988562],[130.486353,32.988442],[130.48631,32.988317],[130.486285,32.988256],[130.486252,32.988185],[130.486199,32.988073],[130.48613,32.987925],[130.486041,32.987751],[130.485936,32.987534],[130.485891,32.98743],[130.485913,32.987422],[130.485858,32.987314],[130.485787,32.987285],[130.485773,32.987186],[130.485768,32.987158],[130.48577,32.987116],[130.485713,32.986969],[130.485686,32.986874],[130.485657,32.98674],[130.485636,32.986622],[130.485615,32.9865],[130.485571,32.986633],[130.485459,32.986709],[130.485419,32.986724],[130.485348,32.986735],[130.485287,32.986745],[130.485215,32.98675],[130.485128,32.986756],[130.485033,32.986751],[130.484964,32.986741],[130.4849,32.98672],[130.484788,32.986681],[130.48472,32.986664],[130.484633,32.986656],[130.484499,32.986642],[130.484372,32.986625],[130.484198,32.986604],[130.484035,32.986667],[130.483989,32.986695],[130.483947,32.98673],[130.483945,32.986756],[130.483969,32.986808],[130.484006,32.986845],[130.484168,32.986933],[130.484174,32.986936],[130.48418,32.986939],[130.484179,32.986943],[130.484163,32.987073],[130.484044,32.987146],[130.48401,32.987139],[130.483963,32.987139],[130.483885,32.987177],[130.483836,32.987208],[130.483821,32.98725],[130.483815,32.987309],[130.483817,32.98735],[130.483852,32.987397],[130.483913,32.987463],[130.483947,32.987478],[130.484066,32.98752],[130.484135,32.987539],[130.484134,32.987631],[130.484142,32.987637],[130.484326,32.987663],[130.484333,32.987571],[130.484503,32.987625],[130.48458,32.987651],[130.484651,32.987671],[130.484942,32.987809],[130.48507,32.987883],[130.485257,32.988023],[130.485307,32.98808],[130.485427,32.988199],[130.485494,32.988302],[130.485493,32.988321],[130.485484,32.988533],[130.485467,32.988768],[130.485453,32.988776],[130.485198,32.988777],[130.485174,32.98877],[130.484799,32.988502],[130.484765,32.988478],[130.484704,32.988464],[130.484407,32.98841],[130.484376,32.988408],[130.484326,32.988401],[130.484172,32.988382],[130.48414,32.988372],[130.483976,32.988316],[130.483768,32.98826],[130.483616,32.988216],[130.483557,32.988186],[130.483527,32.988159],[130.483493,32.988147],[130.483454,32.988144],[130.483422,32.98814],[130.483383,32.988122],[130.483339,32.988122],[130.483256,32.988138],[130.483212,32.988153],[130.483182,32.988179],[130.483144,32.988208],[130.48311,32.988232],[130.48308,32.988272],[130.483062,32.988316],[130.48305,32.988398],[130.483028,32.988473],[130.482992,32.988578],[130.482924,32.988584],[130.482883,32.988584],[130.482807,32.988587],[130.482758,32.988605],[130.48273,32.988645],[130.482697,32.988722],[130.482672,32.988762],[130.482649,32.988825],[130.482576,32.988825],[130.482571,32.988947],[130.482585,32.988975],[130.482609,32.988993],[130.482634,32.989005],[130.482654,32.989014],[130.482654,32.989037],[130.482923,32.989058],[130.482917,32.989172],[130.482867,32.98923],[130.482805,32.989332],[130.482785,32.98936],[130.482703,32.989552],[130.482698,32.989561],[130.482927,32.989714],[130.482953,32.989707],[130.482977,32.989704],[130.483014,32.989701],[130.483056,32.9897],[130.48309,32.989699],[130.48315,32.989696],[130.483286,32.989698],[130.483335,32.9897],[130.483575,32.989711],[130.483774,32.989719],[130.483903,32.989726],[130.484087,32.989736],[130.484168,32.989743],[130.484364,32.989753],[130.484526,32.989759],[130.484565,32.98976],[130.484588,32.989761],[130.484614,32.989764],[130.484649,32.98977],[130.484756,32.989796],[130.484938,32.989835],[130.485106,32.989878],[130.485303,32.989923],[130.485491,32.989967],[130.485691,32.990008],[130.485716,32.990012],[130.485881,32.99004],[130.486015,32.990057],[130.486054,32.990061],[130.486095,32.990063],[130.486139,32.990061],[130.486212,32.990053],[130.486211,32.990038],[130.486257,32.990031],[130.486312,32.990013],[130.486342,32.990001],[130.486357,32.989991],[130.486366,32.989984],[130.486373,32.989974],[130.48638,32.989961],[130.486384,32.989945],[130.486408,32.989808]]]}},{"type":"Feature","properties":{"DistName":"緑ヶ丘東地区地区計画","DistType":"地区計画","DistCode":1,"Pref":"熊本県","Citycode":"43204","Cityname":"荒尾市","FNDate":"平成4年3月30日"},"geometry":{"type":"Polygon","coordinates":[[[130.473901,32.986319],[130.473843,32.986319],[130.473805,32.98632],[130.473734,32.98634],[130.473637,32.986366],[130.473637,32.98637],[130.473637,32.986375],[130.473635,32.986404],[130.473621,32.986648],[130.473617,32.986735],[130.473608,32.986893],[130.473585,32.987262],[130.473585,32.987296],[130.473563,32.987491],[130.47355,32.987617],[130.473539,32.987723],[130.473538,32.987794],[130.473563,32.987797],[130.473896,32.987806],[130.473954,32.987808],[130.474277,32.987829],[130.474333,32.987832],[130.474376,32.987833],[130.474612,32.98784],[130.474812,32.987849],[130.47489,32.98785],[130.474889,32.987717],[130.474887,32.987669],[130.47488,32.987601],[130.47485,32.987469],[130.474815,32.987307],[130.474783,32.987202],[130.474762,32.987116],[130.474751,32.987072],[130.47474,32.987031],[130.474735,32.987018],[130.474726,32.987],[130.474717,32.986985],[130.474712,32.986977],[130.474701,32.986965],[130.474684,32.986945],[130.474674,32.986933],[130.474672,32.986931],[130.474651,32.986907],[130.47464,32.986899],[130.474594,32.986863],[130.47455,32.986833],[130.474523,32.986807],[130.474508,32.986785],[130.474493,32.986738],[130.474491,32.986726],[130.474446,32.98671],[130.474423,32.986703],[130.474372,32.986692],[130.474309,32.986685],[130.474198,32.986676],[130.474223,32.98652],[130.473991,32.986516],[130.473977,32.986515],[130.473966,32.986511],[130.47395,32.986503],[130.473926,32.986481],[130.473912,32.986462],[130.473905,32.986441],[130.473904,32.986427],[130.473901,32.986319]]]}},{"type":"Feature","properties":{"DistName":"緑ヶ丘地区地区計画","DistType":"地区計画","DistCode":1,"Pref":"熊本県","Citycode":"43204","Cityname":"荒尾市","FNDate":"平成9年7月9日"},"geometry":{"type":"Polygon","coordinates":[[[130.472117,32.983201],[130.472129,32.983257],[130.472135,32.983305],[130.472122,32.98343],[130.472112,32.983456],[130.472093,32.98354],[130.472092,32.983543],[130.472045,32.983697],[130.472018,32.983786],[130.472,32.983833],[130.471986,32.98387],[130.471972,32.983901],[130.471957,32.983927],[130.471943,32.983951],[130.471935,32.983964],[130.471933,32.983967],[130.471912,32.983996],[130.471886,32.984029],[130.471864,32.984058],[130.471825,32.984107],[130.47181,32.984127],[130.471801,32.984138],[130.471749,32.984207],[130.47173,32.984233],[130.471717,32.984251],[130.471706,32.984265],[130.471695,32.98428],[130.471683,32.984297],[130.471675,32.984306],[130.471661,32.984325],[130.471639,32.984354],[130.471607,32.984395],[130.47158,32.98443],[130.471562,32.984454],[130.471541,32.984476],[130.471519,32.984497],[130.471496,32.984519],[130.471495,32.98452],[130.471485,32.984527],[130.471471,32.984539],[130.471459,32.984549],[130.471453,32.984553],[130.471441,32.984563],[130.471429,32.984572],[130.471415,32.984583],[130.471412,32.984585],[130.471403,32.984591],[130.471379,32.984609],[130.471287,32.984656],[130.47126,32.98467],[130.471232,32.984685],[130.47119,32.984706],[130.471128,32.984739],[130.471017,32.984774],[130.470991,32.984784],[130.470963,32.984795],[130.470939,32.984804],[130.470912,32.984815],[130.470908,32.984817],[130.470869,32.984836],[130.470836,32.984859],[130.470807,32.984879],[130.470799,32.984888],[130.470782,32.984904],[130.470702,32.98497],[130.470625,32.985212],[130.469905,32.985087],[130.469899,32.98509],[130.469829,32.985099],[130.469819,32.985098],[130.469779,32.985098],[130.469753,32.985103],[130.469725,32.985113],[130.469696,32.98513],[130.46967,32.985152],[130.469639,32.985185],[130.469522,32.985347],[130.469478,32.985406],[130.469471,32.985415],[130.469452,32.985442],[130.469444,32.985452],[130.469366,32.985558],[130.46935,32.985583],[130.469321,32.985639],[130.469262,32.985772],[130.469385,32.985811],[130.469427,32.985821],[130.469548,32.985842],[130.469639,32.985863],[130.469806,32.985895],[130.469897,32.985906],[130.469961,32.985912],[130.470019,32.985914],[130.470101,32.985917],[130.470177,32.985914],[130.470227,32.98591],[130.470278,32.985905],[130.470341,32.985895],[130.470414,32.98588],[130.470444,32.985874],[130.470562,32.985842],[130.470727,32.985803],[130.470887,32.985772],[130.470935,32.985762],[130.471027,32.985742],[130.47113,32.985719],[130.471148,32.985715],[130.471207,32.9857],[130.471304,32.985676],[130.471385,32.985651],[130.471492,32.985618],[130.4715,32.985616],[130.47165,32.98558],[130.471862,32.985518],[130.471948,32.985494],[130.472038,32.98547],[130.472042,32.985467],[130.472159,32.985479],[130.472316,32.985521],[130.472364,32.985534],[130.472533,32.985579],[130.472572,32.985589],[130.472791,32.985652],[130.473017,32.985722],[130.473074,32.985741],[130.473122,32.985756],[130.473193,32.985778],[130.473256,32.985797],[130.473289,32.985812],[130.473257,32.986017],[130.47325,32.986072],[130.473244,32.986114],[130.473262,32.986119],[130.473327,32.986137],[130.473375,32.98615],[130.473452,32.986172],[130.473534,32.986194],[130.473784,32.986263],[130.473818,32.986319],[130.473843,32.986319],[130.473901,32.986319],[130.473906,32.986318],[130.473951,32.986307],[130.474126,32.98627],[130.474273,32.986234],[130.474428,32.986197],[130.474453,32.986191],[130.474476,32.986188],[130.474533,32.986187],[130.474648,32.986197],[130.474754,32.986244],[130.474776,32.986258],[130.474808,32.986278],[130.474892,32.986337],[130.475015,32.986425],[130.475045,32.986445],[130.475145,32.986511],[130.475412,32.986676],[130.475517,32.986764],[130.475554,32.986793],[130.475685,32.986855],[130.475697,32.986753],[130.475709,32.986698],[130.475794,32.98671],[130.475903,32.986722],[130.47594,32.986451],[130.476208,32.98648],[130.476265,32.986491],[130.476363,32.986515],[130.476438,32.986521],[130.476425,32.986612],[130.476419,32.986649],[130.476401,32.986754],[130.476375,32.986926],[130.476429,32.986927],[130.47651,32.98698],[130.476555,32.987008],[130.476579,32.987021],[130.476616,32.987043],[130.476703,32.987093],[130.47681,32.987155],[130.476854,32.98718],[130.476905,32.987168],[130.476924,32.987172],[130.476964,32.987201],[130.476981,32.987199],[130.477134,32.987248],[130.477109,32.987284],[130.477066,32.987345],[130.477025,32.987434],[130.476957,32.987591],[130.476941,32.987614],[130.47692,32.987638],[130.476907,32.987647],[130.47702,32.987714],[130.477149,32.987789],[130.477337,32.987898],[130.477398,32.98794],[130.477508,32.987999],[130.477662,32.988082],[130.477723,32.988114],[130.477779,32.988146],[130.47783,32.988175],[130.477992,32.988261],[130.47807,32.988293],[130.478258,32.988393],[130.478424,32.988481],[130.478596,32.988578],[130.47861,32.988583],[130.478838,32.988708],[130.478879,32.988651],[130.478893,32.988634],[130.478934,32.988582],[130.478949,32.988563],[130.478961,32.988544],[130.478973,32.988525],[130.478989,32.988497],[130.479003,32.988462],[130.479013,32.988435],[130.479024,32.988389],[130.479048,32.988303],[130.479086,32.988212],[130.479139,32.988095],[130.479181,32.988],[130.479231,32.987888],[130.479284,32.987771],[130.479325,32.987669],[130.479377,32.987559],[130.479401,32.987548],[130.479434,32.987466],[130.479515,32.987295],[130.479544,32.98724],[130.479591,32.987147],[130.479588,32.987046],[130.479585,32.986963],[130.479563,32.986963],[130.47956,32.986911],[130.479519,32.98678],[130.479512,32.986756],[130.479513,32.986693],[130.479518,32.986662],[130.479534,32.986577],[130.479537,32.986524],[130.479539,32.98649],[130.479531,32.986467],[130.479485,32.986372],[130.47946,32.986333],[130.479452,32.986319],[130.479408,32.986273],[130.479385,32.986256],[130.479349,32.986235],[130.479307,32.986217],[130.479268,32.986203],[130.479065,32.986127],[130.479046,32.986142],[130.479017,32.98616],[130.479002,32.986168],[130.47898,32.986171],[130.47895,32.986163],[130.478937,32.986153],[130.478924,32.98612],[130.478916,32.986091],[130.478909,32.98608],[130.478897,32.986063],[130.478845,32.985992],[130.478801,32.985931],[130.47874,32.985852],[130.47869,32.985787],[130.478673,32.985775],[130.478647,32.985725],[130.47861,32.985671],[130.47858,32.985633],[130.478563,32.985633],[130.478541,32.985631],[130.478521,32.985649],[130.47849,32.985672],[130.478473,32.985683],[130.478457,32.985694],[130.478441,32.985705],[130.478402,32.9857],[130.478363,32.985692],[130.478329,32.985686],[130.478315,32.985685],[130.478292,32.985687],[130.478262,32.985685],[130.478218,32.985674],[130.478163,32.985654],[130.478061,32.98559],[130.478017,32.985593],[130.478025,32.98557],[130.477996,32.985575],[130.477974,32.985577],[130.477955,32.985573],[130.477927,32.985567],[130.47788,32.985553],[130.477837,32.985534],[130.477803,32.985519],[130.477768,32.985503],[130.477792,32.985456],[130.477745,32.985453],[130.477546,32.985429],[130.477531,32.985454],[130.477393,32.985448],[130.477367,32.985446],[130.477335,32.985438],[130.477304,32.985421],[130.47727,32.985392],[130.477145,32.985359],[130.477033,32.985378],[130.476941,32.985344],[130.476727,32.985287],[130.476648,32.98525],[130.476581,32.985216],[130.47647,32.985145],[130.476281,32.985028],[130.476269,32.98502],[130.476238,32.985002],[130.476241,32.984994],[130.476079,32.984891],[130.475993,32.984868],[130.475931,32.984827],[130.47578,32.984692],[130.475553,32.984498],[130.475384,32.984324],[130.475313,32.984318],[130.475186,32.984276],[130.474992,32.984244],[130.47483,32.984175],[130.474703,32.984064],[130.474618,32.984018],[130.474536,32.983996],[130.47434,32.983912],[130.474289,32.983919],[130.474173,32.983902],[130.47396,32.983795],[130.473735,32.983696],[130.473707,32.983683],[130.473718,32.983665],[130.473414,32.983535],[130.473304,32.983406],[130.47317,32.983361],[130.473077,32.983339],[130.473016,32.983326],[130.472805,32.983284],[130.472485,32.983208],[130.47215,32.983122],[130.472126,32.983177],[130.472117,32.983201]]]}},{"type":"Feature","properties":{"DistName":"緑ヶ丘北地区地区計画","DistType":"地区計画","DistCode":1,"Pref":"熊本県","Citycode":"43204","Cityname":"荒尾市","FNDate":"平成4年3月30日"},"geometry":{"type":"Polygon","coordinates":[[[130.473538,32.987794],[130.473539,32.987723],[130.47355,32.987617],[130.473563,32.987491],[130.473585,32.987296],[130.473585,32.987262],[130.473608,32.986893],[130.473617,32.986735],[130.473621,32.986648],[130.473613,32.986648],[130.473476,32.986678],[130.47316,32.986698],[130.473069,32.98669],[130.47295,32.986701],[130.472659,32.986721],[130.472613,32.986723],[130.472573,32.986724],[130.472436,32.986759],[130.472397,32.986761],[130.472376,32.986762],[130.472333,32.986764],[130.472265,32.986768],[130.47214,32.986749],[130.472037,32.986758],[130.471884,32.986767],[130.471801,32.986774],[130.471728,32.986779],[130.471684,32.986781],[130.471574,32.986787],[130.471531,32.98679],[130.471485,32.986798],[130.471405,32.986813],[130.471393,32.986817],[130.471383,32.986824],[130.471046,32.986825],[130.471001,32.986815],[130.470939,32.986807],[130.47093,32.986805],[130.470768,32.986794],[130.470601,32.986774],[130.47048,32.986757],[130.470306,32.986719],[130.470156,32.98669],[130.470074,32.986678],[130.470011,32.986667],[130.46997,32.986841],[130.469919,32.98707],[130.469883,32.987235],[130.469726,32.987217],[130.469582,32.987202],[130.469411,32.987186],[130.469263,32.98717],[130.469096,32.987155],[130.468959,32.98714],[130.46891,32.987126],[130.468909,32.987132],[130.468883,32.98724],[130.468851,32.987372],[130.46881,32.987545],[130.468777,32.987691],[130.468756,32.987781],[130.468751,32.987805],[130.468719,32.987942],[130.468704,32.988008],[130.468678,32.98812],[130.468627,32.988334],[130.468604,32.988431],[130.468596,32.988461],[130.468554,32.98862],[130.468518,32.98878],[130.468484,32.988923],[130.468473,32.98897],[130.468459,32.989028],[130.468445,32.989086],[130.468407,32.989253],[130.468368,32.989423],[130.468365,32.989435],[130.468361,32.98945],[130.46834,32.989532],[130.468321,32.989616],[130.468297,32.989714],[130.468295,32.989725],[130.468276,32.989803],[130.46827,32.989829],[130.468238,32.989959],[130.468237,32.98998],[130.468237,32.989996],[130.468242,32.990013],[130.468248,32.990035],[130.468255,32.990049],[130.468267,32.99006],[130.468281,32.990066],[130.468293,32.990068],[130.46832,32.990067],[130.46836,32.990058],[130.468389,32.99005],[130.468421,32.990036],[130.468565,32.989968],[130.4686,32.989956],[130.468678,32.98994],[130.468741,32.989929],[130.468775,32.989924],[130.468827,32.98992],[130.468881,32.98992],[130.468914,32.989921],[130.468973,32.989924],[130.469089,32.989933],[130.469225,32.98994],[130.469334,32.989945],[130.469409,32.989948],[130.469476,32.989953],[130.469551,32.989957],[130.469577,32.989959],[130.469583,32.989959],[130.469627,32.989961],[130.469665,32.98996],[130.469735,32.989958],[130.469811,32.989953],[130.469949,32.989936],[130.470132,32.989908],[130.470244,32.98989],[130.470266,32.989888],[130.470389,32.989869],[130.470422,32.989864],[130.470542,32.989846],[130.470674,32.989825],[130.470856,32.989795],[130.470948,32.989773],[130.471024,32.989766],[130.471058,32.989765],[130.471085,32.989764],[130.471143,32.989763],[130.471179,32.989764],[130.471234,32.989769],[130.471289,32.989773],[130.471356,32.989784],[130.471429,32.989799],[130.471482,32.989811],[130.471683,32.989854],[130.471744,32.989866],[130.471775,32.98987],[130.471798,32.989873],[130.471824,32.989875],[130.471854,32.989875],[130.471898,32.989873],[130.471938,32.989868],[130.471977,32.989861],[130.47202,32.989853],[130.472048,32.989845],[130.472097,32.989829],[130.472245,32.989768],[130.472352,32.98972],[130.47249,32.989651],[130.472676,32.989563],[130.472928,32.989444],[130.47307,32.98938],[130.473134,32.98935],[130.473298,32.989286],[130.473354,32.989225],[130.473363,32.989055],[130.473377,32.988855],[130.473383,32.988729],[130.473396,32.988513],[130.473406,32.988299],[130.47341,32.988237],[130.473418,32.98813],[130.473423,32.988053],[130.473428,32.987967],[130.473427,32.987907],[130.473426,32.987862],[130.473421,32.9878],[130.473538,32.987794]]]}},{"type":"Feature","properties":{"DistName":"万田大平西地区地区計画","DistType":"地区計画","DistCode":1,"Pref":"熊本県","Citycode":"43204","Cityname":"荒尾市","FNDate":"平成8年2月16日"},"geometry":{"type":"Polygon","coordinates":[[[130.442239,32.995592],[130.44227,32.995591],[130.442294,32.995594],[130.442306,32.995598],[130.442331,32.995587],[130.442335,32.995561],[130.442342,32.995547],[130.442347,32.995539],[130.442363,32.995528],[130.442394,32.995514],[130.442576,32.995476],[130.442671,32.995308],[130.442694,32.995275],[130.442714,32.995232],[130.442718,32.995208],[130.442721,32.995192],[130.442728,32.995172],[130.442732,32.995155],[130.442773,32.995078],[130.442835,32.994973],[130.442876,32.994904],[130.442879,32.994894],[130.442879,32.994886],[130.442876,32.994877],[130.442867,32.994866],[130.442669,32.99468],[130.442635,32.994643],[130.44263,32.994635],[130.442617,32.994616],[130.442559,32.994521],[130.44252,32.994445],[130.442464,32.994355],[130.442457,32.994345],[130.442454,32.99434],[130.442452,32.994336],[130.442453,32.994332],[130.442273,32.994191],[130.442291,32.994164],[130.442343,32.994099],[130.442419,32.994029],[130.442409,32.994017],[130.442436,32.993991],[130.442443,32.993984],[130.442449,32.993975],[130.442454,32.993964],[130.44246,32.993947],[130.442463,32.993935],[130.442466,32.993924],[130.442468,32.993915],[130.442453,32.993921],[130.442442,32.993926],[130.442401,32.993948],[130.442308,32.994003],[130.442275,32.994024],[130.442201,32.994069],[130.442174,32.994084],[130.442059,32.994147],[130.441975,32.994192],[130.441955,32.994206],[130.44194,32.994219],[130.441923,32.994235],[130.441909,32.994249],[130.441899,32.994262],[130.44189,32.994275],[130.441875,32.994302],[130.441862,32.994327],[130.441854,32.994345],[130.441806,32.994432],[130.441739,32.994556],[130.441737,32.994561],[130.441693,32.994647],[130.441673,32.994694],[130.44167,32.994703],[130.441662,32.994732],[130.441657,32.994751],[130.441654,32.994771],[130.441653,32.994789],[130.441656,32.995003],[130.441656,32.995036],[130.44169,32.995041],[130.441772,32.995048],[130.441772,32.995052],[130.441753,32.995248],[130.441752,32.995252],[130.441745,32.995331],[130.44176,32.995343],[130.441771,32.995352],[130.441785,32.995361],[130.441795,32.995368],[130.441818,32.99538],[130.44184,32.995392],[130.441855,32.995402],[130.441884,32.995419],[130.441906,32.995432],[130.441926,32.995446],[130.442011,32.995514],[130.442042,32.995546],[130.442066,32.995573],[130.442077,32.99559],[130.442089,32.995608],[130.442099,32.995631],[130.442103,32.99564],[130.442157,32.995622],[130.442199,32.995605],[130.442239,32.995592]]]}},{"type":"Feature","properties":{"DistName":"原万田地区地区計画","DistType":"地区計画","DistCode":1,"Pref":"熊本県","Citycode":"43204","Cityname":"荒尾市","FNDate":"平成4年3月30日"},"geometry":{"type":"Polygon","coordinates":[[[130.438727,33.004388],[130.438791,33.004388],[130.438921,33.004373],[130.438999,33.004364],[130.439074,33.004355],[130.439074,33.004351],[130.439044,33.00308],[130.439039,33.002221],[130.439043,33.001091],[130.439043,33.001087],[130.439036,33.001075],[130.43863,33.001103],[130.438532,33.001109],[130.438531,33.001033],[130.438531,33.000965],[130.43853,33.000919],[130.438525,33.000554],[130.438525,33.000501],[130.43852,33.000192],[130.438483,33.000192],[130.437331,33.000312],[130.437322,33.000312],[130.437234,33.000317],[130.437224,33.000317],[130.435876,33.000409],[130.435847,33.00041],[130.435825,33.000409],[130.435791,33.000435],[130.435793,33.000439],[130.435793,33.000448],[130.435791,33.000489],[130.435791,33.000512],[130.435803,33.000621],[130.435913,33.00154],[130.435963,33.002023],[130.435986,33.002279],[130.436001,33.002448],[130.436092,33.002436],[130.436276,33.002417],[130.436298,33.002557],[130.436581,33.003787],[130.436583,33.003803],[130.436917,33.003748],[130.436961,33.003743],[130.436972,33.003741],[130.43717,33.004581],[130.437177,33.004611],[130.437267,33.004603],[130.437485,33.004559],[130.437689,33.004527],[130.438114,33.004461],[130.438246,33.004441],[130.438456,33.004409],[130.438643,33.004377],[130.438715,33.004375],[130.438727,33.004388]],[[130.43818,33.002744],[130.437978,33.002448],[130.437936,33.002425],[130.437918,33.002425],[130.437899,33.002428],[130.437593,33.002487],[130.43759,33.002472],[130.43756,33.002328],[130.437526,33.002208],[130.437523,33.002071],[130.437532,33.002076],[130.437536,33.002078],[130.43754,33.002079],[130.437551,33.002081],[130.437562,33.00208],[130.437939,33.001962],[130.43803,33.001933],[130.438226,33.001868],[130.438227,33.001871],[130.438227,33.001877],[130.438225,33.002078],[130.438222,33.002105],[130.43822,33.002286],[130.438223,33.00254],[130.438225,33.002836],[130.43818,33.002744]]]}},{"type":"Feature","properties":{"DistName":"南新地地区地区計画","DistType":"地区計画","DistCode":1,"Pref":"熊本県","Citycode":"43204","Cityname":"荒尾市","FNDate":"令和3年3月25日"},"geometry":{"type":"Polygon","coordinates":[[[130.429691,32.995712],[130.429738,32.995731],[130.429747,32.995671],[130.429752,32.995643],[130.429782,32.995485],[130.429824,32.995243],[130.429832,32.9952],[130.429834,32.995188],[130.429874,32.994956],[130.429877,32.99494],[130.429886,32.99489],[130.42991,32.994743],[130.429919,32.994685],[130.429939,32.994565],[130.429965,32.994408],[130.429968,32.99439],[130.429974,32.994351],[130.430004,32.99417],[130.430016,32.994102],[130.43004,32.993967],[130.430041,32.993957],[130.430056,32.99387],[130.430066,32.993805],[130.43007,32.993782],[130.430092,32.99362],[130.430117,32.993425],[130.430128,32.993343],[130.430134,32.993316],[130.430144,32.99326],[130.430164,32.99315],[130.430167,32.993132],[130.430208,32.992896],[130.430221,32.992824],[130.430228,32.992781],[130.430257,32.992611],[130.430275,32.992506],[130.430301,32.992354],[130.430336,32.992153],[130.430342,32.992117],[130.430355,32.992043],[130.430373,32.991937],[130.430405,32.991745],[130.430415,32.99169],[130.430442,32.991522],[130.430455,32.991437],[130.430481,32.991275],[130.430491,32.99122],[130.43053,32.990983],[130.430548,32.990881],[130.430552,32.990858],[130.430562,32.990797],[130.430573,32.990723],[130.430577,32.990705],[130.430618,32.990464],[130.430638,32.990349],[130.430666,32.990185],[130.43069,32.990046],[130.430703,32.989956],[130.430706,32.989936],[130.430741,32.989686],[130.430755,32.989584],[130.430766,32.989496],[130.430778,32.989395],[130.4308,32.989211],[130.430809,32.989133],[130.430811,32.989105],[130.430822,32.988977],[130.430836,32.988803],[130.430848,32.988661],[130.430858,32.988544],[130.430866,32.98844],[130.430871,32.988363],[130.430876,32.988268],[130.430887,32.98806],[130.430888,32.988043],[130.430888,32.988022],[130.430895,32.987761],[130.430895,32.98775],[130.430898,32.987637],[130.430822,32.98765],[130.430785,32.987657],[130.430771,32.98766],[130.430757,32.987675],[130.430737,32.987684],[130.430636,32.987703],[130.430609,32.987705],[130.430585,32.9877],[130.430571,32.987691],[130.430559,32.987677],[130.430548,32.987652],[130.43053,32.987653],[130.430348,32.987645],[130.430141,32.987629],[130.430098,32.987628],[130.430064,32.987632],[130.430024,32.987641],[130.43,32.987658],[130.429933,32.987633],[130.429927,32.987565],[130.429914,32.987379],[130.429908,32.987342],[130.429908,32.987303],[130.429851,32.987206],[130.429853,32.987183],[130.429855,32.987134],[130.429855,32.987111],[130.429704,32.98711],[130.429673,32.98711],[130.429599,32.98711],[130.429571,32.987107],[130.429285,32.987097],[130.429189,32.987094],[130.428911,32.987087],[130.428863,32.987086],[130.428449,32.987066],[130.428134,32.987049],[130.427755,32.987034],[130.427754,32.987034],[130.427527,32.98703],[130.427429,32.987031],[130.427406,32.987033],[130.427368,32.98704],[130.427333,32.987049],[130.427285,32.987065],[130.427238,32.987085],[130.427205,32.987103],[130.427183,32.987118],[130.427169,32.987129],[130.427149,32.987148],[130.427134,32.987168],[130.427104,32.987205],[130.427086,32.987234],[130.427072,32.987257],[130.42706,32.987283],[130.427045,32.987321],[130.427031,32.987362],[130.427013,32.987417],[130.427002,32.987455],[130.426985,32.987534],[130.426979,32.987562],[130.426914,32.987878],[130.42683,32.98828],[130.426785,32.988492],[130.426755,32.988635],[130.426683,32.988963],[130.426665,32.989048],[130.426602,32.989351],[130.426518,32.989731],[130.426507,32.989779],[130.426444,32.990071],[130.426386,32.990337],[130.426348,32.990513],[130.426343,32.990551],[130.426339,32.990586],[130.426263,32.990923],[130.426238,32.991048],[130.42619,32.991272],[130.426174,32.991349],[130.426082,32.991766],[130.426048,32.991918],[130.426022,32.992036],[130.425998,32.992155],[130.42594,32.992441],[130.425855,32.992836],[130.425854,32.99284],[130.425846,32.992877],[130.425789,32.993137],[130.425768,32.993235],[130.425719,32.99346],[130.425712,32.993492],[130.425651,32.993779],[130.425614,32.993988],[130.425606,32.99406],[130.425606,32.994135],[130.425606,32.994192],[130.425605,32.994261],[130.425607,32.994274],[130.425614,32.994291],[130.425668,32.994378],[130.425674,32.994387],[130.425694,32.99439],[130.425703,32.994398],[130.425722,32.994422],[130.425753,32.994461],[130.425771,32.994476],[130.42579,32.994491],[130.425824,32.994513],[130.425856,32.994526],[130.425995,32.994571],[130.426011,32.994573],[130.426017,32.994573],[130.426021,32.994573],[130.426027,32.994572],[130.426032,32.99457],[130.426054,32.994556],[130.426057,32.994554],[130.426061,32.994554],[130.426114,32.994572],[130.426116,32.994574],[130.426116,32.994589],[130.426116,32.994591],[130.426119,32.994598],[130.426122,32.9946],[130.426424,32.994692],[130.426462,32.994704],[130.426765,32.994796],[130.427071,32.994888],[130.427178,32.994921],[130.42721,32.99493],[130.427219,32.994933],[130.427262,32.994947],[130.427564,32.995045],[130.427795,32.99512],[130.427943,32.99517],[130.427991,32.995186],[130.428232,32.995269],[130.428249,32.995266],[130.428612,32.99538],[130.428642,32.995389],[130.428753,32.995424],[130.428777,32.995432],[130.428891,32.995468],[130.429054,32.995522],[130.429223,32.995577],[130.429297,32.995602],[130.429305,32.995591],[130.429569,32.995672],[130.429691,32.995712]]]}},{"type":"Feature","properties":{"DistName":"高瀬南部地区地区計画","DistType":"地区計画","DistCode":1,"Pref":"熊本県","Citycode":"43206","Cityname":"玉名市","FNDate":null},"geometry":{"type":"Polygon","coordinates":[[[130.561554,32.926566],[130.561512,32.926514],[130.56146,32.926451],[130.561427,32.92641],[130.561204,32.926515],[130.561216,32.926563],[130.561132,32.926602],[130.561035,32.926624],[130.56107,32.926733],[130.561025,32.926753],[130.561002,32.926702],[130.560947,32.926719],[130.560924,32.926649],[130.5609,32.926576],[130.56073,32.92661],[130.560787,32.926875],[130.560846,32.927014],[130.560887,32.927157],[130.5609,32.927237],[130.561099,32.92719],[130.561137,32.927255],[130.561201,32.927234],[130.561266,32.927212],[130.561317,32.927385],[130.561529,32.9273],[130.561546,32.927321],[130.561645,32.927275],[130.561695,32.927333],[130.561586,32.92737],[130.561649,32.927447],[130.561817,32.927404],[130.561963,32.92767],[130.561794,32.927818],[130.562105,32.928184],[130.562253,32.928111],[130.562323,32.928148],[130.562713,32.927941],[130.563078,32.927695],[130.563121,32.927667],[130.563012,32.927582],[130.562709,32.92733],[130.562569,32.927155],[130.562449,32.927011],[130.56225,32.92668],[130.562136,32.926476],[130.561992,32.92642],[130.56193,32.926396],[130.561554,32.926566]]]}},{"type":"Feature","properties":{"DistName":null,"DistType":"地区計画","DistCode":1,"Pref":"熊本県","Citycode":"43208","Cityname":"山鹿市","FNDate":null},"geometry":{"type":"Polygon","coordinates":[[[130.684278,33.014508],[130.684458,33.013936],[130.684591,33.013525],[130.683433,33.013261],[130.68206,33.012944],[130.682104,33.012884],[130.682193,33.01276],[130.682277,33.012663],[130.682364,33.012578],[130.682446,33.012499],[130.682543,33.012417],[130.682634,33.012349],[130.682703,33.012302],[130.682798,33.012246],[130.682887,33.0122],[130.682968,33.012164],[130.682584,33.011835],[130.68256,33.011862],[130.682317,33.012008],[130.682163,33.012106],[130.682009,33.012214],[130.681801,33.012367],[130.68154,33.012581],[130.681402,33.012717],[130.681131,33.013034],[130.680966,33.013242],[130.680724,33.013697],[130.681753,33.013931],[130.682315,33.014063],[130.682109,33.014739],[130.681903,33.015359],[130.681631,33.016212],[130.681453,33.01677],[130.682776,33.017065],[130.68298,33.01643],[130.683224,33.015672],[130.683469,33.014912],[130.683645,33.014361],[130.684278,33.014508]]]}},{"type":"Feature","properties":{"DistName":"花立第一地区地区計画区域","DistType":"地区計画","DistCode":1,"Pref":"熊本県","Citycode":"43404","Cityname":"菊陽町","FNDate":null},"geometry":{"type":"Polygon","coordinates":[[[130.750373,32.858516],[130.750353,32.858503],[130.750076,32.858612],[130.749846,32.858699],[130.74971,32.858752],[130.749346,32.858885],[130.749594,32.859127],[130.74968,32.859234],[130.749732,32.859297],[130.749746,32.859314],[130.74983,32.859426],[130.749909,32.859537],[130.74996,32.859607],[130.749983,32.859635],[130.750061,32.859727],[130.750076,32.859744],[130.750145,32.859812],[130.750151,32.859818],[130.75024,32.859902],[130.750284,32.859944],[130.750332,32.859986],[130.750369,32.860019],[130.750557,32.860148],[130.750583,32.860167],[130.750677,32.860266],[130.75096,32.860476],[130.7515,32.859835],[130.751519,32.85981],[130.751581,32.859735],[130.751649,32.859652],[130.751658,32.859642],[130.751735,32.859546],[130.751736,32.859545],[130.751769,32.859507],[130.751794,32.859479],[130.751829,32.859441],[130.751804,32.859408],[130.751785,32.859383],[130.751768,32.859359],[130.751619,32.859261],[130.751462,32.859169],[130.75139,32.859127],[130.75117,32.858991],[130.751113,32.858955],[130.751046,32.858914],[130.751032,32.858905],[130.750991,32.858879],[130.750848,32.858793],[130.750752,32.858723],[130.75064,32.858647],[130.750582,32.858614],[130.750575,32.85861],[130.750529,32.858583],[130.750476,32.858562],[130.750403,32.858533],[130.750373,32.858516]]]}},{"type":"Feature","properties":{"DistName":"南受地区計画区域","DistType":"地区計画","DistCode":1,"Pref":"熊本県","Citycode":"43404","Cityname":"菊陽町","FNDate":null},"geometry":{"type":"Polygon","coordinates":[[[130.825906,32.86718],[130.825965,32.8672],[130.825975,32.867203],[130.825982,32.867206],[130.826051,32.86723],[130.826186,32.867279],[130.826216,32.86729],[130.826355,32.867339],[130.826415,32.867361],[130.826518,32.867397],[130.826587,32.86742],[130.826647,32.867439],[130.826882,32.867508],[130.826936,32.867523],[130.82704,32.867549],[130.827228,32.867591],[130.827435,32.867636],[130.827578,32.867562],[130.827587,32.867557],[130.827588,32.867554],[130.827599,32.867517],[130.827609,32.867484],[130.82761,32.867481],[130.827626,32.867428],[130.827633,32.867404],[130.827667,32.867255],[130.82767,32.867243],[130.827675,32.867221],[130.827677,32.867213],[130.82766,32.867214],[130.827615,32.867219],[130.827599,32.867219],[130.827472,32.867202],[130.827338,32.867188],[130.827274,32.867181],[130.827159,32.867172],[130.827142,32.867171],[130.82709,32.867167],[130.827001,32.867163],[130.826878,32.867173],[130.826865,32.867173],[130.826864,32.867173],[130.826805,32.867166],[130.826726,32.867157],[130.826575,32.86714],[130.826549,32.867137],[130.826525,32.867136],[130.826494,32.867137],[130.826484,32.867138],[130.826348,32.867147],[130.826247,32.867156],[130.826232,32.867157],[130.826231,32.867157],[130.826172,32.867161],[130.826154,32.867163],[130.826028,32.867173],[130.825973,32.867178],[130.825906,32.86718]]]}},{"type":"Feature","properties":{"DistName":"光の森地区計画区域","DistType":"地区計画","DistCode":1,"Pref":"熊本県","Citycode":"43404","Cityname":"菊陽町","FNDate":null},"geometry":{"type":"Polygon","coordinates":[[[130.774887,32.861632],[130.774841,32.861727],[130.77478,32.861852],[130.774713,32.862024],[130.774815,32.862058],[130.774897,32.862075],[130.774945,32.862113],[130.774977,32.862144],[130.774994,32.862159],[130.775,32.862238],[130.774991,32.862324],[130.774971,32.862395],[130.774949,32.862446],[130.77494,32.862439],[130.774929,32.862464],[130.774924,32.862511],[130.774918,32.862617],[130.774897,32.862778],[130.774888,32.86287],[130.774857,32.862929],[130.774844,32.862974],[130.774792,32.863215],[130.774776,32.863314],[130.774754,32.863456],[130.774789,32.863461],[130.775001,32.863498],[130.774935,32.863788],[130.774925,32.86383],[130.775015,32.863824],[130.775039,32.864033],[130.775046,32.864096],[130.775077,32.864093],[130.775095,32.864091],[130.775126,32.864087],[130.775186,32.864077],[130.775392,32.864045],[130.775452,32.864036],[130.775491,32.86403],[130.775527,32.864026],[130.77565,32.864013],[130.775687,32.864007],[130.77583,32.863996],[130.775967,32.863996],[130.775993,32.863997],[130.776029,32.863998],[130.776071,32.863999],[130.776104,32.864002],[130.776225,32.86401],[130.776259,32.864013],[130.776272,32.863846],[130.776273,32.863686],[130.776139,32.863671],[130.776029,32.863663],[130.775896,32.863653],[130.775945,32.863473],[130.776143,32.863483],[130.776198,32.863485],[130.776203,32.863466],[130.776219,32.863399],[130.776267,32.863203],[130.776273,32.863178],[130.776283,32.863139],[130.776305,32.863048],[130.776327,32.86296],[130.776339,32.862914],[130.776369,32.862796],[130.776418,32.8626],[130.776718,32.86267],[130.777228,32.86278],[130.77749,32.86284],[130.77749,32.86284],[130.777397,32.862964],[130.777373,32.862996],[130.777346,32.863033],[130.777329,32.863056],[130.777317,32.863072],[130.7773,32.86311],[130.777287,32.863136],[130.777254,32.863212],[130.777263,32.863264],[130.777247,32.863295],[130.777225,32.863317],[130.777189,32.863351],[130.777177,32.863364],[130.777132,32.863408],[130.777118,32.863423],[130.777037,32.863502],[130.776999,32.86354],[130.776978,32.86356],[130.776939,32.863597],[130.776936,32.8636],[130.776922,32.863614],[130.776886,32.863649],[130.776873,32.863665],[130.77687,32.863669],[130.776863,32.863679],[130.776855,32.863694],[130.77685,32.863708],[130.776843,32.863728],[130.776831,32.863768],[130.776827,32.863783],[130.776815,32.863821],[130.77681,32.863844],[130.776805,32.863865],[130.776805,32.863869],[130.776799,32.863904],[130.776782,32.864045],[130.77678,32.86406],[130.776874,32.864067],[130.777164,32.8641],[130.777262,32.864111],[130.777276,32.864113],[130.777393,32.864124],[130.777508,32.864136],[130.777653,32.86415],[130.777728,32.864158],[130.777855,32.864172],[130.778038,32.864192],[130.778179,32.864208],[130.778247,32.864218],[130.778279,32.864225],[130.778299,32.86423],[130.778343,32.86424],[130.778382,32.864249],[130.778462,32.86427],[130.778466,32.864271],[130.77847,32.864272],[130.778546,32.864296],[130.779188,32.864488],[130.779263,32.864505],[130.779277,32.864507],[130.779294,32.864508],[130.779271,32.864554],[130.779288,32.864612],[130.779285,32.864639],[130.779285,32.86464],[130.779542,32.864734],[130.779678,32.864783],[130.779837,32.864839],[130.779931,32.864871],[130.780253,32.864978],[130.780291,32.86499],[130.780402,32.865027],[130.780572,32.865085],[130.78102,32.86525],[130.781083,32.865273],[130.781236,32.865326],[130.781733,32.865488],[130.781952,32.865559],[130.781958,32.865547],[130.781962,32.865549],[130.781983,32.865564],[130.782022,32.865489],[130.782049,32.865431],[130.78206,32.865406],[130.78212,32.865276],[130.782147,32.865217],[130.782147,32.865216],[130.782195,32.865115],[130.782208,32.865086],[130.782254,32.864979],[130.782327,32.864811],[130.782353,32.864755],[130.782409,32.864638],[130.782454,32.864544],[130.782472,32.8645],[130.782479,32.86448],[130.782483,32.864464],[130.782488,32.864437],[130.78249,32.864389],[130.782491,32.864376],[130.782417,32.864266],[130.782378,32.864255],[130.782411,32.864151],[130.782448,32.86416],[130.782616,32.864115],[130.782651,32.864073],[130.782663,32.864059],[130.782672,32.864046],[130.782678,32.864038],[130.782697,32.863994],[130.782714,32.86395],[130.782727,32.863916],[130.782727,32.863914],[130.78283,32.863966],[130.782887,32.863994],[130.782972,32.864021],[130.783155,32.864066],[130.783204,32.863933],[130.783304,32.863982],[130.783441,32.864063],[130.783495,32.863945],[130.783942,32.864111],[130.783943,32.864109],[130.783954,32.86409],[130.783964,32.864071],[130.783966,32.864068],[130.784032,32.863926],[130.784039,32.863912],[130.784046,32.863904],[130.784053,32.863901],[130.784061,32.863899],[130.784067,32.863899],[130.784077,32.8639],[130.784089,32.863904],[130.78438,32.863997],[130.784412,32.864007],[130.784426,32.864011],[130.784509,32.864036],[130.784562,32.864052],[130.784584,32.864059],[130.784734,32.864101],[130.78475,32.864105],[130.784842,32.864131],[130.784887,32.864143],[130.78491,32.86415],[130.784926,32.864155],[130.784954,32.864165],[130.784989,32.864179],[130.785066,32.864212],[130.78509,32.864222],[130.785337,32.864329],[130.785382,32.864348],[130.785404,32.864415],[130.785409,32.864431],[130.785424,32.864471],[130.785437,32.864509],[130.785453,32.864549],[130.785467,32.864586],[130.785509,32.864699],[130.785531,32.864756],[130.785533,32.864762],[130.785533,32.864762],[130.785551,32.864809],[130.78564,32.864789],[130.785727,32.86477],[130.785823,32.864748],[130.785908,32.86473],[130.786133,32.864679],[130.786175,32.86467],[130.786274,32.864647],[130.786294,32.864642],[130.786325,32.864636],[130.78637,32.864622],[130.786481,32.864573],[130.786531,32.864551],[130.786614,32.864518],[130.786665,32.864496],[130.786705,32.864478],[130.786809,32.864438],[130.786886,32.864409],[130.786958,32.864385],[130.787018,32.864367],[130.787034,32.864363],[130.787066,32.864353],[130.787102,32.864344],[130.787204,32.864328],[130.787303,32.864313],[130.787316,32.864311],[130.787402,32.864299],[130.787494,32.864287],[130.787501,32.864286],[130.787581,32.864273],[130.787599,32.86427],[130.787662,32.864258],[130.787663,32.864258],[130.787711,32.864248],[130.787751,32.864238],[130.787776,32.864231],[130.787797,32.864224],[130.787802,32.864222],[130.787835,32.864208],[130.787854,32.864198],[130.787866,32.864191],[130.787906,32.864167],[130.787962,32.864128],[130.788021,32.864087],[130.78807,32.864052],[130.788104,32.864029],[130.788236,32.86393],[130.788243,32.863925],[130.788318,32.863868],[130.788374,32.863828],[130.788461,32.863773],[130.788466,32.863771],[130.788604,32.863708],[130.788642,32.863691],[130.788687,32.863672],[130.788749,32.863645],[130.788849,32.863603],[130.789066,32.863511],[130.789301,32.863418],[130.789429,32.863368],[130.789463,32.863355],[130.789677,32.863267],[130.789694,32.86326],[130.78966,32.863102],[130.789616,32.862669],[130.789593,32.862389],[130.789496,32.861383],[130.78949,32.861334],[130.789475,32.861185],[130.789475,32.861177],[130.789465,32.861038],[130.789462,32.861001],[130.789455,32.860932],[130.789434,32.860715],[130.789427,32.860638],[130.789415,32.860505],[130.789408,32.860438],[130.789396,32.860318],[130.789389,32.860249],[130.789377,32.860152],[130.789373,32.860119],[130.789369,32.860072],[130.78936,32.859992],[130.789355,32.859939],[130.789349,32.859893],[130.789258,32.859876],[130.789254,32.859875],[130.789037,32.859833],[130.788792,32.859786],[130.788897,32.859492],[130.788841,32.859472],[130.788844,32.859484],[130.788357,32.859271],[130.788201,32.859197],[130.78802,32.859129],[130.787872,32.859073],[130.787723,32.859017],[130.7877,32.859008],[130.787348,32.85889],[130.78735,32.858879],[130.78735,32.858866],[130.787351,32.858821],[130.78735,32.85877],[130.787352,32.858714],[130.787352,32.85869],[130.787352,32.858663],[130.787354,32.858625],[130.787356,32.858593],[130.787359,32.858555],[130.787362,32.858511],[130.787384,32.858318],[130.78733,32.8583],[130.787314,32.858295],[130.787269,32.858279],[130.787129,32.858232],[130.786799,32.858125],[130.786465,32.858003],[130.78631,32.857957],[130.786077,32.857884],[130.785732,32.857745],[130.785662,32.857714],[130.785378,32.857592],[130.785318,32.857566],[130.785182,32.857537],[130.785175,32.857536],[130.785125,32.857525],[130.785017,32.857502],[130.784726,32.857437],[130.784603,32.85741],[130.784167,32.857314],[130.783647,32.85719],[130.783584,32.857177],[130.783545,32.857169],[130.78335,32.857135],[130.782987,32.857089],[130.782469,32.857016],[130.782261,32.856983],[130.782037,32.856935],[130.781931,32.856912],[130.781835,32.85689],[130.781564,32.856827],[130.781437,32.856799],[130.78122,32.856752],[130.781123,32.856725],[130.780986,32.856684],[130.78076,32.856635],[130.780381,32.856587],[130.780051,32.85655],[130.779783,32.856534],[130.779434,32.856485],[130.77936,32.85667],[130.779329,32.856799],[130.779309,32.856898],[130.779286,32.856978],[130.77927,32.857092],[130.779243,32.857257],[130.77923,32.857335],[130.779223,32.857515],[130.779207,32.857638],[130.779125,32.857642],[130.77889,32.857636],[130.778769,32.857633],[130.778606,32.857614],[130.778559,32.857609],[130.778361,32.857586],[130.778194,32.857562],[130.778191,32.857561],[130.778092,32.857545],[130.777978,32.857525],[130.77783,32.857492],[130.777787,32.857482],[130.77766,32.857455],[130.777644,32.857452],[130.7775,32.85744],[130.777399,32.857438],[130.777305,32.857436],[130.777176,32.857426],[130.777143,32.857423],[130.777026,32.857428],[130.776989,32.857464],[130.776931,32.857521],[130.776888,32.857563],[130.77685,32.857603],[130.776813,32.857641],[130.776762,32.857662],[130.776631,32.857682],[130.776588,32.857688],[130.776447,32.85771],[130.776439,32.857711],[130.776303,32.857734],[130.776146,32.85777],[130.776092,32.857782],[130.776063,32.857781],[130.775858,32.857776],[130.775786,32.857769],[130.775631,32.857753],[130.775445,32.857734],[130.775407,32.857731],[130.775343,32.857782],[130.775294,32.857822],[130.775288,32.857831],[130.775278,32.857852],[130.775265,32.857895],[130.77522,32.858039],[130.77519,32.858125],[130.775161,32.858252],[130.775152,32.8583],[130.775144,32.858361],[130.775143,32.858372],[130.775137,32.858384],[130.775133,32.858415],[130.775121,32.858509],[130.775115,32.85856],[130.775114,32.858569],[130.775111,32.858591],[130.77512,32.85862],[130.775121,32.858646],[130.775122,32.85866],[130.775125,32.858717],[130.775125,32.858826],[130.775125,32.858887],[130.775125,32.858943],[130.775113,32.859094],[130.775112,32.859177],[130.775106,32.859195],[130.775089,32.859278],[130.775085,32.859405],[130.775081,32.859467],[130.775072,32.859557],[130.775071,32.859573],[130.775055,32.85973],[130.775046,32.859792],[130.775045,32.859795],[130.775018,32.859974],[130.775003,32.860062],[130.774992,32.860083],[130.774991,32.860095],[130.774984,32.860123],[130.774973,32.860171],[130.774943,32.860375],[130.774929,32.860446],[130.774954,32.860496],[130.774965,32.860514],[130.774984,32.860535],[130.775028,32.860583],[130.775056,32.860613],[130.775064,32.860621],[130.775067,32.860625],[130.775073,32.860631],[130.775094,32.860653],[130.775106,32.860669],[130.77512,32.86069],[130.775133,32.860713],[130.775148,32.860743],[130.775157,32.86077],[130.775162,32.860798],[130.775164,32.86081],[130.775166,32.860828],[130.775168,32.860852],[130.775165,32.86089],[130.775165,32.860891],[130.77516,32.860919],[130.775151,32.860956],[130.775137,32.860993],[130.775115,32.861049],[130.775063,32.861179],[130.775057,32.861195],[130.775003,32.861331],[130.774928,32.861512],[130.774887,32.861632]]]}},{"type":"Feature","properties":{"DistName":"沖野地区計画区域","DistType":"地区計画","DistCode":1,"Pref":"熊本県","Citycode":"43404","Cityname":"菊陽町","FNDate":null},"geometry":{"type":"Polygon","coordinates":[[[130.789956,32.868553],[130.790138,32.868629],[130.79032,32.868705],[130.790797,32.868881],[130.790725,32.869051],[130.79062,32.869264],[130.790602,32.869308],[130.790522,32.869508],[130.790514,32.869526],[130.790372,32.869861],[130.790643,32.869989],[130.790504,32.870286],[130.790513,32.870291],[130.790594,32.87034],[130.790748,32.870408],[130.790775,32.870419],[130.790951,32.870496],[130.790917,32.870598],[130.790863,32.870706],[130.79084,32.870728],[130.790932,32.870777],[130.790914,32.870736],[130.790969,32.870621],[130.791026,32.870479],[130.791089,32.870315],[130.791147,32.87016],[130.791103,32.870132],[130.791143,32.870016],[130.791196,32.869884],[130.791228,32.869805],[130.791262,32.869712],[130.791283,32.869661],[130.791285,32.869657],[130.791373,32.869477],[130.791403,32.869425],[130.791423,32.869389],[130.791476,32.869307],[130.79148,32.8693],[130.791514,32.869249],[130.791609,32.869105],[130.791638,32.869059],[130.7917,32.868937],[130.791737,32.868879],[130.791695,32.868827],[130.791618,32.868737],[130.791583,32.868696],[130.791503,32.868606],[130.791359,32.868454],[130.791294,32.86839],[130.79124,32.868337],[130.791141,32.868241],[130.790969,32.868078],[130.790762,32.86789],[130.790702,32.867833],[130.790577,32.86771],[130.79045,32.867579],[130.790435,32.867564],[130.790419,32.867574],[130.790406,32.867591],[130.790388,32.867621],[130.790355,32.86769],[130.790266,32.867885],[130.790198,32.868042],[130.79013,32.868192],[130.790037,32.868385],[130.790019,32.868422],[130.789956,32.868553]]]}},{"type":"Feature","properties":{"DistName":"南方上地区計画区域","DistType":"地区計画","DistCode":1,"Pref":"熊本県","Citycode":"43404","Cityname":"菊陽町","FNDate":null},"geometry":{"type":"Polygon","coordinates":[[[130.845474,32.874272],[130.845547,32.874088],[130.845569,32.874024],[130.845719,32.874031],[130.846075,32.874047],[130.846105,32.87405],[130.846199,32.874058],[130.846291,32.874071],[130.846303,32.874018],[130.846317,32.873953],[130.846821,32.874016],[130.846857,32.873734],[130.846857,32.87373],[130.846877,32.873692],[130.846857,32.873606],[130.846872,32.873578],[130.846913,32.873555],[130.846907,32.87344],[130.846878,32.873399],[130.846895,32.873371],[130.84692,32.873339],[130.847046,32.873336],[130.846995,32.873302],[130.846944,32.873268],[130.846944,32.873269],[130.846871,32.873221],[130.846686,32.873086],[130.846474,32.872932],[130.846466,32.872909],[130.846301,32.872792],[130.846123,32.872668],[130.846044,32.872613],[130.846037,32.87262],[130.846007,32.872647],[130.845891,32.872561],[130.845845,32.872527],[130.845587,32.872346],[130.845464,32.872271],[130.84544,32.872257],[130.845373,32.872212],[130.845329,32.872179],[130.84511,32.871995],[130.845025,32.87192],[130.845056,32.872154],[130.845059,32.872271],[130.84506,32.872285],[130.845073,32.872375],[130.845086,32.872387],[130.845098,32.872563],[130.845101,32.872643],[130.845101,32.872653],[130.845101,32.872655],[130.845101,32.872688],[130.845104,32.872857],[130.845103,32.872884],[130.845105,32.873025],[130.845074,32.873028],[130.844917,32.873026],[130.844802,32.873029],[130.844792,32.87305],[130.844793,32.873134],[130.844793,32.873185],[130.844791,32.873222],[130.844784,32.873356],[130.844762,32.873452],[130.844762,32.873453],[130.844739,32.873553],[130.844728,32.873604],[130.844685,32.873794],[130.844659,32.873784],[130.84462,32.87387],[130.84466,32.873889],[130.844665,32.873885],[130.844754,32.873929],[130.844946,32.874026],[130.845032,32.874042],[130.845079,32.874069],[130.845097,32.874079],[130.845206,32.874141],[130.845262,32.874175],[130.845474,32.874272]]]}},{"type":"Feature","properties":{"DistName":"部田地区計画区域","DistType":"地区計画","DistCode":1,"Pref":"熊本県","Citycode":"43404","Cityname":"菊陽町","FNDate":null},"geometry":{"type":"Polygon","coordinates":[[[130.831451,32.84002],[130.831582,32.840122],[130.831589,32.840127],[130.831595,32.840132],[130.831614,32.840147],[130.831646,32.840173],[130.831708,32.840222],[130.831715,32.840228],[130.831762,32.840265],[130.831842,32.84033],[130.831875,32.840356],[130.831928,32.840398],[130.831944,32.840411],[130.832068,32.840509],[130.832117,32.840548],[130.832126,32.840555],[130.832289,32.840684],[130.832351,32.840734],[130.832446,32.840809],[130.832457,32.840818],[130.832503,32.840853],[130.832592,32.840923],[130.83275,32.841051],[130.832881,32.841154],[130.832891,32.841163],[130.832952,32.841076],[130.833051,32.840934],[130.833068,32.84091],[130.833124,32.84083],[130.833186,32.840734],[130.8332,32.840716],[130.833219,32.840691],[130.833277,32.840616],[130.833294,32.840594],[130.833304,32.84058],[130.83331,32.840573],[130.833324,32.840556],[130.833392,32.840467],[130.833403,32.84045],[130.833458,32.840363],[130.833442,32.840355],[130.833361,32.840311],[130.833255,32.840254],[130.833172,32.840209],[130.833141,32.840193],[130.833163,32.84016],[130.832978,32.840051],[130.832956,32.840038],[130.832814,32.839954],[130.832845,32.839892],[130.832787,32.839854],[130.83278,32.83985],[130.832486,32.839659],[130.832521,32.839615],[130.832487,32.839597],[130.83241,32.839556],[130.832244,32.839469],[130.832086,32.839383],[130.831765,32.839764],[130.831665,32.83988],[130.831633,32.839855],[130.831451,32.84002]]]}},{"type":"Feature","properties":{"DistName":"風穴地区計画区域","DistType":"地区計画","DistCode":1,"Pref":"熊本県","Citycode":"43404","Cityname":"菊陽町","FNDate":null},"geometry":{"type":"Polygon","coordinates":[[[130.828752,32.827924],[130.82881,32.827775],[130.82905,32.827181],[130.829077,32.827185],[130.829209,32.827206],[130.829215,32.827266],[130.82966,32.827378],[130.829741,32.827201],[130.829839,32.826762],[130.829735,32.826778],[130.829971,32.826324],[130.830093,32.826052],[130.829665,32.825965],[130.829178,32.825865],[130.829168,32.825842],[130.828191,32.825727],[130.828165,32.825727],[130.82767,32.825594],[130.827685,32.826288],[130.827693,32.826316],[130.827655,32.826831],[130.827654,32.82686],[130.827636,32.827026],[130.827598,32.827281],[130.827607,32.827297],[130.827572,32.827457],[130.827555,32.827618],[130.827493,32.828089],[130.827452,32.828286],[130.82745,32.828294],[130.827437,32.828349],[130.827422,32.828405],[130.827441,32.828408],[130.827805,32.828447],[130.828326,32.828508],[130.828337,32.828625],[130.828416,32.828653],[130.828498,32.828632],[130.828649,32.828121],[130.828752,32.827924]]]}},{"type":"Feature","properties":{"DistName":"北新山地区計画区域","DistType":"地区計画","DistCode":1,"Pref":"熊本県","Citycode":"43404","Cityname":"菊陽町","FNDate":null},"geometry":{"type":"Polygon","coordinates":[[[130.784639,32.865994],[130.784614,32.865986],[130.784567,32.866086],[130.784559,32.86611],[130.784502,32.866228],[130.78447,32.866295],[130.784374,32.866493],[130.784357,32.866531],[130.784281,32.866697],[130.784249,32.866765],[130.784197,32.866878],[130.784158,32.866961],[130.784068,32.867154],[130.784064,32.867161],[130.784062,32.867166],[130.78401,32.867279],[130.784175,32.86733],[130.784518,32.867436],[130.784585,32.867457],[130.785136,32.867628],[130.785141,32.867606],[130.785422,32.866994],[130.78545,32.866935],[130.785514,32.866798],[130.785588,32.866636],[130.785703,32.86638],[130.785775,32.866225],[130.785826,32.866111],[130.785814,32.866083],[130.785694,32.866048],[130.785286,32.865929],[130.78514,32.865886],[130.784991,32.865841],[130.784894,32.865806],[130.784799,32.866021],[130.784789,32.866042],[130.784639,32.865994]]]}},{"type":"Feature","properties":{"DistName":"向原地区地区計画","DistType":"地区計画","DistCode":1,"Pref":"熊本県","Citycode":"43404","Cityname":"菊陽町","FNDate":null},"geometry":{"type":"Polygon","coordinates":[[[130.828046,32.867223],[130.828041,32.867238],[130.828023,32.867284],[130.82797,32.867432],[130.827908,32.867546],[130.827821,32.867692],[130.82782,32.867698],[130.827775,32.867851],[130.827744,32.867957],[130.827577,32.868531],[130.827875,32.86854],[130.8279,32.868561],[130.827935,32.86856],[130.827995,32.868558],[130.828008,32.868566],[130.828068,32.868567],[130.828111,32.868365],[130.828339,32.868382],[130.828369,32.868384],[130.828344,32.868578],[130.828766,32.868581],[130.828871,32.868582],[130.829027,32.868586],[130.829247,32.868591],[130.829272,32.868591],[130.829262,32.868479],[130.829442,32.868485],[130.82944,32.868624],[130.829566,32.868631],[130.829582,32.868625],[130.829594,32.868475],[130.829601,32.868391],[130.829605,32.86834],[130.829607,32.868317],[130.829736,32.868317],[130.829792,32.868318],[130.829813,32.868317],[130.829998,32.86832],[130.829997,32.868336],[130.829994,32.868404],[130.829993,32.868417],[130.829982,32.86865],[130.829982,32.868651],[130.829982,32.868662],[130.829992,32.868662],[130.830196,32.868671],[130.830214,32.868672],[130.83023,32.868673],[130.83023,32.868669],[130.830228,32.8686],[130.830227,32.868567],[130.830225,32.868498],[130.830537,32.868515],[130.830547,32.868502],[130.830556,32.868442],[130.830554,32.868398],[130.830736,32.868405],[130.830778,32.868406],[130.830773,32.868475],[130.830758,32.868698],[130.830767,32.868697],[130.830806,32.868699],[130.830889,32.868702],[130.830942,32.868707],[130.831002,32.868714],[130.831033,32.868715],[130.831071,32.868702],[130.831076,32.8687],[130.8311,32.868666],[130.831105,32.86851],[130.831113,32.868244],[130.831116,32.86816],[130.831118,32.868142],[130.831135,32.867976],[130.831137,32.867877],[130.831152,32.867689],[130.831184,32.867006],[130.831108,32.867004],[130.830945,32.867004],[130.830875,32.867004],[130.83059,32.867028],[130.830546,32.867032],[130.830228,32.867053],[130.829924,32.867065],[130.82962,32.867086],[130.829606,32.867083],[130.829506,32.867088],[130.829274,32.867098],[130.82903,32.867121],[130.828985,32.867126],[130.828807,32.867146],[130.828454,32.867201],[130.828422,32.867197],[130.828116,32.867223],[130.828097,32.867224],[130.828088,32.867224],[130.828046,32.867223]]]}},{"type":"Feature","properties":{"DistName":"新町地区地区計画","DistType":"地区計画","DistCode":1,"Pref":"熊本県","Citycode":"43404","Cityname":"菊陽町","FNDate":null},"geometry":{"type":"Polygon","coordinates":[[[130.818296,32.867924],[130.818436,32.867951],[130.818441,32.868005],[130.818605,32.868042],[130.818608,32.868042],[130.818752,32.868078],[130.818883,32.86811],[130.818892,32.868113],[130.818921,32.868128],[130.819021,32.868147],[130.819107,32.868164],[130.819154,32.868174],[130.819194,32.868039],[130.81932,32.868066],[130.819423,32.868088],[130.819444,32.868092],[130.81952,32.868108],[130.819519,32.86811],[130.819568,32.868121],[130.81969,32.868147],[130.819815,32.868174],[130.819833,32.868177],[130.819878,32.868014],[130.819954,32.867742],[130.819936,32.867742],[130.819627,32.867741],[130.81966,32.867624],[130.819641,32.867627],[130.819528,32.867654],[130.819345,32.867683],[130.819178,32.867709],[130.819149,32.867713],[130.819031,32.867724],[130.819011,32.867725],[130.818893,32.867733],[130.818827,32.867737],[130.818765,32.867738],[130.818602,32.867741],[130.818609,32.867717],[130.818637,32.867716],[130.818636,32.867693],[130.818522,32.867696],[130.818524,32.867719],[130.818542,32.867719],[130.818535,32.867742],[130.818464,32.867743],[130.818343,32.867751],[130.818323,32.867776],[130.818314,32.867826],[130.818296,32.867924]]]}},{"type":"Feature","properties":{"DistName":"原水工業団地地区計画","DistType":"地区計画","DistCode":1,"Pref":"熊本県","Citycode":"43404","Cityname":"菊陽町","FNDate":null},"geometry":{"type":"Polygon","coordinates":[[[130.8421,32.892884],[130.842126,32.892881],[130.84216,32.892878],[130.842209,32.892874],[130.842319,32.892864],[130.842432,32.892854],[130.842541,32.892845],[130.842646,32.892836],[130.842657,32.892835],[130.842713,32.893273],[130.842774,32.893254],[130.842942,32.893203],[130.843014,32.893179],[130.843117,32.893148],[130.843136,32.893143],[130.843254,32.893109],[130.84342,32.89306],[130.843424,32.893058],[130.843518,32.893032],[130.843601,32.893012],[130.843648,32.893003],[130.843711,32.892996],[130.843764,32.892995],[130.843868,32.892999],[130.843999,32.893002],[130.844011,32.893002],[130.844276,32.892999],[130.844303,32.892998],[130.844371,32.892994],[130.844477,32.892991],[130.844553,32.892987],[130.844555,32.892986],[130.84464,32.892984],[130.844947,32.892963],[130.845081,32.892954],[130.845142,32.892951],[130.84517,32.892948],[130.845274,32.892936],[130.845451,32.892913],[130.845501,32.892903],[130.845531,32.892898],[130.84565,32.892872],[130.84585,32.892823],[130.845866,32.89282],[130.846154,32.892757],[130.846138,32.892562],[130.84614,32.892545],[130.846138,32.892527],[130.84613,32.892499],[130.846122,32.892482],[130.846111,32.892461],[130.846084,32.892425],[130.846055,32.892396],[130.846016,32.892361],[130.845961,32.892293],[130.845797,32.892089],[130.845789,32.892076],[130.845784,32.892059],[130.845761,32.891914],[130.845762,32.891855],[130.845765,32.891823],[130.845772,32.891804],[130.84578,32.891791],[130.8458,32.891773],[130.845831,32.891745],[130.845881,32.891716],[130.845921,32.891692],[130.845927,32.891688],[130.845931,32.891669],[130.845947,32.891571],[130.845954,32.89155],[130.845963,32.891531],[130.846006,32.891455],[130.846013,32.89144],[130.846014,32.891438],[130.846018,32.891424],[130.846017,32.891372],[130.846014,32.891362],[130.84601,32.891356],[130.846005,32.891352],[130.845979,32.89134],[130.845926,32.891326],[130.845917,32.89132],[130.845905,32.891306],[130.8459,32.89129],[130.8459,32.89128],[130.845996,32.891055],[130.846017,32.891001],[130.846021,32.890985],[130.846023,32.89096],[130.846022,32.890938],[130.846017,32.890914],[130.846008,32.890892],[130.845994,32.890872],[130.845975,32.890853],[130.845951,32.890835],[130.845901,32.890806],[130.845673,32.890691],[130.845407,32.890559],[130.845325,32.890517],[130.845294,32.890502],[130.84525,32.890479],[130.845227,32.890467],[130.84511,32.890416],[130.844952,32.890358],[130.844829,32.890322],[130.844654,32.890271],[130.844642,32.890268],[130.844625,32.890263],[130.844509,32.890231],[130.844481,32.890223],[130.844403,32.890202],[130.844307,32.890175],[130.844234,32.890153],[130.843842,32.890021],[130.843698,32.889974],[130.84365,32.889961],[130.843584,32.88995],[130.843446,32.889946],[130.843432,32.889945],[130.843393,32.889937],[130.843376,32.889932],[130.843335,32.889915],[130.843303,32.889898],[130.843017,32.889723],[130.843016,32.889722],[130.84297,32.889696],[130.84289,32.889655],[130.842858,32.88964],[130.842811,32.889621],[130.842482,32.889497],[130.842372,32.889459],[130.842301,32.889429],[130.842267,32.889413],[130.84215,32.88935],[130.842008,32.88928],[130.841862,32.889206],[130.841807,32.889174],[130.841758,32.889145],[130.84187,32.888898],[130.841964,32.888745],[130.841969,32.888722],[130.842084,32.888447],[130.842089,32.888434],[130.842112,32.888382],[130.842116,32.888372],[130.842137,32.888329],[130.842165,32.888267],[130.842172,32.888252],[130.842199,32.888187],[130.842202,32.888178],[130.842202,32.888172],[130.842162,32.888139],[130.84194,32.888069],[130.841919,32.888065],[130.841929,32.888035],[130.841944,32.887972],[130.841984,32.887848],[130.842008,32.887798],[130.842027,32.887745],[130.842064,32.887631],[130.84209,32.887547],[130.842103,32.887498],[130.842095,32.887496],[130.842102,32.887474],[130.842108,32.88745],[130.842112,32.887428],[130.842115,32.887409],[130.842126,32.887385],[130.842132,32.887369],[130.842134,32.887362],[130.842133,32.887356],[130.842054,32.887209],[130.842045,32.887192],[130.842046,32.887192],[130.84205,32.887189],[130.842072,32.887185],[130.842203,32.88707],[130.842308,32.887045],[130.842414,32.8871],[130.842491,32.88716],[130.842505,32.887171],[130.842636,32.887272],[130.84279,32.887391],[130.8429,32.88746],[130.843088,32.887577],[130.843202,32.887648],[130.843271,32.887677],[130.843275,32.887679],[130.843414,32.887739],[130.843654,32.887844],[130.843672,32.887851],[130.843776,32.88797],[130.844041,32.888098],[130.844183,32.888154],[130.844275,32.888192],[130.844315,32.888208],[130.844437,32.888247],[130.84456,32.888245],[130.844563,32.888287],[130.845771,32.888811],[130.845787,32.888831],[130.846,32.888935],[130.846351,32.888997],[130.846543,32.889077],[130.846593,32.889099],[130.846634,32.889104],[130.846672,32.889116],[130.84672,32.889136],[130.846804,32.889179],[130.846918,32.889252],[130.84711,32.889356],[130.847274,32.889451],[130.847439,32.889545],[130.847458,32.889553],[130.847473,32.889557],[130.847492,32.889558],[130.847511,32.889556],[130.847522,32.889553],[130.84754,32.889542],[130.847526,32.889563],[130.847524,32.889566],[130.84751,32.889586],[130.847499,32.889602],[130.84748,32.889639],[130.847472,32.889662],[130.847465,32.88968],[130.847464,32.889681],[130.847461,32.889693],[130.84746,32.8897],[130.847459,32.889709],[130.847459,32.889715],[130.847464,32.889736],[130.847467,32.889742],[130.847472,32.889754],[130.847496,32.889788],[130.847559,32.889851],[130.847565,32.88986],[130.847579,32.889887],[130.847584,32.889914],[130.847583,32.88993],[130.847583,32.889932],[130.84758,32.889975],[130.847574,32.890052],[130.847572,32.890092],[130.847571,32.890099],[130.847568,32.890125],[130.847568,32.890158],[130.847568,32.890163],[130.847573,32.890197],[130.847575,32.890202],[130.847596,32.89025],[130.847619,32.890297],[130.84763,32.890313],[130.847694,32.890419],[130.847721,32.890472],[130.847723,32.890478],[130.847725,32.890481],[130.847727,32.890489],[130.847727,32.890493],[130.847727,32.890494],[130.847726,32.890498],[130.847724,32.890502],[130.847721,32.890505],[130.847706,32.890514],[130.847698,32.890519],[130.847588,32.890581],[130.847478,32.890653],[130.847445,32.890679],[130.847421,32.8907],[130.847411,32.890711],[130.847398,32.890729],[130.847392,32.890743],[130.847387,32.890753],[130.847385,32.890765],[130.847385,32.890767],[130.847384,32.890779],[130.847387,32.890796],[130.847394,32.890813],[130.847407,32.89084],[130.84742,32.89086],[130.84744,32.890888],[130.847496,32.890952],[130.847532,32.890994],[130.847555,32.89102],[130.847559,32.891026],[130.847607,32.891094],[130.84765,32.891165],[130.847677,32.891205],[130.847784,32.891361],[130.847834,32.891426],[130.847856,32.891451],[130.847897,32.891502],[130.84796,32.891573],[130.848064,32.891681],[130.848078,32.891695],[130.848088,32.891704],[130.848093,32.891708],[130.84824,32.891888],[130.848327,32.891825],[130.84836,32.891781],[130.848403,32.891741],[130.848455,32.891695],[130.848514,32.891651],[130.8487,32.891513],[130.848888,32.891385],[130.849005,32.891322],[130.849093,32.891283],[130.849163,32.891258],[130.849257,32.89123],[130.849326,32.891205],[130.849356,32.891192],[130.849351,32.891174],[130.849301,32.891104],[130.849258,32.891034],[130.84921,32.890965],[130.849187,32.890923],[130.849155,32.890903],[130.849112,32.890884],[130.849099,32.890871],[130.849104,32.890846],[130.84912,32.890801],[130.84914,32.890792],[130.849401,32.89072],[130.849707,32.890635],[130.849775,32.890615],[130.849797,32.890611],[130.84986,32.890547],[130.850156,32.890478],[130.850316,32.890438],[130.850362,32.89034],[130.850362,32.89034],[130.850397,32.890296],[130.850471,32.890223],[130.850557,32.890148],[130.850591,32.890102],[130.850646,32.890009],[130.850679,32.88995],[130.850706,32.889921],[130.850754,32.889934],[130.850761,32.889935],[130.850823,32.889946],[130.850838,32.889927],[130.850871,32.889817],[130.850924,32.889665],[130.850981,32.889669],[130.851003,32.889613],[130.851061,32.889412],[130.851145,32.889125],[130.851223,32.88886],[130.851238,32.888797],[130.851245,32.888783],[130.851298,32.888777],[130.851351,32.888769],[130.851388,32.888762],[130.851401,32.888737],[130.85149,32.88834],[130.85154,32.888155],[130.851592,32.88796],[130.851627,32.887788],[130.851641,32.887676],[130.851634,32.887618],[130.851634,32.88755],[130.851623,32.887429],[130.851622,32.88721],[130.851637,32.88685],[130.851636,32.886778],[130.851646,32.886697],[130.851658,32.88652],[130.851665,32.886324],[130.851675,32.886219],[130.851696,32.886173],[130.851741,32.886139],[130.851747,32.886125],[130.85175,32.886112],[130.851753,32.886067],[130.851717,32.886061],[130.851708,32.886058],[130.851649,32.886024],[130.851619,32.886007],[130.851315,32.885944],[130.851236,32.885927],[130.851111,32.885901],[130.851078,32.885894],[130.851037,32.885886],[130.850706,32.885832],[130.850498,32.885798],[130.85037,32.885776],[130.850368,32.885776],[130.849931,32.885705],[130.849883,32.885697],[130.849664,32.885661],[130.849623,32.885656],[130.849564,32.885646],[130.849359,32.885611],[130.849089,32.885566],[130.849056,32.88556],[130.848847,32.885526],[130.848715,32.885504],[130.848702,32.885501],[130.848697,32.885501],[130.848691,32.885499],[130.848685,32.885498],[130.848675,32.885497],[130.848671,32.885496],[130.848661,32.885494],[130.848646,32.885492],[130.84863,32.885489],[130.848612,32.885486],[130.848593,32.885483],[130.848587,32.885482],[130.848587,32.885482],[130.848572,32.885479],[130.848551,32.885475],[130.848528,32.885471],[130.848505,32.885467],[130.848482,32.885463],[130.848458,32.885459],[130.848435,32.885454],[130.848411,32.88545],[130.848387,32.885446],[130.848362,32.885442],[130.848338,32.885437],[130.848314,32.885433],[130.848289,32.885429],[130.848279,32.885427],[130.848265,32.885425],[130.84824,32.885421],[130.848196,32.885414],[130.848156,32.885409],[130.847953,32.885379],[130.847801,32.885352],[130.8477,32.885337],[130.847645,32.885329],[130.847632,32.885327],[130.846951,32.885215],[130.84693,32.885211],[130.846797,32.885185],[130.846775,32.885181],[130.846735,32.885174],[130.846593,32.885149],[130.846533,32.88514],[130.846525,32.885138],[130.846498,32.885134],[130.846472,32.88513],[130.846446,32.885126],[130.846436,32.885124],[130.846421,32.885122],[130.846397,32.885118],[130.846374,32.885114],[130.846352,32.885111],[130.84633,32.885107],[130.846309,32.885104],[130.846289,32.885101],[130.846272,32.885098],[130.846269,32.885098],[130.846251,32.885095],[130.846233,32.885092],[130.846215,32.88509],[130.846198,32.885087],[130.846182,32.885085],[130.846166,32.885082],[130.84615,32.88508],[130.846135,32.885077],[130.84612,32.885075],[130.846106,32.885073],[130.846092,32.885071],[130.846078,32.885068],[130.846065,32.885067],[130.846064,32.885066],[130.84606,32.885066],[130.846051,32.885064],[130.846038,32.885062],[130.846025,32.88506],[130.84602,32.885059],[130.846012,32.885058],[130.845999,32.885055],[130.845986,32.885053],[130.845973,32.885051],[130.84596,32.885049],[130.845946,32.885047],[130.845941,32.885046],[130.845933,32.885044],[130.84592,32.885042],[130.845838,32.885028],[130.845815,32.885024],[130.845319,32.884941],[130.845244,32.884929],[130.845227,32.884926],[130.845185,32.88492],[130.845141,32.884913],[130.845022,32.884893],[130.844901,32.884873],[130.84487,32.884868],[130.844771,32.884852],[130.844484,32.884802],[130.844311,32.884773],[130.844269,32.884765],[130.844202,32.884755],[130.844081,32.884735],[130.84378,32.884685],[130.843666,32.884668],[130.843487,32.884636],[130.843274,32.884599],[130.843233,32.884592],[130.84312,32.884572],[130.843086,32.884567],[130.842838,32.884528],[130.842721,32.884507],[130.842588,32.884483],[130.842392,32.884449],[130.842332,32.88444],[130.842166,32.884415],[130.84205,32.884394],[130.842045,32.884394],[130.841981,32.884382],[130.841866,32.884362],[130.841553,32.884311],[130.841291,32.884267],[130.840832,32.884189],[130.840818,32.884186],[130.840776,32.884179],[130.840762,32.884275],[130.840759,32.884301],[130.840711,32.884281],[130.840705,32.884279],[130.840295,32.884107],[130.840144,32.884087],[130.840123,32.884083],[130.839986,32.88406],[130.839843,32.884035],[130.839716,32.884014],[130.839604,32.883995],[130.839604,32.883993],[130.839495,32.884015],[130.839492,32.884015],[130.839484,32.884017],[130.839481,32.884017],[130.839425,32.884097],[130.839356,32.884376],[130.839315,32.88456],[130.839311,32.884574],[130.83931,32.884578],[130.839299,32.884617],[130.839291,32.884642],[130.839289,32.88465],[130.839273,32.884697],[130.839262,32.884738],[130.839257,32.884757],[130.839238,32.884821],[130.83922,32.884881],[130.839205,32.884942],[130.839193,32.884997],[130.839177,32.885069],[130.839138,32.885226],[130.839136,32.885238],[130.839132,32.885252],[130.839126,32.885295],[130.839102,32.88544],[130.839084,32.885534],[130.839057,32.885631],[130.83901,32.8858],[130.838934,32.886031],[130.838919,32.886077],[130.838915,32.88609],[130.838817,32.886396],[130.838731,32.886563],[130.838731,32.886564],[130.838592,32.886843],[130.838553,32.886919],[130.83849,32.887078],[130.838476,32.887113],[130.838417,32.887263],[130.838378,32.887362],[130.838264,32.887655],[130.838216,32.88778],[130.838076,32.888139],[130.838032,32.888265],[130.838013,32.888318],[130.837951,32.888496],[130.837945,32.888512],[130.837938,32.888529],[130.837857,32.888733],[130.837806,32.88887],[130.8378,32.888888],[130.83785,32.888976],[130.838054,32.889034],[130.838103,32.88909],[130.838317,32.889331],[130.838347,32.889363],[130.838409,32.889428],[130.83849,32.889548],[130.838493,32.889574],[130.838635,32.889809],[130.838647,32.889827],[130.838653,32.889832],[130.838659,32.889835],[130.838669,32.889838],[130.838963,32.889875],[130.839243,32.889909],[130.839331,32.88992],[130.839365,32.889923],[130.839374,32.889923],[130.839397,32.889922],[130.839451,32.889918],[130.839732,32.889897],[130.839757,32.889897],[130.839765,32.889897],[130.839771,32.889898],[130.839786,32.889902],[130.840154,32.890045],[130.840282,32.890094],[130.8407,32.890238],[130.840813,32.890276],[130.84083,32.890284],[130.840834,32.890287],[130.84084,32.890295],[130.840956,32.890487],[130.84106,32.89066],[130.841129,32.890775],[130.841153,32.891029],[130.841166,32.891171],[130.841174,32.89125],[130.841176,32.891265],[130.84118,32.891279],[130.841303,32.891573],[130.841328,32.891634],[130.841338,32.891657],[130.84135,32.891686],[130.841376,32.891739],[130.841386,32.891763],[130.841515,32.892092],[130.841529,32.892128],[130.841598,32.892294],[130.841606,32.892318],[130.841625,32.892375],[130.841636,32.892416],[130.84165,32.892475],[130.841682,32.892674],[130.841686,32.892709],[130.841687,32.89273],[130.841686,32.89277],[130.841686,32.892777],[130.841681,32.89283],[130.841715,32.892858],[130.841726,32.89292],[130.841808,32.892914],[130.841849,32.892911],[130.841878,32.892908],[130.841926,32.892903],[130.841977,32.892898],[130.842016,32.892893],[130.842035,32.892891],[130.842045,32.892889],[130.842048,32.892889],[130.842069,32.892887],[130.842082,32.892885],[130.842095,32.892884],[130.8421,32.892884]]]}},{"type":"Feature","properties":{"DistName":"新山二丁目地区計画","DistType":"地区計画","DistCode":1,"Pref":"熊本県","Citycode":"43404","Cityname":"菊陽町","FNDate":null},"geometry":{"type":"Polygon","coordinates":[[[130.783574,32.866895],[130.783993,32.867167],[130.784002,32.867146],[130.784003,32.867144],[130.784006,32.867137],[130.78419,32.866746],[130.784357,32.866382],[130.784371,32.866352],[130.784407,32.86627],[130.784422,32.866238],[130.784411,32.866217],[130.784426,32.866184],[130.784416,32.866164],[130.783959,32.866042],[130.783574,32.866895]]]}},{"type":"Feature","properties":{"DistName":"セミコンテクノパーク南地区計画","DistType":"地区計画","DistCode":1,"Pref":"熊本県","Citycode":"43404","Cityname":"菊陽町","FNDate":null},"geometry":{"type":"Polygon","coordinates":[[[130.839182,32.883965],[130.839181,32.883965],[130.839104,32.88392],[130.838694,32.88385],[130.838574,32.883826],[130.838453,32.883802],[130.838207,32.883753],[130.837808,32.883674],[130.837762,32.883668],[130.837755,32.883666],[130.837733,32.883662],[130.837713,32.883659],[130.837707,32.883658],[130.837681,32.883654],[130.837655,32.883649],[130.837628,32.883645],[130.837615,32.883643],[130.837609,32.883642],[130.837607,32.883642],[130.837602,32.883641],[130.837576,32.883637],[130.83755,32.883632],[130.837523,32.883628],[130.837497,32.883623],[130.837471,32.883619],[130.837444,32.883615],[130.837418,32.88361],[130.837392,32.883606],[130.837365,32.883601],[130.837338,32.883597],[130.83731,32.883592],[130.837281,32.883587],[130.83725,32.883582],[130.837218,32.883577],[130.837189,32.883572],[130.837185,32.883571],[130.83715,32.883565],[130.837138,32.883563],[130.837102,32.883557],[130.837079,32.883553],[130.837052,32.883548],[130.837025,32.883543],[130.836998,32.883539],[130.83697,32.883534],[130.836941,32.883529],[130.836912,32.883523],[130.836882,32.883518],[130.836852,32.883513],[130.836821,32.883508],[130.83679,32.883502],[130.836758,32.883496],[130.836758,32.883496],[130.836734,32.883492],[130.836725,32.883491],[130.836692,32.883485],[130.836658,32.883479],[130.836642,32.883476],[130.836623,32.883473],[130.83662,32.883472],[130.836587,32.883466],[130.836551,32.88346],[130.836514,32.883453],[130.836484,32.883448],[130.836467,32.883445],[130.83643,32.883438],[130.836044,32.883374],[130.83596,32.88336],[130.835898,32.883351],[130.835671,32.883314],[130.83567,32.883313],[130.835369,32.883258],[130.83536,32.883257],[130.835313,32.883249],[130.834975,32.883191],[130.834816,32.883516],[130.834749,32.883654],[130.834744,32.88367],[130.834741,32.883687],[130.834745,32.883708],[130.83475,32.883722],[130.834757,32.883733],[130.834767,32.88374],[130.834793,32.883754],[130.834839,32.883769],[130.834981,32.883808],[130.835095,32.883844],[130.835123,32.883855],[130.835146,32.883871],[130.835147,32.883872],[130.835162,32.883889],[130.835173,32.883906],[130.835176,32.883916],[130.835177,32.883929],[130.835176,32.883946],[130.835176,32.883973],[130.835174,32.883984],[130.83517,32.884005],[130.835158,32.884075],[130.835159,32.884141],[130.835164,32.884174],[130.835169,32.884192],[130.83519,32.884229],[130.835218,32.884265],[130.835232,32.884286],[130.835236,32.884299],[130.835243,32.884319],[130.835247,32.884352],[130.835249,32.884398],[130.835249,32.884401],[130.83524,32.88455],[130.83524,32.884572],[130.83524,32.884584],[130.835248,32.884633],[130.835254,32.884711],[130.835258,32.884752],[130.835261,32.884795],[130.835263,32.884819],[130.835264,32.884842],[130.835264,32.884849],[130.835275,32.884856],[130.835312,32.884861],[130.835321,32.884861],[130.83534,32.884863],[130.835361,32.884865],[130.835381,32.884868],[130.835394,32.88487],[130.835409,32.884872],[130.835421,32.884874],[130.835465,32.88488],[130.835499,32.884886],[130.835529,32.884892],[130.835553,32.884897],[130.835589,32.884906],[130.835615,32.884913],[130.835631,32.884918],[130.835656,32.884926],[130.835715,32.884947],[130.83574,32.884956],[130.835778,32.88497],[130.835796,32.884977],[130.835813,32.884983],[130.835816,32.884985],[130.83583,32.884991],[130.835849,32.885],[130.835878,32.885015],[130.835911,32.885032],[130.835931,32.885043],[130.835953,32.885055],[130.836013,32.885089],[130.836045,32.885108],[130.836031,32.885135],[130.836061,32.885152],[130.836061,32.885154],[130.836035,32.885213],[130.835956,32.885358],[130.835788,32.885693],[130.835783,32.885704],[130.83578,32.885712],[130.83578,32.885719],[130.835784,32.88573],[130.835793,32.885736],[130.835837,32.885745],[130.836086,32.885779],[130.836193,32.885794],[130.836282,32.885811],[130.83644,32.885851],[130.836521,32.885877],[130.83653,32.885881],[130.83654,32.885887],[130.836547,32.885893],[130.836552,32.885902],[130.836554,32.88591],[130.836555,32.885913],[130.836558,32.885927],[130.836559,32.885954],[130.836548,32.88596],[130.836544,32.885962],[130.836539,32.885968],[130.836533,32.885978],[130.836523,32.88601],[130.836508,32.886077],[130.836504,32.886094],[130.836957,32.886306],[130.837386,32.886438],[130.837401,32.886381],[130.837531,32.886222],[130.837648,32.886231],[130.837686,32.886225],[130.837749,32.886098],[130.83832,32.886196],[130.838334,32.886239],[130.838481,32.886424],[130.838993,32.885025],[130.839018,32.884912],[130.839039,32.88478],[130.839058,32.884716],[130.839073,32.884658],[130.839097,32.884528],[130.839099,32.884522],[130.839102,32.884507],[130.839139,32.88434],[130.839164,32.884239],[130.839192,32.884127],[130.839194,32.884119],[130.839203,32.884079],[130.839188,32.883968],[130.839182,32.883965]]]}},{"type":"Feature","properties":{"DistName":"益城町安永宮ノ本地区計画","DistType":"地区計画","DistCode":1,"Pref":"熊本県","Citycode":"43443","Cityname":"益城町","FNDate":null},"geometry":{"type":"Polygon","coordinates":[[[130.810212,32.791016],[130.810258,32.79101],[130.810276,32.791008],[130.810281,32.791008],[130.810266,32.790908],[130.810261,32.790877],[130.810244,32.790767],[130.810347,32.790752],[130.810434,32.790742],[130.810448,32.790743],[130.810449,32.790743],[130.810461,32.790742],[130.810468,32.790741],[130.810466,32.790739],[130.810463,32.790737],[130.810461,32.790735],[130.810459,32.790732],[130.810457,32.79073],[130.810455,32.790728],[130.810452,32.790726],[130.81045,32.790724],[130.810448,32.790722],[130.810448,32.790722],[130.810446,32.79072],[130.810444,32.790718],[130.810441,32.790716],[130.810439,32.790713],[130.810437,32.790711],[130.810435,32.790709],[130.810434,32.790709],[130.810432,32.790707],[130.81043,32.790705],[130.810428,32.790703],[130.810426,32.790701],[130.810424,32.790699],[130.810421,32.790697],[130.810419,32.790695],[130.810417,32.790692],[130.810415,32.79069],[130.810412,32.790688],[130.81041,32.790686],[130.810408,32.790684],[130.810406,32.790682],[130.810403,32.79068],[130.810401,32.790678],[130.810399,32.790676],[130.810397,32.790674],[130.810394,32.790672],[130.810392,32.79067],[130.81039,32.790667],[130.810388,32.790665],[130.810385,32.790663],[130.810383,32.790661],[130.810381,32.790659],[130.810378,32.790657],[130.810376,32.790655],[130.810374,32.790653],[130.810372,32.790651],[130.810369,32.790649],[130.810367,32.790647],[130.810365,32.790645],[130.810362,32.790643],[130.81036,32.790641],[130.810358,32.790638],[130.810356,32.790636],[130.810353,32.790634],[130.810351,32.790632],[130.810349,32.79063],[130.810346,32.790628],[130.810344,32.790626],[130.810342,32.790624],[130.81034,32.790622],[130.810337,32.79062],[130.810335,32.790618],[130.810333,32.790616],[130.81033,32.790614],[130.810328,32.790612],[130.810326,32.79061],[130.810323,32.790608],[130.810321,32.790606],[130.810319,32.790603],[130.810316,32.790601],[130.810314,32.790599],[130.810312,32.790597],[130.810309,32.790595],[130.810307,32.790593],[130.810305,32.790591],[130.810302,32.790589],[130.8103,32.790587],[130.810298,32.790585],[130.810295,32.790583],[130.810293,32.790581],[130.810291,32.790579],[130.810288,32.790577],[130.810286,32.790575],[130.810284,32.790573],[130.810281,32.790571],[130.810279,32.790569],[130.810277,32.790567],[130.810274,32.790564],[130.810272,32.790562],[130.81027,32.79056],[130.810267,32.790558],[130.810265,32.790556],[130.810263,32.790554],[130.81026,32.790552],[130.810258,32.79055],[130.810256,32.790548],[130.810253,32.790546],[130.810251,32.790544],[130.810249,32.790542],[130.810246,32.79054],[130.810244,32.790538],[130.810242,32.790536],[130.810239,32.790534],[130.810237,32.790532],[130.810235,32.79053],[130.810232,32.790528],[130.81023,32.790526],[130.810227,32.790524],[130.810225,32.790521],[130.810223,32.790519],[130.81022,32.790517],[130.810218,32.790515],[130.810216,32.790513],[130.810213,32.790511],[130.810211,32.790509],[130.810209,32.790507],[130.810206,32.790505],[130.810204,32.790503],[130.810202,32.790501],[130.810095,32.790408],[130.810076,32.790395],[130.810051,32.790377],[130.810021,32.790356],[130.80994,32.790299],[130.809915,32.790281],[130.809902,32.790268],[130.809852,32.790195],[130.809851,32.790194],[130.809848,32.790191],[130.809846,32.790189],[130.809843,32.790186],[130.80984,32.790184],[130.809838,32.790182],[130.809835,32.790179],[130.809832,32.790177],[130.80983,32.790174],[130.809827,32.790172],[130.809825,32.790169],[130.809822,32.790167],[130.809819,32.790164],[130.809817,32.790162],[130.809814,32.79016],[130.809811,32.790157],[130.809809,32.790155],[130.809806,32.790152],[130.809804,32.79015],[130.809801,32.790147],[130.809798,32.790145],[130.809796,32.790142],[130.809793,32.79014],[130.80979,32.790137],[130.809788,32.790135],[130.809785,32.790132],[130.809783,32.79013],[130.80978,32.790127],[130.809777,32.790125],[130.809775,32.790122],[130.809772,32.79012],[130.80977,32.790117],[130.809767,32.790115],[130.809765,32.790112],[130.809762,32.79011],[130.809759,32.790107],[130.809757,32.790105],[130.809754,32.790102],[130.809752,32.7901],[130.809749,32.790097],[130.809747,32.790095],[130.809744,32.790092],[130.809741,32.79009],[130.809739,32.790087],[130.809736,32.790085],[130.809734,32.790082],[130.809731,32.79008],[130.809729,32.790077],[130.809726,32.790074],[130.809724,32.790072],[130.809721,32.790069],[130.809719,32.790067],[130.809716,32.790064],[130.809714,32.790062],[130.809711,32.790059],[130.809709,32.790056],[130.809706,32.790054],[130.809703,32.790051],[130.809701,32.790049],[130.809698,32.790046],[130.809696,32.790044],[130.809694,32.790041],[130.809691,32.790038],[130.809689,32.790036],[130.809686,32.790033],[130.809684,32.790031],[130.809681,32.790028],[130.809679,32.790025],[130.809676,32.790023],[130.809674,32.79002],[130.809671,32.790017],[130.809669,32.790015],[130.809666,32.790012],[130.809664,32.79001],[130.809662,32.790007],[130.809659,32.790004],[130.809657,32.790002],[130.809654,32.789999],[130.809652,32.789996],[130.809649,32.789994],[130.809647,32.789991],[130.809645,32.789988],[130.809642,32.789986],[130.80964,32.789983],[130.809634,32.789976],[130.809628,32.789969],[130.809622,32.789963],[130.809616,32.789956],[130.80961,32.789949],[130.809604,32.789942],[130.809598,32.789935],[130.809593,32.789928],[130.809587,32.789921],[130.809581,32.789915],[130.809576,32.789908],[130.80957,32.789901],[130.809564,32.789894],[130.809559,32.789887],[130.809553,32.78988],[130.809548,32.789872],[130.809542,32.789865],[130.809537,32.789858],[130.809531,32.789851],[130.809526,32.789844],[130.809521,32.789837],[130.809516,32.78983],[130.80951,32.789823],[130.809505,32.789815],[130.8095,32.789808],[130.809495,32.789801],[130.80949,32.789794],[130.809485,32.789786],[130.809479,32.789779],[130.809474,32.789772],[130.80947,32.789764],[130.809465,32.789757],[130.80946,32.78975],[130.809455,32.789742],[130.80945,32.789735],[130.809445,32.789728],[130.80944,32.78972],[130.809436,32.789713],[130.809431,32.789705],[130.809426,32.789698],[130.809422,32.78969],[130.809417,32.789683],[130.809413,32.789675],[130.809408,32.789668],[130.809404,32.78966],[130.809399,32.789653],[130.809395,32.789645],[130.809391,32.789637],[130.809386,32.78963],[130.809382,32.789622],[130.809378,32.789614],[130.809374,32.789607],[130.809369,32.789599],[130.809365,32.789591],[130.809361,32.789584],[130.809357,32.789576],[130.809353,32.789568],[130.809349,32.789561],[130.809345,32.789553],[130.809341,32.789545],[130.809338,32.789537],[130.809334,32.789529],[130.80933,32.789522],[130.809326,32.789514],[130.809323,32.789508],[130.809323,32.789506],[130.809319,32.789498],[130.809315,32.78949],[130.809312,32.789482],[130.809311,32.789482],[130.809287,32.789483],[130.809226,32.789571],[130.809116,32.789726],[130.808981,32.789936],[130.808964,32.789979],[130.808926,32.79019],[130.808912,32.790272],[130.808894,32.790338],[130.808855,32.79046],[130.808842,32.790503],[130.808821,32.79056],[130.808796,32.790602],[130.808727,32.790678],[130.808709,32.790699],[130.808703,32.790707],[130.808734,32.790726],[130.808879,32.790793],[130.80893,32.790816],[130.808934,32.790818],[130.808984,32.790841],[130.809058,32.790723],[130.809345,32.790843],[130.809357,32.790893],[130.809369,32.790966],[130.80939,32.791034],[130.80939,32.791036],[130.809418,32.791104],[130.80943,32.791172],[130.809431,32.791268],[130.809417,32.791294],[130.809522,32.791299],[130.809554,32.791301],[130.809608,32.791303],[130.809866,32.791325],[130.809947,32.791334],[130.80994,32.791232],[130.809932,32.791191],[130.809921,32.791136],[130.809912,32.791088],[130.81021,32.791053],[130.810204,32.791023],[130.810203,32.791017],[130.810212,32.791016]]]}},{"type":"Feature","properties":{"DistName":"益城町砥川宮ノ本地区計画","DistType":"地区計画","DistCode":1,"Pref":"熊本県","Citycode":"43443","Cityname":"益城町","FNDate":null},"geometry":{"type":"Polygon","coordinates":[[[130.809406,32.756849],[130.809411,32.756881],[130.809412,32.756912],[130.809413,32.756938],[130.809425,32.756965],[130.809454,32.756988],[130.80948,32.757008],[130.809507,32.757029],[130.809538,32.757047],[130.809572,32.757061],[130.809578,32.757064],[130.809605,32.757075],[130.809638,32.757089],[130.809671,32.757103],[130.809706,32.757115],[130.809752,32.757131],[130.809811,32.757151],[130.80987,32.757171],[130.80993,32.757188],[130.80999,32.757204],[130.810126,32.757235],[130.810128,32.757235],[130.810159,32.757211],[130.810194,32.757182],[130.810255,32.757133],[130.810318,32.757084],[130.810388,32.757086],[130.810462,32.757088],[130.810545,32.75709],[130.810628,32.757092],[130.81069,32.757073],[130.81084,32.757093],[130.810865,32.757096],[130.81082,32.75704],[130.810837,32.756996],[130.810901,32.756765],[130.810968,32.756525],[130.81097,32.756518],[130.810872,32.756506],[130.81083,32.756501],[130.810805,32.756499],[130.81069,32.756485],[130.810643,32.756478],[130.81057,32.756468],[130.810519,32.756458],[130.81041,32.756431],[130.810262,32.756393],[130.810135,32.756354],[130.810072,32.756332],[130.810033,32.756326],[130.80996,32.756324],[130.809873,32.756334],[130.809763,32.756347],[130.809637,32.756357],[130.809494,32.75637],[130.809491,32.756369],[130.809492,32.756376],[130.809503,32.756468],[130.809506,32.756493],[130.809455,32.756538],[130.80946,32.756548],[130.809465,32.756558],[130.809469,32.756565],[130.809477,32.756588],[130.809498,32.756644],[130.809448,32.756757],[130.809406,32.756849]]]}},{"type":"Feature","properties":{"DistName":"益城町馬水西原地区計画","DistType":"地区計画","DistCode":1,"Pref":"熊本県","Citycode":"43443","Cityname":"益城町","FNDate":null},"geometry":{"type":"Polygon","coordinates":[[[130.802701,32.789586],[130.802745,32.789603],[130.80275,32.789596],[130.802757,32.789586],[130.802759,32.789582],[130.802781,32.789553],[130.802791,32.789539],[130.802797,32.789532],[130.802808,32.789519],[130.802823,32.789506],[130.802826,32.789503],[130.802849,32.789492],[130.802855,32.789491],[130.802882,32.789489],[130.802893,32.78949],[130.802923,32.789493],[130.802925,32.789493],[130.802956,32.789497],[130.802978,32.789502],[130.802985,32.789504],[130.803,32.789509],[130.803009,32.789512],[130.803038,32.789524],[130.803053,32.789531],[130.803068,32.789537],[130.803077,32.789541],[130.803082,32.789543],[130.803096,32.78955],[130.80311,32.789556],[130.803135,32.789568],[130.803149,32.789574],[130.803157,32.789577],[130.803162,32.78958],[130.803175,32.789586],[130.803189,32.789592],[130.803195,32.789595],[130.803217,32.789605],[130.803231,32.789611],[130.803274,32.789631],[130.803304,32.789645],[130.803309,32.789647],[130.803319,32.789652],[130.80332,32.789652],[130.803333,32.789659],[130.803362,32.789673],[130.803376,32.78968],[130.80339,32.789686],[130.803418,32.7897],[130.803432,32.789706],[130.803445,32.789713],[130.803459,32.789719],[130.803468,32.789724],[130.803472,32.789726],[130.803499,32.789739],[130.803555,32.789765],[130.803605,32.789789],[130.80367,32.78982],[130.803759,32.789863],[130.803973,32.789954],[130.80402,32.789972],[130.804022,32.789969],[130.804027,32.78996],[130.804039,32.789936],[130.804048,32.789917],[130.804055,32.789902],[130.804232,32.789515],[130.804246,32.789485],[130.804064,32.789424],[130.804127,32.789297],[130.804184,32.789182],[130.804238,32.789074],[130.804303,32.788943],[130.804312,32.788923],[130.804124,32.78885],[130.804046,32.788827],[130.804031,32.788823],[130.803873,32.788778],[130.803634,32.78871],[130.803596,32.788698],[130.803557,32.788686],[130.803462,32.788651],[130.803352,32.788611],[130.803352,32.78861],[130.80307,32.788508],[130.803024,32.788485],[130.803014,32.78848],[130.802983,32.788465],[130.802994,32.788445],[130.802996,32.78844],[130.803006,32.788422],[130.802706,32.788306],[130.802681,32.788357],[130.802665,32.788388],[130.802649,32.788421],[130.802359,32.789014],[130.802344,32.789043],[130.802178,32.789384],[130.802668,32.789573],[130.802697,32.789585],[130.802701,32.789586],[130.802701,32.789586]]]}},{"type":"Feature","properties":{"DistName":"益城町福原天神免地区計画","DistType":"地区計画","DistCode":1,"Pref":"熊本県","Citycode":"43443","Cityname":"益城町","FNDate":null},"geometry":{"type":"Polygon","coordinates":[[[130.830792,32.781819],[130.830755,32.781801],[130.830748,32.781818],[130.83074,32.781832],[130.830737,32.781836],[130.83065,32.781982],[130.830555,32.782183],[130.830504,32.782296],[130.830496,32.782323],[130.830478,32.782392],[130.830412,32.78254],[130.830377,32.782603],[130.830365,32.78262],[130.830349,32.782639],[130.83033,32.782658],[130.830314,32.782683],[130.830298,32.782709],[130.830181,32.782939],[130.830159,32.782979],[130.830116,32.783033],[130.830094,32.783063],[130.830054,32.783102],[130.830014,32.783143],[130.829987,32.783186],[130.829977,32.78321],[130.829965,32.783252],[130.829959,32.783292],[130.829981,32.783299],[130.829985,32.7833],[130.829985,32.7833],[130.830003,32.783305],[130.830195,32.783362],[130.830166,32.783455],[130.830168,32.783457],[130.830214,32.783497],[130.830839,32.78365],[130.830898,32.783666],[130.830908,32.78364],[130.830937,32.783566],[130.830953,32.783521],[130.830958,32.783509],[130.830959,32.783505],[130.830969,32.783469],[130.83097,32.783458],[130.830973,32.783432],[130.830977,32.783375],[130.830992,32.783333],[130.83103,32.78323],[130.831039,32.783206],[130.831042,32.783197],[130.831074,32.783153],[130.83111,32.783109],[130.831158,32.783019],[130.831302,32.783031],[130.831361,32.783039],[130.831363,32.783035],[130.831371,32.783036],[130.831381,32.783001],[130.831464,32.78279],[130.831495,32.782713],[130.831501,32.782698],[130.831536,32.782613],[130.831683,32.782252],[130.831684,32.782251],[130.831672,32.782216],[130.831602,32.782185],[130.831498,32.782129],[130.83139,32.782078],[130.831289,32.78203],[130.831201,32.781988],[130.831114,32.781947],[130.831086,32.781938],[130.831019,32.781916],[130.830991,32.781907],[130.830889,32.781856],[130.830792,32.781819]]]}},{"type":"Feature","properties":{"DistName":"くまもと臨空テクノパーク地区計画","DistType":"地区計画","DistCode":1,"Pref":"熊本県","Citycode":"43443","Cityname":"益城町","FNDate":null},"geometry":{"type":"Polygon","coordinates":[[[130.854489,32.827886],[130.854081,32.827723],[130.854061,32.827715],[130.853913,32.827655],[130.853804,32.827612],[130.853722,32.827607],[130.853194,32.827381],[130.852742,32.827187],[130.852616,32.827137],[130.852611,32.827135],[130.85258,32.827123],[130.852487,32.827085],[130.852332,32.827023],[130.852085,32.826923],[130.85181,32.826812],[130.85169,32.826766],[130.851665,32.826756],[130.851616,32.826736],[130.851578,32.826721],[130.851504,32.826691],[130.851467,32.826676],[130.85143,32.826662],[130.851355,32.826632],[130.851318,32.826617],[130.851281,32.826602],[130.851244,32.826587],[130.851206,32.826572],[130.851169,32.826557],[130.851132,32.826542],[130.8511,32.826529],[130.851095,32.826527],[130.851058,32.826512],[130.850983,32.826482],[130.850945,32.826468],[130.850833,32.826424],[130.850759,32.826394],[130.850721,32.826379],[130.85069,32.826367],[130.85047,32.826292],[130.850215,32.826203],[130.850061,32.826141],[130.850017,32.826124],[130.849578,32.825946],[130.849287,32.825831],[130.848966,32.825681],[130.848676,32.82556],[130.848659,32.825553],[130.848658,32.825552],[130.848631,32.825542],[130.848132,32.825358],[130.848087,32.825342],[130.847906,32.825282],[130.847487,32.825144],[130.847128,32.825006],[130.847113,32.825001],[130.847085,32.824991],[130.847046,32.824978],[130.84698,32.824955],[130.846946,32.824943],[130.846917,32.824936],[130.846889,32.824934],[130.846858,32.824935],[130.84685,32.824936],[130.846832,32.824938],[130.846831,32.824938],[130.846801,32.824946],[130.84679,32.824953],[130.846772,32.824967],[130.846769,32.82497],[130.846758,32.824981],[130.846742,32.825],[130.84674,32.825002],[130.846724,32.825024],[130.846678,32.825102],[130.846673,32.825111],[130.846644,32.825162],[130.846615,32.825213],[130.846586,32.825264],[130.846557,32.825315],[130.846528,32.825366],[130.846499,32.825417],[130.84647,32.825468],[130.84644,32.825518],[130.846411,32.825569],[130.846382,32.82562],[130.846353,32.825671],[130.846324,32.825722],[130.846295,32.825773],[130.846266,32.825824],[130.846237,32.825875],[130.846211,32.825922],[130.846209,32.825925],[130.84618,32.825977],[130.846152,32.826028],[130.846123,32.826079],[130.846095,32.82613],[130.846065,32.826185],[130.846038,32.826232],[130.845954,32.826379],[130.845951,32.826384],[130.845922,32.826435],[130.845893,32.826486],[130.845864,32.826537],[130.845835,32.826588],[130.845807,32.826639],[130.845778,32.82669],[130.845754,32.826732],[130.845749,32.826741],[130.84572,32.826792],[130.845691,32.826843],[130.845665,32.82689],[130.845663,32.826894],[130.845637,32.826946],[130.845611,32.826998],[130.845586,32.82705],[130.84556,32.827103],[130.845532,32.827154],[130.845503,32.827204],[130.845473,32.827255],[130.845443,32.827306],[130.845391,32.827395],[130.845526,32.827437],[130.845598,32.82746],[130.845555,32.827551],[130.845815,32.827596],[130.845862,32.827604],[130.845877,32.827606],[130.845873,32.827638],[130.845866,32.827684],[130.84586,32.827731],[130.845849,32.827779],[130.845834,32.827826],[130.845816,32.827881],[130.845803,32.827944],[130.845791,32.828003],[130.845894,32.828035],[130.845963,32.828057],[130.846031,32.828079],[130.8461,32.828101],[130.846169,32.828123],[130.846238,32.828145],[130.846275,32.828159],[130.846286,32.828164],[130.846343,32.828197],[130.846399,32.82823],[130.846461,32.828262],[130.846472,32.828268],[130.84654,32.828297],[130.846631,32.828323],[130.846714,32.828342],[130.846801,32.828361],[130.84688,32.828379],[130.846963,32.828398],[130.847043,32.828416],[130.847121,32.828434],[130.847209,32.828449],[130.847283,32.828453],[130.847296,32.828449],[130.847379,32.828422],[130.847408,32.828412],[130.847439,32.828347],[130.847453,32.828316],[130.847458,32.828305],[130.847466,32.828317],[130.847715,32.828291],[130.848339,32.828303],[130.848339,32.828262],[130.848835,32.828314],[130.848895,32.828322],[130.848956,32.828329],[130.849017,32.828337],[130.849079,32.828345],[130.849106,32.828348],[130.849142,32.828353],[130.849206,32.828361],[130.849271,32.828369],[130.849336,32.828377],[130.849403,32.828385],[130.84949,32.828397],[130.849598,32.828412],[130.849713,32.828429],[130.849824,32.828445],[130.849943,32.828462],[130.850061,32.828479],[130.85018,32.828496],[130.85028,32.82851],[130.850318,32.828516],[130.850331,32.828519],[130.850374,32.828528],[130.850388,32.828531],[130.8503,32.828742],[130.850406,32.828779],[130.850436,32.82879],[130.850466,32.8288],[130.85048,32.828805],[130.85054,32.828826],[130.850561,32.828833],[130.850582,32.82884],[130.850621,32.828854],[130.850658,32.828867],[130.850678,32.828874],[130.850697,32.828881],[130.850718,32.828888],[130.850738,32.828895],[130.850751,32.828899],[130.850759,32.828903],[130.85078,32.828911],[130.850801,32.828919],[130.850844,32.828935],[130.850866,32.828943],[130.850888,32.828952],[130.85091,32.82896],[130.850932,32.828969],[130.850977,32.828986],[130.851022,32.829003],[130.851046,32.829012],[130.851095,32.829031],[130.85112,32.829041],[130.851125,32.829042],[130.851151,32.829031],[130.851198,32.829044],[130.851231,32.829053],[130.851348,32.829087],[130.851383,32.829096],[130.851395,32.8291],[130.851402,32.829102],[130.851407,32.829105],[130.851454,32.829136],[130.851498,32.829165],[130.851543,32.829195],[130.851548,32.829198],[130.85158,32.829216],[130.851602,32.829229],[130.851613,32.829236],[130.851645,32.829258],[130.851653,32.829265],[130.851673,32.829282],[130.8517,32.829307],[130.8517,32.829307],[130.851722,32.829332],[130.851739,32.829353],[130.851743,32.829358],[130.85175,32.829367],[130.851762,32.829385],[130.85177,32.829401],[130.85178,32.829419],[130.851791,32.829448],[130.851794,32.829454],[130.851798,32.829466],[130.85265,32.829581],[130.852872,32.829661],[130.85289,32.829609],[130.852908,32.829559],[130.852955,32.829567],[130.853002,32.829575],[130.853048,32.829584],[130.853094,32.829593],[130.853139,32.829602],[130.853185,32.829611],[130.853231,32.82962],[130.853277,32.829629],[130.853322,32.829638],[130.853368,32.829647],[130.853414,32.829656],[130.853459,32.829665],[130.853505,32.829674],[130.85355,32.829683],[130.853596,32.829692],[130.853641,32.8297],[130.853692,32.829711],[130.853701,32.829713],[130.853747,32.829725],[130.853878,32.829749],[130.853926,32.829758],[130.853951,32.829762],[130.854111,32.829795],[130.854202,32.829814],[130.854248,32.829824],[130.854339,32.829842],[130.854358,32.829846],[130.85443,32.82986],[130.854474,32.829869],[130.854523,32.829879],[130.854534,32.829879],[130.854536,32.829879],[130.854586,32.82987],[130.854631,32.829861],[130.854678,32.829852],[130.854705,32.829847],[130.854713,32.829844],[130.854723,32.829836],[130.854741,32.829804],[130.854777,32.829746],[130.854796,32.829714],[130.854844,32.829636],[130.854853,32.829621],[130.85487,32.82959],[130.854887,32.829561],[130.854919,32.829505],[130.854949,32.829452],[130.854955,32.829443],[130.854964,32.829427],[130.85498,32.829403],[130.854996,32.829378],[130.855027,32.829327],[130.855053,32.829286],[130.85506,32.829276],[130.855075,32.82925],[130.855091,32.829224],[130.855122,32.829173],[130.85514,32.829144],[130.855154,32.829126],[130.855171,32.829102],[130.855187,32.829079],[130.855203,32.829057],[130.855203,32.829057],[130.855203,32.829057],[130.855208,32.82905],[130.855219,32.829036],[130.855267,32.828974],[130.855282,32.828954],[130.855296,32.828937],[130.855298,32.828934],[130.855315,32.828914],[130.855333,32.828893],[130.855352,32.828872],[130.855363,32.828858],[130.855369,32.828849],[130.855383,32.828826],[130.855409,32.828787],[130.85542,32.82877],[130.85543,32.828754],[130.855446,32.82873],[130.855448,32.828727],[130.855456,32.828715],[130.855462,32.828706],[130.855468,32.828696],[130.855425,32.828705],[130.855387,32.828706],[130.855361,32.8287],[130.855354,32.828699],[130.855324,32.828688],[130.855298,32.828677],[130.855274,32.828667],[130.85525,32.828657],[130.855225,32.828647],[130.8552,32.828636],[130.855174,32.828625],[130.855148,32.828614],[130.855121,32.828603],[130.855094,32.828592],[130.855067,32.82858],[130.85505,32.828573],[130.855039,32.828568],[130.85501,32.828556],[130.854981,32.828544],[130.854951,32.828532],[130.854921,32.828519],[130.85489,32.828506],[130.854859,32.828493],[130.854827,32.82848],[130.854795,32.828466],[130.854762,32.828452],[130.854728,32.828438],[130.854718,32.828434],[130.854692,32.828426],[130.854665,32.828416],[130.854659,32.828415],[130.854654,32.828413],[130.854624,32.828405],[130.854585,32.828397],[130.854574,32.828393],[130.854588,32.828363],[130.854592,32.828354],[130.854592,32.828354],[130.854596,32.828344],[130.854601,32.828334],[130.854605,32.828324],[130.854609,32.828315],[130.854617,32.828298],[130.854624,32.828281],[130.854628,32.828274],[130.854631,32.828266],[130.854637,32.828253],[130.85464,32.828246],[130.854646,32.828234],[130.854648,32.828228],[130.854651,32.828222],[130.854653,32.828217],[130.854655,32.828212],[130.854658,32.828207],[130.854662,32.828197],[130.854664,32.828193],[130.854666,32.828188],[130.854669,32.82818],[130.854671,32.828177],[130.854674,32.828169],[130.854677,32.828163],[130.854679,32.82816],[130.85468,32.828157],[130.854681,32.828154],[130.854683,32.828151],[130.854684,32.828148],[130.854685,32.828145],[130.854686,32.828143],[130.854688,32.828139],[130.854767,32.827999],[130.854489,32.827886]]]}},{"type":"Feature","properties":{"DistName":"益城町宮園一ノ迫地区計画","DistType":"地区計画","DistCode":1,"Pref":"熊本県","Citycode":"43443","Cityname":"益城町","FNDate":null},"geometry":{"type":"Polygon","coordinates":[[[130.813729,32.7961],[130.813686,32.796005],[130.813667,32.795894],[130.813645,32.79582],[130.813617,32.795628],[130.81319,32.795662],[130.81316,32.795663],[130.813151,32.795663],[130.81303,32.795635],[130.813002,32.795621],[130.8129,32.795565],[130.812827,32.795653],[130.812813,32.795666],[130.812705,32.795777],[130.81267,32.795809],[130.812601,32.795871],[130.812522,32.795942],[130.812511,32.795955],[130.812493,32.795987],[130.812468,32.796031],[130.812469,32.796063],[130.812477,32.796069],[130.812491,32.796276],[130.812493,32.7963],[130.812553,32.796413],[130.812618,32.796554],[130.812638,32.79661],[130.812658,32.796668],[130.812677,32.79673],[130.812692,32.796793],[130.812708,32.796881],[130.812711,32.796905],[130.812718,32.796959],[130.812719,32.796969],[130.812724,32.797044],[130.812726,32.797101],[130.812724,32.797129],[130.812756,32.797133],[130.812758,32.797133],[130.812771,32.797134],[130.812903,32.797149],[130.812908,32.79715],[130.812915,32.797151],[130.812924,32.797152],[130.812934,32.797242],[130.812916,32.797261],[130.812905,32.797272],[130.812716,32.797254],[130.812711,32.797288],[130.812708,32.797307],[130.812735,32.79731],[130.812785,32.797315],[130.812813,32.797318],[130.81284,32.79732],[130.812864,32.797323],[130.812887,32.797325],[130.812892,32.797325],[130.812904,32.797324],[130.812925,32.797322],[130.812946,32.79732],[130.812967,32.797317],[130.812988,32.797315],[130.81301,32.797313],[130.813031,32.797311],[130.813032,32.797311],[130.813053,32.797309],[130.813075,32.797307],[130.813096,32.797305],[130.813118,32.797303],[130.813139,32.797301],[130.813181,32.797297],[130.813202,32.797295],[130.813244,32.797291],[130.813265,32.797289],[130.813282,32.797287],[130.813351,32.79728],[130.81336,32.797279],[130.813418,32.797273],[130.813487,32.797275],[130.813516,32.797275],[130.813514,32.797281],[130.813426,32.797457],[130.813433,32.797509],[130.813435,32.797521],[130.813502,32.797544],[130.813603,32.797578],[130.813905,32.797681],[130.813909,32.797673],[130.813971,32.797532],[130.814008,32.797454],[130.814054,32.797478],[130.81436,32.797635],[130.814485,32.797707],[130.814492,32.797686],[130.814501,32.797663],[130.81451,32.797638],[130.814519,32.797612],[130.814527,32.797605],[130.81455,32.797583],[130.814621,32.797418],[130.814698,32.797195],[130.814695,32.797194],[130.814683,32.797191],[130.814546,32.797155],[130.814546,32.797153],[130.814553,32.797136],[130.814615,32.796962],[130.814638,32.796898],[130.814655,32.796845],[130.814907,32.796899],[130.814963,32.796727],[130.815124,32.796769],[130.815388,32.796836],[130.815415,32.796843],[130.8155,32.796577],[130.81554,32.796449],[130.815448,32.796406],[130.815395,32.79638],[130.815389,32.796377],[130.815343,32.796354],[130.815327,32.796345],[130.815319,32.79634],[130.815237,32.79629],[130.815156,32.796236],[130.815118,32.796206],[130.815117,32.796207],[130.815064,32.796324],[130.815002,32.7963],[130.814986,32.796295],[130.814871,32.796259],[130.814739,32.796225],[130.814603,32.796194],[130.814562,32.796186],[130.814529,32.796181],[130.814442,32.796175],[130.814354,32.796174],[130.814262,32.79618],[130.81418,32.796187],[130.814108,32.796196],[130.814042,32.796211],[130.813912,32.796223],[130.813875,32.796228],[130.813863,32.79623],[130.813792,32.79624],[130.813778,32.796242],[130.813776,32.796236],[130.813774,32.796232],[130.81377,32.79622],[130.813766,32.796208],[130.813729,32.7961]]]}},{"type":"Feature","properties":{"DistName":"益城町馬水西原第二地区計画","DistType":"地区計画","DistCode":1,"Pref":"熊本県","Citycode":"43443","Cityname":"益城町","FNDate":null},"geometry":{"type":"Polygon","coordinates":[[[130.802224,32.788166],[130.80222,32.788174],[130.802148,32.788323],[130.802006,32.788612],[130.801981,32.788664],[130.801737,32.788573],[130.801519,32.789017],[130.801536,32.789045],[130.801628,32.789086],[130.801636,32.78909],[130.801758,32.789147],[130.801726,32.789199],[130.801715,32.789216],[130.801933,32.789294],[130.802177,32.789384],[130.802178,32.789384],[130.802344,32.789043],[130.802359,32.789014],[130.802649,32.788421],[130.802665,32.788388],[130.802681,32.788357],[130.802706,32.788306],[130.802263,32.788134],[130.802248,32.788128],[130.802244,32.788126],[130.802229,32.788156],[130.802224,32.788166]]]}},{"type":"Feature","properties":{"DistName":"益城町砥川戸鼻崎地区計画","DistType":"地区計画","DistCode":1,"Pref":"熊本県","Citycode":"43443","Cityname":"益城町","FNDate":null},"geometry":{"type":"Polygon","coordinates":[[[130.813602,32.756918],[130.813503,32.756919],[130.81349,32.756919],[130.813439,32.757084],[130.813419,32.757149],[130.813416,32.757159],[130.813394,32.757158],[130.813193,32.757117],[130.813188,32.757135],[130.813184,32.757149],[130.813384,32.75719],[130.813392,32.757192],[130.813364,32.757308],[130.81336,32.757307],[130.813166,32.757267],[130.813155,32.757265],[130.813131,32.757357],[130.81322,32.757334],[130.813352,32.757361],[130.813359,32.757362],[130.813358,32.75738],[130.813354,32.757424],[130.813344,32.757556],[130.813332,32.757621],[130.813347,32.757628],[130.813376,32.757641],[130.8135,32.757735],[130.813542,32.757739],[130.813563,32.757743],[130.813705,32.757763],[130.813868,32.757766],[130.813854,32.757663],[130.813831,32.757582],[130.813812,32.757504],[130.813799,32.757363],[130.81379,32.757296],[130.81379,32.757224],[130.813792,32.757207],[130.813795,32.757196],[130.813829,32.757064],[130.81383,32.756982],[130.813831,32.756949],[130.813831,32.756941],[130.813881,32.756948],[130.813882,32.756911],[130.813836,32.756905],[130.813754,32.756896],[130.813746,32.756901],[130.813736,32.756907],[130.813726,32.756913],[130.813711,32.756918],[130.813695,32.756921],[130.813675,32.75692],[130.813602,32.756918]]]}},{"type":"Feature","properties":{"DistName":"益城町福富地区計画","DistType":"地区計画","DistCode":1,"Pref":"熊本県","Citycode":"43443","Cityname":"益城町","FNDate":null},"geometry":{"type":"Polygon","coordinates":[[[130.797403,32.786138],[130.797451,32.78609],[130.797437,32.785843],[130.797427,32.785655],[130.797412,32.785655],[130.797374,32.785656],[130.797374,32.785638],[130.797372,32.785573],[130.797365,32.78533],[130.797358,32.785101],[130.797362,32.785092],[130.797384,32.785037],[130.797384,32.784678],[130.797384,32.784656],[130.797383,32.784643],[130.797383,32.784636],[130.797381,32.784629],[130.79738,32.784625],[130.797379,32.784622],[130.797354,32.78455],[130.797344,32.784547],[130.797324,32.784541],[130.797316,32.784529],[130.797315,32.784526],[130.797301,32.784505],[130.797304,32.784504],[130.79732,32.784494],[130.797367,32.784465],[130.797416,32.784434],[130.797607,32.784304],[130.797744,32.784216],[130.797746,32.784214],[130.797847,32.784157],[130.797927,32.784113],[130.797947,32.784071],[130.798018,32.783916],[130.798154,32.783637],[130.798164,32.783617],[130.798174,32.783597],[130.798177,32.78359],[130.79819,32.783564],[130.798169,32.783556],[130.79776,32.783409],[130.797689,32.783383],[130.797555,32.783333],[130.797491,32.78331],[130.797379,32.783268],[130.79738,32.783267],[130.797492,32.78309],[130.797558,32.782985],[130.797779,32.782779],[130.797864,32.782699],[130.797841,32.782677],[130.79784,32.782676],[130.79798,32.782453],[130.797929,32.782429],[130.797909,32.782424],[130.797991,32.782107],[130.798029,32.782118],[130.798039,32.78212],[130.798088,32.781922],[130.798104,32.781844],[130.798102,32.781837],[130.798097,32.781818],[130.798092,32.781795],[130.798094,32.781768],[130.7981,32.781742],[130.798166,32.781568],[130.798227,32.781404],[130.79824,32.781414],[130.798289,32.781456],[130.798602,32.781248],[130.798595,32.781236],[130.798507,32.781098],[130.798404,32.780962],[130.798368,32.780922],[130.798303,32.780863],[130.798227,32.780811],[130.79817,32.780779],[130.798132,32.780759],[130.798087,32.780741],[130.798153,32.780621],[130.798189,32.780556],[130.798236,32.780472],[130.798241,32.780463],[130.798252,32.780442],[130.798254,32.780439],[130.798315,32.780342],[130.798343,32.780296],[130.798368,32.780255],[130.798411,32.780185],[130.798451,32.780129],[130.798481,32.780093],[130.798469,32.780086],[130.798292,32.779981],[130.798276,32.779975],[130.798235,32.779956],[130.798209,32.779946],[130.798198,32.779942],[130.798124,32.779919],[130.798078,32.779905],[130.798071,32.779906],[130.798047,32.779909],[130.797994,32.77989],[130.797892,32.779846],[130.797873,32.779838],[130.797869,32.779836],[130.797855,32.779831],[130.797847,32.779828],[130.797816,32.779817],[130.797799,32.779812],[130.797736,32.779792],[130.797661,32.779769],[130.797589,32.779747],[130.797589,32.779763],[130.79756,32.779832],[130.797558,32.779832],[130.797376,32.779795],[130.797328,32.779789],[130.797287,32.779784],[130.797184,32.7798],[130.797158,32.7798],[130.796884,32.779793],[130.796785,32.779786],[130.796646,32.779758],[130.796635,32.779755],[130.796571,32.779736],[130.796485,32.779714],[130.796471,32.779711],[130.796444,32.779702],[130.796419,32.779689],[130.796276,32.779599],[130.796244,32.779579],[130.79623,32.779573],[130.796232,32.779316],[130.79645,32.779328],[130.796486,32.779055],[130.796123,32.779023],[130.796025,32.779011],[130.796003,32.779008],[130.795925,32.779001],[130.795862,32.77899],[130.795682,32.778969],[130.795536,32.778954],[130.79544,32.778944],[130.795361,32.778936],[130.795244,32.778919],[130.795213,32.778914],[130.795142,32.778904],[130.795059,32.778891],[130.79493,32.778873],[130.794882,32.778867],[130.794843,32.778863],[130.794833,32.778862],[130.794833,32.778862],[130.794831,32.778862],[130.794819,32.77886],[130.794799,32.778857],[130.794751,32.778846],[130.794668,32.778829],[130.794665,32.778829],[130.794481,32.778788],[130.794443,32.77878],[130.794252,32.778741],[130.794169,32.778722],[130.794103,32.778708],[130.794075,32.778714],[130.794052,32.778719],[130.794061,32.778782],[130.7941,32.779061],[130.794109,32.779158],[130.794114,32.779202],[130.794117,32.779245],[130.794176,32.779264],[130.794199,32.779279],[130.794222,32.779308],[130.794241,32.779352],[130.794244,32.779362],[130.794251,32.779385],[130.794265,32.779488],[130.794273,32.779579],[130.794274,32.779591],[130.794273,32.779686],[130.794273,32.779791],[130.794273,32.779821],[130.794271,32.779897],[130.794269,32.780002],[130.794266,32.780102],[130.794266,32.780202],[130.794267,32.780377],[130.794266,32.780394],[130.794266,32.780404],[130.794258,32.780586],[130.794256,32.780633],[130.794242,32.780778],[130.794161,32.781154],[130.794185,32.781157],[130.79441,32.78119],[130.79446,32.78117],[130.794643,32.781197],[130.79465,32.781197],[130.794653,32.781198],[130.794655,32.781198],[130.794658,32.781199],[130.79466,32.781199],[130.794663,32.781199],[130.794666,32.7812],[130.794668,32.7812],[130.794671,32.7812],[130.794674,32.781201],[130.794676,32.781201],[130.794679,32.781202],[130.794681,32.781202],[130.794684,32.781202],[130.794687,32.781203],[130.794689,32.781203],[130.794692,32.781203],[130.794695,32.781204],[130.794697,32.781204],[130.7947,32.781205],[130.794702,32.781205],[130.794705,32.781205],[130.794708,32.781206],[130.79471,32.781206],[130.794713,32.781206],[130.794715,32.781207],[130.794718,32.781207],[130.794721,32.781208],[130.794723,32.781208],[130.794726,32.781208],[130.794729,32.781209],[130.794731,32.781209],[130.794734,32.781209],[130.794736,32.78121],[130.794739,32.78121],[130.794742,32.781211],[130.794744,32.781211],[130.794747,32.781211],[130.794749,32.781212],[130.794752,32.781212],[130.794755,32.781213],[130.794757,32.781213],[130.79476,32.781213],[130.794763,32.781214],[130.794765,32.781214],[130.794768,32.781214],[130.79477,32.781215],[130.794773,32.781215],[130.794776,32.781216],[130.794778,32.781216],[130.794781,32.781216],[130.794783,32.781217],[130.794786,32.781217],[130.794789,32.781217],[130.794791,32.781218],[130.794794,32.781218],[130.794796,32.781219],[130.794799,32.781219],[130.794802,32.781219],[130.794804,32.78122],[130.794807,32.78122],[130.794809,32.781221],[130.794812,32.781221],[130.794815,32.781221],[130.794816,32.781221],[130.794817,32.781222],[130.79482,32.781222],[130.794822,32.781222],[130.794825,32.781223],[130.794827,32.781223],[130.79483,32.781224],[130.794833,32.781224],[130.794835,32.781224],[130.794838,32.781225],[130.794832,32.781266],[130.794831,32.781284],[130.794828,32.781336],[130.794819,32.781438],[130.794812,32.781515],[130.794798,32.781608],[130.79479,32.781674],[130.794777,32.781767],[130.794766,32.781829],[130.794754,32.781867],[130.794735,32.781911],[130.794701,32.78198],[130.794656,32.782075],[130.794612,32.782167],[130.794595,32.782207],[130.794574,32.782266],[130.794558,32.782312],[130.794535,32.782381],[130.794502,32.782486],[130.79448,32.782567],[130.794459,32.782657],[130.794374,32.78296],[130.794364,32.783016],[130.794361,32.783035],[130.794351,32.783091],[130.794346,32.783132],[130.794347,32.783166],[130.794354,32.783199],[130.794358,32.783214],[130.79436,32.783219],[130.794371,32.783246],[130.794409,32.783308],[130.794425,32.783333],[130.794467,32.783398],[130.79447,32.783404],[130.794471,32.783405],[130.794477,32.783412],[130.7945,32.783442],[130.794504,32.783446],[130.794529,32.783477],[130.794553,32.783505],[130.794582,32.783541],[130.794609,32.783572],[130.79463,32.783602],[130.794668,32.783657],[130.794668,32.783657],[130.794679,32.783672],[130.794722,32.783727],[130.79477,32.783788],[130.794804,32.783845],[130.794827,32.783883],[130.794831,32.78389],[130.794851,32.783937],[130.794855,32.783946],[130.794866,32.783974],[130.794878,32.784017],[130.794885,32.784069],[130.794886,32.78408],[130.79489,32.784129],[130.794893,32.784172],[130.794894,32.784215],[130.794892,32.78424],[130.794889,32.784275],[130.794883,32.784307],[130.79488,32.784319],[130.79487,32.784346],[130.794859,32.784373],[130.794845,32.784399],[130.794824,32.784436],[130.794802,32.784472],[130.794779,32.784504],[130.794754,32.784537],[130.794723,32.784572],[130.79468,32.78462],[130.794649,32.784658],[130.794632,32.784682],[130.794623,32.784701],[130.794612,32.784725],[130.7946,32.784757],[130.794591,32.784793],[130.794588,32.784822],[130.794587,32.784846],[130.794589,32.784881],[130.794618,32.785052],[130.794641,32.785186],[130.794663,32.785274],[130.794689,32.78536],[130.794721,32.785446],[130.794738,32.785488],[130.794742,32.785497],[130.794749,32.785514],[130.794755,32.785525],[130.794784,32.785576],[130.794785,32.785578],[130.794803,32.785597],[130.794807,32.785601],[130.794832,32.785624],[130.794836,32.785627],[130.794855,32.785642],[130.794888,32.785664],[130.794911,32.78568],[130.794934,32.785694],[130.794973,32.785714],[130.794982,32.785719],[130.795011,32.785734],[130.795023,32.78574],[130.795055,32.785756],[130.795146,32.785801],[130.795166,32.785811],[130.795214,32.785839],[130.795329,32.785913],[130.795273,32.785958],[130.79528,32.785965],[130.795399,32.786067],[130.795462,32.786154],[130.795471,32.786169],[130.795479,32.786188],[130.795484,32.786216],[130.795497,32.786284],[130.795503,32.786313],[130.795511,32.786338],[130.79552,32.786358],[130.795542,32.786401],[130.795549,32.786413],[130.795549,32.786415],[130.79556,32.786432],[130.79557,32.786446],[130.795625,32.786423],[130.795653,32.786236],[130.795658,32.786201],[130.795661,32.786183],[130.795662,32.786174],[130.795666,32.78615],[130.79567,32.786116],[130.795672,32.786104],[130.795673,32.7861],[130.795681,32.786103],[130.79572,32.786115],[130.795828,32.786141],[130.795839,32.786166],[130.795887,32.786273],[130.795907,32.786337],[130.795911,32.786349],[130.795969,32.78647],[130.796005,32.786518],[130.796022,32.786533],[130.796082,32.786585],[130.796113,32.786591],[130.796115,32.786591],[130.796306,32.786704],[130.796451,32.786775],[130.796463,32.786781],[130.796591,32.786804],[130.796631,32.786811],[130.796635,32.786826],[130.796646,32.786841],[130.796665,32.786852],[130.796702,32.786865],[130.796777,32.786891],[130.796834,32.786911],[130.796864,32.786923],[130.79692,32.786943],[130.796999,32.786974],[130.797066,32.787004],[130.797094,32.787017],[130.797252,32.78709],[130.797266,32.787099],[130.79727,32.787102],[130.797283,32.787117],[130.79734,32.787224],[130.797347,32.787237],[130.797361,32.787243],[130.797389,32.787251],[130.797448,32.787266],[130.797461,32.787269],[130.797473,32.787271],[130.797485,32.787273],[130.797492,32.787273],[130.797488,32.787229],[130.797464,32.78692],[130.797407,32.786182],[130.797406,32.786168],[130.797403,32.786138]]]}},{"type":"Feature","properties":{"DistName":"益城町広崎地区計画","DistType":"地区計画","DistCode":1,"Pref":"熊本県","Citycode":"43443","Cityname":"益城町","FNDate":null},"geometry":{"type":"Polygon","coordinates":[[[130.793779,32.778647],[130.79372,32.778635],[130.793685,32.778627],[130.793676,32.778625],[130.793649,32.778621],[130.793648,32.778621],[130.793616,32.778618],[130.793611,32.778618],[130.793551,32.778612],[130.793543,32.778612],[130.793517,32.778611],[130.793491,32.778612],[130.793466,32.778615],[130.793356,32.778637],[130.793171,32.778673],[130.793162,32.778674],[130.79314,32.778667],[130.793103,32.778657],[130.793006,32.778624],[130.792945,32.778603],[130.792907,32.778592],[130.792856,32.778577],[130.792813,32.778564],[130.792775,32.778552],[130.792665,32.77852],[130.792629,32.778509],[130.792572,32.778492],[130.792056,32.778295],[130.791867,32.778229],[130.791859,32.778225],[130.791807,32.778198],[130.791803,32.778198],[130.791796,32.778196],[130.791782,32.778194],[130.791771,32.778189],[130.791753,32.778175],[130.791743,32.778166],[130.791729,32.778154],[130.791693,32.778135],[130.791692,32.778134],[130.79169,32.778133],[130.791614,32.778102],[130.791402,32.778019],[130.791363,32.778004],[130.791325,32.77799],[130.791267,32.777969],[130.791261,32.777967],[130.791241,32.777959],[130.791206,32.777946],[130.791061,32.777888],[130.79086,32.777813],[130.790839,32.777806],[130.790582,32.777712],[130.790222,32.777571],[130.790185,32.777556],[130.790128,32.777548],[130.790096,32.777543],[130.789914,32.777487],[130.789889,32.777482],[130.789759,32.777451],[130.789636,32.777431],[130.789541,32.7774],[130.789521,32.777397],[130.789493,32.777393],[130.789487,32.777392],[130.789408,32.77738],[130.789372,32.777373],[130.789169,32.777331],[130.788984,32.77729],[130.788926,32.777274],[130.788871,32.777255],[130.788851,32.777249],[130.788835,32.777244],[130.788743,32.777212],[130.788714,32.777201],[130.78868,32.777185],[130.788667,32.777179],[130.788649,32.777169],[130.788611,32.777143],[130.788574,32.777115],[130.788535,32.77708],[130.788469,32.777012],[130.788393,32.776924],[130.788281,32.776791],[130.788203,32.776702],[130.788161,32.776652],[130.788094,32.776579],[130.788028,32.77651],[130.787975,32.77646],[130.787915,32.776406],[130.787844,32.776345],[130.787771,32.776283],[130.787743,32.776261],[130.787731,32.776252],[130.787714,32.776239],[130.787711,32.776237],[130.787692,32.776223],[130.787639,32.776187],[130.787587,32.776154],[130.787557,32.776137],[130.787523,32.776184],[130.78752,32.776189],[130.78726,32.776557],[130.787257,32.776561],[130.787247,32.776609],[130.787249,32.776617],[130.787251,32.776631],[130.787254,32.776647],[130.787285,32.776709],[130.787341,32.77682],[130.787386,32.776942],[130.787461,32.777184],[130.787541,32.777352],[130.787594,32.777463],[130.787642,32.77757],[130.787704,32.777726],[130.787712,32.777751],[130.787756,32.777879],[130.787798,32.777974],[130.787759,32.778305],[130.787751,32.778305],[130.787637,32.778298],[130.787636,32.778301],[130.787549,32.778592],[130.787537,32.77863],[130.787535,32.778639],[130.787376,32.778797],[130.787354,32.778819],[130.787266,32.77892],[130.787234,32.778963],[130.787191,32.779018],[130.787121,32.779083],[130.787013,32.779185],[130.786951,32.779243],[130.786936,32.779257],[130.786889,32.779297],[130.786772,32.779599],[130.786769,32.779605],[130.786771,32.779606],[130.787129,32.779684],[130.787275,32.779712],[130.787547,32.779762],[130.788095,32.779883],[130.788111,32.779886],[130.788153,32.779878],[130.788185,32.779871],[130.7884,32.779919],[130.788537,32.779949],[130.788582,32.77999],[130.788585,32.77999],[130.788589,32.779991],[130.788592,32.779992],[130.788595,32.779992],[130.788598,32.779993],[130.788602,32.779994],[130.788605,32.779995],[130.788607,32.779995],[130.788608,32.779995],[130.788611,32.779996],[130.788615,32.779997],[130.788618,32.779997],[130.788621,32.779998],[130.788625,32.779999],[130.788628,32.78],[130.788631,32.78],[130.788634,32.780001],[130.788638,32.780002],[130.788641,32.780002],[130.788644,32.780003],[130.788648,32.780004],[130.788651,32.780005],[130.788654,32.780005],[130.788657,32.780006],[130.788661,32.780007],[130.788664,32.780007],[130.788667,32.780008],[130.788671,32.780009],[130.788674,32.780009],[130.788677,32.78001],[130.78868,32.780011],[130.788684,32.780012],[130.788687,32.780012],[130.78869,32.780013],[130.788693,32.780014],[130.788697,32.780014],[130.7887,32.780015],[130.788703,32.780016],[130.788707,32.780017],[130.78871,32.780017],[130.788713,32.780018],[130.788716,32.780019],[130.78872,32.780019],[130.788723,32.78002],[130.788726,32.780021],[130.78873,32.780021],[130.788733,32.780022],[130.788736,32.780023],[130.788739,32.780024],[130.788743,32.780024],[130.788746,32.780025],[130.788749,32.780026],[130.788753,32.780026],[130.788756,32.780027],[130.788759,32.780028],[130.788762,32.780028],[130.788766,32.780029],[130.788769,32.78003],[130.788772,32.78003],[130.788776,32.780031],[130.788779,32.780032],[130.788782,32.780033],[130.788785,32.780033],[130.788789,32.780034],[130.788792,32.780035],[130.788795,32.780035],[130.788799,32.780036],[130.788802,32.780037],[130.788805,32.780037],[130.788808,32.780038],[130.788812,32.780039],[130.788815,32.780039],[130.788818,32.78004],[130.788822,32.780041],[130.788825,32.780042],[130.788828,32.780042],[130.788831,32.780043],[130.788835,32.780044],[130.788838,32.780044],[130.788841,32.780045],[130.788845,32.780046],[130.788848,32.780046],[130.788851,32.780047],[130.788854,32.780048],[130.788858,32.780048],[130.788861,32.780049],[130.788864,32.78005],[130.788868,32.78005],[130.788871,32.780051],[130.788874,32.780052],[130.788877,32.780052],[130.788881,32.780053],[130.788884,32.780054],[130.788887,32.780054],[130.788891,32.780055],[130.788894,32.780056],[130.788897,32.780056],[130.7889,32.780057],[130.788904,32.780058],[130.788907,32.780059],[130.78891,32.780059],[130.788914,32.78006],[130.788917,32.780061],[130.78892,32.780061],[130.788923,32.780062],[130.788927,32.780063],[130.78893,32.780063],[130.788933,32.780064],[130.788937,32.780065],[130.78894,32.780065],[130.788943,32.780066],[130.788946,32.780067],[130.78895,32.780067],[130.788953,32.780068],[130.788956,32.780069],[130.78896,32.780069],[130.788963,32.78007],[130.788966,32.780071],[130.78897,32.780071],[130.788973,32.780072],[130.788976,32.780073],[130.788979,32.780073],[130.788983,32.780074],[130.788986,32.780075],[130.788989,32.780075],[130.788993,32.780076],[130.788996,32.780077],[130.788999,32.780077],[130.789002,32.780078],[130.789006,32.780079],[130.789009,32.780079],[130.789012,32.78008],[130.789016,32.780081],[130.789019,32.780081],[130.789022,32.780082],[130.789025,32.780082],[130.789029,32.780083],[130.789032,32.780084],[130.789035,32.780084],[130.789039,32.780085],[130.789042,32.780086],[130.789045,32.780086],[130.789049,32.780087],[130.789052,32.780088],[130.789055,32.780088],[130.789058,32.780089],[130.789062,32.78009],[130.789065,32.78009],[130.789068,32.780091],[130.789072,32.780092],[130.789075,32.780092],[130.789078,32.780093],[130.789081,32.780094],[130.789085,32.780094],[130.789088,32.780095],[130.789091,32.780096],[130.789095,32.780096],[130.789098,32.780097],[130.789101,32.780098],[130.789105,32.780098],[130.789108,32.780099],[130.789111,32.780099],[130.789114,32.7801],[130.789118,32.780101],[130.789121,32.780101],[130.789124,32.780102],[130.789128,32.780103],[130.789131,32.780103],[130.789134,32.780104],[130.789138,32.780105],[130.789141,32.780105],[130.789144,32.780106],[130.789147,32.780107],[130.789151,32.780107],[130.789154,32.780108],[130.789157,32.780108],[130.789161,32.780109],[130.789164,32.78011],[130.789167,32.78011],[130.789171,32.780111],[130.789174,32.780112],[130.789176,32.780112],[130.789178,32.780113],[130.789181,32.780113],[130.789183,32.780114],[130.789185,32.780114],[130.789187,32.780115],[130.78919,32.780115],[130.789192,32.780116],[130.789194,32.780116],[130.789197,32.780117],[130.789199,32.780117],[130.789201,32.780118],[130.789203,32.780118],[130.789206,32.780119],[130.789207,32.780119],[130.789208,32.780119],[130.78921,32.78012],[130.789213,32.78012],[130.789215,32.780121],[130.789217,32.780121],[130.789219,32.780122],[130.789222,32.780123],[130.789224,32.780123],[130.789226,32.780124],[130.789228,32.780124],[130.789231,32.780125],[130.789233,32.780125],[130.789235,32.780126],[130.789238,32.780126],[130.78924,32.780127],[130.789242,32.780127],[130.789244,32.780128],[130.789247,32.780128],[130.789249,32.780129],[130.789251,32.780129],[130.789254,32.78013],[130.789256,32.78013],[130.789258,32.780131],[130.78926,32.780131],[130.789263,32.780132],[130.789265,32.780132],[130.789267,32.780133],[130.789269,32.780133],[130.789272,32.780134],[130.789274,32.780134],[130.789276,32.780135],[130.789279,32.780135],[130.789281,32.780136],[130.789283,32.780136],[130.789285,32.780137],[130.789288,32.780137],[130.78929,32.780138],[130.789292,32.780138],[130.789295,32.780139],[130.789297,32.780139],[130.789299,32.78014],[130.789301,32.78014],[130.789304,32.780141],[130.789306,32.780141],[130.789308,32.780142],[130.789311,32.780142],[130.789313,32.780143],[130.789315,32.780143],[130.789317,32.780144],[130.78932,32.780144],[130.789322,32.780145],[130.789324,32.780145],[130.789326,32.780146],[130.789329,32.780146],[130.789331,32.780147],[130.789333,32.780147],[130.789336,32.780148],[130.789338,32.780148],[130.78934,32.780149],[130.789342,32.780149],[130.789345,32.78015],[130.789347,32.78015],[130.789349,32.780151],[130.789352,32.780151],[130.789354,32.780152],[130.789356,32.780152],[130.789358,32.780153],[130.789361,32.780153],[130.789363,32.780154],[130.789365,32.780154],[130.789368,32.780155],[130.78937,32.780155],[130.789372,32.780156],[130.789374,32.780156],[130.789377,32.780157],[130.789379,32.780157],[130.789381,32.780158],[130.789384,32.780158],[130.789386,32.780159],[130.789388,32.780159],[130.78939,32.78016],[130.789393,32.78016],[130.789395,32.780161],[130.789397,32.780161],[130.7894,32.780162],[130.789402,32.780162],[130.789404,32.780163],[130.789406,32.780163],[130.789409,32.780164],[130.789411,32.780164],[130.789413,32.780165],[130.789416,32.780165],[130.789418,32.780166],[130.78942,32.780166],[130.789422,32.780167],[130.789425,32.780167],[130.789427,32.780168],[130.789429,32.780168],[130.789431,32.780169],[130.789434,32.780169],[130.789436,32.78017],[130.789438,32.78017],[130.789441,32.780171],[130.789443,32.780171],[130.789445,32.780172],[130.789447,32.780172],[130.78945,32.780173],[130.789452,32.780173],[130.789454,32.780174],[130.789457,32.780174],[130.789459,32.780175],[130.789461,32.780175],[130.789463,32.780176],[130.789466,32.780176],[130.789468,32.780177],[130.78947,32.780177],[130.789473,32.780178],[130.789475,32.780178],[130.789477,32.780179],[130.789479,32.780179],[130.789482,32.78018],[130.789484,32.78018],[130.789486,32.780181],[130.789489,32.780181],[130.789491,32.780182],[130.789493,32.780182],[130.789495,32.780183],[130.789498,32.780183],[130.7895,32.780184],[130.789502,32.780184],[130.789505,32.780184],[130.789507,32.780185],[130.789509,32.780185],[130.789511,32.780186],[130.789514,32.780186],[130.789516,32.780187],[130.789518,32.780187],[130.789521,32.780188],[130.789523,32.780188],[130.789525,32.780189],[130.789527,32.780189],[130.78953,32.78019],[130.789532,32.78019],[130.789534,32.780191],[130.789537,32.780191],[130.789539,32.780192],[130.789541,32.780192],[130.789543,32.780193],[130.789546,32.780193],[130.789548,32.780194],[130.78955,32.780194],[130.789553,32.780195],[130.789555,32.780195],[130.789557,32.780196],[130.78956,32.780196],[130.789562,32.780197],[130.789564,32.780197],[130.789566,32.780198],[130.789569,32.780198],[130.789571,32.780199],[130.789573,32.780199],[130.789576,32.780199],[130.789578,32.7802],[130.78958,32.7802],[130.789582,32.780201],[130.789585,32.780201],[130.789589,32.780202],[130.789593,32.780203],[130.789598,32.780204],[130.789602,32.780204],[130.789607,32.780205],[130.789611,32.780206],[130.789615,32.780207],[130.78962,32.780208],[130.789624,32.780208],[130.789628,32.780209],[130.789633,32.78021],[130.789637,32.780211],[130.789642,32.780211],[130.789646,32.780212],[130.78965,32.780213],[130.789655,32.780214],[130.789659,32.780214],[130.789663,32.780215],[130.789668,32.780216],[130.789672,32.780217],[130.789677,32.780217],[130.789681,32.780218],[130.789685,32.780219],[130.78969,32.78022],[130.789694,32.78022],[130.789699,32.780221],[130.789703,32.780222],[130.789707,32.780223],[130.789712,32.780223],[130.789716,32.780224],[130.78972,32.780225],[130.789725,32.780226],[130.789729,32.780226],[130.789734,32.780227],[130.789738,32.780228],[130.789742,32.780229],[130.789747,32.780229],[130.789751,32.78023],[130.789756,32.780231],[130.78976,32.780232],[130.789764,32.780232],[130.789769,32.780233],[130.789773,32.780234],[130.789777,32.780234],[130.789782,32.780235],[130.789786,32.780236],[130.789791,32.780237],[130.789795,32.780237],[130.789799,32.780238],[130.789804,32.780239],[130.789808,32.78024],[130.789813,32.78024],[130.789817,32.780241],[130.789821,32.780242],[130.789826,32.780243],[130.78983,32.780243],[130.789834,32.780244],[130.789839,32.780245],[130.789843,32.780245],[130.789848,32.780246],[130.789852,32.780247],[130.789856,32.780248],[130.789861,32.780248],[130.789865,32.780249],[130.78987,32.78025],[130.789874,32.78025],[130.789878,32.780251],[130.789883,32.780252],[130.789887,32.780253],[130.789892,32.780253],[130.789896,32.780254],[130.7899,32.780255],[130.789905,32.780255],[130.789909,32.780256],[130.789914,32.780257],[130.789918,32.780258],[130.789922,32.780258],[130.789927,32.780259],[130.789931,32.78026],[130.789935,32.78026],[130.78994,32.780261],[130.789944,32.780262],[130.789949,32.780263],[130.789953,32.780263],[130.789957,32.780264],[130.789962,32.780265],[130.789966,32.780265],[130.789971,32.780266],[130.789975,32.780267],[130.789979,32.780267],[130.789984,32.780268],[130.789988,32.780269],[130.789993,32.78027],[130.789997,32.78027],[130.790001,32.780271],[130.790006,32.780272],[130.79001,32.780272],[130.790015,32.780273],[130.790019,32.780274],[130.790023,32.780274],[130.790028,32.780275],[130.790032,32.780276],[130.790037,32.780277],[130.790041,32.780277],[130.790045,32.780278],[130.79005,32.780279],[130.790054,32.780279],[130.790059,32.78028],[130.790063,32.780281],[130.790067,32.780281],[130.790072,32.780282],[130.790076,32.780283],[130.79008,32.780283],[130.790085,32.780284],[130.790089,32.780285],[130.790094,32.780285],[130.790098,32.780286],[130.790102,32.780287],[130.790107,32.780287],[130.790111,32.780288],[130.790113,32.780288],[130.790116,32.780289],[130.79012,32.780289],[130.790124,32.78029],[130.790129,32.780291],[130.790133,32.780291],[130.790138,32.780292],[130.790142,32.780293],[130.790146,32.780294],[130.790151,32.780294],[130.790155,32.780295],[130.79016,32.780296],[130.790164,32.780296],[130.790168,32.780297],[130.790173,32.780298],[130.790177,32.780298],[130.790182,32.780299],[130.790186,32.780299],[130.79019,32.7803],[130.790195,32.780301],[130.790199,32.780301],[130.790204,32.780302],[130.790208,32.780303],[130.790213,32.780303],[130.790217,32.780304],[130.790221,32.780305],[130.790226,32.780305],[130.79023,32.780306],[130.790235,32.780307],[130.790239,32.780307],[130.790243,32.780308],[130.790248,32.780309],[130.790252,32.780309],[130.790257,32.78031],[130.790261,32.780311],[130.790265,32.780311],[130.79027,32.780312],[130.790274,32.780313],[130.790279,32.780313],[130.790283,32.780314],[130.790287,32.780315],[130.790292,32.780315],[130.790296,32.780316],[130.790301,32.780316],[130.790305,32.780317],[130.790309,32.780318],[130.790314,32.780318],[130.790318,32.780319],[130.790323,32.78032],[130.790327,32.78032],[130.790331,32.780321],[130.790336,32.780322],[130.79034,32.780322],[130.790345,32.780323],[130.790349,32.780323],[130.790353,32.780324],[130.790358,32.780325],[130.790362,32.780325],[130.790367,32.780326],[130.790371,32.780327],[130.790376,32.780327],[130.79078,32.780385],[130.791052,32.780424],[130.791459,32.780482],[130.792091,32.780572],[130.792791,32.780672],[130.793009,32.780703],[130.793432,32.780749],[130.79366,32.780782],[130.793681,32.780785],[130.793698,32.780787],[130.793698,32.780785],[130.793697,32.780748],[130.793705,32.780668],[130.793733,32.780365],[130.793735,32.780347],[130.793744,32.780151],[130.793752,32.779989],[130.793753,32.779668],[130.793752,32.779633],[130.793748,32.779535],[130.793745,32.779449],[130.793745,32.779437],[130.793745,32.779239],[130.79378,32.779209],[130.793797,32.779196],[130.79385,32.779196],[130.793839,32.779083],[130.793779,32.778647]]]}},{"type":"Feature","properties":{"DistName":"益城町宮園二ノ迫第一産業地区計画","DistType":"地区計画","DistCode":1,"Pref":"熊本県","Citycode":"43443","Cityname":"益城町","FNDate":null},"geometry":{"type":"Polygon","coordinates":[[[130.812242,32.803773],[130.812268,32.803709],[130.812277,32.803687],[130.812238,32.803673],[130.812272,32.803592],[130.812313,32.803601],[130.812356,32.803527],[130.8124,32.803414],[130.812442,32.803306],[130.812444,32.803277],[130.812446,32.80325],[130.812447,32.803243],[130.812469,32.803191],[130.812477,32.803174],[130.812476,32.803173],[130.812476,32.80317],[130.81247,32.80315],[130.812455,32.803144],[130.812335,32.803095],[130.812313,32.803085],[130.812216,32.803044],[130.812151,32.803017],[130.811891,32.802908],[130.811746,32.802849],[130.811613,32.802795],[130.811583,32.802782],[130.811569,32.802779],[130.81155,32.802779],[130.811536,32.802802],[130.811339,32.803148],[130.81117,32.803427],[130.811038,32.803645],[130.810977,32.803745],[130.810797,32.804049],[130.810618,32.804349],[130.810519,32.804511],[130.810527,32.804514],[130.810782,32.804623],[130.811152,32.804781],[130.811183,32.804795],[130.811489,32.804925],[130.811579,32.804736],[130.8116,32.804692],[130.81149,32.804642],[130.811787,32.804166],[130.8119,32.803964],[130.81215,32.804011],[130.812153,32.803985],[130.812196,32.803886],[130.812203,32.803871],[130.812205,32.803867],[130.812242,32.803773]]]}},{"type":"Feature","properties":{"DistName":"益城町複合防災地区計画","DistType":"地区計画","DistCode":1,"Pref":"熊本県","Citycode":"43443","Cityname":"益城町","FNDate":null},"geometry":{"type":"Polygon","coordinates":[[[130.817972,32.800056],[130.817099,32.799698],[130.817096,32.799702],[130.817001,32.799864],[130.816481,32.800738],[130.816794,32.800865],[130.816791,32.800871],[130.817083,32.800978],[130.81717,32.801016],[130.817255,32.801053],[130.817318,32.80108],[130.817339,32.801089],[130.817972,32.800056]]]}},{"type":"Feature","properties":{"DistName":"くまもと臨空産業地区計画","DistType":"地区計画","DistCode":1,"Pref":"熊本県","Citycode":"43443","Cityname":"益城町","FNDate":null},"geometry":{"type":"Polygon","coordinates":[[[130.861803,32.832522],[130.862613,32.832602],[130.86262,32.832568],[130.862636,32.83251],[130.86267,32.83239],[130.862736,32.832153],[130.862804,32.831927],[130.86283,32.831833],[130.862862,32.831708],[130.86289,32.831608],[130.86292,32.831494],[130.862954,32.831375],[130.862957,32.831338],[130.862956,32.83132],[130.862696,32.831215],[130.862338,32.831071],[130.862344,32.831209],[130.861811,32.831235],[130.861339,32.831287],[130.86112,32.831321],[130.860997,32.831363],[130.860925,32.831386],[130.860859,32.831425],[130.860771,32.831464],[130.86071,32.831496],[130.860677,32.831524],[130.860502,32.831649],[130.860432,32.831683],[130.860322,32.831737],[130.860277,32.831754],[130.86016,32.831804],[130.860604,32.83235],[130.860589,32.83239],[130.860683,32.832442],[130.86087,32.832603],[130.86102,32.832319],[130.86117,32.832039],[130.861257,32.832389],[130.861323,32.832456],[130.861424,32.832439],[130.861669,32.832428],[130.861655,32.83255],[130.861648,32.832681],[130.861662,32.832807],[130.861771,32.832817],[130.861777,32.832799],[130.8618,32.832598],[130.861803,32.832522]]]}},{"type":"Feature","properties":{"DistName":"益城町広崎山下産業地区計画","DistType":"地区計画","DistCode":1,"Pref":"熊本県","Citycode":"43443","Cityname":"益城町","FNDate":null},"geometry":{"type":"Polygon","coordinates":[[[130.783116,32.79665],[130.783069,32.796667],[130.782919,32.796738],[130.78271,32.796835],[130.782658,32.79686],[130.782558,32.79691],[130.782443,32.796969],[130.782399,32.79699],[130.782397,32.796992],[130.782397,32.796993],[130.782396,32.796997],[130.782399,32.797074],[130.782399,32.79715],[130.782391,32.797248],[130.782389,32.79727],[130.782388,32.797287],[130.782385,32.797322],[130.782372,32.797401],[130.782371,32.797409],[130.782354,32.797485],[130.782339,32.797537],[130.782333,32.797558],[130.782329,32.79757],[130.782315,32.797618],[130.782419,32.797677],[130.782447,32.797687],[130.782537,32.797721],[130.782617,32.797754],[130.78273,32.7978],[130.782787,32.797824],[130.782847,32.797845],[130.782867,32.797851],[130.782872,32.797853],[130.782893,32.79786],[130.782909,32.797865],[130.782951,32.797877],[130.782973,32.797881],[130.782992,32.797884],[130.783014,32.797889],[130.783039,32.797879],[130.783099,32.79784],[130.783163,32.797796],[130.783218,32.797766],[130.783279,32.797733],[130.783317,32.797713],[130.783318,32.797712],[130.783333,32.797703],[130.783468,32.79763],[130.783595,32.797562],[130.78367,32.797521],[130.783684,32.797512],[130.783691,32.797498],[130.783694,32.797485],[130.783421,32.797046],[130.783333,32.79692],[130.783327,32.796912],[130.783277,32.796839],[130.783168,32.796677],[130.783157,32.796665],[130.783146,32.796653],[130.783126,32.796647],[130.783116,32.79665]]]}},{"type":"Feature","properties":{"DistName":"益城町馬水外豊地区","DistType":"地区計画","DistCode":1,"Pref":"熊本県","Citycode":"43443","Cityname":"益城町","FNDate":null},"geometry":{"type":"Polygon","coordinates":[[[130.805287,32.791573],[130.805311,32.791528],[130.805312,32.791527],[130.805311,32.791527],[130.80531,32.791526],[130.805309,32.791526],[130.805307,32.791526],[130.805306,32.791525],[130.805305,32.791525],[130.805304,32.791524],[130.805302,32.791524],[130.805301,32.791523],[130.8053,32.791523],[130.805298,32.791522],[130.805297,32.791522],[130.805296,32.791521],[130.805295,32.791521],[130.805293,32.79152],[130.805292,32.79152],[130.805291,32.791519],[130.80529,32.791519],[130.805288,32.791519],[130.805287,32.791518],[130.805286,32.791518],[130.805285,32.791517],[130.805283,32.791517],[130.805282,32.791516],[130.805281,32.791516],[130.80528,32.791515],[130.805278,32.791515],[130.805277,32.791514],[130.805276,32.791514],[130.805275,32.791513],[130.805273,32.791513],[130.805272,32.791512],[130.805271,32.791512],[130.80527,32.791511],[130.805268,32.791511],[130.805267,32.79151],[130.805266,32.79151],[130.805265,32.791509],[130.805263,32.791509],[130.805262,32.791508],[130.805261,32.791508],[130.80526,32.791507],[130.805258,32.791507],[130.805257,32.791506],[130.805256,32.791506],[130.805255,32.791505],[130.805253,32.791505],[130.805252,32.791504],[130.805218,32.791491],[130.805216,32.79149],[130.805213,32.791489],[130.805211,32.791488],[130.805209,32.791487],[130.805207,32.791486],[130.805204,32.791485],[130.805202,32.791484],[130.8052,32.791483],[130.805197,32.791482],[130.805195,32.791481],[130.805193,32.79148],[130.80519,32.791479],[130.805188,32.791478],[130.805186,32.791477],[130.805184,32.791476],[130.805181,32.791475],[130.805179,32.791474],[130.805177,32.791473],[130.805174,32.791472],[130.805172,32.791471],[130.80517,32.79147],[130.805168,32.791469],[130.805165,32.791468],[130.805163,32.791467],[130.805161,32.791466],[130.805159,32.791465],[130.805156,32.791464],[130.805154,32.791463],[130.805152,32.791462],[130.80515,32.791461],[130.805147,32.79146],[130.805145,32.791459],[130.805143,32.791458],[130.805141,32.791457],[130.805138,32.791456],[130.805136,32.791455],[130.805134,32.791454],[130.805132,32.791453],[130.805129,32.791452],[130.805127,32.791451],[130.805125,32.79145],[130.805123,32.791449],[130.80512,32.791448],[130.805118,32.791447],[130.805116,32.791445],[130.805114,32.791444],[130.805111,32.791443],[130.805109,32.791442],[130.805107,32.791441],[130.805105,32.79144],[130.805103,32.791439],[130.8051,32.791438],[130.805098,32.791437],[130.805096,32.791436],[130.805094,32.791435],[130.805091,32.791434],[130.805089,32.791433],[130.805087,32.791432],[130.805085,32.791431],[130.805083,32.79143],[130.80508,32.791429],[130.805078,32.791428],[130.805076,32.791427],[130.805074,32.791426],[130.805072,32.791425],[130.805069,32.791423],[130.805067,32.791422],[130.805065,32.791421],[130.805063,32.79142],[130.805061,32.791419],[130.805058,32.791418],[130.805056,32.791417],[130.805055,32.791417],[130.805054,32.791416],[130.805052,32.791415],[130.80505,32.791414],[130.805047,32.791413],[130.805045,32.791412],[130.805043,32.791411],[130.805041,32.79141],[130.805039,32.791409],[130.805036,32.791407],[130.805034,32.791406],[130.805032,32.791405],[130.80503,32.791404],[130.805028,32.791403],[130.805026,32.791402],[130.805023,32.791401],[130.805021,32.7914],[130.805019,32.791399],[130.805017,32.791398],[130.805015,32.791397],[130.805012,32.791396],[130.80501,32.791395],[130.805008,32.791393],[130.805006,32.791392],[130.805004,32.791391],[130.805002,32.79139],[130.804999,32.791389],[130.804997,32.791388],[130.804995,32.791387],[130.804993,32.791386],[130.804991,32.791385],[130.804989,32.791384],[130.804987,32.791383],[130.804984,32.791382],[130.804982,32.791381],[130.80498,32.791379],[130.804978,32.791378],[130.804976,32.791377],[130.804974,32.791376],[130.804971,32.791375],[130.804969,32.791374],[130.804967,32.791373],[130.804965,32.791372],[130.804963,32.791371],[130.804961,32.79137],[130.804959,32.791369],[130.804956,32.791367],[130.804954,32.791366],[130.804952,32.791365],[130.80495,32.791364],[130.804948,32.791363],[130.804946,32.791362],[130.804943,32.791361],[130.804941,32.79136],[130.804939,32.791359],[130.804937,32.791358],[130.804935,32.791357],[130.804933,32.791356],[130.804931,32.791354],[130.804929,32.791353],[130.804926,32.791352],[130.804924,32.791351],[130.804922,32.79135],[130.80492,32.791349],[130.804918,32.791348],[130.804916,32.791347],[130.804914,32.791346],[130.804911,32.791345],[130.804909,32.791344],[130.804908,32.791343],[130.804906,32.791342],[130.804905,32.791341],[130.804905,32.791341],[130.804904,32.791341],[130.804902,32.79134],[130.804901,32.791339],[130.804899,32.791339],[130.804898,32.791338],[130.804897,32.791337],[130.804895,32.791336],[130.804894,32.791336],[130.804892,32.791335],[130.804891,32.791334],[130.804889,32.791334],[130.804888,32.791333],[130.804887,32.791332],[130.804885,32.791331],[130.804884,32.791331],[130.804882,32.79133],[130.804881,32.791329],[130.80488,32.791329],[130.804878,32.791328],[130.804877,32.791327],[130.804875,32.791327],[130.804874,32.791326],[130.804872,32.791325],[130.804872,32.791325],[130.804862,32.791346],[130.804854,32.791342],[130.80474,32.791574],[130.804724,32.791568],[130.804674,32.791551],[130.804429,32.791467],[130.804381,32.79145],[130.804262,32.79141],[130.804261,32.791411],[130.804237,32.791458],[130.804197,32.791537],[130.804182,32.791567],[130.804181,32.791569],[130.804173,32.791586],[130.804167,32.791597],[130.804157,32.791617],[130.80415,32.79163],[130.804148,32.791636],[130.804141,32.791649],[130.804134,32.791664],[130.804126,32.791679],[130.804117,32.791696],[130.804118,32.791696],[130.804111,32.791711],[130.804124,32.791715],[130.804137,32.791718],[130.804149,32.791722],[130.804162,32.791725],[130.804175,32.791728],[130.804187,32.791732],[130.8042,32.791735],[130.804213,32.791739],[130.804225,32.791742],[130.804238,32.791746],[130.804251,32.791749],[130.804264,32.791753],[130.804276,32.791756],[130.804289,32.791759],[130.804291,32.79176],[130.804293,32.79176],[130.804297,32.791761],[130.804297,32.791761],[130.804297,32.791761],[130.8043,32.791762],[130.804301,32.791762],[130.804301,32.791762],[130.804302,32.791763],[130.804304,32.791763],[130.804305,32.791763],[130.804308,32.791764],[130.804308,32.791764],[130.80431,32.791765],[130.804312,32.791765],[130.804312,32.791765],[130.804312,32.791765],[130.804312,32.791765],[130.804311,32.791766],[130.804311,32.791767],[130.80431,32.791768],[130.80431,32.79177],[130.804309,32.791772],[130.804308,32.791775],[130.804305,32.791783],[130.804294,32.791809],[130.804174,32.792098],[130.804129,32.792208],[130.804116,32.79224],[130.804102,32.792274],[130.804102,32.792274],[130.804087,32.792308],[130.804117,32.792317],[130.804373,32.792388],[130.804406,32.792396],[130.804465,32.792411],[130.804471,32.792412],[130.804477,32.792414],[130.804481,32.792415],[130.804511,32.792421],[130.804553,32.792427],[130.804604,32.792434],[130.804606,32.792435],[130.80465,32.79244],[130.804656,32.792441],[130.804682,32.792446],[130.804733,32.792457],[130.804753,32.792461],[130.804772,32.792421],[130.804792,32.792378],[130.804804,32.792353],[130.804872,32.792197],[130.804877,32.792186],[130.804896,32.79214],[130.804906,32.792116],[130.804921,32.792085],[130.804933,32.792065],[130.804946,32.792045],[130.804963,32.792025],[130.804987,32.792001],[130.805028,32.791965],[130.805039,32.791955],[130.805046,32.791949],[130.805064,32.791932],[130.805079,32.791915],[130.805088,32.791905],[130.805094,32.791898],[130.805114,32.791873],[130.805115,32.791871],[130.805136,32.791844],[130.805155,32.791815],[130.8052,32.791733],[130.805217,32.791701],[130.805264,32.791614],[130.805287,32.791573]]]}},{"type":"Feature","properties":{"DistName":"益城インター北産業団地地区計画","DistType":"地区計画","DistCode":1,"Pref":"熊本県","Citycode":"43443","Cityname":"益城町","FNDate":null},"geometry":{"type":"Polygon","coordinates":[[[130.790978,32.79897],[130.790987,32.798997],[130.790999,32.799007],[130.791011,32.799011],[130.791018,32.799011],[130.791021,32.799012],[130.791041,32.799049],[130.791034,32.799052],[130.79101,32.799061],[130.790998,32.799074],[130.790996,32.799088],[130.790995,32.799092],[130.791008,32.799127],[130.791026,32.799176],[130.791058,32.799266],[130.791075,32.79931],[130.791094,32.799362],[130.791192,32.799605],[130.791213,32.799657],[130.791233,32.799704],[130.791358,32.8],[130.791361,32.800007],[130.791379,32.800046],[130.791413,32.800121],[130.79151,32.800335],[130.79156,32.800442],[130.791572,32.800468],[130.791589,32.800506],[130.791627,32.800587],[130.791637,32.800609],[130.791667,32.800673],[130.79167,32.80068],[130.791687,32.800717],[130.791699,32.800741],[130.791702,32.800749],[130.791727,32.800802],[130.791739,32.800807],[130.791752,32.800809],[130.791766,32.80081],[130.791875,32.800763],[130.791876,32.800755],[130.791877,32.800742],[130.791885,32.800738],[130.791904,32.80073],[130.791923,32.800722],[130.791942,32.800714],[130.791961,32.800706],[130.79198,32.800698],[130.792,32.80069],[130.792019,32.800681],[130.792038,32.800673],[130.792057,32.800665],[130.792076,32.800657],[130.792095,32.800649],[130.792114,32.800641],[130.792133,32.800632],[130.792152,32.800624],[130.792171,32.800616],[130.79219,32.800607],[130.792209,32.800599],[130.792228,32.800591],[130.792247,32.800583],[130.792266,32.800574],[130.792285,32.800566],[130.792304,32.800558],[130.792323,32.800549],[130.792342,32.800541],[130.792361,32.800533],[130.79238,32.800524],[130.792399,32.800516],[130.792418,32.800508],[130.792437,32.800499],[130.792456,32.800491],[130.792475,32.800483],[130.792494,32.800474],[130.792513,32.800466],[130.792532,32.800458],[130.792551,32.800449],[130.79257,32.800441],[130.792589,32.800433],[130.792608,32.800425],[130.792627,32.800416],[130.792646,32.800408],[130.792665,32.8004],[130.792684,32.800391],[130.792703,32.800383],[130.792722,32.800375],[130.792741,32.800366],[130.79276,32.800358],[130.792779,32.80035],[130.792798,32.800341],[130.792817,32.800333],[130.792836,32.800325],[130.792855,32.800316],[130.792874,32.800308],[130.792893,32.800299],[130.792913,32.80029],[130.792933,32.800281],[130.792953,32.800272],[130.792973,32.800263],[130.792994,32.800254],[130.793015,32.800245],[130.793037,32.800235],[130.793058,32.800225],[130.79308,32.800216],[130.793102,32.800206],[130.793124,32.800196],[130.793146,32.800186],[130.793167,32.800177],[130.793189,32.800167],[130.793211,32.800157],[130.793233,32.800148],[130.793254,32.800138],[130.793276,32.800128],[130.793297,32.800119],[130.793319,32.800109],[130.79334,32.8001],[130.793361,32.800091],[130.793382,32.800082],[130.793402,32.800073],[130.793422,32.800064],[130.793442,32.800055],[130.793462,32.800047],[130.793482,32.800038],[130.793501,32.80003],[130.79352,32.800022],[130.793539,32.800013],[130.793558,32.800005],[130.793576,32.799997],[130.793595,32.799989],[130.793613,32.799981],[130.793631,32.799974],[130.793649,32.799966],[130.793666,32.799958],[130.793684,32.799951],[130.793701,32.799944],[130.793718,32.799937],[130.793734,32.799929],[130.793751,32.799923],[130.793767,32.799916],[130.793782,32.799909],[130.793798,32.799902],[130.793813,32.799896],[130.793828,32.799889],[130.793843,32.799883],[130.793858,32.799876],[130.793873,32.79987],[130.793888,32.799864],[130.793903,32.799857],[130.793918,32.799851],[130.793933,32.799845],[130.793948,32.799838],[130.793964,32.799831],[130.793979,32.799825],[130.793994,32.799818],[130.79401,32.799812],[130.794025,32.799805],[130.794041,32.799798],[130.794057,32.799792],[130.794072,32.799785],[130.794088,32.799778],[130.794104,32.799771],[130.79412,32.799764],[130.794136,32.799758],[130.794152,32.799751],[130.794164,32.799746],[130.794161,32.799739],[130.794133,32.799694],[130.794123,32.799678],[130.794121,32.799675],[130.794115,32.799665],[130.794084,32.799614],[130.794066,32.799584],[130.794053,32.799562],[130.794048,32.799555],[130.793992,32.799462],[130.793983,32.799448],[130.793972,32.799429],[130.793962,32.799413],[130.793906,32.79932],[130.793871,32.799262],[130.793865,32.799252],[130.79385,32.799228],[130.793781,32.799117],[130.793774,32.799106],[130.793701,32.79899],[130.79369,32.798973],[130.793683,32.798961],[130.793671,32.798942],[130.793671,32.798942],[130.793656,32.798917],[130.793626,32.798867],[130.793608,32.798837],[130.793543,32.79873],[130.793539,32.798723],[130.793479,32.798623],[130.793469,32.798606],[130.793455,32.798583],[130.793383,32.798464],[130.79338,32.79846],[130.79331,32.798345],[130.793294,32.798318],[130.793234,32.79822],[130.793229,32.798212],[130.793215,32.798187],[130.793186,32.79814],[130.793185,32.798138],[130.793175,32.798117],[130.793132,32.798084],[130.793126,32.798071],[130.793125,32.79807],[130.793121,32.798062],[130.793117,32.798052],[130.793112,32.798043],[130.793108,32.798033],[130.7931,32.798018],[130.793098,32.798014],[130.793094,32.798005],[130.793092,32.798001],[130.793076,32.797968],[130.793072,32.797959],[130.793067,32.797949],[130.793063,32.79794],[130.793059,32.797932],[130.793054,32.797921],[130.79305,32.797913],[130.793046,32.797904],[130.793042,32.797896],[130.793041,32.797895],[130.79304,32.797893],[130.793037,32.797886],[130.793033,32.797877],[130.793028,32.797868],[130.793024,32.79786],[130.79302,32.797851],[130.793016,32.797842],[130.793012,32.797833],[130.79301,32.797831],[130.793007,32.797824],[130.793003,32.797816],[130.792999,32.797807],[130.792995,32.797799],[130.792991,32.79779],[130.792983,32.797773],[130.792979,32.797764],[130.792975,32.797756],[130.79297,32.797747],[130.792966,32.797739],[130.792962,32.79773],[130.792958,32.797722],[130.792954,32.797713],[130.79295,32.797704],[130.792946,32.797696],[130.792941,32.797687],[130.792937,32.797678],[130.792933,32.797669],[130.792929,32.79766],[130.792925,32.797652],[130.792924,32.797651],[130.79292,32.797643],[130.792916,32.797634],[130.792912,32.797625],[130.792907,32.797615],[130.792903,32.797606],[130.792899,32.797597],[130.79289,32.797579],[130.792885,32.79757],[130.792881,32.797561],[130.792876,32.797551],[130.792872,32.797542],[130.792867,32.797532],[130.792863,32.797523],[130.792858,32.797514],[130.792854,32.797504],[130.792851,32.797498],[130.792849,32.797495],[130.792845,32.797485],[130.79284,32.797475],[130.792835,32.797466],[130.792831,32.797456],[130.792826,32.797446],[130.792821,32.797436],[130.792821,32.797436],[130.792817,32.797427],[130.792817,32.797426],[130.792812,32.797417],[130.792807,32.797407],[130.792803,32.797397],[130.792798,32.797388],[130.792794,32.797378],[130.792789,32.797368],[130.792785,32.797359],[130.79278,32.797349],[130.792771,32.79733],[130.792766,32.79732],[130.792766,32.797319],[130.792762,32.797311],[130.792757,32.797301],[130.792744,32.797273],[130.79274,32.797264],[130.792734,32.797253],[130.792734,32.797252],[130.792745,32.797221],[130.792743,32.797217],[130.792736,32.797203],[130.792728,32.797187],[130.792726,32.797182],[130.792719,32.797168],[130.792716,32.797161],[130.792696,32.797119],[130.792696,32.797119],[130.792686,32.7971],[130.792686,32.797099],[130.792683,32.797094],[130.792675,32.797079],[130.792665,32.79706],[130.792656,32.797042],[130.792646,32.797024],[130.792642,32.797016],[130.792637,32.797007],[130.792632,32.796996],[130.79262,32.796972],[130.792603,32.796939],[130.792596,32.796927],[130.792592,32.796918],[130.792586,32.796907],[130.792578,32.79689],[130.792565,32.796862],[130.792564,32.79686],[130.792554,32.796838],[130.792545,32.79682],[130.792536,32.796801],[130.792528,32.796783],[130.792527,32.796782],[130.792527,32.796782],[130.792519,32.796766],[130.792519,32.796764],[130.792509,32.796745],[130.7925,32.796726],[130.792491,32.796706],[130.792484,32.796691],[130.792482,32.796688],[130.792481,32.796686],[130.792478,32.79668],[130.792472,32.796666],[130.792462,32.796645],[130.792442,32.796603],[130.792435,32.79659],[130.792434,32.796587],[130.792433,32.796585],[130.792426,32.79657],[130.792426,32.79657],[130.792425,32.796568],[130.792422,32.796562],[130.792422,32.796562],[130.792422,32.796562],[130.792421,32.796559],[130.792419,32.796555],[130.792419,32.796555],[130.79241,32.796537],[130.792388,32.796492],[130.792386,32.796487],[130.792386,32.796486],[130.792377,32.796469],[130.792366,32.796446],[130.79236,32.796433],[130.792349,32.796411],[130.79234,32.796393],[130.792333,32.796377],[130.792332,32.796376],[130.792331,32.796374],[130.79233,32.796372],[130.79233,32.796372],[130.792314,32.796338],[130.792314,32.796338],[130.792304,32.796318],[130.792279,32.796271],[130.792239,32.796198],[130.792223,32.796168],[130.792163,32.796056],[130.792155,32.796027],[130.792151,32.796013],[130.79215,32.796007],[130.792145,32.795982],[130.792144,32.795957],[130.792144,32.795949],[130.792146,32.795932],[130.792155,32.795899],[130.792135,32.795866],[130.792124,32.79588],[130.792108,32.795899],[130.792101,32.795907],[130.792049,32.795968],[130.792032,32.795989],[130.79202,32.796003],[130.791982,32.796048],[130.791925,32.796115],[130.791913,32.796129],[130.791895,32.796151],[130.791854,32.7962],[130.791835,32.796222],[130.791812,32.796249],[130.791758,32.796312],[130.791754,32.796317],[130.791742,32.79633],[130.791719,32.796357],[130.791719,32.796358],[130.791707,32.796372],[130.791687,32.796396],[130.79168,32.796403],[130.791674,32.79641],[130.791667,32.796419],[130.791666,32.796419],[130.791633,32.79646],[130.791618,32.796477],[130.791518,32.796598],[130.791482,32.796641],[130.791418,32.796717],[130.791374,32.79677],[130.791333,32.796818],[130.791304,32.796853],[130.791252,32.796916],[130.791244,32.796925],[130.791196,32.796981],[130.791191,32.796986],[130.791112,32.797063],[130.791098,32.797076],[130.791074,32.797094],[130.791035,32.797124],[130.790966,32.79717],[130.790903,32.7972],[130.790895,32.797202],[130.790811,32.797233],[130.79076,32.797253],[130.79076,32.797253],[130.790726,32.797274],[130.79071,32.797282],[130.790671,32.797311],[130.790636,32.797347],[130.790613,32.797387],[130.790607,32.797401],[130.790597,32.797427],[130.790591,32.797469],[130.790591,32.797471],[130.790593,32.797481],[130.790612,32.797564],[130.790615,32.797574],[130.790631,32.797645],[130.790652,32.797733],[130.790659,32.797767],[130.79068,32.797893],[130.790701,32.798027],[130.790703,32.798031],[130.790704,32.798034],[130.790715,32.798072],[130.790727,32.798113],[130.790757,32.798216],[130.790778,32.798286],[130.790779,32.798288],[130.79078,32.798296],[130.790815,32.798442],[130.790823,32.798474],[130.790828,32.798494],[130.79086,32.798628],[130.790863,32.798643],[130.790923,32.798813],[130.790936,32.798852],[130.790948,32.798884],[130.790949,32.798889],[130.790978,32.79897]]]}}]}