{"type":"FeatureCollection","features":[{"type":"Feature","properties":{"DistType":"風致地区","DistCode":28,"Pref":"熊本県","Citycode":"43100","Cityname":"熊本市"},"geometry":{"type":"Polygon","coordinates":[[[130.670475,32.798577],[130.670457,32.798481],[130.670427,32.798406],[130.670347,32.79831],[130.670287,32.798277],[130.670054,32.798151],[130.669895,32.798052],[130.669831,32.798022],[130.669793,32.79798],[130.669781,32.797927],[130.669775,32.797865],[130.669757,32.797694],[130.669732,32.79763],[130.66969,32.797578],[130.669644,32.797528],[130.669584,32.797483],[130.669475,32.797438],[130.669648,32.797146],[130.669879,32.797244],[130.670087,32.797335],[130.670126,32.797341],[130.670137,32.797341],[130.670209,32.797343],[130.670244,32.797341],[130.67028,32.797337],[130.670292,32.797333],[130.670301,32.797331],[130.670313,32.797322],[130.670318,32.797303],[130.670315,32.79728],[130.670312,32.797268],[130.670278,32.797224],[130.670179,32.797101],[130.670124,32.79703],[130.670024,32.796866],[130.669987,32.796803],[130.669946,32.796754],[130.669845,32.796621],[130.669817,32.7966],[130.669608,32.796483],[130.669563,32.796463],[130.669503,32.79645],[130.669279,32.796417],[130.66911,32.796434],[130.668905,32.796421],[130.668792,32.796416],[130.668746,32.796416],[130.668693,32.796418],[130.668609,32.796392],[130.668422,32.796338],[130.668306,32.796304],[130.668286,32.796299],[130.668194,32.79629],[130.668117,32.79629],[130.668049,32.796293],[130.668002,32.7963],[130.667984,32.796302],[130.667909,32.796315],[130.667839,32.796317],[130.667715,32.796279],[130.667663,32.796232],[130.667625,32.796171],[130.6676,32.796072],[130.667596,32.795965],[130.66761,32.795835],[130.667673,32.79549],[130.66769,32.795407],[130.667732,32.79532],[130.667754,32.795279],[130.667827,32.795209],[130.667996,32.795065],[130.667892,32.794972],[130.667896,32.794935],[130.667915,32.794855],[130.667922,32.79472],[130.667919,32.794621],[130.667812,32.794614],[130.667769,32.794603],[130.667742,32.794591],[130.667717,32.794574],[130.667693,32.794553],[130.667675,32.794528],[130.667661,32.794505],[130.667648,32.794466],[130.667643,32.794445],[130.667638,32.794401],[130.667645,32.794309],[130.667663,32.794218],[130.667648,32.794134],[130.667627,32.794069],[130.667617,32.794019],[130.667614,32.793984],[130.667631,32.793946],[130.667655,32.793902],[130.667655,32.793849],[130.667651,32.793818],[130.667647,32.793773],[130.667669,32.793706],[130.667716,32.793625],[130.667751,32.793574],[130.667777,32.793503],[130.667804,32.793475],[130.667882,32.793431],[130.667964,32.793392],[130.668033,32.793365],[130.668076,32.793346],[130.668099,32.793259],[130.668124,32.793198],[130.66815,32.793155],[130.668198,32.793099],[130.668239,32.793042],[130.668256,32.793008],[130.668277,32.792965],[130.668279,32.792938],[130.668274,32.792917],[130.668261,32.7929],[130.668216,32.792891],[130.668176,32.792891],[130.668087,32.792911],[130.66789,32.792956],[130.667785,32.792973],[130.667705,32.792996],[130.667661,32.793015],[130.667628,32.793033],[130.667617,32.793027],[130.667605,32.792982],[130.667618,32.792953],[130.667638,32.792891],[130.667629,32.792855],[130.667605,32.792818],[130.667555,32.792789],[130.667506,32.792783],[130.667455,32.792783],[130.667369,32.792791],[130.667301,32.792794],[130.66722,32.792797],[130.667075,32.7928],[130.667028,32.792789],[130.667005,32.792776],[130.666977,32.792753],[130.666959,32.792721],[130.666947,32.792681],[130.666924,32.792465],[130.666855,32.792264],[130.666807,32.792015],[130.666802,32.791979],[130.666818,32.791963],[130.666843,32.791949],[130.666839,32.791912],[130.666811,32.791848],[130.666747,32.791803],[130.66672,32.791851],[130.666524,32.791813],[130.666431,32.791714],[130.666426,32.791713],[130.66624,32.791947],[130.666185,32.791996],[130.666151,32.792051],[130.666105,32.792079],[130.666039,32.79211],[130.665989,32.792144],[130.665969,32.792157],[130.665966,32.792174],[130.66597,32.792207],[130.665964,32.792233],[130.665912,32.792274],[130.665844,32.792286],[130.665749,32.792284],[130.665664,32.792279],[130.665628,32.792285],[130.665511,32.792337],[130.665392,32.79239],[130.665292,32.792423],[130.665167,32.792451],[130.665101,32.792464],[130.664977,32.792445],[130.664856,32.792421],[130.664827,32.79241],[130.664813,32.792412],[130.664814,32.79243],[130.664914,32.792553],[130.664948,32.792598],[130.664956,32.792639],[130.664954,32.792683],[130.664946,32.79271],[130.66495,32.792731],[130.664971,32.792753],[130.66492,32.792804],[130.664968,32.792856],[130.664996,32.792913],[130.665015,32.792964],[130.665019,32.793024],[130.665017,32.793115],[130.665018,32.793176],[130.665019,32.793196],[130.665049,32.793243],[130.664921,32.793304],[130.664802,32.793373],[130.664712,32.7934],[130.664623,32.793466],[130.664534,32.793536],[130.66447,32.793616],[130.664456,32.793617],[130.664427,32.793584],[130.664411,32.793554],[130.664372,32.793545],[130.664337,32.793547],[130.664314,32.79354],[130.664299,32.793517],[130.664262,32.793528],[130.664248,32.793635],[130.664197,32.793656],[130.664185,32.793661],[130.664153,32.793711],[130.664079,32.793789],[130.664002,32.793852],[130.663926,32.793903],[130.66388,32.793925],[130.663867,32.793966],[130.663827,32.793965],[130.66372,32.793965],[130.663613,32.793973],[130.663516,32.793993],[130.663424,32.794006],[130.663372,32.794009],[130.66328,32.793999],[130.663233,32.794049],[130.663183,32.794095],[130.663115,32.794127],[130.662984,32.794172],[130.662987,32.794118],[130.662999,32.794069],[130.662996,32.794044],[130.662975,32.794013],[130.662895,32.793902],[130.662851,32.793845],[130.662821,32.793811],[130.662781,32.793792],[130.662701,32.793807],[130.662588,32.793811],[130.662512,32.793818],[130.662459,32.793829],[130.662346,32.793874],[130.662291,32.793901],[130.662231,32.793921],[130.66213,32.793941],[130.661903,32.794019],[130.661885,32.794035],[130.661884,32.794085],[130.661874,32.794132],[130.661815,32.794203],[130.661784,32.794215],[130.661707,32.794213],[130.661618,32.794191],[130.66154,32.794196],[130.66145,32.7942],[130.661426,32.794217],[130.661341,32.794312],[130.661276,32.794395],[130.661241,32.794461],[130.661219,32.794499],[130.661192,32.794518],[130.661167,32.794523],[130.661053,32.79451],[130.660971,32.794502],[130.660858,32.794469],[130.660771,32.794455],[130.660697,32.794456],[130.660665,32.794461],[130.660658,32.794446],[130.660628,32.794423],[130.660583,32.794399],[130.660528,32.794354],[130.660464,32.794295],[130.660443,32.79425],[130.660429,32.794201],[130.660435,32.794152],[130.660467,32.794079],[130.660499,32.794033],[130.660535,32.793987],[130.660556,32.793948],[130.660455,32.793927],[130.660299,32.793867],[130.660321,32.793844],[130.660329,32.793814],[130.660331,32.793755],[130.660342,32.793655],[130.660358,32.793572],[130.660365,32.793546],[130.660415,32.793528],[130.660418,32.793456],[130.660428,32.793404],[130.660457,32.793354],[130.66049,32.79334],[130.66053,32.793347],[130.660568,32.793386],[130.660602,32.793458],[130.660645,32.793551],[130.660653,32.79356],[130.660661,32.793563],[130.660666,32.793558],[130.660655,32.79351],[130.660636,32.79343],[130.660632,32.793365],[130.660635,32.793342],[130.660712,32.793168],[130.660801,32.793028],[130.660904,32.7929],[130.660947,32.792844],[130.661005,32.792798],[130.661122,32.792733],[130.661177,32.792695],[130.66121,32.792651],[130.661291,32.792594],[130.661429,32.792474],[130.661507,32.792412],[130.661609,32.792355],[130.661657,32.79232],[130.661719,32.792267],[130.661763,32.792222],[130.661762,32.792143],[130.661759,32.792071],[130.661736,32.792],[130.661696,32.791919],[130.661642,32.791838],[130.661587,32.79176],[130.661523,32.7917],[130.66145,32.791618],[130.661441,32.791598],[130.661438,32.791579],[130.661438,32.791538],[130.661454,32.791454],[130.661463,32.79141],[130.661462,32.791368],[130.661429,32.791314],[130.661412,32.791281],[130.661389,32.791252],[130.661362,32.791226],[130.661245,32.791199],[130.661175,32.791179],[130.661142,32.791156],[130.661111,32.791108],[130.661074,32.790943],[130.661045,32.790832],[130.661014,32.790688],[130.660993,32.790563],[130.66098,32.790516],[130.660939,32.790467],[130.660896,32.790445],[130.66079,32.790421],[130.660732,32.790392],[130.660672,32.790351],[130.660628,32.790295],[130.660594,32.790254],[130.660572,32.790244],[130.660547,32.790238],[130.660463,32.790289],[130.660301,32.790143],[130.660181,32.790026],[130.660138,32.789974],[130.660129,32.789942],[130.660127,32.789851],[130.660132,32.78975],[130.66012,32.789655],[130.660118,32.789571],[130.660108,32.789476],[130.660084,32.789411],[130.660056,32.789369],[130.660003,32.789317],[130.659971,32.789292],[130.659869,32.789253],[130.659763,32.789217],[130.659599,32.789163],[130.659532,32.78913],[130.659335,32.789097],[130.659146,32.788988],[130.65902,32.788915],[130.658963,32.7889],[130.658871,32.788893],[130.65882,32.788895],[130.658749,32.788916],[130.658634,32.788961],[130.658461,32.789025],[130.658327,32.789069],[130.658219,32.789101],[130.658124,32.789122],[130.658053,32.78914],[130.657983,32.789167],[130.657889,32.789247],[130.657812,32.789317],[130.657718,32.789366],[130.657589,32.789396],[130.657459,32.789428],[130.65742,32.789425],[130.657257,32.789379],[130.657217,32.789367],[130.657164,32.789339],[130.657098,32.789314],[130.657032,32.789287],[130.656956,32.789282],[130.656798,32.789264],[130.656541,32.789221],[130.656477,32.789223],[130.656405,32.789232],[130.656287,32.789238],[130.656212,32.789221],[130.656162,32.789207],[130.656001,32.789156],[130.655849,32.789099],[130.6558,32.78909],[130.655646,32.78909],[130.655372,32.789111],[130.655109,32.789156],[130.654976,32.789168],[130.654813,32.78922],[130.654662,32.78927],[130.65448,32.789351],[130.654332,32.789433],[130.654172,32.789534],[130.654055,32.789609],[130.653963,32.789658],[130.653744,32.789726],[130.653631,32.78975],[130.653526,32.789761],[130.653432,32.789768],[130.653399,32.789827],[130.653355,32.789896],[130.653348,32.789961],[130.653351,32.790013],[130.653342,32.790048],[130.653281,32.790104],[130.6532,32.790161],[130.653119,32.790211],[130.65306,32.790233],[130.653003,32.790237],[130.652965,32.79023],[130.652901,32.790204],[130.652831,32.79014],[130.652729,32.790076],[130.652661,32.790052],[130.652546,32.790016],[130.652425,32.789995],[130.652386,32.789993],[130.652324,32.789982],[130.652223,32.789919],[130.652194,32.789848],[130.652159,32.789799],[130.652069,32.789732],[130.652032,32.789721],[130.651969,32.78973],[130.651945,32.789742],[130.651912,32.789778],[130.651878,32.789825],[130.651847,32.789847],[130.651787,32.789867],[130.651723,32.789882],[130.651677,32.789903],[130.651607,32.789907],[130.651543,32.789952],[130.651475,32.790008],[130.651408,32.790068],[130.651382,32.790081],[130.65135,32.790084],[130.65124,32.790071],[130.65122,32.790061],[130.651228,32.790038],[130.651277,32.789996],[130.651321,32.789947],[130.65135,32.789919],[130.651356,32.789877],[130.651337,32.789843],[130.651305,32.789834],[130.651271,32.789841],[130.651173,32.789911],[130.650978,32.790033],[130.650913,32.790105],[130.650905,32.790147],[130.650937,32.790278],[130.650972,32.790388],[130.650975,32.790449],[130.650947,32.790511],[130.650914,32.79056],[130.650905,32.790605],[130.650963,32.790666],[130.651041,32.790738],[130.651054,32.790766],[130.651027,32.790822],[130.650931,32.790936],[130.65088,32.79097],[130.650446,32.79103],[130.650517,32.79125],[130.650389,32.791274],[130.650268,32.791293],[130.650238,32.791304],[130.650184,32.791368],[130.650139,32.791439],[130.650052,32.791467],[130.649942,32.791493],[130.649786,32.791528],[130.649722,32.791564],[130.649667,32.79161],[130.649608,32.791671],[130.649555,32.791716],[130.649496,32.791746],[130.649434,32.791765],[130.649373,32.791777],[130.649302,32.791766],[130.649245,32.791729],[130.649205,32.791673],[130.649197,32.791623],[130.649192,32.791563],[130.649195,32.791519],[130.649168,32.791482],[130.649101,32.791439],[130.649055,32.791399],[130.649007,32.791344],[130.648988,32.791315],[130.648952,32.791295],[130.648836,32.791303],[130.648813,32.791309],[130.648794,32.791343],[130.648769,32.791361],[130.648731,32.791371],[130.648676,32.791374],[130.648476,32.791339],[130.648414,32.791332],[130.648361,32.791341],[130.648317,32.791367],[130.648194,32.791509],[130.648094,32.791604],[130.647948,32.791719],[130.647783,32.791863],[130.647653,32.792081],[130.647708,32.792153],[130.647771,32.792221],[130.647779,32.792268],[130.64777,32.792345],[130.647745,32.792388],[130.647658,32.792492],[130.647578,32.792572],[130.647527,32.792665],[130.647501,32.792729],[130.647563,32.792808],[130.647661,32.792879],[130.647682,32.792906],[130.647671,32.792938],[130.647608,32.79298],[130.647517,32.793056],[130.647375,32.793189],[130.647345,32.793199],[130.64719,32.793176],[130.647158,32.793176],[130.64712,32.793202],[130.647089,32.793231],[130.64701,32.793223],[130.646917,32.793222],[130.646849,32.793233],[130.646829,32.793248],[130.646715,32.793232],[130.646584,32.793212],[130.646464,32.793199],[130.646386,32.793201],[130.646389,32.793109],[130.646368,32.79305],[130.646333,32.792988],[130.646296,32.792949],[130.646252,32.792926],[130.646247,32.792888],[130.646267,32.792792],[130.646299,32.792718],[130.64634,32.792661],[130.646406,32.792602],[130.646464,32.792574],[130.646455,32.792491],[130.646425,32.792336],[130.646424,32.792254],[130.646422,32.79221],[130.646395,32.792202],[130.646375,32.792181],[130.646386,32.792147],[130.646408,32.792056],[130.646415,32.791978],[130.646404,32.791919],[130.646361,32.791858],[130.646292,32.791796],[130.646249,32.791753],[130.646219,32.79171],[130.646191,32.791408],[130.646193,32.791367],[130.646317,32.791357],[130.646506,32.791372],[130.646557,32.79126],[130.646556,32.791238],[130.646528,32.791171],[130.646458,32.790853],[130.646435,32.790646],[130.646586,32.790324],[130.646606,32.790271],[130.646609,32.790223],[130.646602,32.790144],[130.646605,32.790092],[130.646621,32.790032],[130.646627,32.789947],[130.646617,32.789895],[130.646647,32.789855],[130.646672,32.789832],[130.646749,32.789692],[130.646757,32.789677],[130.64679,32.789665],[130.646825,32.789659],[130.646833,32.789621],[130.646846,32.789598],[130.646865,32.789571],[130.64687,32.789531],[130.646871,32.7895],[130.646945,32.789464],[130.646975,32.789433],[130.646966,32.789359],[130.646922,32.789386],[130.64687,32.789381],[130.646856,32.789384],[130.646836,32.789407],[130.646798,32.789419],[130.646443,32.789578],[130.646158,32.789807],[130.645896,32.789952],[130.645896,32.790018],[130.645892,32.790044],[130.645848,32.790113],[130.645793,32.790175],[130.645707,32.790217],[130.645533,32.790211],[130.645273,32.790187],[130.644994,32.790154],[130.644802,32.790127],[130.644473,32.790111],[130.644254,32.790135],[130.64405,32.790187],[130.643843,32.790218],[130.643642,32.790185],[130.64365,32.790053],[130.643656,32.790011],[130.643611,32.790003],[130.643586,32.789987],[130.643564,32.789979],[130.643498,32.789999],[130.64346,32.790011],[130.643369,32.790009],[130.643291,32.789995],[130.64326,32.789981],[130.643227,32.790039],[130.643187,32.790082],[130.643142,32.790092],[130.64307,32.790077],[130.643037,32.790081],[130.642979,32.790128],[130.642932,32.790069],[130.642868,32.790203],[130.642778,32.790226],[130.642708,32.790232],[130.642666,32.790265],[130.642593,32.790358],[130.642564,32.790382],[130.642514,32.790396],[130.642392,32.790404],[130.642333,32.790424],[130.642248,32.790482],[130.642166,32.790512],[130.642086,32.790538],[130.642006,32.790535],[130.641976,32.790516],[130.641931,32.790489],[130.641884,32.790523],[130.641806,32.790553],[130.641713,32.790578],[130.641647,32.790589],[130.641525,32.790546],[130.641406,32.7906],[130.641337,32.790587],[130.64125,32.790568],[130.641182,32.790558],[130.641128,32.790519],[130.641102,32.790467],[130.641096,32.790443],[130.641101,32.79042],[130.640935,32.790398],[130.640829,32.790416],[130.640727,32.790441],[130.640608,32.790481],[130.640321,32.790613],[130.640277,32.790642],[130.640147,32.790754],[130.640068,32.790828],[130.639945,32.790749],[130.639916,32.79074],[130.63988,32.790755],[130.639824,32.790799],[130.639799,32.790813],[130.639788,32.790846],[130.639777,32.790878],[130.639766,32.790901],[130.639647,32.790989],[130.639626,32.791006],[130.639619,32.791019],[130.639627,32.791043],[130.639638,32.791072],[130.639648,32.791099],[130.639646,32.791125],[130.639622,32.791153],[130.639599,32.791177],[130.639595,32.791205],[130.639611,32.791235],[130.639629,32.791257],[130.639636,32.791271],[130.639595,32.791331],[130.639554,32.791361],[130.639462,32.79142],[130.63938,32.791582],[130.639341,32.791621],[130.639289,32.791652],[130.639225,32.791688],[130.639185,32.791739],[130.63918,32.791785],[130.639156,32.791834],[130.63883,32.792245],[130.638786,32.792292],[130.63876,32.792303],[130.638712,32.792303],[130.638676,32.792305],[130.638647,32.79232],[130.638464,32.792557],[130.638339,32.792548],[130.638297,32.792549],[130.638293,32.79258],[130.638287,32.792627],[130.638276,32.792654],[130.638261,32.792681],[130.638189,32.79275],[130.638091,32.792825],[130.63796,32.792899],[130.63777,32.793042],[130.637597,32.793194],[130.637561,32.793226],[130.637445,32.793303],[130.637387,32.79335],[130.637279,32.793443],[130.637171,32.793594],[130.637077,32.793706],[130.637031,32.793751],[130.636897,32.79382],[130.636753,32.793905],[130.636679,32.793956],[130.636586,32.794038],[130.636548,32.794074],[130.636494,32.794107],[130.636395,32.794138],[130.636184,32.794186],[130.63613,32.794206],[130.636093,32.79419],[130.636073,32.79409],[130.636064,32.794016],[130.636042,32.793956],[130.636017,32.793902],[130.635988,32.793855],[130.635914,32.793798],[130.636203,32.793511],[130.636397,32.793295],[130.636598,32.7931],[130.636739,32.792968],[130.636842,32.792863],[130.636927,32.792783],[130.637021,32.792722],[130.637106,32.792682],[130.637227,32.792638],[130.637374,32.792598],[130.637532,32.792563],[130.637648,32.792524],[130.637841,32.792416],[130.638018,32.792302],[130.638183,32.792187],[130.638059,32.792008],[130.638004,32.791928],[130.637983,32.791889],[130.637982,32.791864],[130.638011,32.791826],[130.638099,32.791736],[130.638115,32.791723],[130.638112,32.791679],[130.638096,32.791646],[130.638075,32.791608],[130.63808,32.791577],[130.638172,32.791341],[130.638256,32.791091],[130.638298,32.791021],[130.638353,32.790979],[130.638424,32.790917],[130.638471,32.790852],[130.638466,32.790766],[130.638436,32.790708],[130.638379,32.790646],[130.638319,32.790607],[130.63829,32.790576],[130.638265,32.79053],[130.638264,32.790445],[130.638272,32.790377],[130.638297,32.7903],[130.638359,32.790191],[130.638422,32.790097],[130.638436,32.790074],[130.638428,32.790055],[130.638416,32.790029],[130.63843,32.790009],[130.638464,32.789997],[130.638524,32.789975],[130.638537,32.789937],[130.638549,32.789876],[130.638539,32.789826],[130.638526,32.789792],[130.638529,32.789774],[130.63862,32.789799],[130.638644,32.789829],[130.638659,32.789886],[130.638716,32.789893],[130.638721,32.789789],[130.638728,32.789714],[130.638775,32.789644],[130.638832,32.789593],[130.638862,32.789573],[130.638966,32.789607],[130.639038,32.789619],[130.639197,32.789356],[130.639342,32.789127],[130.639443,32.788979],[130.639501,32.7889],[130.639542,32.788831],[130.639561,32.788765],[130.639552,32.788667],[130.639537,32.788592],[130.639512,32.788508],[130.639485,32.788408],[130.639454,32.788318],[130.639404,32.788211],[130.639379,32.788134],[130.639364,32.788073],[130.639368,32.788017],[130.639371,32.787966],[130.639337,32.787876],[130.639291,32.78781],[130.639262,32.787763],[130.63925,32.787736],[130.639254,32.787698],[130.639271,32.787671],[130.639294,32.787611],[130.639316,32.787569],[130.639344,32.787526],[130.639349,32.787462],[130.63935,32.787399],[130.639331,32.787258],[130.639303,32.787135],[130.639286,32.787069],[130.63928,32.787029],[130.639305,32.786955],[130.639332,32.786877],[130.639338,32.786794],[130.639321,32.786718],[130.639241,32.786611],[130.639106,32.78647],[130.639036,32.786411],[130.638902,32.786299],[130.638769,32.786197],[130.638605,32.78617],[130.638473,32.786134],[130.638268,32.786073],[130.638229,32.786049],[130.63802,32.786012],[130.637958,32.785989],[130.637787,32.785907],[130.637668,32.785848],[130.637614,32.785805],[130.637575,32.785771],[130.637507,32.785702],[130.637414,32.785602],[130.637398,32.785588],[130.637376,32.785579],[130.637358,32.785577],[130.63731,32.785582],[130.63729,32.78558],[130.637176,32.785501],[130.637167,32.785468],[130.637241,32.785295],[130.637241,32.785286],[130.637233,32.785281],[130.637012,32.785251],[130.637002,32.785245],[130.637002,32.785234],[130.637054,32.785051],[130.637154,32.785065],[130.637179,32.784766],[130.637783,32.784661],[130.637808,32.784602],[130.638069,32.784604],[130.638159,32.784541],[130.63827,32.784509],[130.638408,32.784477],[130.638593,32.784451],[130.638733,32.78443],[130.638854,32.784387],[130.638966,32.784318],[130.639029,32.78424],[130.639138,32.784099],[130.639282,32.783985],[130.639277,32.783935],[130.639283,32.783871],[130.639326,32.783818],[130.639513,32.783659],[130.63955,32.783657],[130.639653,32.783671],[130.639679,32.783604],[130.63973,32.783526],[130.639772,32.783465],[130.639744,32.783447],[130.639734,32.783374],[130.639729,32.78334],[130.639703,32.783306],[130.639682,32.78328],[130.639404,32.783152],[130.639168,32.783046],[130.638959,32.783086],[130.638918,32.783087],[130.638825,32.783006],[130.638745,32.78294],[130.63871,32.782956],[130.638624,32.782885],[130.638404,32.782714],[130.638422,32.782662],[130.638391,32.782579],[130.638279,32.78243],[130.638236,32.782372],[130.638208,32.782313],[130.638181,32.782228],[130.638174,32.782197],[130.638171,32.782164],[130.638181,32.78207],[130.638174,32.782002],[130.638159,32.781926],[130.638113,32.781867],[130.63812,32.78184],[130.638149,32.781781],[130.63803,32.781709],[130.637881,32.781728],[130.637455,32.781734],[130.637407,32.781743],[130.637352,32.781757],[130.637194,32.781754],[130.637179,32.781742],[130.637153,32.781726],[130.637137,32.781685],[130.637131,32.781641],[130.637099,32.781623],[130.636851,32.781647],[130.636675,32.781604],[130.636519,32.781538],[130.63619,32.781416],[130.636135,32.781398],[130.636075,32.781465],[130.63606,32.781489],[130.63606,32.781528],[130.636064,32.781585],[130.636047,32.781624],[130.635912,32.781753],[130.635843,32.781783],[130.6357,32.781814],[130.635656,32.781809],[130.635613,32.781774],[130.635212,32.781921],[130.635077,32.78196],[130.635042,32.781953],[130.635004,32.781927],[130.634751,32.782004],[130.634771,32.782063],[130.634677,32.782113],[130.634461,32.782235],[130.634245,32.782286],[130.634222,32.782316],[130.634038,32.78249],[130.634074,32.782585],[130.633989,32.782654],[130.633893,32.782755],[130.63385,32.782795],[130.633797,32.78285],[130.633476,32.782947],[130.63344,32.782955],[130.63341,32.782896],[130.633302,32.782925],[130.633222,32.782941],[130.63307,32.782952],[130.632952,32.782947],[130.632847,32.782935],[130.632743,32.782901],[130.632666,32.782951],[130.632591,32.782909],[130.63252,32.782949],[130.632439,32.782883],[130.632335,32.782805],[130.632439,32.7827],[130.632318,32.782701],[130.632278,32.782431],[130.632346,32.782428],[130.632369,32.782417],[130.632358,32.782305],[130.6323,32.782294],[130.632288,32.782236],[130.632277,32.78214],[130.632285,32.78205],[130.632357,32.782017],[130.632375,32.781788],[130.632292,32.781776],[130.632273,32.781718],[130.632252,32.781573],[130.632256,32.781479],[130.632267,32.781403],[130.632285,32.781368],[130.63231,32.781338],[130.63234,32.781315],[130.632346,32.781277],[130.632353,32.781236],[130.632333,32.781197],[130.632346,32.780898],[130.632396,32.780897],[130.632401,32.780935],[130.632486,32.780936],[130.632455,32.780693],[130.632425,32.780678],[130.632321,32.780649],[130.63226,32.780635],[130.632216,32.780594],[130.632215,32.780562],[130.632217,32.780528],[130.632209,32.780459],[130.632192,32.780427],[130.632161,32.780387],[130.632151,32.780336],[130.632128,32.780303],[130.632091,32.780266],[130.63207,32.780237],[130.632056,32.780113],[130.631996,32.780112],[130.631986,32.779969],[130.63178,32.779923],[130.631751,32.77996],[130.631721,32.77996],[130.631713,32.779923],[130.631715,32.779896],[130.631425,32.779788],[130.631382,32.779775],[130.631299,32.779755],[130.631267,32.779757],[130.631244,32.779764],[130.631208,32.779783],[130.630968,32.779949],[130.630932,32.780095],[130.630922,32.780124],[130.630893,32.780148],[130.630799,32.780194],[130.630763,32.780156],[130.630657,32.780233],[130.630414,32.780326],[130.630373,32.780291],[130.629633,32.780651],[130.629683,32.78073],[130.629632,32.780764],[130.629663,32.780834],[130.629672,32.780897],[130.62967,32.780953],[130.629643,32.780996],[130.629621,32.781043],[130.629622,32.781062],[130.629637,32.781107],[130.629658,32.781151],[130.629682,32.781204],[130.6297,32.78126],[130.629715,32.781327],[130.629752,32.781375],[130.629797,32.781438],[130.629832,32.781512],[130.629841,32.781551],[130.629835,32.781577],[130.629817,32.781613],[130.629877,32.781599],[130.629916,32.781581],[130.629927,32.781676],[130.629932,32.78178],[130.629927,32.781826],[130.629912,32.78184],[130.629888,32.781842],[130.6299,32.781914],[130.629906,32.781988],[130.629888,32.782061],[130.629867,32.782085],[130.629821,32.782093],[130.629773,32.782086],[130.629781,32.782127],[130.629874,32.782157],[130.629935,32.782194],[130.629976,32.782221],[130.62999,32.782246],[130.629985,32.782266],[130.629968,32.782314],[130.629809,32.782716],[130.629476,32.782584],[130.629439,32.782671],[130.629578,32.782787],[130.629471,32.782854],[130.629528,32.782957],[130.629482,32.782984],[130.62944,32.783008],[130.629395,32.783003],[130.629359,32.783013],[130.629322,32.783036],[130.6293,32.783052],[130.629277,32.783053],[130.629227,32.783034],[130.629171,32.783029],[130.629099,32.783029],[130.629023,32.783035],[130.629025,32.783105],[130.62903,32.783162],[130.629038,32.783218],[130.62906,32.783255],[130.629785,32.786385],[130.630042,32.787494],[130.630272,32.788559],[130.630325,32.788813],[130.630317,32.789194],[130.630306,32.789348],[130.630324,32.789566],[130.630384,32.789783],[130.630475,32.790056],[130.630559,32.790283],[130.630632,32.79039],[130.630687,32.790471],[130.630857,32.790538],[130.630953,32.790594],[130.631051,32.790723],[130.631085,32.790836],[130.631127,32.791087],[130.631148,32.791337],[130.631196,32.791454],[130.631336,32.791877],[130.631786,32.792115],[130.631831,32.792101],[130.633391,32.792017],[130.633403,32.79331],[130.633458,32.793349],[130.633589,32.793473],[130.633706,32.793632],[130.633762,32.793713],[130.633786,32.793744],[130.633889,32.793812],[130.633956,32.793878],[130.634049,32.794038],[130.634047,32.79415],[130.633971,32.794333],[130.633896,32.794462],[130.633882,32.794491],[130.633953,32.794598],[130.633965,32.794624],[130.634002,32.794735],[130.634027,32.79477],[130.634081,32.794775],[130.634144,32.794783],[130.634169,32.79481],[130.634208,32.794971],[130.634262,32.795069],[130.634312,32.795121],[130.634499,32.79493],[130.634574,32.794886],[130.634625,32.794874],[130.634691,32.79486],[130.634765,32.794874],[130.634832,32.794878],[130.634883,32.794904],[130.634915,32.794939],[130.634961,32.794977],[130.635007,32.795004],[130.635058,32.795022],[130.635177,32.795014],[130.635311,32.794985],[130.635302,32.795089],[130.635239,32.795232],[130.635177,32.79534],[130.635103,32.795424],[130.635051,32.795508],[130.635029,32.795611],[130.63505,32.795689],[130.635079,32.795718],[130.63516,32.795803],[130.635179,32.795858],[130.635161,32.795925],[130.63515,32.795998],[130.635169,32.796072],[130.635207,32.796125],[130.635261,32.796161],[130.635309,32.796188],[130.635352,32.796236],[130.635403,32.796296],[130.635492,32.796354],[130.635531,32.79638],[130.635584,32.796404],[130.635613,32.796423],[130.63564,32.796451],[130.635665,32.796492],[130.635681,32.796515],[130.635708,32.796538],[130.635741,32.796551],[130.635785,32.796575],[130.635825,32.796617],[130.635854,32.796652],[130.635897,32.796726],[130.635929,32.796845],[130.63594,32.796885],[130.635954,32.796901],[130.635991,32.796921],[130.636133,32.796996],[130.636265,32.797059],[130.636301,32.797081],[130.636325,32.79712],[130.636345,32.797144],[130.636373,32.797166],[130.636395,32.797207],[130.636414,32.797221],[130.636449,32.797232],[130.636506,32.797233],[130.63656,32.797243],[130.636669,32.797284],[130.636717,32.7973],[130.636755,32.797329],[130.636823,32.797362],[130.636864,32.797366],[130.636911,32.79737],[130.636999,32.797402],[130.637048,32.797413],[130.637088,32.797413],[130.637189,32.7974],[130.637277,32.797406],[130.637338,32.79742],[130.63739,32.797435],[130.637426,32.797451],[130.637463,32.797487],[130.637653,32.797469],[130.637723,32.797459],[130.637776,32.797448],[130.63784,32.797477],[130.637896,32.797505],[130.637955,32.797544],[130.638018,32.797594],[130.638078,32.797626],[130.638134,32.797644],[130.638284,32.797651],[130.638432,32.797661],[130.638481,32.797683],[130.63859,32.797739],[130.638708,32.79778],[130.638774,32.797795],[130.63882,32.7978],[130.638917,32.797786],[130.639022,32.797761],[130.63908,32.797746],[130.639165,32.797715],[130.63922,32.79771],[130.639368,32.797732],[130.639422,32.797737],[130.639475,32.797728],[130.639529,32.79771],[130.639612,32.797717],[130.639884,32.797745],[130.64005,32.797771],[130.640181,32.7978],[130.640305,32.797843],[130.640424,32.79789],[130.640501,32.797942],[130.640602,32.798017],[130.640644,32.798049],[130.640684,32.798054],[130.641224,32.798164],[130.641291,32.797965],[130.641362,32.797927],[130.641405,32.797901],[130.641421,32.797876],[130.641468,32.797826],[130.641532,32.797795],[130.64154,32.797775],[130.641544,32.797739],[130.641559,32.797707],[130.641689,32.797661],[130.641798,32.797635],[130.641854,32.797682],[130.641854,32.797694],[130.64184,32.797724],[130.64194,32.797799],[130.642025,32.797854],[130.642117,32.797855],[130.642173,32.797846],[130.642203,32.797807],[130.642377,32.797612],[130.6424,32.797602],[130.642444,32.797609],[130.642504,32.797622],[130.642559,32.797639],[130.642554,32.797684],[130.642612,32.797692],[130.642642,32.79762],[130.642699,32.797626],[130.642724,32.79762],[130.642748,32.797603],[130.642838,32.797526],[130.642884,32.797521],[130.642936,32.797535],[130.643098,32.797616],[130.643367,32.797423],[130.643588,32.797671],[130.643629,32.797711],[130.643685,32.797738],[130.64372,32.797754],[130.643841,32.797865],[130.643897,32.797936],[130.643917,32.797954],[130.643934,32.797958],[130.643966,32.797943],[130.644002,32.797934],[130.644041,32.797933],[130.644053,32.797929],[130.644055,32.797921],[130.644048,32.797885],[130.644039,32.797864],[130.643947,32.797767],[130.64386,32.797691],[130.643824,32.79766],[130.643804,32.797636],[130.643807,32.797624],[130.643817,32.797615],[130.643885,32.797593],[130.644011,32.797579],[130.644127,32.797584],[130.644226,32.797588],[130.644334,32.797607],[130.644403,32.797613],[130.644504,32.797588],[130.644576,32.797567],[130.644718,32.797568],[130.644857,32.797572],[130.644958,32.797579],[130.645264,32.797565],[130.645296,32.797575],[130.645361,32.797644],[130.645496,32.797627],[130.6456,32.797638],[130.645662,32.797635],[130.645689,32.797624],[130.645685,32.797597],[130.645673,32.797563],[130.645629,32.797524],[130.645537,32.797471],[130.645457,32.79743],[130.645296,32.79735],[130.645269,32.797323],[130.645231,32.797261],[130.645192,32.797178],[130.645186,32.797113],[130.645213,32.797028],[130.645258,32.796981],[130.645358,32.796927],[130.645494,32.796869],[130.645614,32.796844],[130.64568,32.796831],[130.645811,32.796829],[130.645896,32.796812],[130.64595,32.796802],[130.646082,32.796728],[130.646203,32.796686],[130.646316,32.796633],[130.646455,32.796564],[130.646618,32.796485],[130.646731,32.796402],[130.646773,32.796388],[130.646877,32.796361],[130.646972,32.796342],[130.647078,32.796318],[130.647206,32.79629],[130.647312,32.796272],[130.647377,32.796266],[130.647524,32.796263],[130.647629,32.796262],[130.647742,32.796243],[130.647824,32.796222],[130.647899,32.796194],[130.648199,32.796052],[130.648488,32.795892],[130.64861,32.795822],[130.648766,32.795737],[130.648909,32.795682],[130.649075,32.795603],[130.649214,32.795506],[130.649321,32.795439],[130.649364,32.795389],[130.649544,32.795166],[130.649625,32.795081],[130.649681,32.795046],[130.649761,32.795007],[130.649788,32.795004],[130.649857,32.795],[130.649891,32.794989],[130.649944,32.794968],[130.650062,32.794913],[130.650209,32.794819],[130.650323,32.79476],[130.650444,32.794724],[130.650521,32.794715],[130.651249,32.794509],[130.651316,32.794482],[130.651412,32.794435],[130.651475,32.794415],[130.651618,32.794255],[130.651659,32.794233],[130.651683,32.794231],[130.651764,32.794247],[130.65188,32.794284],[130.651996,32.794339],[130.652082,32.79437],[130.652342,32.794449],[130.652534,32.794531],[130.65282,32.794639],[130.652945,32.794671],[130.653003,32.794679],[130.653099,32.79466],[130.653276,32.794633],[130.653451,32.794605],[130.653534,32.79462],[130.653619,32.794621],[130.653966,32.794592],[130.654527,32.794454],[130.654613,32.794437],[130.654694,32.794402],[130.654772,32.794352],[130.655216,32.794029],[130.655259,32.793941],[130.655315,32.793867],[130.655344,32.793855],[130.655383,32.793832],[130.6554,32.793811],[130.655485,32.793669],[130.655511,32.793638],[130.655549,32.793632],[130.655711,32.793606],[130.655746,32.793616],[130.655798,32.793653],[130.655883,32.793724],[130.655958,32.793811],[130.655984,32.793834],[130.656028,32.793873],[130.656102,32.793921],[130.65619,32.793935],[130.656324,32.793918],[130.656414,32.793887],[130.656503,32.793861],[130.656615,32.793828],[130.65674,32.793807],[130.656848,32.793808],[130.656944,32.793835],[130.657019,32.793877],[130.657127,32.793942],[130.657197,32.793977],[130.657274,32.793984],[130.657371,32.793984],[130.657423,32.794005],[130.657724,32.794123],[130.657771,32.794136],[130.657761,32.794163],[130.657605,32.794286],[130.657392,32.794444],[130.657314,32.794521],[130.657266,32.794596],[130.657219,32.794685],[130.657144,32.794822],[130.657099,32.794928],[130.657048,32.795049],[130.657002,32.795153],[130.656963,32.795275],[130.656956,32.795376],[130.657016,32.795695],[130.657048,32.795795],[130.657065,32.795821],[130.657164,32.795871],[130.65727,32.795897],[130.657482,32.795951],[130.657813,32.796083],[130.65788,32.796104],[130.658167,32.796275],[130.658363,32.796241],[130.658491,32.796242],[130.658725,32.796239],[130.658879,32.796244],[130.659061,32.796235],[130.659121,32.796223],[130.659162,32.796188],[130.659195,32.796157],[130.659264,32.796141],[130.659353,32.796124],[130.659412,32.796107],[130.659429,32.79619],[130.65934,32.796295],[130.659316,32.796334],[130.659315,32.796367],[130.659311,32.796391],[130.659299,32.796431],[130.659281,32.796463],[130.659272,32.796498],[130.659268,32.796541],[130.659247,32.796588],[130.659209,32.79662],[130.659135,32.796723],[130.659104,32.796763],[130.659081,32.796793],[130.659045,32.796824],[130.658997,32.796854],[130.658924,32.796896],[130.658823,32.796908],[130.658717,32.79691],[130.658591,32.796907],[130.658539,32.796903],[130.658504,32.796899],[130.658447,32.796918],[130.658421,32.796937],[130.658346,32.797023],[130.658296,32.797067],[130.658243,32.79713],[130.658229,32.797153],[130.658229,32.797167],[130.65825,32.797199],[130.658283,32.797243],[130.65831,32.797283],[130.658334,32.797358],[130.658494,32.797351],[130.658528,32.797352],[130.658718,32.797378],[130.658993,32.797415],[130.659014,32.797415],[130.659351,32.797406],[130.659544,32.79738],[130.659684,32.797357],[130.659806,32.797326],[130.659902,32.797288],[130.660105,32.797199],[130.66019,32.797167],[130.660274,32.797151],[130.660388,32.797159],[130.660532,32.797195],[130.660587,32.797213],[130.660642,32.797233],[130.660678,32.797249],[130.660726,32.797281],[130.661001,32.797446],[130.661073,32.797489],[130.661105,32.797522],[130.661118,32.797571],[130.661124,32.797623],[130.661143,32.797676],[130.661177,32.797727],[130.661231,32.797772],[130.661281,32.797796],[130.661323,32.797807],[130.661438,32.797798],[130.66202,32.797729],[130.66209,32.797727],[130.662162,32.797744],[130.662233,32.797778],[130.66236,32.79788],[130.662418,32.797947],[130.662432,32.797981],[130.66242,32.798001],[130.662394,32.798014],[130.662357,32.798019],[130.662287,32.798014],[130.662203,32.79798],[130.662177,32.797982],[130.662173,32.798016],[130.661613,32.797999],[130.661582,32.798004],[130.661565,32.798082],[130.661533,32.79813],[130.661487,32.798165],[130.661432,32.798186],[130.661259,32.798187],[130.66113,32.798192],[130.661116,32.798185],[130.66106,32.798109],[130.661024,32.798095],[130.660994,32.798101],[130.660977,32.798132],[130.66099,32.798181],[130.661014,32.798274],[130.661015,32.798307],[130.661005,32.798338],[130.660977,32.79838],[130.660922,32.79844],[130.660714,32.798448],[130.6607,32.798411],[130.660683,32.798305],[130.660306,32.798331],[130.660285,32.798253],[130.660276,32.798229],[130.660263,32.798216],[130.660205,32.798192],[130.660054,32.798274],[130.659992,32.798325],[130.659936,32.798393],[130.659801,32.798393],[130.659741,32.798408],[130.659726,32.79839],[130.659718,32.798325],[130.659553,32.798332],[130.659498,32.79831],[130.65939,32.798256],[130.659302,32.798197],[130.659247,32.798093],[130.659043,32.798107],[130.658825,32.798124],[130.65883,32.79817],[130.65879,32.798198],[130.658845,32.798325],[130.658897,32.798328],[130.658932,32.798438],[130.658918,32.798444],[130.6589,32.798448],[130.658896,32.798467],[130.658817,32.798501],[130.658812,32.798521],[130.6588,32.798555],[130.658751,32.798571],[130.658627,32.798598],[130.658635,32.798701],[130.658663,32.798739],[130.658626,32.798781],[130.658567,32.798771],[130.658482,32.798824],[130.658506,32.798876],[130.658526,32.798925],[130.658522,32.798938],[130.658296,32.799014],[130.658292,32.799036],[130.658296,32.799064],[130.658272,32.799078],[130.658215,32.799099],[130.658182,32.799123],[130.658174,32.799151],[130.658159,32.79919],[130.658128,32.799205],[130.658052,32.799228],[130.657957,32.799265],[130.657949,32.799287],[130.657941,32.799314],[130.657914,32.79933],[130.657635,32.79939],[130.657599,32.7994],[130.65756,32.799404],[130.657538,32.799362],[130.657527,32.799301],[130.657496,32.799282],[130.657104,32.799323],[130.657066,32.799177],[130.657078,32.799165],[130.657117,32.799151],[130.657117,32.79912],[130.657136,32.799099],[130.657177,32.79907],[130.657105,32.799016],[130.657041,32.799028],[130.657005,32.799018],[130.656963,32.798997],[130.656929,32.798998],[130.656897,32.799016],[130.656876,32.799038],[130.656806,32.799048],[130.656735,32.799054],[130.656713,32.799048],[130.6567,32.799023],[130.656692,32.798984],[130.656532,32.79896],[130.656399,32.799047],[130.656216,32.799159],[130.655963,32.799339],[130.655941,32.799354],[130.655658,32.79952],[130.655648,32.799529],[130.655653,32.799547],[130.65568,32.799554],[130.655758,32.799558],[130.655962,32.799575],[130.656049,32.799582],[130.656106,32.7996],[130.656151,32.799633],[130.656238,32.799699],[130.656341,32.799774],[130.656458,32.799867],[130.656501,32.799891],[130.656537,32.799912],[130.656577,32.799919],[130.656762,32.799878],[130.656817,32.799873],[130.656859,32.799884],[130.656915,32.799937],[130.656965,32.799965],[130.656977,32.799989],[130.657057,32.800035],[130.6571,32.800079],[130.657135,32.800169],[130.657158,32.800202],[130.657183,32.800227],[130.657228,32.800274],[130.65724,32.800325],[130.657245,32.800427],[130.657265,32.800456],[130.657367,32.800506],[130.657435,32.800544],[130.657466,32.800575],[130.657511,32.80062],[130.657614,32.800766],[130.657678,32.80088],[130.65775,32.801036],[130.657757,32.801096],[130.657671,32.801107],[130.657522,32.801138],[130.657475,32.801153],[130.657401,32.801217],[130.657364,32.801243],[130.657225,32.801286],[130.657127,32.801315],[130.657053,32.801355],[130.656994,32.80139],[130.656897,32.801458],[130.656738,32.801523],[130.656705,32.801541],[130.656669,32.801572],[130.656567,32.801684],[130.656381,32.801802],[130.656293,32.801847],[130.656223,32.801883],[130.656153,32.801932],[130.656097,32.801971],[130.656048,32.801998],[130.655952,32.802024],[130.655903,32.802044],[130.655951,32.802139],[130.655969,32.802174],[130.655983,32.802186],[130.656016,32.802204],[130.656063,32.802244],[130.656087,32.802266],[130.656101,32.802289],[130.656101,32.802312],[130.6561,32.802343],[130.6561,32.802367],[130.656113,32.802381],[130.656142,32.802404],[130.656157,32.802416],[130.656165,32.802433],[130.656151,32.802457],[130.656121,32.802514],[130.656104,32.802553],[130.656099,32.80258],[130.656113,32.802608],[130.656186,32.802719],[130.656203,32.802727],[130.656267,32.802736],[130.656339,32.802748],[130.656385,32.80276],[130.656409,32.802782],[130.656404,32.802869],[130.656396,32.802894],[130.656371,32.802921],[130.656324,32.802954],[130.656291,32.802983],[130.656278,32.802999],[130.656278,32.803021],[130.656273,32.803057],[130.656253,32.803095],[130.656217,32.803142],[130.656217,32.803157],[130.656238,32.803179],[130.656294,32.803197],[130.656453,32.803227],[130.656526,32.803256],[130.656584,32.803267],[130.656667,32.803265],[130.656878,32.803256],[130.656886,32.803264],[130.656883,32.803277],[130.656866,32.803295],[130.656741,32.803334],[130.656293,32.803499],[130.656055,32.803615],[130.655946,32.803668],[130.655831,32.803723],[130.655802,32.803743],[130.655781,32.803762],[130.655776,32.803782],[130.655774,32.803809],[130.655805,32.803854],[130.655871,32.803937],[130.655944,32.804018],[130.655968,32.804044],[130.656009,32.804083],[130.656154,32.804186],[130.656378,32.804332],[130.656554,32.804439],[130.656724,32.804546],[130.656755,32.804577],[130.656771,32.804609],[130.656772,32.804644],[130.656759,32.804695],[130.656722,32.804771],[130.656703,32.804816],[130.656702,32.804844],[130.656711,32.804877],[130.656742,32.804909],[130.656794,32.804945],[130.65688,32.804993],[130.657058,32.805079],[130.657214,32.805144],[130.657272,32.805172],[130.65735,32.805227],[130.657493,32.805324],[130.657598,32.80538],[130.657959,32.805566],[130.658339,32.805772],[130.658613,32.80563],[130.658648,32.805616],[130.658597,32.805771],[130.658588,32.805816],[130.658592,32.805832],[130.658602,32.805841],[130.65862,32.805841],[130.658643,32.805836],[130.659079,32.805643],[130.659151,32.805618],[130.659232,32.805604],[130.659302,32.805597],[130.659357,32.8056],[130.659434,32.805624],[130.659731,32.80557],[130.65987,32.80556],[130.659902,32.805557],[130.659968,32.805537],[130.660039,32.805526],[130.660081,32.805526],[130.660117,32.805532],[130.660141,32.80554],[130.660017,32.805592],[130.659853,32.805677],[130.659738,32.805751],[130.659679,32.805809],[130.659649,32.805864],[130.659627,32.805915],[130.659622,32.805955],[130.659627,32.806001],[130.659645,32.806031],[130.659677,32.806052],[130.65974,32.80606],[130.659805,32.806063],[130.660065,32.806036],[130.660293,32.806009],[130.660532,32.805994],[130.660748,32.805988],[130.660912,32.805984],[130.661057,32.805987],[130.661132,32.805993],[130.6612,32.806014],[130.66124,32.80602],[130.661279,32.806022],[130.661328,32.806017],[130.661373,32.806004],[130.661406,32.805971],[130.661454,32.805889],[130.661488,32.805823],[130.661519,32.805783],[130.661557,32.805761],[130.661592,32.80575],[130.661662,32.805749],[130.661885,32.805798],[130.662023,32.805817],[130.662183,32.805837],[130.662307,32.805851],[130.662446,32.805856],[130.662528,32.80586],[130.662564,32.805912],[130.662607,32.805966],[130.662627,32.805969],[130.662768,32.805889],[130.662825,32.805869],[130.662887,32.805861],[130.663016,32.805852],[130.663076,32.805846],[130.663135,32.805827],[130.663195,32.805797],[130.663301,32.805722],[130.663497,32.805572],[130.663796,32.805562],[130.663793,32.805644],[130.663806,32.805689],[130.663802,32.805708],[130.663778,32.805743],[130.663734,32.805775],[130.663642,32.80582],[130.6636,32.805844],[130.663573,32.805878],[130.663549,32.805933],[130.663547,32.806003],[130.663555,32.806066],[130.663579,32.806124],[130.663602,32.806158],[130.663629,32.806184],[130.663657,32.806191],[130.663689,32.806193],[130.663742,32.806181],[130.663849,32.806116],[130.663981,32.806041],[130.66406,32.806012],[130.664229,32.805959],[130.664417,32.805913],[130.664628,32.805869],[130.66478,32.805832],[130.664853,32.805807],[130.664932,32.805768],[130.665015,32.805723],[130.665069,32.805675],[130.665138,32.805595],[130.665223,32.805461],[130.665298,32.805467],[130.665335,32.805458],[130.665384,32.805431],[130.665417,32.805407],[130.665471,32.805304],[130.665552,32.805168],[130.665587,32.805101],[130.665645,32.805052],[130.665764,32.804973],[130.665898,32.80489],[130.665959,32.804857],[130.66602,32.804847],[130.666077,32.804842],[130.666255,32.804852],[130.666391,32.804867],[130.666489,32.804863],[130.666538,32.804855],[130.666593,32.80483],[130.666642,32.804789],[130.666694,32.804739],[130.666709,32.804708],[130.66671,32.804651],[130.666681,32.804622],[130.666652,32.8046],[130.666635,32.804594],[130.66661,32.804596],[130.666549,32.804626],[130.666382,32.804548],[130.666328,32.80453],[130.666234,32.804525],[130.666084,32.804524],[130.665999,32.804525],[130.66546,32.804717],[130.665489,32.804248],[130.66532,32.804142],[130.665389,32.804041],[130.665395,32.804018],[130.665404,32.803956],[130.665406,32.8039],[130.665442,32.803852],[130.665473,32.803821],[130.665557,32.803767],[130.665643,32.803693],[130.665856,32.803502],[130.665895,32.803465],[130.665931,32.803417],[130.665956,32.803368],[130.665964,32.80334],[130.665955,32.8033],[130.665927,32.803242],[130.665896,32.803201],[130.665854,32.803151],[130.665805,32.803091],[130.665756,32.803039],[130.665712,32.802986],[130.665675,32.80293],[130.665641,32.802886],[130.665614,32.802831],[130.665589,32.802722],[130.665586,32.802584],[130.665595,32.802532],[130.665617,32.802492],[130.665659,32.802444],[130.665701,32.802403],[130.665792,32.802344],[130.665888,32.802295],[130.666011,32.802242],[130.6661,32.802212],[130.66613,32.802192],[130.666146,32.802174],[130.666157,32.802135],[130.666159,32.802105],[130.666162,32.80208],[130.666174,32.802067],[130.666203,32.80206],[130.666534,32.802076],[130.666892,32.802096],[130.666913,32.80207],[130.666942,32.802047],[130.666967,32.802035],[130.666996,32.802029],[130.667026,32.802028],[130.667255,32.802059],[130.667399,32.802094],[130.667522,32.802141],[130.66756,32.802154],[130.66762,32.802162],[130.667683,32.802161],[130.667727,32.802152],[130.667891,32.802107],[130.668133,32.802019],[130.668166,32.801998],[130.668213,32.801958],[130.668253,32.801918],[130.668283,32.801901],[130.668345,32.801888],[130.668424,32.801875],[130.668471,32.801851],[130.668518,32.801828],[130.668594,32.801736],[130.668629,32.801708],[130.668679,32.801694],[130.668718,32.801667],[130.668854,32.801507],[130.668954,32.801392],[130.66899,32.801329],[130.669025,32.801247],[130.669036,32.801171],[130.669037,32.801109],[130.66904,32.801033],[130.669086,32.800953],[130.669136,32.800859],[130.669196,32.80068],[130.669229,32.800653],[130.669392,32.800558],[130.669352,32.800477],[130.669438,32.800433],[130.669348,32.800278],[130.669477,32.800233],[130.669639,32.800192],[130.669819,32.800145],[130.669894,32.800126],[130.669993,32.800089],[130.670073,32.800049],[130.67004,32.800024],[130.669911,32.799925],[130.669824,32.799864],[130.669856,32.799819],[130.669884,32.799755],[130.669898,32.799708],[130.669915,32.799664],[130.669925,32.799645],[130.669936,32.799627],[130.669953,32.79961],[130.669974,32.799601],[130.670013,32.799592],[130.670097,32.799585],[130.670078,32.799521],[130.67008,32.79948],[130.670089,32.799451],[130.670096,32.799425],[130.670114,32.799386],[130.670123,32.799306],[130.670351,32.798961],[130.670413,32.798808],[130.670457,32.79867],[130.670475,32.798577]]]}},{"type":"Feature","properties":{"DistType":"風致地区","DistCode":28,"Pref":"熊本県","Citycode":"43100","Cityname":"熊本市"},"geometry":{"type":"Polygon","coordinates":[[[130.693123,32.795774],[130.693059,32.795537],[130.693075,32.795464],[130.693047,32.79544],[130.692769,32.795447],[130.692668,32.795449],[130.692663,32.795375],[130.692663,32.79525],[130.692663,32.795191],[130.692646,32.795173],[130.692559,32.795173],[130.692489,32.795174],[130.69247,32.795163],[130.692461,32.79513],[130.692461,32.795068],[130.692445,32.79497],[130.692434,32.794952],[130.692415,32.79494],[130.692395,32.794931],[130.692344,32.794923],[130.692224,32.794898],[130.692194,32.794878],[130.692184,32.794857],[130.692181,32.794811],[130.692177,32.794791],[130.692155,32.794776],[130.692132,32.794769],[130.692068,32.794762],[130.692034,32.794762],[130.692003,32.79476],[130.691945,32.794764],[130.691846,32.79477],[130.691613,32.794753],[130.691523,32.794748],[130.69142,32.794733],[130.691329,32.794719],[130.69121,32.794708],[130.691097,32.794705],[130.690963,32.794692],[130.690905,32.794691],[130.690863,32.794693],[130.690829,32.794705],[130.690786,32.79473],[130.690595,32.794881],[130.690361,32.794722],[130.69041,32.794654],[130.690327,32.794593],[130.690302,32.794573],[130.690328,32.794528],[130.690376,32.794468],[130.690467,32.794378],[130.690549,32.794323],[130.6906,32.794299],[130.690642,32.794278],[130.690743,32.794243],[130.690779,32.79422],[130.690936,32.794099],[130.690968,32.794068],[130.690977,32.79404],[130.690979,32.794014],[130.69097,32.793984],[130.690921,32.793899],[130.690902,32.793876],[130.690878,32.793856],[130.690853,32.793846],[130.690819,32.793836],[130.690757,32.793836],[130.69061,32.793839],[130.690441,32.793849],[130.690079,32.793921],[130.689992,32.79394],[130.689962,32.793968],[130.689938,32.794006],[130.68988,32.794041],[130.689805,32.794077],[130.689727,32.794037],[130.689698,32.794036],[130.689678,32.794043],[130.68961,32.794074],[130.689357,32.794205],[130.689282,32.794186],[130.689208,32.794151],[130.689187,32.794252],[130.68883,32.794383],[130.688841,32.794416],[130.688698,32.794619],[130.688675,32.794633],[130.688658,32.794636],[130.688599,32.794607],[130.688517,32.794576],[130.688475,32.794574],[130.688426,32.794572],[130.688405,32.794585],[130.688239,32.794749],[130.68804,32.794872],[130.687986,32.794896],[130.687916,32.794916],[130.687773,32.794936],[130.68744,32.794983],[130.687296,32.794994],[130.687208,32.794996],[130.686976,32.794982],[130.686493,32.79496],[130.686002,32.794936],[130.685677,32.794924],[130.685569,32.794922],[130.685546,32.794902],[130.685529,32.794878],[130.685296,32.794827],[130.685263,32.794813],[130.684795,32.794708],[130.684706,32.794694],[130.68463,32.794671],[130.68451,32.794634],[130.68434,32.794574],[130.68394,32.794458],[130.683927,32.794447],[130.683899,32.794439],[130.683875,32.794425],[130.683859,32.794409],[130.683844,32.794389],[130.683531,32.794187],[130.683468,32.794146],[130.683339,32.79404],[130.683226,32.79394],[130.683142,32.79386],[130.683012,32.793714],[130.68297,32.793651],[130.68293,32.793581],[130.682879,32.793454],[130.682848,32.79338],[130.68284,32.79337],[130.682831,32.793365],[130.68282,32.793376],[130.682821,32.793416],[130.68282,32.793431],[130.682739,32.793453],[130.682758,32.793513],[130.682664,32.79353],[130.68262,32.793326],[130.682621,32.793312],[130.682621,32.793282],[130.682608,32.793255],[130.682586,32.793204],[130.682569,32.793142],[130.682564,32.793104],[130.682568,32.793002],[130.682569,32.792929],[130.682548,32.792735],[130.682532,32.792641],[130.682526,32.792541],[130.682523,32.792348],[130.682554,32.79235],[130.682602,32.79238],[130.682684,32.792458],[130.682691,32.792453],[130.682676,32.792414],[130.682637,32.792289],[130.682615,32.792225],[130.682574,32.792109],[130.682553,32.79205],[130.682528,32.791966],[130.682513,32.791903],[130.682503,32.791824],[130.682501,32.791733],[130.682507,32.791683],[130.682544,32.791611],[130.682582,32.791561],[130.682666,32.791434],[130.68271,32.791356],[130.682739,32.791316],[130.682791,32.79124],[130.682837,32.791172],[130.682909,32.791083],[130.682988,32.790958],[130.683076,32.790808],[130.683105,32.790769],[130.683146,32.790741],[130.683227,32.790766],[130.683311,32.790807],[130.683361,32.79085],[130.683268,32.791198],[130.683285,32.791208],[130.683335,32.7912],[130.683383,32.791176],[130.683424,32.791144],[130.683479,32.791111],[130.683528,32.791092],[130.683587,32.791068],[130.683666,32.791042],[130.683695,32.791029],[130.683782,32.790995],[130.683867,32.790946],[130.683946,32.790874],[130.683997,32.790824],[130.684053,32.790776],[130.68404,32.790686],[130.684044,32.790659],[130.684058,32.790576],[130.684083,32.790463],[130.684122,32.790377],[130.684165,32.790273],[130.684187,32.790228],[130.684261,32.790192],[130.684318,32.790178],[130.684388,32.790179],[130.684459,32.790156],[130.684625,32.790155],[130.684768,32.790118],[130.684858,32.790092],[130.684975,32.790081],[130.685034,32.790079],[130.685096,32.790078],[130.685138,32.790078],[130.685145,32.790053],[130.685175,32.789895],[130.685153,32.789894],[130.685223,32.789609],[130.685198,32.789595],[130.685203,32.789539],[130.685232,32.789461],[130.685283,32.789368],[130.68534,32.789277],[130.685383,32.789213],[130.685422,32.789168],[130.685485,32.789095],[130.685588,32.788901],[130.685708,32.788701],[130.685945,32.788724],[130.685939,32.788657],[130.685942,32.788606],[130.685962,32.788551],[130.685963,32.788523],[130.685937,32.788445],[130.685947,32.788401],[130.685971,32.788386],[130.685994,32.788343],[130.686008,32.788305],[130.686006,32.788263],[130.68597,32.788164],[130.685956,32.788112],[130.685946,32.787996],[130.685929,32.787824],[130.685933,32.787769],[130.685953,32.787663],[130.686044,32.78764],[130.685997,32.787193],[130.685964,32.786951],[130.685888,32.786705],[130.68586,32.786697],[130.685777,32.786665],[130.6857,32.786651],[130.685611,32.786641],[130.68552,32.786632],[130.685201,32.786599],[130.684978,32.786574],[130.684946,32.786565],[130.68496,32.786535],[130.685172,32.78608],[130.684711,32.785932],[130.68461,32.785934],[130.684527,32.785954],[130.684471,32.785979],[130.684247,32.786106],[130.684064,32.786201],[130.684057,32.786237],[130.68389,32.786335],[130.68382,32.786378],[130.683776,32.786419],[130.683713,32.786472],[130.683649,32.786532],[130.683599,32.786579],[130.683528,32.786661],[130.683502,32.786691],[130.683417,32.786765],[130.683349,32.786825],[130.683298,32.786854],[130.683255,32.786864],[130.683228,32.786869],[130.683206,32.786861],[130.683188,32.786849],[130.68316,32.786827],[130.683138,32.786814],[130.683112,32.78681],[130.683089,32.78681],[130.683056,32.786823],[130.683019,32.786851],[130.682995,32.786836],[130.682898,32.786895],[130.682833,32.78694],[130.68285,32.786976],[130.682889,32.787015],[130.6829,32.787033],[130.682902,32.787051],[130.682891,32.787073],[130.682862,32.787104],[130.682788,32.787168],[130.682745,32.787218],[130.682695,32.787208],[130.682652,32.787254],[130.682633,32.78727],[130.68261,32.787273],[130.682568,32.787273],[130.682579,32.787384],[130.682584,32.787404],[130.682593,32.787415],[130.68261,32.787419],[130.682623,32.787422],[130.68263,32.787433],[130.682638,32.787572],[130.682634,32.787617],[130.682566,32.787767],[130.68252,32.787842],[130.682492,32.78788],[130.682449,32.787868],[130.682431,32.787865],[130.682416,32.787868],[130.6824,32.787882],[130.682384,32.787917],[130.682366,32.787929],[130.682346,32.787933],[130.682325,32.787931],[130.682299,32.787922],[130.682266,32.787907],[130.682191,32.787978],[130.682167,32.788011],[130.682147,32.788037],[130.682117,32.788069],[130.682144,32.788159],[130.682145,32.788169],[130.682135,32.788181],[130.682083,32.788194],[130.681956,32.788228],[130.68193,32.788186],[130.681833,32.788217],[130.681763,32.78825],[130.681695,32.788277],[130.681594,32.788315],[130.681531,32.788346],[130.681475,32.788362],[130.681417,32.788379],[130.681381,32.788388],[130.681353,32.788397],[130.68132,32.788424],[130.681246,32.788482],[130.681212,32.788513],[130.681169,32.788537],[130.681111,32.788568],[130.681087,32.788583],[130.681068,32.788597],[130.681019,32.78866],[130.680923,32.788765],[130.680924,32.788813],[130.680921,32.788839],[130.680914,32.788865],[130.680895,32.788898],[130.680863,32.788935],[130.680816,32.788975],[130.680791,32.788992],[130.680751,32.788971],[130.680686,32.789031],[130.68064,32.789018],[130.680565,32.789102],[130.680434,32.789248],[130.680408,32.789273],[130.680382,32.789294],[130.680356,32.789305],[130.680342,32.789333],[130.680333,32.789351],[130.680307,32.789377],[130.680258,32.789432],[130.68019,32.789512],[130.680133,32.789563],[130.680068,32.789621],[130.67995,32.789721],[130.67976,32.789883],[130.679608,32.790005],[130.679632,32.790029],[130.679566,32.790083],[130.679536,32.790098],[130.679482,32.790125],[130.679462,32.790142],[130.679405,32.790217],[130.679351,32.790289],[130.679303,32.790333],[130.679285,32.790356],[130.679282,32.790371],[130.679306,32.790388],[130.679415,32.790478],[130.679291,32.790594],[130.679218,32.790651],[130.679102,32.790734],[130.679062,32.790764],[130.679037,32.790772],[130.678997,32.790774],[130.678971,32.790784],[130.678946,32.790802],[130.678878,32.79085],[130.67885,32.790838],[130.678835,32.790838],[130.678818,32.790843],[130.678762,32.790883],[130.678698,32.790941],[130.678686,32.790951],[130.67867,32.790951],[130.678633,32.79093],[130.678617,32.790924],[130.678605,32.790927],[130.678585,32.790942],[130.678453,32.791073],[130.678427,32.791104],[130.678351,32.791195],[130.678327,32.791219],[130.678299,32.791245],[130.678245,32.791278],[130.678181,32.791314],[130.678102,32.791366],[130.677896,32.791501],[130.677631,32.791675],[130.677563,32.79172],[130.677503,32.791767],[130.677447,32.791827],[130.677402,32.791867],[130.677344,32.791921],[130.677238,32.792019],[130.677232,32.792036],[130.677224,32.792083],[130.677186,32.792141],[130.677128,32.79221],[130.6771,32.792234],[130.677031,32.792278],[130.676992,32.792306],[130.676963,32.792341],[130.676931,32.792393],[130.676904,32.792437],[130.676869,32.792495],[130.676832,32.792579],[130.676797,32.792631],[130.67676,32.792672],[130.676718,32.7927],[130.676688,32.792718],[130.676628,32.792744],[130.676547,32.792863],[130.676536,32.792889],[130.676552,32.792917],[130.676531,32.792948],[130.676499,32.792992],[130.676467,32.793021],[130.676427,32.793023],[130.676228,32.793257],[130.676195,32.793298],[130.676154,32.793345],[130.676124,32.793398],[130.676117,32.793464],[130.676115,32.793555],[130.676129,32.79363],[130.67617,32.793754],[130.676237,32.793943],[130.676325,32.794176],[130.67644,32.794367],[130.676504,32.79444],[130.676556,32.794474],[130.676664,32.794518],[130.676731,32.794549],[130.676785,32.79461],[130.676839,32.794676],[130.676841,32.794739],[130.676764,32.794761],[130.676717,32.794763],[130.67668,32.794753],[130.676605,32.794707],[130.676562,32.794748],[130.676694,32.794895],[130.676758,32.79493],[130.676818,32.794964],[130.676899,32.795011],[130.67697,32.795058],[130.677089,32.79514],[130.677192,32.795214],[130.677275,32.795279],[130.677332,32.79532],[130.677428,32.795393],[130.677522,32.795465],[130.677568,32.795491],[130.677645,32.79553],[130.677755,32.795582],[130.677942,32.795678],[130.677964,32.795694],[130.678004,32.795736],[130.678071,32.79579],[130.678118,32.795831],[130.678228,32.795895],[130.678285,32.795932],[130.678354,32.795977],[130.678417,32.796038],[130.678464,32.796102],[130.67851,32.796174],[130.678532,32.796209],[130.678573,32.796278],[130.678594,32.796327],[130.678619,32.796421],[130.67863,32.79648],[130.678634,32.796564],[130.678642,32.796596],[130.678656,32.796636],[130.678689,32.796696],[130.678764,32.796781],[130.678881,32.796894],[130.678967,32.796973],[130.679019,32.797006],[130.679073,32.797026],[130.679158,32.797052],[130.679226,32.797064],[130.679326,32.797079],[130.679383,32.797088],[130.679477,32.7971],[130.67951,32.7971],[130.679614,32.797101],[130.679825,32.797077],[130.679973,32.797059],[130.679996,32.797056],[130.680047,32.797049],[130.680108,32.797044],[130.680207,32.797045],[130.680328,32.797067],[130.680471,32.7971],[130.680513,32.797109],[130.680578,32.797133],[130.680686,32.797172],[130.680742,32.797187],[130.680891,32.797228],[130.681034,32.797295],[130.681127,32.797342],[130.681212,32.797386],[130.681304,32.797442],[130.681405,32.797499],[130.681498,32.797539],[130.681713,32.797634],[130.681754,32.797658],[130.681817,32.797699],[130.681929,32.797764],[130.682035,32.797818],[130.682171,32.797886],[130.682258,32.797928],[130.682345,32.797968],[130.682432,32.798004],[130.682569,32.798054],[130.682701,32.798101],[130.682867,32.798157],[130.682947,32.798164],[130.683186,32.798191],[130.683237,32.798205],[130.683465,32.798317],[130.683574,32.798372],[130.683671,32.798434],[130.683778,32.798529],[130.683834,32.798571],[130.683897,32.798607],[130.683999,32.798652],[130.68409,32.798682],[130.684245,32.798739],[130.684368,32.798787],[130.684452,32.798836],[130.684522,32.798827],[130.684641,32.798802],[130.684722,32.798792],[130.684762,32.798787],[130.684868,32.798786],[130.684941,32.798787],[130.685058,32.798791],[130.685444,32.798819],[130.68566,32.798837],[130.68598,32.798854],[130.686073,32.79886],[130.686229,32.798857],[130.686296,32.798853],[130.686349,32.798843],[130.686405,32.798829],[130.686487,32.798798],[130.686656,32.798734],[130.686797,32.798679],[130.686857,32.798651],[130.686912,32.798635],[130.687084,32.798595],[130.687229,32.798566],[130.687346,32.798539],[130.68747,32.798503],[130.68765,32.798452],[130.687732,32.798427],[130.687919,32.798372],[130.68816,32.798289],[130.688381,32.798218],[130.688635,32.79814],[130.688679,32.798127],[130.688671,32.798111],[130.688655,32.798101],[130.688632,32.79809],[130.688562,32.798068],[130.688547,32.798058],[130.688526,32.798046],[130.688502,32.798027],[130.688483,32.798003],[130.68846,32.797971],[130.688459,32.797936],[130.688468,32.797895],[130.688485,32.797851],[130.688515,32.797818],[130.688541,32.797795],[130.68859,32.797762],[130.688677,32.797706],[130.688701,32.797689],[130.688728,32.79766],[130.688813,32.797566],[130.688946,32.797398],[130.689184,32.797104],[130.689384,32.796851],[130.689542,32.796657],[130.689646,32.796532],[130.689738,32.796414],[130.689802,32.796315],[130.689844,32.796261],[130.689883,32.796211],[130.689924,32.796172],[130.689955,32.796148],[130.690042,32.796098],[130.690132,32.796051],[130.690208,32.796023],[130.690267,32.795984],[130.690317,32.795952],[130.690337,32.795938],[130.690351,32.795936],[130.690366,32.795937],[130.690388,32.795951],[130.690414,32.796047],[130.69047,32.796229],[130.6905,32.796315],[130.690544,32.796441],[130.690616,32.796603],[130.690693,32.796773],[130.690776,32.796925],[130.69084,32.79706],[130.690842,32.797067],[130.690875,32.797129],[130.690904,32.797162],[130.69097,32.797208],[130.691038,32.797226],[130.691259,32.797291],[130.691081,32.797596],[130.690805,32.798076],[130.690955,32.798133],[130.690945,32.798161],[130.690943,32.798187],[130.691172,32.79829],[130.691176,32.798393],[130.691178,32.79851],[130.691186,32.79858],[130.691198,32.798641],[130.691226,32.798711],[130.691241,32.798737],[130.691243,32.798754],[130.691239,32.79877],[130.691197,32.798804],[130.691138,32.798857],[130.691113,32.798876],[130.691097,32.798896],[130.691084,32.798944],[130.691087,32.799001],[130.691098,32.799049],[130.69112,32.799097],[130.691171,32.799183],[130.691191,32.799232],[130.691202,32.79929],[130.691208,32.799364],[130.691205,32.799436],[130.691192,32.799519],[130.691174,32.799591],[130.691156,32.799669],[130.691128,32.799717],[130.691114,32.799746],[130.691107,32.799817],[130.691097,32.799881],[130.6911,32.799897],[130.691111,32.799912],[130.691133,32.799926],[130.691143,32.799934],[130.691154,32.799967],[130.691215,32.800078],[130.691247,32.800121],[130.691258,32.800132],[130.691267,32.800136],[130.691279,32.800135],[130.691393,32.800114],[130.691415,32.800111],[130.691447,32.800112],[130.691515,32.800119],[130.691528,32.800124],[130.69157,32.800172],[130.691668,32.800137],[130.691764,32.800108],[130.691889,32.80008],[130.691956,32.800065],[130.692059,32.800045],[130.692152,32.800036],[130.692347,32.800025],[130.692445,32.80002],[130.692559,32.800015],[130.692615,32.800009],[130.692688,32.799999],[130.692758,32.799984],[130.692829,32.799965],[130.692897,32.799939],[130.692955,32.799908],[130.693022,32.79986],[130.693063,32.799813],[130.693091,32.799762],[130.693103,32.799707],[130.693098,32.79949],[130.693088,32.799407],[130.693072,32.79935],[130.69303,32.799218],[130.692988,32.79911],[130.692918,32.798971],[130.692887,32.798902],[130.692867,32.798867],[130.692845,32.798843],[130.692817,32.798821],[130.692717,32.798779],[130.692419,32.798665],[130.692349,32.798633],[130.692131,32.798517],[130.692097,32.798382],[130.692096,32.798359],[130.692101,32.798332],[130.692135,32.798268],[130.692154,32.798216],[130.692212,32.79811],[130.692273,32.798],[130.692313,32.797926],[130.692374,32.797854],[130.692497,32.797703],[130.692591,32.797584],[130.692627,32.797537],[130.692647,32.797506],[130.692662,32.797441],[130.692689,32.797287],[130.692717,32.797149],[130.692747,32.796933],[130.692776,32.796737],[130.692824,32.796503],[130.692851,32.796379],[130.692868,32.796313],[130.692902,32.79621],[130.692944,32.796102],[130.692979,32.796007],[130.693123,32.795774]]]}},{"type":"Feature","properties":{"DistType":"風致地区","DistCode":28,"Pref":"熊本県","Citycode":"43100","Cityname":"熊本市"},"geometry":{"type":"Polygon","coordinates":[[[130.72423,32.846354],[130.724222,32.846318],[130.724194,32.846294],[130.724144,32.846238],[130.724118,32.846193],[130.724085,32.846115],[130.724048,32.846023],[130.723967,32.845896],[130.723931,32.845829],[130.72389,32.845777],[130.723804,32.845701],[130.723727,32.845605],[130.723548,32.845373],[130.72334,32.845089],[130.723218,32.844923],[130.722949,32.844648],[130.722922,32.844635],[130.722887,32.844637],[130.722848,32.84463],[130.72281,32.844608],[130.722747,32.844549],[130.722657,32.844448],[130.722621,32.844386],[130.722592,32.844311],[130.722533,32.844138],[130.722472,32.843939],[130.722439,32.843923],[130.722328,32.843503],[130.722345,32.843449],[130.7224,32.843299],[130.722439,32.843149],[130.722428,32.843049],[130.722408,32.84295],[130.722427,32.84273],[130.722455,32.842564],[130.722485,32.84225],[130.72249,32.842102],[130.722487,32.842001],[130.722234,32.842004],[130.721826,32.842034],[130.721612,32.841845],[130.721513,32.841758],[130.721428,32.8417],[130.721359,32.841667],[130.721204,32.841603],[130.721165,32.841586],[130.721135,32.841566],[130.7211,32.841538],[130.721079,32.841529],[130.721029,32.841513],[130.720995,32.841477],[130.720751,32.841455],[130.720734,32.841468],[130.720936,32.841953],[130.721017,32.842141],[130.72112,32.842333],[130.721277,32.8426],[130.721486,32.842932],[130.72163,32.8432],[130.721714,32.84336],[130.721754,32.843521],[130.721782,32.843717],[130.721796,32.84383],[130.721799,32.843948],[130.721747,32.844123],[130.721677,32.84428],[130.721544,32.844541],[130.721385,32.844862],[130.721333,32.844982],[130.721306,32.84511],[130.721302,32.845207],[130.72134,32.845365],[130.72136,32.845463],[130.721391,32.84558],[130.7214,32.84567],[130.721384,32.845796],[130.721367,32.845894],[130.721259,32.84626],[130.721154,32.846615],[130.721479,32.846644],[130.721486,32.846773],[130.721693,32.846815],[130.721722,32.847096],[130.721757,32.847332],[130.721818,32.847331],[130.721872,32.847337],[130.721973,32.847362],[130.722394,32.847566],[130.722807,32.847565],[130.722879,32.847574],[130.722974,32.847593],[130.723415,32.847696],[130.723738,32.847708],[130.723822,32.847705],[130.723909,32.847687],[130.723999,32.847641],[130.724121,32.847552],[130.724056,32.847442],[130.724033,32.847395],[130.724016,32.847337],[130.72402,32.84727],[130.724065,32.847145],[130.724092,32.847063],[130.724085,32.846979],[130.724023,32.846707],[130.724015,32.846633],[130.724027,32.846588],[130.724067,32.846543],[130.724128,32.846493],[130.724195,32.846443],[130.724221,32.846405],[130.72423,32.846354]]]}},{"type":"Feature","properties":{"DistType":"風致地区","DistCode":28,"Pref":"熊本県","Citycode":"43100","Cityname":"熊本市"},"geometry":{"type":"Polygon","coordinates":[[[130.748438,32.824405],[130.748354,32.824204],[130.748049,32.824241],[130.748032,32.824188],[130.748008,32.82407],[130.748004,32.823986],[130.747983,32.823924],[130.747936,32.823766],[130.747861,32.823602],[130.747742,32.823379],[130.747621,32.823161],[130.747496,32.822945],[130.747425,32.822815],[130.747379,32.822753],[130.746768,32.822853],[130.746197,32.822993],[130.74601,32.823065],[130.745897,32.823103],[130.745756,32.823151],[130.745535,32.823218],[130.745471,32.823227],[130.745326,32.823212],[130.745067,32.823234],[130.744721,32.823281],[130.744449,32.823322],[130.744033,32.823398],[130.743387,32.823498],[130.743265,32.823509],[130.743477,32.823213],[130.743719,32.822898],[130.743951,32.822646],[130.744154,32.822391],[130.744202,32.822342],[130.744323,32.822213],[130.744482,32.822035],[130.744667,32.821811],[130.744647,32.821346],[130.744602,32.821346],[130.744587,32.821341],[130.744578,32.821328],[130.744569,32.821302],[130.74456,32.821281],[130.744341,32.821322],[130.744235,32.821193],[130.744084,32.821001],[130.743925,32.820796],[130.743903,32.820766],[130.743664,32.820848],[130.743491,32.820495],[130.743469,32.820491],[130.742855,32.820678],[130.742756,32.820734],[130.742632,32.820818],[130.742545,32.820872],[130.742527,32.820891],[130.742509,32.820922],[130.742432,32.821061],[130.742387,32.82113],[130.742349,32.821173],[130.742248,32.821266],[130.742053,32.821437],[130.741901,32.821569],[130.741863,32.821514],[130.741818,32.821409],[130.74173,32.821191],[130.741678,32.821089],[130.741323,32.821256],[130.74121,32.821319],[130.741117,32.821372],[130.740996,32.821442],[130.740856,32.821509],[130.740672,32.821568],[130.740573,32.821598],[130.740243,32.821717],[130.74014,32.821562],[130.740133,32.82155],[130.739812,32.821698],[130.739772,32.821725],[130.739753,32.821743],[130.739738,32.821773],[130.739719,32.821834],[130.739677,32.822107],[130.739662,32.822126],[130.739596,32.822129],[130.73944,32.821829],[130.739425,32.821774],[130.739419,32.821702],[130.739427,32.82165],[130.739451,32.821568],[130.739508,32.821426],[130.739607,32.821203],[130.739621,32.821119],[130.739663,32.820975],[130.739709,32.820932],[130.739892,32.820807],[130.739951,32.820768],[130.740257,32.820569],[130.740328,32.820528],[130.740349,32.820517],[130.740543,32.820386],[130.740655,32.82032],[130.740877,32.820209],[130.741054,32.82012],[130.741327,32.819979],[130.741646,32.819803],[130.742176,32.819548],[130.742635,32.819316],[130.742679,32.819286],[130.742679,32.81927],[130.742663,32.819253],[130.742557,32.819219],[130.742216,32.819114],[130.741702,32.818948],[130.7415,32.818924],[130.74133,32.818913],[130.741108,32.818898],[130.740891,32.818887],[130.740846,32.818882],[130.74057,32.818965],[130.740538,32.818964],[130.740512,32.818949],[130.740544,32.818899],[130.740596,32.818808],[130.740629,32.81874],[130.740634,32.818674],[130.740626,32.818464],[130.740616,32.818441],[130.740558,32.818441],[130.740482,32.818445],[130.740354,32.818453],[130.740223,32.818469],[130.740099,32.818501],[130.739987,32.818534],[130.739763,32.818497],[130.739938,32.817946],[130.73995,32.817914],[130.739787,32.817867],[130.739748,32.817866],[130.739655,32.817857],[130.739627,32.817862],[130.739476,32.818122],[130.73942,32.818259],[130.739288,32.818212],[130.739197,32.818189],[130.739055,32.818151],[130.738801,32.818117],[130.738596,32.818089],[130.738548,32.818074],[130.738456,32.817994],[130.738354,32.817891],[130.738329,32.817845],[130.738303,32.81776],[130.738271,32.81766],[130.738224,32.817566],[130.738171,32.817505],[130.738124,32.81749],[130.738078,32.817352],[130.738031,32.817268],[130.737931,32.817177],[130.737777,32.817034],[130.737717,32.81708],[130.737557,32.81699],[130.737485,32.817045],[130.737327,32.817025],[130.737209,32.816998],[130.737116,32.816978],[130.737052,32.816961],[130.737021,32.81694],[130.73699,32.816915],[130.736921,32.816859],[130.736751,32.816806],[130.736592,32.816889],[130.736578,32.816872],[130.736447,32.816931],[130.736358,32.816851],[130.736331,32.81684],[130.736218,32.816932],[130.736099,32.816913],[130.736006,32.816997],[130.735911,32.816943],[130.735873,32.816929],[130.735861,32.816936],[130.735847,32.816957],[130.735867,32.816987],[130.735784,32.817072],[130.735624,32.817232],[130.735614,32.817271],[130.735625,32.817305],[130.735665,32.817396],[130.735735,32.817592],[130.73576,32.817685],[130.735808,32.817817],[130.735878,32.817948],[130.735828,32.817979],[130.735771,32.818024],[130.73573,32.818075],[130.735654,32.818209],[130.735577,32.818342],[130.735554,32.818387],[130.735204,32.818328],[130.73507,32.818308],[130.734965,32.818304],[130.734927,32.818326],[130.734898,32.81835],[130.734858,32.818386],[130.73481,32.818747],[130.734808,32.818895],[130.734843,32.819026],[130.73484,32.819059],[130.734811,32.819109],[130.734759,32.819138],[130.734691,32.819125],[130.734617,32.819118],[130.734586,32.819092],[130.734426,32.819078],[130.734368,32.819284],[130.734338,32.819291],[130.734156,32.819286],[130.734142,32.819319],[130.733841,32.819331],[130.733554,32.819286],[130.733538,32.819273],[130.733537,32.81925],[130.733547,32.819153],[130.733357,32.81914],[130.733339,32.819133],[130.733296,32.819093],[130.732966,32.819046],[130.732929,32.818965],[130.732788,32.818956],[130.732774,32.819084],[130.732763,32.819098],[130.732473,32.819078],[130.732466,32.819108],[130.732328,32.819098],[130.732137,32.81908],[130.731491,32.818982],[130.731488,32.818899],[130.731194,32.818903],[130.731125,32.818923],[130.731106,32.81894],[130.731077,32.818983],[130.730937,32.819257],[130.730978,32.819292],[130.730982,32.819309],[130.73096,32.819412],[130.73092,32.819417],[130.730912,32.819443],[130.73089,32.819912],[130.731034,32.819926],[130.73104,32.820301],[130.731025,32.820317],[130.730561,32.820324],[130.730564,32.82037],[130.730239,32.820399],[130.729701,32.820497],[130.729463,32.820562],[130.728933,32.820694],[130.728757,32.820687],[130.728412,32.820716],[130.728382,32.820716],[130.728243,32.820677],[130.727885,32.820586],[130.727801,32.820556],[130.727738,32.820549],[130.727675,32.820561],[130.727588,32.82061],[130.727485,32.820651],[130.727326,32.820707],[130.727149,32.820808],[130.726894,32.820915],[130.7268,32.820956],[130.726758,32.820957],[130.726725,32.820953],[130.726662,32.820924],[130.726593,32.820883],[130.726425,32.820868],[130.726275,32.820871],[130.726212,32.820881],[130.726115,32.820914],[130.726002,32.820982],[130.725871,32.821093],[130.725827,32.821157],[130.725778,32.821325],[130.725739,32.821372],[130.725641,32.821421],[130.72563,32.821654],[130.72557,32.821669],[130.725547,32.821694],[130.725542,32.821734],[130.725537,32.821829],[130.725514,32.821915],[130.725451,32.822042],[130.725465,32.822063],[130.725524,32.822105],[130.725494,32.822173],[130.725442,32.822271],[130.725351,32.822393],[130.725351,32.822484],[130.725334,32.822534],[130.725267,32.822615],[130.725235,32.822669],[130.725239,32.822766],[130.725215,32.822841],[130.725153,32.822918],[130.724819,32.823027],[130.724816,32.823056],[130.72501,32.823299],[130.725131,32.823463],[130.725215,32.823611],[130.725392,32.823637],[130.725493,32.823666],[130.725633,32.823724],[130.725693,32.823748],[130.725766,32.82383],[130.725888,32.823962],[130.726001,32.824194],[130.726041,32.824285],[130.726053,32.824396],[130.726123,32.824532],[130.726197,32.824925],[130.726289,32.825012],[130.726382,32.825108],[130.726508,32.825323],[130.72665,32.825596],[130.726688,32.82571],[130.726723,32.825838],[130.726761,32.825998],[130.726793,32.826088],[130.726857,32.826229],[130.726974,32.826433],[130.726997,32.826473],[130.727031,32.826481],[130.727303,32.826512],[130.727355,32.826577],[130.72738,32.82662],[130.727411,32.826703],[130.727386,32.827125],[130.727367,32.827157],[130.727319,32.827175],[130.727257,32.827177],[130.727117,32.827169],[130.727,32.827143],[130.726914,32.827114],[130.726724,32.827194],[130.726735,32.827216],[130.726754,32.827256],[130.726791,32.827309],[130.726808,32.827339],[130.726821,32.827376],[130.726822,32.827418],[130.726811,32.827432],[130.726775,32.827449],[130.726684,32.827482],[130.726694,32.827506],[130.726719,32.827504],[130.726748,32.827502],[130.726772,32.827505],[130.726797,32.827514],[130.72682,32.827533],[130.726838,32.827557],[130.726873,32.827541],[130.726945,32.827507],[130.72698,32.827501],[130.727398,32.827497],[130.727424,32.827601],[130.727475,32.827757],[130.727303,32.827792],[130.727158,32.827824],[130.726958,32.827832],[130.726962,32.827982],[130.726973,32.828087],[130.726992,32.828186],[130.727023,32.828274],[130.727084,32.828388],[130.727176,32.828558],[130.727265,32.828719],[130.72736,32.82888],[130.727481,32.829039],[130.727527,32.829096],[130.727572,32.82913],[130.727594,32.829137],[130.727612,32.829134],[130.72766,32.829107],[130.727753,32.829044],[130.727773,32.829035],[130.727797,32.829044],[130.727813,32.829071],[130.727834,32.829141],[130.727883,32.82926],[130.727923,32.829353],[130.727989,32.829363],[130.72806,32.829389],[130.728171,32.829551],[130.728329,32.829758],[130.728447,32.829907],[130.72845,32.829936],[130.728436,32.829968],[130.728417,32.830006],[130.728401,32.830041],[130.728371,32.830068],[130.728347,32.830093],[130.728331,32.830113],[130.72832,32.830134],[130.728307,32.830157],[130.728281,32.830184],[130.728352,32.830297],[130.728356,32.830309],[130.728351,32.83032],[130.728318,32.83034],[130.728256,32.830372],[130.7283,32.83047],[130.728418,32.830473],[130.728506,32.830486],[130.728548,32.830503],[130.728592,32.830534],[130.728633,32.830558],[130.728687,32.830577],[130.728745,32.830593],[130.728804,32.830732],[130.728886,32.83092],[130.729031,32.83089],[130.729083,32.83087],[130.729118,32.830854],[130.72915,32.830851],[130.729174,32.830861],[130.729201,32.830896],[130.729226,32.830951],[130.729244,32.831003],[130.729258,32.831048],[130.7293,32.831106],[130.729344,32.831151],[130.7294,32.831196],[130.729465,32.831244],[130.729485,32.831262],[130.729486,32.831281],[130.729475,32.831299],[130.729451,32.831327],[130.729411,32.831356],[130.729405,32.83137],[130.72941,32.831387],[130.729427,32.831401],[130.729452,32.831406],[130.729487,32.831399],[130.729531,32.831371],[130.729622,32.831315],[130.729664,32.8313],[130.729758,32.831295],[130.729813,32.831285],[130.729906,32.831241],[130.730021,32.831183],[130.729976,32.831154],[130.72996,32.831135],[130.730046,32.831028],[130.73017,32.831073],[130.730259,32.831105],[130.730417,32.831083],[130.730392,32.831181],[130.730378,32.831237],[130.730365,32.831293],[130.730358,32.831326],[130.730354,32.831387],[130.73036,32.831445],[130.730374,32.831485],[130.730405,32.831536],[130.730444,32.831594],[130.730506,32.831682],[130.730557,32.831745],[130.730619,32.831806],[130.730691,32.831867],[130.730741,32.83191],[130.730804,32.831959],[130.730817,32.831988],[130.730814,32.832009],[130.730792,32.832034],[130.730758,32.832057],[130.73062,32.832119],[130.730432,32.832172],[130.730464,32.83226],[130.730545,32.832373],[130.730635,32.832443],[130.730642,32.832467],[130.730643,32.832483],[130.730635,32.832506],[130.730558,32.832593],[130.730552,32.832606],[130.730552,32.832629],[130.730619,32.832771],[130.730621,32.833055],[130.730629,32.833102],[130.73063,32.833131],[130.730624,32.833142],[130.730612,32.833153],[130.730588,32.833163],[130.73055,32.833183],[130.730526,32.833203],[130.730509,32.833233],[130.730489,32.833259],[130.730465,32.833274],[130.730434,32.833278],[130.730369,32.833277],[130.730345,32.833284],[130.730341,32.833298],[130.730347,32.833313],[130.73037,32.83333],[130.730412,32.833355],[130.730469,32.833384],[130.730488,32.833406],[130.730492,32.833428],[130.730481,32.833454],[130.730454,32.833478],[130.73041,32.833503],[130.730371,32.833516],[130.730324,32.833539],[130.730352,32.833575],[130.73042,32.833657],[130.730609,32.833611],[130.730653,32.83361],[130.730687,32.833617],[130.730705,32.83363],[130.730721,32.833662],[130.730766,32.833776],[130.730843,32.834021],[130.730899,32.834164],[130.73101,32.83483],[130.73103,32.834877],[130.73109,32.835023],[130.731146,32.83514],[130.731191,32.835233],[130.73125,32.835303],[130.73137,32.835435],[130.731465,32.835538],[130.73158,32.835654],[130.731752,32.835792],[130.731911,32.835907],[130.732111,32.836056],[130.73234,32.836232],[130.732415,32.836288],[130.73251,32.836343],[130.73262,32.836395],[130.732731,32.836447],[130.732916,32.836462],[130.732959,32.836463],[130.732939,32.836569],[130.732904,32.836631],[130.732814,32.83674],[130.732765,32.836808],[130.732611,32.836734],[130.732589,32.83673],[130.732566,32.836748],[130.732404,32.836995],[130.732329,32.837104],[130.73217,32.837323],[130.732077,32.837374],[130.732167,32.837435],[130.732266,32.837494],[130.732395,32.837561],[130.732501,32.837618],[130.732641,32.837656],[130.732794,32.837711],[130.732875,32.837734],[130.733016,32.837747],[130.7331,32.837754],[130.733133,32.837763],[130.733177,32.837781],[130.733352,32.837791],[130.733583,32.837796],[130.733764,32.837804],[130.733953,32.83783],[130.734314,32.837889],[130.734394,32.837987],[130.734488,32.838064],[130.734584,32.838113],[130.734707,32.838156],[130.734824,32.838191],[130.734933,32.838207],[130.734999,32.838205],[130.735066,32.838194],[130.735144,32.838175],[130.735264,32.838135],[130.735367,32.838108],[130.735454,32.838106],[130.735628,32.838125],[130.735752,32.838144],[130.735749,32.838102],[130.73576,32.838065],[130.735781,32.838027],[130.735806,32.837998],[130.735846,32.837968],[130.73585,32.837941],[130.735845,32.837901],[130.735831,32.837863],[130.735825,32.837825],[130.735833,32.837799],[130.735847,32.837779],[130.735866,32.837772],[130.735886,32.837775],[130.735923,32.837784],[130.735944,32.837786],[130.735961,32.837778],[130.735978,32.83776],[130.736002,32.837722],[130.736027,32.837702],[130.73605,32.837689],[130.736067,32.837687],[130.736103,32.837685],[130.736134,32.837773],[130.736262,32.837805],[130.736293,32.837958],[130.73675,32.838117],[130.736721,32.838187],[130.736717,32.838209],[130.73672,32.838227],[130.736734,32.838243],[130.736771,32.838264],[130.736862,32.838286],[130.736952,32.838311],[130.73703,32.838344],[130.737059,32.838364],[130.737068,32.838381],[130.737065,32.838404],[130.737052,32.838437],[130.737057,32.83845],[130.737078,32.838465],[130.737143,32.838494],[130.737234,32.838525],[130.737264,32.838541],[130.737272,32.838552],[130.73727,32.838566],[130.737257,32.83859],[130.737246,32.838599],[130.737212,32.838585],[130.737163,32.838569],[130.737113,32.838553],[130.737052,32.838549],[130.73704,32.838548],[130.736984,32.838551],[130.736968,32.838559],[130.736986,32.838591],[130.737038,32.838672],[130.737092,32.838766],[130.737103,32.838787],[130.73709,32.838795],[130.737056,32.838807],[130.737023,32.838819],[130.737005,32.838829],[130.736947,32.838832],[130.736864,32.838825],[130.73668,32.838803],[130.736444,32.838778],[130.736417,32.83885],[130.736342,32.83884],[130.736238,32.838831],[130.73619,32.838833],[130.736166,32.83883],[130.736152,32.838824],[130.736142,32.838809],[130.736142,32.83876],[130.736169,32.838586],[130.736164,32.838546],[130.735805,32.838495],[130.735748,32.8385],[130.735691,32.838509],[130.735652,32.838508],[130.735614,32.838502],[130.735576,32.838487],[130.735544,32.838473],[130.735519,32.83844],[130.735478,32.838381],[130.735444,32.838329],[130.735396,32.838351],[130.735366,32.838388],[130.7353,32.838469],[130.735199,32.838423],[130.735232,32.838492],[130.735268,32.838545],[130.735321,32.838609],[130.735329,32.838702],[130.735332,32.838779],[130.735493,32.838824],[130.735675,32.838872],[130.735815,32.838938],[130.735917,32.838985],[130.735967,32.839017],[130.736091,32.839099],[130.736215,32.839182],[130.736342,32.839242],[130.736538,32.839327],[130.73663,32.839362],[130.736788,32.839408],[130.736961,32.839444],[130.737215,32.839526],[130.737485,32.839606],[130.737717,32.839677],[130.738001,32.839785],[130.738448,32.83996],[130.738906,32.840114],[130.739148,32.840187],[130.739509,32.840293],[130.739867,32.840387],[130.740087,32.840447],[130.740229,32.840498],[130.740346,32.840546],[130.740459,32.840602],[130.740538,32.840658],[130.740611,32.840716],[130.740753,32.840746],[130.74088,32.840773],[130.741036,32.840807],[130.741266,32.840853],[130.741851,32.84097],[130.742276,32.841063],[130.742756,32.841177],[130.743055,32.841245],[130.743381,32.841308],[130.743503,32.841331],[130.743641,32.841359],[130.743761,32.841406],[130.743884,32.841461],[130.744006,32.841519],[130.744174,32.841648],[130.744262,32.841729],[130.744317,32.841765],[130.744475,32.841834],[130.744724,32.841946],[130.744939,32.842035],[130.745039,32.842054],[130.745219,32.842089],[130.745322,32.842116],[130.745582,32.842196],[130.745746,32.84209],[130.745734,32.842068],[130.745729,32.842025],[130.745731,32.841964],[130.745747,32.841897],[130.745769,32.841846],[130.745779,32.841816],[130.745779,32.841796],[130.745444,32.841721],[130.744926,32.84159],[130.744873,32.841118],[130.744741,32.841012],[130.744901,32.840857],[130.744985,32.840782],[130.74506,32.840716],[130.745225,32.840543],[130.745266,32.840497],[130.74529,32.840459],[130.745532,32.839958],[130.745553,32.839947],[130.745579,32.839948],[130.74629,32.840223],[130.746353,32.840202],[130.746466,32.840182],[130.746641,32.840015],[130.746861,32.840131],[130.746923,32.840161],[130.747056,32.840195],[130.747056,32.840144],[130.747057,32.84011],[130.747064,32.840092],[130.74708,32.840072],[130.747107,32.839473],[130.747106,32.839391],[130.747102,32.839213],[130.747101,32.839085],[130.747103,32.839003],[130.747116,32.838849],[130.747151,32.838632],[130.747095,32.83862],[130.747029,32.8386],[130.746931,32.83856],[130.74681,32.838512],[130.746427,32.838388],[130.746322,32.838356],[130.746252,32.838324],[130.745705,32.838073],[130.745531,32.838002],[130.745379,32.837947],[130.745316,32.837931],[130.745269,32.837931],[130.745163,32.837929],[130.745084,32.837933],[130.745028,32.837926],[130.744983,32.837913],[130.744898,32.83788],[130.744791,32.837844],[130.744322,32.837728],[130.744199,32.837693],[130.74408,32.837658],[130.744029,32.83763],[130.743908,32.83757],[130.743738,32.837493],[130.743586,32.837431],[130.743282,32.837356],[130.743082,32.837277],[130.742946,32.837224],[130.742882,32.837189],[130.742861,32.837163],[130.742836,32.837108],[130.742793,32.837056],[130.742762,32.837032],[130.742695,32.837002],[130.742486,32.836888],[130.742281,32.836779],[130.742161,32.836713],[130.742123,32.83668],[130.742042,32.836616],[130.741939,32.836522],[130.741822,32.836376],[130.741784,32.836335],[130.741643,32.836241],[130.741538,32.836164],[130.741468,32.836108],[130.741423,32.83608],[130.741382,32.836052],[130.74136,32.836037],[130.741321,32.836013],[130.741279,32.835991],[130.741121,32.835904],[130.740984,32.835818],[130.740626,32.835644],[130.74058,32.835614],[130.740176,32.835564],[130.739948,32.835529],[130.739739,32.835497],[130.739537,32.835471],[130.739269,32.835429],[130.739048,32.835393],[130.738635,32.835319],[130.738549,32.83528],[130.738726,32.83504],[130.738877,32.834843],[130.739022,32.834687],[130.73997,32.834822],[130.74022,32.834899],[130.740278,32.834919],[130.740554,32.834959],[130.740849,32.834869],[130.740905,32.83486],[130.740933,32.834858],[130.740975,32.834879],[130.741059,32.834937],[130.74111,32.83496],[130.741183,32.834992],[130.741208,32.834996],[130.741282,32.834994],[130.741334,32.83499],[130.741359,32.834987],[130.741433,32.83497],[130.741544,32.834942],[130.741635,32.834957],[130.74171,32.834989],[130.742021,32.835094],[130.742063,32.835098],[130.742088,32.835094],[130.742123,32.835079],[130.742265,32.834973],[130.742313,32.834934],[130.74239,32.834848],[130.742532,32.834669],[130.742735,32.834414],[130.742951,32.834144],[130.743063,32.833995],[130.743147,32.833872],[130.743192,32.833768],[130.743289,32.833562],[130.743358,32.833413],[130.743401,32.833293],[130.743452,32.833183],[130.743463,32.833132],[130.743474,32.833075],[130.743473,32.833021],[130.743465,32.83298],[130.74344,32.832906],[130.743443,32.83288],[130.743449,32.832863],[130.743523,32.832791],[130.743748,32.832748],[130.743751,32.832748],[130.743779,32.83274],[130.743863,32.832717],[130.743929,32.832701],[130.743979,32.832687],[130.744019,32.832678],[130.744071,32.832671],[130.744128,32.832664],[130.744184,32.832655],[130.744406,32.832606],[130.744494,32.832589],[130.744587,32.832582],[130.744786,32.832606],[130.745064,32.833382],[130.745287,32.833457],[130.745358,32.833468],[130.745475,32.833464],[130.745597,32.833442],[130.74587,32.833408],[130.746007,32.833406],[130.746284,32.833392],[130.746411,32.833259],[130.746379,32.833181],[130.746353,32.833119],[130.74634,32.833061],[130.746339,32.833012],[130.746342,32.832927],[130.746355,32.83287],[130.746376,32.83282],[130.746494,32.83255],[130.746524,32.832481],[130.746537,32.832432],[130.74654,32.832386],[130.746531,32.832349],[130.746507,32.83224],[130.746478,32.832048],[130.746447,32.831853],[130.746429,32.831699],[130.746423,32.831418],[130.746415,32.831298],[130.746419,32.831231],[130.746434,32.831151],[130.74652,32.830666],[130.746241,32.8309],[130.746199,32.830925],[130.746105,32.830954],[130.745957,32.830994],[130.745914,32.831004],[130.745842,32.831007],[130.745741,32.831],[130.745689,32.830996],[130.745641,32.830978],[130.745502,32.830913],[130.745437,32.83088],[130.745405,32.830871],[130.745334,32.83086],[130.745206,32.830844],[130.745113,32.830835],[130.745051,32.830837],[130.744996,32.830843],[130.744938,32.830853],[130.744753,32.830894],[130.744695,32.830908],[130.744637,32.830917],[130.744577,32.830917],[130.744523,32.830909],[130.744468,32.830898],[130.74437,32.830864],[130.74417,32.83078],[130.744041,32.83079],[130.743835,32.830848],[130.743488,32.830838],[130.743404,32.830837],[130.74336,32.830845],[130.7433,32.830855],[130.742932,32.830836],[130.742704,32.830808],[130.742681,32.830802],[130.742667,32.830787],[130.742656,32.830764],[130.742653,32.830737],[130.742475,32.83072],[130.742013,32.830693],[130.741844,32.830685],[130.74184,32.830583],[130.741847,32.830471],[130.741854,32.830384],[130.74188,32.830258],[130.741897,32.830201],[130.7419,32.830158],[130.741874,32.829985],[130.741859,32.829875],[130.741843,32.829742],[130.741836,32.829697],[130.741803,32.829463],[130.74179,32.829449],[130.741772,32.829437],[130.741745,32.829426],[130.741711,32.829425],[130.741641,32.82944],[130.741527,32.829454],[130.74151,32.829453],[130.741374,32.82932],[130.741348,32.829302],[130.741323,32.829289],[130.741298,32.829281],[130.741218,32.829252],[130.741151,32.829242],[130.741076,32.829239],[130.741009,32.829244],[130.740932,32.829262],[130.740853,32.829282],[130.740834,32.829307],[130.740832,32.829338],[130.740839,32.829382],[130.740849,32.829432],[130.740847,32.829451],[130.740845,32.82947],[130.740682,32.829471],[130.74064,32.829447],[130.740541,32.829397],[130.740416,32.829359],[130.740385,32.829358],[130.740377,32.829346],[130.740378,32.829326],[130.740419,32.829252],[130.740469,32.829187],[130.740502,32.829141],[130.740518,32.82911],[130.740518,32.829098],[130.740512,32.829089],[130.740503,32.829084],[130.740364,32.829059],[130.740253,32.829034],[130.740204,32.829016],[130.74019,32.829006],[130.740183,32.828993],[130.740161,32.828882],[130.740146,32.828822],[130.740124,32.82865],[130.740101,32.828422],[130.740101,32.828342],[130.740102,32.828222],[130.740109,32.828013],[130.740099,32.827802],[130.740099,32.827715],[130.740097,32.827625],[130.740097,32.827552],[130.740099,32.827503],[130.740107,32.827466],[130.740118,32.827423],[130.740142,32.827391],[130.740184,32.827366],[130.740277,32.827333],[130.7404,32.827282],[130.740437,32.827261],[130.740459,32.827247],[130.740513,32.827198],[130.740575,32.827152],[130.740626,32.827128],[130.740665,32.827113],[130.740807,32.827069],[130.74095,32.827033],[130.741007,32.827032],[130.741065,32.827046],[130.741106,32.827048],[130.74116,32.827037],[130.741305,32.827004],[130.741511,32.826945],[130.741631,32.826929],[130.741705,32.826927],[130.741795,32.826935],[130.741871,32.826951],[130.741981,32.82699],[130.742161,32.827065],[130.74221,32.82708],[130.742368,32.827115],[130.742537,32.82715],[130.742569,32.827157],[130.742709,32.827166],[130.742773,32.82717],[130.742826,32.827175],[130.742958,32.827179],[130.743146,32.827171],[130.743196,32.827161],[130.743272,32.827132],[130.743449,32.827077],[130.743678,32.826998],[130.74392,32.826919],[130.744087,32.826864],[130.744258,32.82679],[130.744426,32.826717],[130.744523,32.82668],[130.744604,32.82665],[130.74472,32.82662],[130.744883,32.826584],[130.744999,32.826536],[130.745067,32.826488],[130.745167,32.82638],[130.745289,32.826242],[130.745409,32.826127],[130.745469,32.826086],[130.745491,32.826073],[130.745563,32.826053],[130.745621,32.82604],[130.745662,32.826038],[130.745721,32.82604],[130.745797,32.826054],[130.745889,32.826096],[130.745966,32.826119],[130.746014,32.826114],[130.746073,32.826101],[130.746136,32.82609],[130.746232,32.826062],[130.746371,32.826024],[130.746463,32.825992],[130.746557,32.82596],[130.746632,32.825934],[130.746708,32.825892],[130.746776,32.825852],[130.746837,32.825809],[130.746931,32.825704],[130.746838,32.825736],[130.74679,32.825744],[130.746691,32.825746],[130.74669,32.825747],[130.746662,32.825742],[130.746641,32.825732],[130.746611,32.825705],[130.746557,32.825652],[130.746512,32.825596],[130.746455,32.825526],[130.746388,32.825447],[130.746164,32.825442],[130.746137,32.825119],[130.746293,32.825117],[130.74641,32.825134],[130.74656,32.825153],[130.746692,32.825129],[130.746915,32.82508],[130.746945,32.825113],[130.746951,32.825152],[130.747079,32.825145],[130.747231,32.825145],[130.747217,32.825049],[130.747295,32.82504],[130.747299,32.824997],[130.747316,32.824988],[130.747373,32.824988],[130.747411,32.82498],[130.74745,32.824955],[130.747484,32.824939],[130.747541,32.824929],[130.747703,32.824932],[130.747759,32.824982],[130.747786,32.825018],[130.747813,32.82503],[130.747943,32.825046],[130.748022,32.825057],[130.748041,32.825037],[130.747972,32.824939],[130.747857,32.82478],[130.747976,32.824682],[130.748108,32.824589],[130.748266,32.824499],[130.748438,32.824405]]]}},{"type":"Feature","properties":{"DistType":"風致地区","DistCode":28,"Pref":"熊本県","Citycode":"43100","Cityname":"熊本市"},"geometry":{"type":"Polygon","coordinates":[[[130.737492,32.790534],[130.73694,32.790365],[130.736995,32.790198],[130.736914,32.790188],[130.736865,32.790154],[130.736822,32.790118],[130.736857,32.789958],[130.736866,32.789788],[130.736873,32.789453],[130.736463,32.789407],[130.73633,32.789412],[130.736111,32.789432],[130.735937,32.789467],[130.735607,32.789497],[130.735538,32.789499],[130.73525,32.789579],[130.735243,32.789384],[130.735253,32.789221],[130.735289,32.789129],[130.735304,32.789083],[130.735299,32.788996],[130.73528,32.788781],[130.735273,32.788739],[130.735266,32.788711],[130.734988,32.788413],[130.734454,32.788776],[130.734263,32.788907],[130.734206,32.789176],[130.734157,32.789271],[130.734103,32.789331],[130.733986,32.789445],[130.733796,32.789577],[130.733548,32.789682],[130.733409,32.789747],[130.733241,32.789872],[130.733133,32.789963],[130.732995,32.790088],[130.732876,32.790263],[130.732909,32.79035],[130.732937,32.790447],[130.732965,32.790626],[130.732944,32.790747],[130.732934,32.790871],[130.733233,32.790874],[130.73324,32.791123],[130.733169,32.791121],[130.733166,32.791176],[130.733161,32.791227],[130.733134,32.791352],[130.73302,32.791678],[130.732956,32.791826],[130.73292,32.79192],[130.7329,32.792006],[130.73289,32.792112],[130.733216,32.792085],[130.733449,32.792069],[130.733677,32.79207],[130.733946,32.792073],[130.73393,32.792178],[130.73393,32.792331],[130.733977,32.792338],[130.734293,32.792402],[130.734393,32.79242],[130.734526,32.792432],[130.734965,32.792461],[130.735545,32.792483],[130.736198,32.792513],[130.736201,32.792364],[130.736217,32.792241],[130.736498,32.792248],[130.737036,32.792272],[130.737441,32.792299],[130.737426,32.792276],[130.737364,32.792106],[130.737359,32.792081],[130.737351,32.791984],[130.737327,32.791714],[130.737402,32.791386],[130.737483,32.790984],[130.737467,32.790964],[130.737358,32.790943],[130.737392,32.790772],[130.737416,32.790679],[130.737492,32.790534]]]}},{"type":"Feature","properties":{"DistType":"風致地区","DistCode":28,"Pref":"熊本県","Citycode":"43100","Cityname":"熊本市"},"geometry":{"type":"Polygon","coordinates":[[[130.759112,32.767911],[130.759063,32.767822],[130.758961,32.767645],[130.758849,32.767471],[130.758728,32.767302],[130.758599,32.767138],[130.75846,32.766979],[130.758314,32.766825],[130.758159,32.766677],[130.757997,32.766535],[130.757827,32.7664],[130.75765,32.766271],[130.757467,32.766148],[130.757277,32.766033],[130.757081,32.765925],[130.75688,32.765825],[130.756674,32.765733],[130.756463,32.765648],[130.756247,32.765571],[130.756165,32.765545],[130.755756,32.765414],[130.754372,32.764947],[130.75268,32.764383],[130.75225,32.76423],[130.751778,32.76408],[130.751394,32.763967],[130.751232,32.764178],[130.751244,32.764226],[130.751282,32.764273],[130.75131,32.764344],[130.751303,32.764394],[130.751284,32.76446],[130.751248,32.764568],[130.751199,32.764722],[130.751154,32.764889],[130.75111,32.765051],[130.751071,32.76518],[130.751018,32.765307],[130.750987,32.76538],[130.750912,32.765486],[130.75076,32.765703],[130.750714,32.765813],[130.750681,32.765908],[130.750676,32.765968],[130.750684,32.766026],[130.750709,32.766118],[130.750597,32.766104],[130.75052,32.766102],[130.750367,32.766108],[130.750259,32.766475],[130.750144,32.766889],[130.750032,32.76688],[130.750009,32.766895],[130.749997,32.767296],[130.749978,32.7673],[130.749728,32.767304],[130.749742,32.76744],[130.749754,32.767598],[130.749738,32.767709],[130.749706,32.767783],[130.749602,32.767928],[130.749536,32.76806],[130.749507,32.768121],[130.749449,32.768271],[130.749352,32.768493],[130.749224,32.768758],[130.749004,32.769134],[130.748879,32.769312],[130.748675,32.769597],[130.748403,32.770037],[130.7482,32.770358],[130.748083,32.770565],[130.747951,32.770729],[130.747797,32.770893],[130.747569,32.771069],[130.74738,32.771188],[130.747147,32.771264],[130.747074,32.771297],[130.746889,32.771338],[130.746729,32.771385],[130.746516,32.77148],[130.746294,32.771585],[130.746208,32.771614],[130.745995,32.771657],[130.745823,32.771651],[130.745658,32.771643],[130.745642,32.771597],[130.745606,32.771555],[130.745307,32.771549],[130.745366,32.771705],[130.745434,32.771807],[130.745479,32.771897],[130.745485,32.771916],[130.745477,32.771924],[130.745248,32.771922],[130.745201,32.772031],[130.744837,32.772121],[130.744782,32.772303],[130.744559,32.772335],[130.744339,32.772368],[130.744293,32.77229],[130.744245,32.772291],[130.7439,32.772347],[130.743868,32.772352],[130.743858,32.772363],[130.743856,32.772376],[130.743869,32.772452],[130.743882,32.772508],[130.74392,32.772614],[130.743662,32.772699],[130.743481,32.772732],[130.74347,32.772678],[130.743264,32.772714],[130.743248,32.772756],[130.74323,32.772808],[130.74321,32.77283],[130.74317,32.772848],[130.743105,32.772854],[130.743118,32.773024],[130.742397,32.772993],[130.742413,32.773139],[130.742424,32.773233],[130.741883,32.773218],[130.741868,32.773433],[130.741849,32.773467],[130.741811,32.773487],[130.741459,32.773483],[130.741217,32.773485],[130.741123,32.773487],[130.741129,32.773874],[130.740514,32.773831],[130.740519,32.774012],[130.740526,32.774149],[130.740282,32.774229],[130.740294,32.774253],[130.740036,32.774362],[130.739998,32.774334],[130.739882,32.774382],[130.739986,32.774629],[130.73973,32.77477],[130.73959,32.774858],[130.739493,32.774938],[130.73941,32.775031],[130.739412,32.775068],[130.739346,32.775104],[130.739226,32.7753],[130.739392,32.775351],[130.739334,32.77544],[130.739135,32.775789],[130.739116,32.775813],[130.739104,32.775818],[130.739087,32.775818],[130.73907,32.775809],[130.739058,32.775796],[130.73903,32.775751],[130.739011,32.775733],[130.738989,32.77572],[130.73897,32.775717],[130.73895,32.775725],[130.738774,32.776007],[130.73885,32.776023],[130.738965,32.776043],[130.739134,32.776055],[130.739176,32.776064],[130.739206,32.776077],[130.73922,32.77609],[130.739227,32.776101],[130.739221,32.776118],[130.739128,32.776361],[130.739064,32.776423],[130.738992,32.776484],[130.738878,32.776602],[130.738758,32.776743],[130.738633,32.776835],[130.738504,32.776924],[130.738407,32.777003],[130.738352,32.77706],[130.738328,32.777101],[130.738269,32.777194],[130.738205,32.777296],[130.738173,32.777339],[130.738128,32.777368],[130.737961,32.777426],[130.738066,32.777699],[130.737896,32.777748],[130.737938,32.777845],[130.737812,32.777888],[130.737795,32.777902],[130.737773,32.777948],[130.737764,32.777968],[130.737742,32.777972],[130.737691,32.777976],[130.737633,32.77798],[130.737563,32.777989],[130.737554,32.778002],[130.737536,32.778189],[130.737541,32.778237],[130.737554,32.77828],[130.737558,32.778324],[130.737532,32.778495],[130.737607,32.778504],[130.737554,32.779042],[130.737424,32.779042],[130.737139,32.779037],[130.737099,32.779057],[130.737126,32.779305],[130.737143,32.779435],[130.737158,32.779552],[130.73719,32.77979],[130.737209,32.779863],[130.73723,32.779962],[130.737243,32.780075],[130.737251,32.780144],[130.737262,32.7803],[130.737249,32.7804],[130.737204,32.780673],[130.737185,32.780757],[130.73718,32.780777],[130.737166,32.780796],[130.737137,32.780822],[130.736721,32.7811],[130.736571,32.78085],[130.736449,32.780891],[130.736395,32.780918],[130.736281,32.781006],[130.736107,32.781145],[130.736052,32.7812],[130.735923,32.781326],[130.735861,32.781385],[130.7358,32.781424],[130.73571,32.781481],[130.735499,32.781593],[130.735375,32.781657],[130.735322,32.781685],[130.735236,32.781718],[130.735174,32.781736],[130.735108,32.781737],[130.735015,32.781734],[130.73492,32.781779],[130.734878,32.781794],[130.734798,32.78181],[130.734342,32.781887],[130.734363,32.781963],[130.734371,32.782011],[130.734373,32.782038],[130.73437,32.782059],[130.734356,32.782095],[130.734333,32.782141],[130.73429,32.782201],[130.734278,32.78223],[130.734266,32.782266],[130.734252,32.782325],[130.734236,32.782369],[130.734201,32.782419],[130.734151,32.782482],[130.734056,32.782594],[130.733844,32.782835],[130.733813,32.782874],[130.733783,32.782905],[130.733741,32.782935],[130.733688,32.782965],[130.733661,32.782983],[130.733598,32.783023],[130.733538,32.783059],[130.733528,32.78307],[130.733457,32.783192],[130.733403,32.783261],[130.733368,32.783318],[130.733348,32.783365],[130.733328,32.783435],[130.733305,32.783562],[130.733567,32.783595],[130.73357,32.783657],[130.733561,32.783778],[130.733593,32.784052],[130.733594,32.784173],[130.733592,32.78428],[130.733585,32.784436],[130.733577,32.784501],[130.733539,32.784621],[130.73349,32.784759],[130.733447,32.784878],[130.733369,32.785083],[130.733332,32.785168],[130.733296,32.785266],[130.733124,32.785728],[130.733796,32.785808],[130.733812,32.78582],[130.733827,32.785833],[130.733835,32.785909],[130.733843,32.786037],[130.733844,32.786079],[130.733846,32.786123],[130.733853,32.786184],[130.733852,32.786214],[130.733817,32.786506],[130.733789,32.786542],[130.733768,32.786648],[130.733744,32.78681],[130.733747,32.786904],[130.733826,32.78695],[130.734184,32.786954],[130.734213,32.786859],[130.734374,32.78681],[130.734447,32.786805],[130.734512,32.786957],[130.734585,32.787179],[130.734556,32.787191],[130.734508,32.787202],[130.734421,32.78722],[130.734358,32.787218],[130.734309,32.787209],[130.734257,32.787584],[130.734145,32.787591],[130.734096,32.788054],[130.734186,32.788055],[130.7342,32.788333],[130.734238,32.788419],[130.734246,32.788455],[130.734259,32.788488],[130.734461,32.78836],[130.734468,32.788182],[130.734479,32.788141],[130.734492,32.788121],[130.734519,32.788094],[130.734592,32.788027],[130.734663,32.787955],[130.734679,32.787941],[130.734692,32.787925],[130.734717,32.787881],[130.734753,32.787788],[130.734895,32.787876],[130.735003,32.788002],[130.735531,32.787649],[130.735367,32.787518],[130.735196,32.787382],[130.735052,32.787307],[130.73494,32.787261],[130.734733,32.787191],[130.734714,32.78713],[130.73471,32.787045],[130.734822,32.787023],[130.734874,32.78702],[130.73499,32.787038],[130.735029,32.786858],[130.734993,32.78682],[130.735035,32.786651],[130.735044,32.786607],[130.735238,32.786651],[130.735245,32.786571],[130.735459,32.786609],[130.735472,32.78648],[130.73561,32.7865],[130.735613,32.786552],[130.735983,32.786478],[130.736074,32.78646],[130.736127,32.786653],[130.73613,32.786665],[130.736209,32.786654],[130.736366,32.786631],[130.736373,32.786654],[130.736416,32.786824],[130.736362,32.786832],[130.736401,32.787001],[130.73668,32.786919],[130.73707,32.786655],[130.737136,32.786629],[130.737165,32.786616],[130.737148,32.786515],[130.737121,32.786321],[130.737104,32.786097],[130.737103,32.786088],[130.737066,32.785649],[130.737059,32.785536],[130.737058,32.785474],[130.737058,32.785408],[130.737059,32.785387],[130.737061,32.785323],[130.737062,32.785306],[130.737067,32.785253],[130.737074,32.785229],[130.737101,32.78516],[130.737129,32.785073],[130.737149,32.784998],[130.737161,32.78494],[130.737173,32.784883],[130.737183,32.784824],[130.737198,32.784728],[130.737224,32.784573],[130.737242,32.784441],[130.737249,32.784391],[130.737268,32.784266],[130.737349,32.783891],[130.737466,32.783485],[130.737771,32.783533],[130.737789,32.783531],[130.73783,32.783519],[130.737881,32.783508],[130.737961,32.783495],[130.738233,32.783459],[130.73845,32.78343],[130.738526,32.783427],[130.738596,32.783429],[130.738645,32.783442],[130.73875,32.783465],[130.738773,32.783482],[130.738831,32.783538],[130.738865,32.783559],[130.738897,32.783566],[130.738935,32.783569],[130.739052,32.783559],[130.73924,32.783531],[130.739617,32.783463],[130.739655,32.783465],[130.73969,32.783483],[130.739719,32.783517],[130.739734,32.783564],[130.739741,32.783642],[130.739728,32.783734],[130.740287,32.783803],[130.74043,32.783824],[130.740445,32.783691],[130.74045,32.783471],[130.740672,32.783467],[130.740681,32.783363],[130.740844,32.783361],[130.740852,32.783302],[130.741074,32.783303],[130.741431,32.783302],[130.741553,32.783302],[130.741759,32.783294],[130.741794,32.783255],[130.741999,32.783269],[130.742048,32.783226],[130.742262,32.783129],[130.742265,32.783197],[130.74254,32.783151],[130.7426,32.783131],[130.742744,32.782937],[130.743048,32.782897],[130.743073,32.782866],[130.743275,32.782877],[130.743292,32.782767],[130.7433,32.782743],[130.743322,32.782689],[130.743343,32.782654],[130.743364,32.78262],[130.743385,32.782599],[130.743415,32.78258],[130.74345,32.782569],[130.743482,32.782566],[130.74353,32.782569],[130.743734,32.782598],[130.743764,32.782578],[130.743936,32.782275],[130.743956,32.782273],[130.74398,32.782267],[130.743995,32.78226],[130.744031,32.78223],[130.744204,32.782113],[130.744238,32.782089],[130.744266,32.782067],[130.744328,32.781982],[130.744285,32.781904],[130.744252,32.781834],[130.744226,32.781773],[130.744198,32.78169],[130.744154,32.781557],[130.744057,32.781271],[130.74422,32.781173],[130.744237,32.781154],[130.744245,32.781128],[130.744241,32.781076],[130.744244,32.781063],[130.744255,32.781049],[130.744686,32.780827],[130.744237,32.779852],[130.744076,32.77959],[130.74396,32.779343],[130.743879,32.779179],[130.743835,32.779023],[130.743794,32.778815],[130.743792,32.778723],[130.743787,32.778648],[130.743787,32.778572],[130.743795,32.778498],[130.743803,32.778432],[130.743813,32.778369],[130.743842,32.778256],[130.743873,32.778134],[130.743996,32.777704],[130.744543,32.777887],[130.745516,32.777859],[130.745659,32.777859],[130.745862,32.777892],[130.74622,32.777928],[130.746746,32.778013],[130.747097,32.77808],[130.747612,32.778212],[130.748037,32.778351],[130.748558,32.778574],[130.749033,32.778811],[130.74912,32.778772],[130.749131,32.778691],[130.749164,32.778612],[130.749252,32.778513],[130.749367,32.778406],[130.74962,32.778195],[130.74993,32.777944],[130.7503,32.777659],[130.750582,32.777213],[130.751091,32.777484],[130.751584,32.777788],[130.751587,32.777805],[130.751142,32.777991],[130.751263,32.778106],[130.751403,32.778246],[130.751599,32.778484],[130.751644,32.778543],[130.751746,32.778633],[130.751791,32.778659],[130.752089,32.77876],[130.752173,32.778796],[130.752263,32.778844],[130.752404,32.778942],[130.752691,32.779114],[130.753038,32.77931],[130.753365,32.779526],[130.753395,32.779493],[130.753615,32.77928],[130.75399,32.779551],[130.754575,32.779982],[130.754596,32.779999],[130.754679,32.780068],[130.754732,32.780116],[130.754781,32.780171],[130.755041,32.78004],[130.755051,32.779928],[130.755073,32.779809],[130.755078,32.779787],[130.755091,32.779702],[130.755078,32.779603],[130.755072,32.779545],[130.754962,32.779425],[130.75478,32.779256],[130.754653,32.779255],[130.754549,32.779246],[130.754441,32.779225],[130.754346,32.779197],[130.754304,32.779174],[130.754291,32.779163],[130.754259,32.779121],[130.754199,32.779036],[130.754151,32.778966],[130.754064,32.778812],[130.753984,32.778661],[130.753909,32.778566],[130.753887,32.77854],[130.753842,32.778499],[130.753788,32.778479],[130.753732,32.778468],[130.753681,32.778465],[130.75364,32.778466],[130.753574,32.778449],[130.753427,32.778376],[130.753428,32.778376],[130.753334,32.77833],[130.753241,32.778286],[130.753191,32.778262],[130.753139,32.778238],[130.753093,32.77821],[130.752948,32.778118],[130.75281,32.778025],[130.752775,32.777998],[130.752744,32.777964],[130.752712,32.77793],[130.752696,32.777915],[130.752676,32.777899],[130.752645,32.777884],[130.752607,32.777863],[130.752544,32.777821],[130.752534,32.77781],[130.752523,32.777794],[130.752493,32.777751],[130.75233,32.777543],[130.752291,32.777502],[130.7528,32.777297],[130.752674,32.776859],[130.752656,32.776822],[130.752611,32.776771],[130.751541,32.7756],[130.752303,32.774567],[130.752359,32.774593],[130.752541,32.774322],[130.752141,32.774169],[130.752042,32.774128],[130.75195,32.774073],[130.752228,32.773665],[130.752468,32.773388],[130.752458,32.773356],[130.752616,32.77316],[130.75266,32.773106],[130.752675,32.773011],[130.752714,32.773035],[130.752905,32.772781],[130.753129,32.772532],[130.753077,32.772493],[130.753088,32.772484],[130.753914,32.771858],[130.754355,32.771519],[130.754475,32.771399],[130.754738,32.771134],[130.755214,32.770704],[130.755433,32.770334],[130.755575,32.770242],[130.755718,32.770128],[130.755802,32.770047],[130.755908,32.769934],[130.756203,32.769707],[130.756525,32.769365],[130.756783,32.769118],[130.756917,32.768994],[130.757019,32.76889],[130.757188,32.768778],[130.757439,32.768679],[130.757611,32.768554],[130.757787,32.768392],[130.757924,32.768289],[130.758056,32.768216],[130.758235,32.768146],[130.758445,32.768093],[130.758638,32.768069],[130.758844,32.768018],[130.759112,32.767911]]]}},{"type":"Feature","properties":{"DistType":"風致地区","DistCode":28,"Pref":"熊本県","Citycode":"43100","Cityname":"熊本市"},"geometry":{"type":"Polygon","coordinates":[[[130.655637,32.812116],[130.655641,32.812133],[130.655651,32.812158],[130.655681,32.81224],[130.655909,32.812866],[130.656023,32.813177],[130.656121,32.813458],[130.656148,32.813513],[130.656209,32.813617],[130.656272,32.813741],[130.656328,32.813852],[130.656383,32.813987],[130.656463,32.814194],[130.656499,32.814341],[130.656531,32.814471],[130.656543,32.814521],[130.656546,32.814548],[130.656566,32.814671],[130.656569,32.814695],[130.656566,32.81472],[130.656562,32.814734],[130.656556,32.814746],[130.656546,32.814763],[130.656538,32.81477],[130.656527,32.814781],[130.656477,32.814817],[130.656451,32.814842],[130.65644,32.814862],[130.656431,32.81488],[130.656425,32.814898],[130.65642,32.814917],[130.656416,32.814955],[130.656372,32.815245],[130.656353,32.815368],[130.656351,32.815394],[130.656352,32.815425],[130.656359,32.81546],[130.656366,32.815481],[130.656392,32.815549],[130.65643,32.815641],[130.656469,32.815737],[130.656496,32.815808],[130.656513,32.815869],[130.656534,32.815937],[130.656549,32.816002],[130.656567,32.816086],[130.656598,32.816233],[130.656626,32.816369],[130.656634,32.816424],[130.656641,32.816497],[130.656642,32.816511],[130.65664,32.816524],[130.656631,32.816566],[130.656624,32.816596],[130.656622,32.816605],[130.656594,32.816648],[130.656564,32.816701],[130.656559,32.816716],[130.656559,32.816734],[130.656565,32.816807],[130.656572,32.81693],[130.656573,32.816959],[130.65657,32.816984],[130.656559,32.817077],[130.656542,32.817224],[130.656528,32.817329],[130.656521,32.81738],[130.656509,32.817489],[130.656479,32.817708],[130.656445,32.817958],[130.656439,32.818057],[130.65643,32.818156],[130.656424,32.81824],[130.656425,32.818297],[130.656431,32.818325],[130.656437,32.818347],[130.656448,32.818375],[130.65646,32.818396],[130.65647,32.818409],[130.656534,32.818499],[130.656679,32.818697],[130.656692,32.818719],[130.656701,32.818737],[130.656764,32.818915],[130.656804,32.819034],[130.656811,32.819044],[130.656819,32.819049],[130.656956,32.81907],[130.657185,32.819089],[130.657483,32.819091],[130.657719,32.819084],[130.657727,32.819085],[130.657749,32.819086],[130.657797,32.819094],[130.657833,32.819104],[130.658078,32.819149],[130.658188,32.81916],[130.65837,32.819182],[130.658536,32.819202],[130.658885,32.819247],[130.658946,32.819252],[130.659035,32.819255],[130.659099,32.819256],[130.659126,32.819254],[130.659162,32.819248],[130.659183,32.819244],[130.659215,32.819236],[130.659232,32.819227],[130.659287,32.819189],[130.659328,32.819165],[130.659367,32.819141],[130.659376,32.81914],[130.659386,32.819147],[130.659416,32.819167],[130.659658,32.819294],[130.659853,32.819416],[130.659877,32.819435],[130.659891,32.81945],[130.659895,32.819461],[130.659923,32.819528],[130.659989,32.819686],[130.660011,32.81977],[130.660042,32.819845],[130.660066,32.819915],[130.660095,32.819998],[130.660159,32.820169],[130.660198,32.82026],[130.660266,32.820406],[130.660298,32.82048],[130.660321,32.820523],[130.660399,32.82065],[130.66046,32.820718],[130.660502,32.820762],[130.660602,32.820854],[130.660685,32.82093],[130.660741,32.820984],[130.660945,32.821173],[130.661132,32.821346],[130.661364,32.821511],[130.661415,32.821562],[130.661436,32.821602],[130.661451,32.821611],[130.661687,32.821687],[130.661735,32.821704],[130.661749,32.821707],[130.662023,32.821718],[130.662055,32.82172],[130.662072,32.821726],[130.662115,32.821745],[130.662282,32.82182],[130.662345,32.821862],[130.662498,32.821967],[130.662721,32.822123],[130.66293,32.822279],[130.663079,32.8224],[130.662941,32.822393],[130.662857,32.822386],[130.662739,32.822387],[130.662573,32.822389],[130.662442,32.822401],[130.662366,32.822407],[130.662284,32.822413],[130.662157,32.822424],[130.662059,32.82243],[130.662004,32.822438],[130.661869,32.822457],[130.661682,32.82249],[130.661639,32.822496],[130.661501,32.822517],[130.661307,32.822534],[130.661031,32.822504],[130.660862,32.82248],[130.660753,32.822472],[130.660582,32.82247],[130.660507,32.822477],[130.660445,32.822484],[130.660111,32.822549],[130.660093,32.82255],[130.660063,32.822544],[130.659174,32.822254],[130.659051,32.822479],[130.658981,32.82261],[130.658696,32.82314],[130.658637,32.823239],[130.658581,32.82333],[130.658556,32.823374],[130.658525,32.82345],[130.658402,32.823764],[130.658386,32.823806],[130.658375,32.823831],[130.658366,32.82384],[130.65835,32.823849],[130.658245,32.823836],[130.658214,32.823836],[130.658206,32.823837],[130.658196,32.82384],[130.658183,32.82385],[130.658175,32.82386],[130.658166,32.823873],[130.658164,32.823881],[130.658163,32.823892],[130.658159,32.823943],[130.658154,32.824118],[130.658152,32.824156],[130.658125,32.824322],[130.658067,32.824608],[130.658038,32.824783],[130.658001,32.824996],[130.657965,32.825292],[130.657948,32.825449],[130.657924,32.825576],[130.657882,32.82574],[130.657862,32.825885],[130.657861,32.826004],[130.65786,32.826041],[130.65786,32.826064],[130.657934,32.826059],[130.658001,32.826057],[130.658024,32.826046],[130.658119,32.825995],[130.658182,32.825961],[130.658294,32.825908],[130.65839,32.825863],[130.658467,32.825829],[130.658538,32.825793],[130.658598,32.82576],[130.658685,32.825724],[130.658749,32.825703],[130.658796,32.825688],[130.658821,32.825686],[130.658858,32.825689],[130.658922,32.8257],[130.658968,32.825718],[130.659082,32.825763],[130.659181,32.825799],[130.659262,32.825826],[130.659344,32.825851],[130.659493,32.825883],[130.659557,32.825886],[130.659638,32.825885],[130.659704,32.825874],[130.659747,32.825861],[130.659914,32.825843],[130.660156,32.825817],[130.66044,32.825788],[130.660566,32.82578],[130.66065,32.825782],[130.660749,32.825791],[130.660822,32.825805],[130.660893,32.825825],[130.661009,32.825866],[130.661134,32.825927],[130.661277,32.825994],[130.661322,32.826009],[130.661349,32.826014],[130.661377,32.826009],[130.661397,32.826],[130.661428,32.825994],[130.661482,32.826008],[130.661582,32.826037],[130.661699,32.826056],[130.661824,32.826096],[130.66198,32.826149],[130.662078,32.826163],[130.662279,32.826184],[130.662545,32.826215],[130.662626,32.826224],[130.662833,32.826277],[130.662981,32.826345],[130.663237,32.826465],[130.663341,32.8265],[130.663476,32.82654],[130.663581,32.826592],[130.663855,32.826746],[130.663955,32.826799],[130.664021,32.826821],[130.664167,32.826844],[130.664294,32.826858],[130.664441,32.826909],[130.664546,32.826932],[130.66464,32.826947],[130.664818,32.826964],[130.664931,32.826966],[130.665054,32.826956],[130.665102,32.82695],[130.665158,32.826917],[130.665252,32.82687],[130.66533,32.826857],[130.665401,32.826854],[130.665549,32.82687],[130.66577,32.826906],[130.665855,32.826924],[130.665997,32.826979],[130.666143,32.827035],[130.666174,32.827049],[130.666194,32.827068],[130.666239,32.827109],[130.666359,32.827221],[130.666443,32.827291],[130.666593,32.827378],[130.666817,32.827481],[130.667056,32.827586],[130.667141,32.827622],[130.667349,32.827731],[130.667452,32.827819],[130.667618,32.828057],[130.667692,32.82814],[130.66784,32.82829],[130.668083,32.828539],[130.668302,32.828723],[130.668554,32.828931],[130.668792,32.829051],[130.669114,32.829189],[130.669255,32.829264],[130.669454,32.829377],[130.669732,32.829523],[130.669934,32.829635],[130.670124,32.829751],[130.670272,32.829829],[130.670374,32.829884],[130.670399,32.829908],[130.670419,32.829948],[130.670448,32.830066],[130.670478,32.83013],[130.670552,32.830224],[130.670634,32.830316],[130.6707,32.830371],[130.670799,32.830439],[130.67088,32.830509],[130.670961,32.830583],[130.671013,32.830631],[130.671043,32.83067],[130.671089,32.830747],[130.671172,32.830907],[130.671204,32.830984],[130.67122,32.831061],[130.671245,32.831134],[130.671278,32.831185],[130.67133,32.83124],[130.671407,32.831308],[130.671534,32.831402],[130.671676,32.831512],[130.671759,32.831602],[130.671801,32.831663],[130.671834,32.831733],[130.671856,32.831861],[130.671879,32.832189],[130.671918,32.832353],[130.67194,32.832521],[130.671991,32.83274],[130.672018,32.832838],[130.672041,32.832878],[130.672064,32.832908],[130.672108,32.832939],[130.672164,32.832971],[130.672195,32.832999],[130.672248,32.833057],[130.672327,32.833162],[130.672558,32.833526],[130.67272,32.833754],[130.672847,32.833972],[130.673006,32.834208],[130.673124,32.834407],[130.67319,32.834501],[130.673254,32.834572],[130.673345,32.834651],[130.673456,32.83473],[130.673637,32.834846],[130.673801,32.834958],[130.67392,32.835055],[130.674091,32.835223],[130.674165,32.83528],[130.674252,32.835335],[130.674362,32.835401],[130.674457,32.835468],[130.674552,32.83554],[130.674611,32.835592],[130.674647,32.835648],[130.674711,32.835757],[130.674761,32.83585],[130.674837,32.835976],[130.674912,32.836068],[130.674986,32.836143],[130.675072,32.836208],[130.675201,32.836293],[130.675289,32.836373],[130.675417,32.836493],[130.675467,32.836525],[130.675511,32.836539],[130.675809,32.836534],[130.676027,32.836521],[130.676129,32.836519],[130.676333,32.836491],[130.676643,32.836443],[130.676722,32.836432],[130.676982,32.836492],[130.677117,32.836536],[130.677184,32.836559],[130.679489,32.837376],[130.679802,32.837285],[130.679837,32.83729],[130.679898,32.837305],[130.679942,32.837323],[130.680178,32.837449],[130.680252,32.837478],[130.680355,32.837516],[130.680439,32.837542],[130.680509,32.837553],[130.680593,32.837562],[130.68099,32.837595],[130.681266,32.837534],[130.681375,32.837512],[130.681462,32.837499],[130.681526,32.837503],[130.681585,32.837514],[130.681621,32.837533],[130.681647,32.837555],[130.681675,32.837586],[130.681859,32.837804],[130.681907,32.837869],[130.681955,32.837915],[130.682015,32.837958],[130.682084,32.837997],[130.682165,32.838013],[130.682277,32.838034],[130.682478,32.83804],[130.682603,32.83803],[130.682977,32.837996],[130.683141,32.837975],[130.683859,32.837976],[130.683995,32.837975],[130.684092,32.837968],[130.684184,32.837949],[130.684257,32.837932],[130.684315,32.837912],[130.684485,32.837847],[130.684748,32.837656],[130.685014,32.837662],[130.685241,32.837612],[130.685408,32.837562],[130.686039,32.837029],[130.686146,32.837044],[130.686196,32.837044],[130.686232,32.837036],[130.686278,32.837015],[130.686319,32.836985],[130.686636,32.836743],[130.686762,32.836636],[130.686827,32.83658],[130.686864,32.836533],[130.68714,32.836152],[130.687223,32.836083],[130.6873,32.836034],[130.687347,32.836007],[130.68739,32.836001],[130.687509,32.835983],[130.687581,32.835937],[130.687623,32.835905],[130.687681,32.835839],[130.687801,32.835487],[130.687863,32.835293],[130.687917,32.835115],[130.687962,32.834996],[130.688016,32.834869],[130.688091,32.8347],[130.688336,32.834296],[130.68849,32.833845],[130.688633,32.833736],[130.688783,32.833613],[130.689006,32.833423],[130.689356,32.833121],[130.689646,32.832875],[130.68969,32.832857],[130.690111,32.83277],[130.690153,32.832761],[130.690178,32.832745],[130.690201,32.832721],[130.690222,32.832696],[130.690306,32.832556],[130.690412,32.832349],[130.690452,32.832272],[130.690468,32.832222],[130.690572,32.831933],[130.690519,32.831958],[130.69047,32.832014],[130.690322,32.832275],[130.690242,32.832361],[130.690189,32.832401],[130.690141,32.832433],[130.690084,32.832453],[130.690038,32.832464],[130.689996,32.832473],[130.689942,32.83248],[130.689869,32.832482],[130.689694,32.832453],[130.689453,32.832435],[130.689365,32.832426],[130.689329,32.832436],[130.689313,32.832444],[130.689255,32.83247],[130.689145,32.83252],[130.689054,32.832553],[130.688972,32.832582],[130.68889,32.832601],[130.688835,32.832604],[130.688811,32.832604],[130.688686,32.832589],[130.688636,32.832576],[130.688577,32.832553],[130.688522,32.832536],[130.688503,32.83253],[130.688466,32.832528],[130.688305,32.832555],[130.688188,32.832573],[130.688129,32.832579],[130.688007,32.832579],[130.687947,32.832585],[130.687839,32.832608],[130.687784,32.832628],[130.687744,32.832631],[130.687699,32.832628],[130.687647,32.832623],[130.687586,32.832638],[130.687503,32.83267],[130.687373,32.832725],[130.687285,32.83274],[130.68725,32.832749],[130.687217,32.832765],[130.687192,32.832788],[130.687176,32.832804],[130.687075,32.832878],[130.686956,32.83296],[130.68691,32.832985],[130.686882,32.832993],[130.686847,32.832995],[130.686814,32.832989],[130.686762,32.832975],[130.686688,32.832941],[130.686609,32.832893],[130.686553,32.832851],[130.6865,32.83281],[130.686466,32.832758],[130.686416,32.832649],[130.686372,32.832509],[130.68635,32.832455],[130.686329,32.832423],[130.686299,32.832399],[130.686269,32.832385],[130.686176,32.832362],[130.68602,32.832299],[130.685955,32.832263],[130.685924,32.832245],[130.685806,32.832149],[130.685736,32.832092],[130.685692,32.832067],[130.685608,32.832029],[130.685507,32.831988],[130.685423,32.831965],[130.685294,32.831948],[130.685214,32.83194],[130.685149,32.831935],[130.685092,32.831941],[130.685019,32.831961],[130.684944,32.831995],[130.68489,32.832032],[130.684737,32.832151],[130.684672,32.832182],[130.684594,32.832196],[130.684399,32.832207],[130.68425,32.832232],[130.684124,32.832239],[130.684008,32.832224],[130.683836,32.832188],[130.683728,32.832166],[130.683665,32.832153],[130.683603,32.83215],[130.68354,32.832159],[130.683412,32.832201],[130.683351,32.832221],[130.683309,32.832224],[130.683272,32.832218],[130.683196,32.832196],[130.683158,32.832179],[130.68314,32.832162],[130.683094,32.83211],[130.682984,32.832022],[130.682934,32.831971],[130.682917,32.831935],[130.682912,32.831894],[130.682902,32.831852],[130.682887,32.831811],[130.682852,32.831725],[130.68281,32.831639],[130.682796,32.831599],[130.682794,32.83157],[130.68281,32.831535],[130.682837,32.831506],[130.682882,32.83148],[130.683042,32.831414],[130.68322,32.83134],[130.683454,32.831262],[130.683672,32.831201],[130.683761,32.831186],[130.683951,32.83117],[130.684047,32.831158],[130.684099,32.831136],[130.684158,32.831076],[130.684314,32.83089],[130.683789,32.830625],[130.683632,32.830178],[130.683594,32.830059],[130.683541,32.830068],[130.68338,32.830051],[130.682978,32.830083],[130.682516,32.83027],[130.682459,32.830284],[130.682376,32.830301],[130.682319,32.830311],[130.682272,32.830322],[130.682169,32.830349],[130.682126,32.830316],[130.682043,32.830235],[130.681988,32.830182],[130.681946,32.830138],[130.681916,32.830106],[130.681896,32.830067],[130.68188,32.830023],[130.681866,32.829977],[130.681854,32.829954],[130.681826,32.829926],[130.681807,32.829904],[130.681735,32.829844],[130.681697,32.829807],[130.68169,32.829802],[130.681635,32.829758],[130.681575,32.829718],[130.681522,32.829696],[130.681462,32.829655],[130.681435,32.829631],[130.681398,32.829589],[130.681342,32.829527],[130.681308,32.829491],[130.681226,32.829388],[130.681164,32.829342],[130.681127,32.829322],[130.68109,32.829312],[130.681057,32.829308],[130.681044,32.829306],[130.68095,32.829298],[130.680823,32.82929],[130.680702,32.829275],[130.680614,32.829263],[130.680565,32.829254],[130.680467,32.82923],[130.680413,32.829223],[130.680385,32.829224],[130.680352,32.829214],[130.680326,32.829204],[130.680298,32.829187],[130.68027,32.829163],[130.680252,32.82913],[130.680251,32.829095],[130.680257,32.829066],[130.680276,32.829035],[130.680299,32.829015],[130.680325,32.829002],[130.680364,32.828996],[130.680396,32.829],[130.680429,32.829015],[130.680454,32.829035],[130.68048,32.829051],[130.680534,32.829068],[130.680572,32.829072],[130.680576,32.829072],[130.68061,32.829055],[130.68064,32.829034],[130.680662,32.829016],[130.680685,32.828988],[130.680697,32.828956],[130.680702,32.828916],[130.68069,32.828867],[130.680666,32.828802],[130.680633,32.82871],[130.680582,32.82859],[130.680575,32.828565],[130.680563,32.828519],[130.680561,32.828485],[130.680564,32.82846],[130.680569,32.828426],[130.680577,32.828393],[130.680581,32.828362],[130.680591,32.82833],[130.680598,32.828297],[130.680605,32.828247],[130.680605,32.828216],[130.6806,32.828186],[130.680588,32.828149],[130.680562,32.828079],[130.680531,32.828001],[130.680514,32.827962],[130.680511,32.827944],[130.680511,32.827924],[130.680522,32.827908],[130.680537,32.827894],[130.680563,32.827876],[130.68078,32.827757],[130.680745,32.827454],[130.680744,32.827453],[130.680542,32.827477],[130.680233,32.827473],[130.680099,32.827476],[130.680012,32.82748],[130.679957,32.827489],[130.67991,32.827501],[130.679875,32.827515],[130.679821,32.827534],[130.679767,32.82756],[130.679736,32.827579],[130.679696,32.827596],[130.679663,32.827597],[130.679604,32.827584],[130.679546,32.827568],[130.679494,32.827545],[130.679443,32.827513],[130.679377,32.827485],[130.679181,32.827409],[130.679123,32.827379],[130.679085,32.827355],[130.679051,32.827328],[130.678932,32.827217],[130.678735,32.8271],[130.678643,32.827046],[130.678596,32.827011],[130.678578,32.826984],[130.678576,32.826951],[130.678589,32.826866],[130.678628,32.826659],[130.678664,32.826567],[130.678674,32.826515],[130.678682,32.826415],[130.678691,32.826392],[130.678706,32.826376],[130.67875,32.826337],[130.678884,32.826231],[130.678965,32.82615],[130.679025,32.826077],[130.679182,32.825868],[130.679352,32.825641],[130.679433,32.825526],[130.679473,32.825458],[130.679499,32.825369],[130.679517,32.825267],[130.679524,32.825189],[130.679522,32.825106],[130.679517,32.824981],[130.679521,32.824953],[130.679539,32.824931],[130.679572,32.824913],[130.679624,32.824904],[130.679658,32.824905],[130.679813,32.824913],[130.679841,32.824912],[130.679864,32.824907],[130.679895,32.824887],[130.679953,32.824823],[130.680008,32.824764],[130.680038,32.82473],[130.680065,32.824702],[130.680101,32.824677],[130.680168,32.824654],[130.680236,32.824638],[130.680279,32.824626],[130.680333,32.824616],[130.680486,32.824595],[130.680688,32.824562],[130.680756,32.824549],[130.680845,32.824557],[130.680957,32.824595],[130.681014,32.824607],[130.681059,32.824608],[130.681114,32.824604],[130.681209,32.824585],[130.681308,32.82455],[130.681404,32.824527],[130.681475,32.824513],[130.681619,32.824487],[130.681742,32.824478],[130.68182,32.824481],[130.68191,32.824498],[130.681973,32.824513],[130.6821,32.82454],[130.682177,32.824559],[130.682238,32.824567],[130.682297,32.824564],[130.682342,32.824557],[130.68239,32.824542],[130.682444,32.824512],[130.682569,32.824396],[130.682648,32.824335],[130.68271,32.824284],[130.682742,32.824236],[130.682749,32.824212],[130.68275,32.824187],[130.682718,32.824054],[130.682699,32.823926],[130.6827,32.823841],[130.682706,32.823814],[130.682728,32.823792],[130.682794,32.823763],[130.682897,32.82374],[130.682995,32.823728],[130.683081,32.823719],[130.683146,32.823706],[130.683284,32.823672],[130.683371,32.823666],[130.683427,32.823668],[130.683513,32.823683],[130.683583,32.823686],[130.683635,32.823677],[130.683678,32.823659],[130.683718,32.823636],[130.683745,32.823605],[130.683768,32.823577],[130.683783,32.823539],[130.683789,32.823507],[130.683784,32.823456],[130.683763,32.823403],[130.68372,32.823294],[130.683708,32.82323],[130.683708,32.823187],[130.683718,32.823137],[130.683748,32.823072],[130.683861,32.822824],[130.683892,32.822756],[130.683911,32.82271],[130.683925,32.822662],[130.683935,32.822609],[130.683949,32.822528],[130.683961,32.822478],[130.683971,32.822444],[130.683988,32.822406],[130.684016,32.822376],[130.684122,32.822271],[130.68429,32.822118],[130.684387,32.822043],[130.684501,32.821965],[130.684598,32.821898],[130.684624,32.821868],[130.684636,32.821846],[130.684641,32.821818],[130.684641,32.821792],[130.684641,32.82176],[130.684622,32.821691],[130.684608,32.821627],[130.68459,32.821566],[130.684555,32.821456],[130.684533,32.821406],[130.68448,32.82129],[130.684444,32.82121],[130.684433,32.821171],[130.684433,32.821147],[130.684442,32.821119],[130.684461,32.821076],[130.684561,32.820823],[130.684619,32.820697],[130.684649,32.820649],[130.684685,32.820622],[130.684725,32.8206],[130.684791,32.82058],[130.684859,32.820575],[130.6849,32.820567],[130.684935,32.820553],[130.684947,32.820531],[130.684956,32.820493],[130.685012,32.820183],[130.685017,32.820159],[130.684871,32.819868],[130.684834,32.81965],[130.684837,32.819607],[130.684846,32.819576],[130.684863,32.819554],[130.684891,32.819526],[130.68495,32.819486],[130.684993,32.81945],[130.684997,32.819446],[130.685042,32.81941],[130.68507,32.81937],[130.685098,32.819336],[130.685182,32.819259],[130.685306,32.819156],[130.685335,32.819161],[130.685406,32.819173],[130.685496,32.819178],[130.685549,32.819171],[130.68561,32.819162],[130.685671,32.819146],[130.685716,32.819127],[130.685748,32.819115],[130.685791,32.819106],[130.685845,32.819097],[130.685926,32.819102],[130.685996,32.819113],[130.686061,32.819133],[130.686194,32.819191],[130.68635,32.81926],[130.686416,32.819301],[130.686487,32.819346],[130.686568,32.819383],[130.686629,32.819402],[130.686673,32.819411],[130.686732,32.819414],[130.68679,32.819407],[130.68682,32.819401],[130.686853,32.819386],[130.686878,32.819366],[130.686901,32.819349],[130.686932,32.819333],[130.686981,32.819315],[130.687324,32.819225],[130.687234,32.81908],[130.687084,32.818869],[130.687058,32.818822],[130.687058,32.818797],[130.687065,32.818778],[130.687096,32.818745],[130.687173,32.818691],[130.687208,32.818676],[130.687239,32.818679],[130.687261,32.818691],[130.68732,32.81872],[130.687376,32.818739],[130.687439,32.818753],[130.687474,32.818771],[130.687618,32.818861],[130.687635,32.818838],[130.687687,32.818797],[130.687819,32.81868],[130.687924,32.818579],[130.688023,32.818489],[130.688118,32.818404],[130.688182,32.818324],[130.68825,32.818243],[130.688276,32.818203],[130.688309,32.818166],[130.688335,32.81814],[130.688378,32.818106],[130.688426,32.818086],[130.688384,32.817904],[130.688255,32.817547],[130.688625,32.817448],[130.688338,32.816781],[130.688496,32.816716],[130.688464,32.816608],[130.688441,32.816584],[130.688426,32.816566],[130.688413,32.816542],[130.688352,32.816434],[130.688319,32.816386],[130.688289,32.816359],[130.688248,32.816346],[130.688193,32.816345],[130.688141,32.816366],[130.68808,32.816382],[130.688035,32.816382],[130.687983,32.816369],[130.687891,32.816341],[130.687788,32.816303],[130.68766,32.816251],[130.68758,32.816221],[130.687513,32.816153],[130.687331,32.81622],[130.687149,32.816302],[130.686944,32.816391],[130.68683,32.816436],[130.68671,32.816478],[130.686685,32.816484],[130.68657,32.816522],[130.68634,32.816562],[130.686182,32.816586],[130.686072,32.816602],[130.685973,32.816618],[130.685861,32.816624],[130.685727,32.81661],[130.6856,32.816593],[130.685482,32.816567],[130.685389,32.816535],[130.685308,32.816505],[130.685194,32.816455],[130.685072,32.816412],[130.684979,32.816382],[130.684884,32.816365],[130.684817,32.816353],[130.684738,32.816348],[130.684633,32.816351],[130.684503,32.816375],[130.684374,32.816407],[130.684221,32.81645],[130.684149,32.816487],[130.684083,32.816509],[130.68402,32.816523],[130.683787,32.816549],[130.683692,32.816559],[130.68362,32.816518],[130.683537,32.816495],[130.683417,32.816473],[130.683343,32.816464],[130.683269,32.816464],[130.683223,32.81646],[130.683027,32.816482],[130.682862,32.816487],[130.682754,32.816482],[130.682533,32.816472],[130.682339,32.816488],[130.682211,32.81649],[130.682091,32.816505],[130.682003,32.816506],[130.681941,32.816487],[130.681879,32.816454],[130.681827,32.816406],[130.68179,32.816362],[130.681735,32.816279],[130.681657,32.816161],[130.681608,32.816055],[130.681561,32.815933],[130.68149,32.815779],[130.681443,32.815716],[130.681414,32.815678],[130.681367,32.815633],[130.681329,32.815602],[130.681289,32.81558],[130.681245,32.81558],[130.681196,32.815592],[130.681148,32.815613],[130.681114,32.815639],[130.681004,32.815728],[130.680904,32.815818],[130.680887,32.815829],[130.680875,32.815827],[130.680873,32.81582],[130.680885,32.815754],[130.680884,32.815713],[130.680869,32.815655],[130.680837,32.815577],[130.680799,32.815505],[130.680781,32.815465],[130.680644,32.815495],[130.680546,32.815516],[130.680477,32.815541],[130.680416,32.815572],[130.680368,32.815608],[130.680329,32.815654],[130.68028,32.815732],[130.680235,32.81582],[130.680182,32.815897],[130.680144,32.81595],[130.680062,32.816023],[130.679994,32.816066],[130.67991,32.816101],[130.679823,32.816124],[130.679751,32.816151],[130.679688,32.816185],[130.679647,32.816212],[130.679581,32.816259],[130.679536,32.816277],[130.679479,32.816292],[130.679444,32.816308],[130.679414,32.816326],[130.679398,32.816342],[130.67939,32.816362],[130.679386,32.816396],[130.679373,32.816424],[130.679343,32.816455],[130.679311,32.816472],[130.679233,32.816497],[130.679124,32.816537],[130.679027,32.816571],[130.67898,32.816574],[130.678938,32.816567],[130.678899,32.816556],[130.678847,32.816538],[130.678754,32.81649],[130.678726,32.816484],[130.678677,32.816484],[130.678574,32.816494],[130.678527,32.816492],[130.678486,32.816483],[130.678439,32.816476],[130.678373,32.816481],[130.678304,32.816504],[130.678238,32.816525],[130.678153,32.816563],[130.678077,32.816606],[130.677964,32.81672],[130.677918,32.816739],[130.677835,32.816729],[130.677724,32.816681],[130.677694,32.816658],[130.677603,32.816544],[130.677534,32.816461],[130.677506,32.816428],[130.677471,32.816399],[130.67742,32.816372],[130.677362,32.816342],[130.677317,32.816302],[130.677257,32.816242],[130.677189,32.816165],[130.67715,32.81613],[130.677119,32.81611],[130.677082,32.816095],[130.677031,32.816073],[130.676968,32.81605],[130.676901,32.816033],[130.676846,32.816016],[130.67681,32.815993],[130.6768,32.815975],[130.676799,32.815957],[130.67682,32.815896],[130.676864,32.815775],[130.676938,32.815567],[130.676933,32.815518],[130.676859,32.815537],[130.676743,32.815575],[130.67668,32.815589],[130.676615,32.815591],[130.676588,32.815585],[130.676572,32.815576],[130.676564,32.81556],[130.676522,32.81545],[130.676478,32.815289],[130.676439,32.815249],[130.676404,32.81523],[130.676353,32.815205],[130.676252,32.815157],[130.676207,32.815133],[130.676169,32.815114],[130.676134,32.815117],[130.67599,32.815287],[130.675858,32.815233],[130.675675,32.815139],[130.675538,32.81505],[130.67536,32.814989],[130.675025,32.814906],[130.674705,32.814818],[130.674385,32.814746],[130.674229,32.814715],[130.674077,32.814744],[130.673954,32.814751],[130.673752,32.814728],[130.673649,32.814709],[130.673574,32.814654],[130.673235,32.814638],[130.67305,32.814557],[130.672994,32.814625],[130.672977,32.814639],[130.672957,32.81465],[130.6729,32.814652],[130.672816,32.81464],[130.67273,32.814555],[130.672562,32.814469],[130.672471,32.814403],[130.672427,32.814358],[130.672183,32.814379],[130.67208,32.814419],[130.671868,32.81452],[130.671827,32.814518],[130.671782,32.814493],[130.671705,32.814431],[130.671634,32.81439],[130.671554,32.814372],[130.671483,32.814357],[130.671328,32.814348],[130.6712,32.814349],[130.671093,32.814348],[130.67099,32.814346],[130.670904,32.814344],[130.670873,32.814347],[130.670857,32.814361],[130.670785,32.81452],[130.670741,32.814518],[130.670702,32.814516],[130.670649,32.814892],[130.67058,32.814834],[130.670506,32.814783],[130.670191,32.814608],[130.670124,32.81455],[130.670061,32.814485],[130.670007,32.814432],[130.669954,32.814385],[130.669885,32.81433],[130.66982,32.814288],[130.669646,32.814156],[130.669573,32.814098],[130.669521,32.814053],[130.669489,32.814018],[130.669428,32.813947],[130.669412,32.813944],[130.669396,32.813945],[130.669324,32.81397],[130.669278,32.813977],[130.669221,32.813976],[130.669033,32.813941],[130.66893,32.813925],[130.668809,32.813918],[130.668704,32.813919],[130.66859,32.813925],[130.668409,32.813925],[130.668325,32.813939],[130.668233,32.813951],[130.668151,32.813957],[130.668074,32.813976],[130.667968,32.814013],[130.667873,32.814048],[130.667717,32.814091],[130.667664,32.814099],[130.667617,32.814248],[130.667606,32.814256],[130.667573,32.814265],[130.667533,32.814263],[130.667377,32.814253],[130.667314,32.814258],[130.667227,32.814196],[130.667195,32.814171],[130.667173,32.814155],[130.667143,32.814153],[130.667122,32.814158],[130.66708,32.814163],[130.66704,32.814178],[130.666997,32.814203],[130.666975,32.814229],[130.666965,32.81426],[130.666958,32.814287],[130.666952,32.814299],[130.666907,32.814329],[130.666856,32.814337],[130.666783,32.814328],[130.666451,32.814274],[130.66567,32.814105],[130.665482,32.814065],[130.665441,32.81405],[130.665359,32.814005],[130.665301,32.813965],[130.66527,32.813933],[130.665251,32.813895],[130.665249,32.813857],[130.665257,32.81382],[130.665283,32.813783],[130.665339,32.813729],[130.665426,32.813672],[130.665474,32.813642],[130.66561,32.813579],[130.665647,32.813573],[130.665701,32.813554],[130.665743,32.813542],[130.665748,32.81354],[130.665751,32.813431],[130.665761,32.813402],[130.665785,32.813374],[130.665875,32.813292],[130.666079,32.81317],[130.666108,32.813151],[130.666116,32.813135],[130.666118,32.813118],[130.666118,32.813085],[130.666116,32.813018],[130.666135,32.812965],[130.666141,32.812954],[130.666201,32.812962],[130.666256,32.81296],[130.666302,32.812951],[130.666343,32.812943],[130.666361,32.812947],[130.666402,32.812976],[130.666446,32.813035],[130.66658,32.813022],[130.666583,32.812913],[130.666591,32.812891],[130.666629,32.812846],[130.666662,32.812828],[130.666696,32.812809],[130.666745,32.812791],[130.666828,32.812789],[130.666887,32.812794],[130.666913,32.812796],[130.666921,32.81279],[130.666931,32.81277],[130.666952,32.812753],[130.666985,32.812733],[130.667042,32.812705],[130.667109,32.812681],[130.667154,32.812676],[130.667182,32.812681],[130.667321,32.812699],[130.667382,32.812705],[130.667451,32.812703],[130.667568,32.81267],[130.667663,32.812651],[130.667952,32.812556],[130.668022,32.812526],[130.668082,32.812491],[130.668113,32.81247],[130.668143,32.812441],[130.668179,32.812394],[130.668267,32.812237],[130.668698,32.812232],[130.668743,32.812345],[130.668834,32.812388],[130.668873,32.812411],[130.668892,32.812426],[130.66893,32.812465],[130.669024,32.812404],[130.669105,32.812379],[130.669254,32.812382],[130.66956,32.812365],[130.669695,32.812364],[130.669865,32.812384],[130.670071,32.812401],[130.670188,32.812481],[130.670251,32.812549],[130.670391,32.812792],[130.670406,32.812783],[130.670612,32.812631],[130.670686,32.812586],[130.67076,32.812561],[130.670907,32.812527],[130.671362,32.812432],[130.671754,32.812368],[130.671852,32.812357],[130.671901,32.812357],[130.671972,32.812363],[130.672709,32.812523],[130.672805,32.812534],[130.672882,32.812535],[130.673278,32.812496],[130.674069,32.812411],[130.674709,32.812313],[130.674921,32.812252],[130.675021,32.812205],[130.675099,32.812157],[130.675168,32.812112],[130.675254,32.812046],[130.675437,32.81196],[130.675518,32.811928],[130.675607,32.811896],[130.675729,32.811855],[130.675807,32.811831],[130.67591,32.811814],[130.675994,32.811825],[130.676069,32.811841],[130.676069,32.811841],[130.67607,32.811841],[130.67607,32.811841],[130.676133,32.811862],[130.676216,32.811896],[130.676278,32.811925],[130.67632,32.811935],[130.676344,32.811938],[130.676384,32.811934],[130.676433,32.811915],[130.676478,32.811884],[130.676534,32.81184],[130.676625,32.811735],[130.676637,32.811718],[130.676501,32.811505],[130.676199,32.811123],[130.676184,32.81107],[130.676149,32.811011],[130.676103,32.810975],[130.676087,32.810966],[130.675958,32.810896],[130.675839,32.810815],[130.675745,32.810716],[130.675693,32.81062],[130.675642,32.810501],[130.675614,32.810369],[130.675603,32.810259],[130.675609,32.810034],[130.675634,32.809784],[130.675644,32.809692],[130.675663,32.809611],[130.675694,32.809514],[130.675728,32.809436],[130.675871,32.809436],[130.676046,32.809434],[130.676058,32.809477],[130.676073,32.809504],[130.676103,32.809536],[130.676138,32.809578],[130.676184,32.80964],[130.676194,32.809682],[130.676193,32.809751],[130.676194,32.809808],[130.676396,32.80978],[130.676396,32.80978],[130.676397,32.809779],[130.676431,32.809738],[130.676455,32.809714],[130.676486,32.809689],[130.676522,32.809669],[130.676559,32.809652],[130.67659,32.809644],[130.676633,32.809636],[130.67667,32.809634],[130.676697,32.809637],[130.676697,32.809637],[130.676697,32.809636],[130.676736,32.808412],[130.676765,32.806957],[130.676765,32.806957],[130.676708,32.806958],[130.676602,32.806951],[130.67654,32.806941],[130.676422,32.806907],[130.676326,32.80688],[130.67627,32.806863],[130.676211,32.806855],[130.676115,32.806842],[130.676068,32.806842],[130.676011,32.806777],[130.676177,32.806638],[130.676207,32.806599],[130.676568,32.806039],[130.676723,32.805813],[130.676689,32.805811],[130.676635,32.805822],[130.676332,32.805922],[130.676244,32.805953],[130.676212,32.805957],[130.676192,32.805958],[130.676166,32.805953],[130.676146,32.805948],[130.676038,32.805882],[130.675942,32.805831],[130.675895,32.805816],[130.675866,32.805811],[130.675816,32.805811],[130.675781,32.805815],[130.675586,32.805861],[130.675532,32.80587],[130.675511,32.80587],[130.675491,32.805869],[130.675463,32.805859],[130.67544,32.805845],[130.67538,32.805788],[130.675343,32.805748],[130.675302,32.805724],[130.675245,32.805704],[130.675177,32.805685],[130.675135,32.805665],[130.675079,32.805625],[130.675004,32.805564],[130.67494,32.805515],[130.674914,32.80549],[130.674904,32.805472],[130.674899,32.805441],[130.674904,32.80542],[130.67497,32.805271],[130.674993,32.805209],[130.674999,32.805186],[130.674998,32.805148],[130.674992,32.805096],[130.674983,32.80505],[130.674964,32.805005],[130.674943,32.804966],[130.674897,32.804928],[130.674821,32.804885],[130.674781,32.804865],[130.674669,32.804828],[130.674574,32.804777],[130.674475,32.804695],[130.674376,32.804582],[130.674356,32.804548],[130.67435,32.804509],[130.674356,32.804449],[130.674371,32.804392],[130.674394,32.80434],[130.674425,32.804282],[130.674474,32.804203],[130.674472,32.804166],[130.674432,32.804124],[130.674379,32.804073],[130.674313,32.804007],[130.674244,32.803946],[130.674151,32.803895],[130.674043,32.80386],[130.673923,32.803821],[130.673833,32.803798],[130.6738,32.803772],[130.673746,32.803684],[130.673709,32.803595],[130.673632,32.80346],[130.673566,32.803368],[130.673487,32.803274],[130.673436,32.803201],[130.673398,32.803167],[130.673352,32.803151],[130.673256,32.803135],[130.673195,32.803137],[130.6731,32.803159],[130.673016,32.803164],[130.672942,32.803159],[130.67288,32.803146],[130.672794,32.803142],[130.672848,32.803173],[130.672882,32.803193],[130.672882,32.803201],[130.672845,32.803208],[130.672791,32.803215],[130.672723,32.803231],[130.672663,32.80325],[130.67263,32.803277],[130.67261,32.803306],[130.672585,32.803333],[130.672535,32.803357],[130.672491,32.803364],[130.672455,32.803355],[130.672407,32.803335],[130.672363,32.803313],[130.67231,32.803303],[130.672249,32.80331],[130.671962,32.803435],[130.671971,32.803455],[130.671971,32.803481],[130.671964,32.803505],[130.671949,32.803515],[130.671925,32.803518],[130.67189,32.803516],[130.671649,32.803607],[130.671419,32.803693],[130.671279,32.803754],[130.671203,32.803797],[130.671158,32.803839],[130.671137,32.803883],[130.671127,32.803923],[130.671109,32.803966],[130.671049,32.804041],[130.670976,32.804125],[130.670928,32.804162],[130.670868,32.80418],[130.670833,32.804197],[130.670811,32.804222],[130.670788,32.804239],[130.670734,32.804258],[130.670638,32.804279],[130.670597,32.804286],[130.670409,32.804328],[130.670375,32.804325],[130.669973,32.804408],[130.669915,32.804475],[130.66987,32.804423],[130.669828,32.804395],[130.669793,32.804362],[130.669752,32.804303],[130.669727,32.804229],[130.669581,32.804245],[130.669363,32.804273],[130.669194,32.804332],[130.669079,32.804383],[130.668914,32.804484],[130.668843,32.804512],[130.668745,32.804531],[130.66866,32.804554],[130.668586,32.804585],[130.668511,32.804631],[130.668412,32.804683],[130.668319,32.804714],[130.668223,32.804738],[130.668013,32.804767],[130.667872,32.804789],[130.667798,32.804813],[130.667758,32.804834],[130.667722,32.804868],[130.667692,32.804904],[130.667672,32.804938],[130.667655,32.804985],[130.667641,32.805063],[130.667709,32.805091],[130.667751,32.805204],[130.667776,32.805265],[130.667852,32.80538],[130.667868,32.805395],[130.667881,32.805404],[130.667902,32.805408],[130.66793,32.805407],[130.668085,32.805394],[130.668109,32.805395],[130.668153,32.805407],[130.668294,32.805451],[130.668315,32.805452],[130.66833,32.805451],[130.668367,32.805445],[130.668392,32.805435],[130.668424,32.805415],[130.668471,32.805384],[130.668486,32.805382],[130.668503,32.805387],[130.668515,32.805398],[130.668518,32.805411],[130.668522,32.805433],[130.668529,32.805479],[130.668572,32.805776],[130.668581,32.80584],[130.668591,32.805876],[130.668635,32.805954],[130.66865,32.806018],[130.668653,32.806061],[130.66865,32.806088],[130.66864,32.806113],[130.668621,32.806138],[130.668593,32.806164],[130.66852,32.806207],[130.668369,32.806271],[130.668251,32.806316],[130.668155,32.806366],[130.668095,32.806401],[130.66803,32.806448],[130.667987,32.8065],[130.667742,32.806506],[130.667698,32.8065],[130.667668,32.806492],[130.667639,32.806481],[130.667589,32.80645],[130.667522,32.806403],[130.667466,32.806373],[130.667407,32.806349],[130.66722,32.8063],[130.667136,32.806281],[130.667064,32.806268],[130.667067,32.80632],[130.667078,32.806356],[130.667078,32.806378],[130.667071,32.806403],[130.667027,32.806522],[130.666958,32.806657],[130.666871,32.806836],[130.666699,32.80702],[130.666757,32.807096],[130.666813,32.807151],[130.666855,32.807177],[130.666863,32.807165],[130.666879,32.807114],[130.666904,32.80707],[130.666939,32.807028],[130.667265,32.807141],[130.667262,32.807213],[130.667253,32.807276],[130.667259,32.80729],[130.667276,32.807299],[130.667324,32.807304],[130.667486,32.807324],[130.667617,32.807344],[130.667616,32.807392],[130.667624,32.807416],[130.667644,32.807438],[130.667662,32.807449],[130.667716,32.807463],[130.667791,32.807488],[130.667883,32.807522],[130.66794,32.807553],[130.667958,32.807569],[130.667961,32.80759],[130.667921,32.807691],[130.667899,32.807731],[130.667881,32.807745],[130.667841,32.807759],[130.667678,32.80781],[130.667575,32.807837],[130.667494,32.807854],[130.667357,32.807846],[130.667226,32.807845],[130.667155,32.807848],[130.667081,32.80786],[130.666972,32.807891],[130.66672,32.807981],[130.666591,32.808026],[130.666512,32.808046],[130.666338,32.808086],[130.666208,32.808113],[130.666094,32.808134],[130.666015,32.808138],[130.665937,32.808135],[130.665811,32.808129],[130.665646,32.808107],[130.665592,32.808111],[130.665541,32.808116],[130.665503,32.80812],[130.665257,32.808132],[130.665124,32.808168],[130.665023,32.80822],[130.66489,32.808339],[130.664782,32.808463],[130.664745,32.808485],[130.66469,32.8085],[130.664508,32.808556],[130.664439,32.808599],[130.664377,32.808636],[130.664313,32.808678],[130.664201,32.808744],[130.664161,32.808766],[130.664045,32.808821],[130.66395,32.808851],[130.663887,32.808866],[130.663785,32.808894],[130.663647,32.808925],[130.663576,32.808944],[130.663512,32.808972],[130.663407,32.80903],[130.663316,32.809086],[130.663264,32.80912],[130.663156,32.809185],[130.663035,32.80928],[130.662856,32.809381],[130.662784,32.809405],[130.662685,32.809432],[130.662639,32.809438],[130.662581,32.809452],[130.662544,32.809464],[130.662541,32.809449],[130.662536,32.809408],[130.662531,32.809386],[130.662512,32.809375],[130.662491,32.809382],[130.662423,32.809418],[130.662102,32.809534],[130.661958,32.809598],[130.661853,32.809652],[130.661817,32.809663],[130.661795,32.809658],[130.661777,32.809643],[130.661807,32.809476],[130.661836,32.809392],[130.661894,32.809249],[130.661907,32.809181],[130.661906,32.80898],[130.66196,32.80863],[130.661863,32.808583],[130.661637,32.80847],[130.661472,32.808377],[130.661368,32.8083],[130.661334,32.808263],[130.661322,32.808234],[130.66109,32.808166],[130.661028,32.808192],[130.660962,32.808204],[130.660799,32.808207],[130.660711,32.808204],[130.660654,32.808234],[130.660595,32.808281],[130.660554,32.808356],[130.660499,32.808421],[130.660488,32.808452],[130.660481,32.808516],[130.66047,32.808537],[130.660393,32.80858],[130.660367,32.808585],[130.660331,32.808553],[130.660237,32.808565],[130.660222,32.808534],[130.66021,32.808526],[130.660151,32.808526],[130.660134,32.808536],[130.66012,32.808577],[130.660109,32.808609],[130.660096,32.808617],[130.660046,32.808615],[130.660031,32.808606],[130.66002,32.808584],[130.660004,32.808546],[130.659992,32.808507],[130.659981,32.808485],[130.659954,32.808482],[130.659918,32.808487],[130.659878,32.808512],[130.659828,32.808568],[130.659791,32.808601],[130.659739,32.808624],[130.6597,32.808647],[130.659677,32.808684],[130.659604,32.808811],[130.659533,32.80886],[130.659448,32.808955],[130.659397,32.808892],[130.659356,32.808815],[130.659267,32.808607],[130.659182,32.808428],[130.658964,32.80866],[130.658786,32.808864],[130.658797,32.808917],[130.658801,32.808977],[130.658788,32.809043],[130.658762,32.809122],[130.658732,32.809189],[130.658695,32.809248],[130.658665,32.809306],[130.658636,32.809393],[130.658577,32.809591],[130.65861,32.809617],[130.658674,32.809681],[130.658715,32.809747],[130.658744,32.809799],[130.658762,32.809862],[130.658785,32.809935],[130.658801,32.810009],[130.6588,32.810062],[130.658783,32.810109],[130.65876,32.810141],[130.658704,32.810145],[130.658621,32.810157],[130.658524,32.810176],[130.658383,32.810224],[130.65825,32.810265],[130.658078,32.810288],[130.657976,32.810308],[130.657874,32.810335],[130.657771,32.810348],[130.657675,32.810369],[130.657386,32.810446],[130.6571,32.810534],[130.657055,32.810553],[130.656968,32.810605],[130.656789,32.810725],[130.656702,32.810797],[130.656678,32.810828],[130.656662,32.810852],[130.656654,32.810894],[130.656633,32.810952],[130.656611,32.810985],[130.656539,32.81105],[130.656511,32.811078],[130.656494,32.811109],[130.656431,32.811272],[130.656329,32.811539],[130.656312,32.811577],[130.656299,32.811589],[130.656279,32.811592],[130.656241,32.811574],[130.656168,32.811657],[130.65612,32.811706],[130.656071,32.81175],[130.655992,32.811816],[130.655913,32.811878],[130.655688,32.812054],[130.655652,32.812085],[130.655638,32.812102],[130.655637,32.812116]]]}},{"type":"Feature","properties":{"DistType":"風致地区","DistCode":28,"Pref":"熊本県","Citycode":"43202","Cityname":"八代市"},"geometry":{"type":"Polygon","coordinates":[[[130.63374,32.488811],[130.63398,32.489031],[130.634249,32.489231],[130.634393,32.48938],[130.634403,32.489444],[130.634378,32.489479],[130.634331,32.489511],[130.63472,32.490338],[130.634691,32.490475],[130.634765,32.490506],[130.634926,32.490478],[130.634915,32.490618],[130.634916,32.490675],[130.634943,32.490864],[130.635026,32.491001],[130.6352,32.491212],[130.635265,32.491296],[130.635334,32.4914],[130.635976,32.492277],[130.636266,32.492147],[130.636751,32.492659],[130.63677,32.492579],[130.636778,32.492552],[130.636805,32.492464],[130.636817,32.492425],[130.636833,32.49238],[130.636861,32.492328],[130.636883,32.492289],[130.636916,32.492235],[130.636963,32.492168],[130.636998,32.492122],[130.637051,32.492066],[130.637106,32.492019],[130.637155,32.491976],[130.637208,32.491934],[130.637255,32.4919],[130.637352,32.491837],[130.637425,32.491797],[130.637395,32.491687],[130.637386,32.491575],[130.637397,32.491518],[130.637398,32.491322],[130.637426,32.491243],[130.637448,32.491186],[130.637442,32.491111],[130.637416,32.491061],[130.637392,32.490978],[130.637356,32.490921],[130.637309,32.490911],[130.63728,32.490898],[130.63885,32.490205],[130.639223,32.49005],[130.639231,32.489941],[130.639189,32.489859],[130.639073,32.489762],[130.638956,32.489686],[130.638883,32.489571],[130.638869,32.489436],[130.638892,32.489296],[130.638624,32.489129],[130.63851,32.489028],[130.638422,32.488915],[130.638329,32.488802],[130.638454,32.488166],[130.63861,32.487956],[130.638568,32.48795],[130.638474,32.487991],[130.638359,32.488041],[130.638281,32.488131],[130.638206,32.488217],[130.638144,32.488322],[130.638041,32.488286],[130.637907,32.488204],[130.637755,32.488099],[130.637198,32.487814],[130.636902,32.487685],[130.636677,32.487639],[130.636359,32.487637],[130.635856,32.487652],[130.635432,32.487704],[130.635383,32.487702],[130.635309,32.48769],[130.635279,32.487678],[130.635256,32.487671],[130.635228,32.487667],[130.635191,32.487667],[130.635139,32.487673],[130.634912,32.487715],[130.634901,32.48772],[130.634828,32.487769],[130.63474,32.487843],[130.634722,32.487864],[130.634698,32.487908],[130.634685,32.487934],[130.634654,32.488017],[130.63464,32.488045],[130.634613,32.488065],[130.634538,32.488102],[130.634527,32.488111],[130.634502,32.48814],[130.63447,32.488187],[130.634421,32.488226],[130.634328,32.488249],[130.634289,32.488266],[130.634264,32.488282],[130.634237,32.488309],[130.634234,32.488369],[130.634221,32.488405],[130.634207,32.488428],[130.634192,32.488458],[130.634188,32.488614],[130.634137,32.488673],[130.634032,32.488677],[130.633995,32.488681],[130.633876,32.488734],[130.633772,32.48879],[130.63374,32.488811]]]}}]}