{"type":"FeatureCollection","features":[{"type":"Feature","properties":{"YoutoName":null,"YoutoCode":0,"DistType":"特別用途地区","DistCode":14,"Pref":"熊本県","Citycode":"43100","Cityname":"熊本市","FNDate":null,"INNumber":null},"geometry":{"type":"Polygon","coordinates":[[[130.71028,32.839943],[130.709686,32.839942],[130.709715,32.83938],[130.709759,32.838504],[130.709451,32.838479],[130.709316,32.838459],[130.709172,32.838428],[130.709137,32.83899],[130.709089,32.83978],[130.709075,32.840204],[130.70905,32.84045],[130.709019,32.840703],[130.708969,32.840992],[130.708931,32.841208],[130.708928,32.841239],[130.708901,32.841378],[130.708893,32.841428],[130.708873,32.841537],[130.708859,32.84163],[130.70885,32.841689],[130.708844,32.841754],[130.708821,32.842108],[130.708818,32.842324],[130.708822,32.842499],[130.708833,32.842793],[130.708836,32.842824],[130.708842,32.842951],[130.70883,32.843114],[130.708818,32.843217],[130.708809,32.843263],[130.7088,32.843299],[130.708736,32.843468],[130.708708,32.84354],[130.708691,32.843592],[130.708677,32.84362],[130.708671,32.843645],[130.708668,32.843673],[130.708665,32.843722],[130.708663,32.843768],[130.708652,32.843813],[130.708639,32.843851],[130.708613,32.843898],[130.708583,32.843947],[130.708539,32.844012],[130.708438,32.844153],[130.708067,32.844637],[130.707952,32.844792],[130.707324,32.845682],[130.707393,32.845693],[130.707456,32.845699],[130.707543,32.845722],[130.707928,32.845839],[130.708314,32.845289],[130.70839,32.845294],[130.708495,32.845296],[130.708612,32.845287],[130.708691,32.84527],[130.708772,32.845245],[130.708843,32.845224],[130.708882,32.845215],[130.708926,32.845207],[130.70898,32.845206],[130.709022,32.845211],[130.709058,32.845223],[130.709085,32.845236],[130.70932,32.844923],[130.709368,32.844859],[130.709498,32.844685],[130.709565,32.844584],[130.70963,32.844455],[130.709714,32.844293],[130.709775,32.844153],[130.709888,32.843832],[130.709926,32.843719],[130.709955,32.843605],[130.709962,32.843579],[130.709979,32.843481],[130.710005,32.843284],[130.710009,32.843236],[130.710028,32.843022],[130.710038,32.842812],[130.710041,32.842673],[130.710027,32.842175],[130.710012,32.841914],[130.710019,32.841858],[130.710102,32.841395],[130.710174,32.840943],[130.710215,32.840704],[130.710245,32.840563],[130.710245,32.840521],[130.71028,32.839943]]]}},{"type":"Feature","properties":{"YoutoName":null,"YoutoCode":0,"DistType":"特別用途地区","DistCode":14,"Pref":"熊本県","Citycode":"43100","Cityname":"熊本市","FNDate":null,"INNumber":null},"geometry":{"type":"Polygon","coordinates":[[[130.742714,32.843503],[130.742038,32.843249],[130.74126,32.842926],[130.740817,32.842746],[130.740554,32.842628],[130.740401,32.842589],[130.740124,32.842481],[130.740082,32.842468],[130.740026,32.842493],[130.739844,32.843021],[130.739847,32.843222],[130.739856,32.844007],[130.740013,32.844138],[130.740017,32.844185],[130.740018,32.844191],[130.74002,32.844211],[130.740145,32.844279],[130.74037,32.844427],[130.740608,32.844593],[130.740669,32.844649],[130.740991,32.844863],[130.740948,32.844928],[130.740915,32.844914],[130.7408,32.845092],[130.741169,32.845144],[130.741254,32.845049],[130.741542,32.844745],[130.741549,32.844734],[130.741554,32.844724],[130.741564,32.84471],[130.741747,32.844513],[130.742327,32.843903],[130.742714,32.843503]]]}},{"type":"Feature","properties":{"YoutoName":null,"YoutoCode":0,"DistType":"特別用途地区","DistCode":14,"Pref":"熊本県","Citycode":"43100","Cityname":"熊本市","FNDate":null,"INNumber":null},"geometry":{"type":"Polygon","coordinates":[[[130.740848,32.84729],[130.740808,32.847061],[130.740773,32.846673],[130.740682,32.846268],[130.740645,32.845994],[130.740638,32.845887],[130.740644,32.84578],[130.740665,32.845671],[130.740722,32.845468],[130.740746,32.845367],[130.740756,32.845309],[130.740755,32.845263],[130.74075,32.845234],[130.740729,32.845167],[130.740708,32.845135],[130.740693,32.845113],[130.740657,32.845075],[130.740582,32.845028],[130.740494,32.844982],[130.740406,32.844933],[130.740351,32.844901],[130.740257,32.844834],[130.740193,32.844794],[130.740113,32.844745],[130.740036,32.844697],[130.739959,32.844649],[130.739851,32.844585],[130.73977,32.84454],[130.739724,32.844515],[130.739668,32.844485],[130.739596,32.84446],[130.739496,32.844428],[130.739354,32.844382],[130.739231,32.844341],[130.739135,32.844307],[130.739059,32.84428],[130.738985,32.844255],[130.738837,32.844196],[130.7388,32.844177],[130.738668,32.844095],[130.738498,32.843978],[130.738318,32.843852],[130.738161,32.843735],[130.738068,32.843667],[130.737973,32.843584],[130.737879,32.843514],[130.737799,32.843466],[130.737694,32.843427],[130.737359,32.843302],[130.73723,32.843251],[130.73705,32.843185],[130.736829,32.843101],[130.736537,32.842993],[130.736237,32.842885],[130.736038,32.842811],[130.735929,32.842764],[130.735899,32.842749],[130.735852,32.842725],[130.735756,32.842685],[130.73568,32.842645],[130.735596,32.842597],[130.735499,32.842528],[130.735314,32.842394],[130.73509,32.84223],[130.735018,32.842176],[130.734959,32.842141],[130.734905,32.842117],[130.734803,32.842102],[130.734658,32.842097],[130.734458,32.84209],[130.734383,32.842084],[130.73414,32.842077],[130.734037,32.84207],[130.733951,32.842056],[130.733565,32.842037],[130.733474,32.841955],[130.733366,32.841844],[130.733273,32.841748],[130.733106,32.841588],[130.73297,32.841455],[130.732855,32.841339],[130.732783,32.841267],[130.732252,32.840754],[130.732177,32.840688],[130.732113,32.840634],[130.732044,32.840587],[130.731947,32.840528],[130.731878,32.84049],[130.731855,32.840478],[130.731835,32.84052],[130.729899,32.840374],[130.727869,32.840356],[130.727872,32.840744],[130.727871,32.841762],[130.727867,32.842162],[130.727448,32.842126],[130.727033,32.842096],[130.72668,32.84207],[130.726431,32.842049],[130.725661,32.84199],[130.725185,32.841957],[130.725156,32.842447],[130.725054,32.844338],[130.725169,32.844342],[130.72599,32.844399],[130.726293,32.844412],[130.728912,32.844588],[130.72885,32.845217],[130.729624,32.845266],[130.730229,32.845309],[130.731155,32.845379],[130.731307,32.845387],[130.731324,32.845396],[130.731297,32.84569],[130.731363,32.845764],[130.731696,32.845721],[130.731915,32.845682],[130.731925,32.845894],[130.73194,32.846277],[130.731954,32.846544],[130.732222,32.846571],[130.732445,32.846593],[130.732656,32.84661],[130.733128,32.846668],[130.73332,32.846691],[130.733523,32.846717],[130.733772,32.846737],[130.733955,32.846752],[130.734033,32.84687],[130.734114,32.847031],[130.734223,32.847258],[130.734282,32.847368],[130.734386,32.847508],[130.734536,32.847444],[130.734563,32.847491],[130.734689,32.847419],[130.734722,32.84746],[130.734836,32.847413],[130.734964,32.847359],[130.735152,32.847285],[130.735515,32.847331],[130.735702,32.847352],[130.735776,32.847319],[130.73605,32.847514],[130.736314,32.847402],[130.736383,32.847411],[130.736879,32.847433],[130.737556,32.847474],[130.737868,32.84749],[130.738129,32.847503],[130.738257,32.847631],[130.73833,32.847698],[130.738371,32.847752],[130.738429,32.847841],[130.738432,32.847845],[130.738566,32.848078],[130.738589,32.848123],[130.738611,32.848116],[130.738801,32.848035],[130.73907,32.8479],[130.739331,32.847763],[130.73947,32.847686],[130.739666,32.847579],[130.739854,32.847475],[130.73995,32.84743],[130.740056,32.847393],[130.740248,32.847357],[130.740531,32.847335],[130.740814,32.847318],[130.740834,32.847301],[130.740834,32.847301],[130.740848,32.84729]]]}},{"type":"Feature","properties":{"YoutoName":null,"YoutoCode":0,"DistType":"特別用途地区","DistCode":14,"Pref":"熊本県","Citycode":"43100","Cityname":"熊本市","FNDate":null,"INNumber":null},"geometry":{"type":"Polygon","coordinates":[[[130.781594,32.841468],[130.781515,32.841416],[130.781476,32.841397],[130.781425,32.841374],[130.781267,32.841313],[130.78123,32.841296],[130.781227,32.841265],[130.78129,32.84115],[130.781317,32.841107],[130.781313,32.841089],[130.7813,32.84107],[130.781201,32.841024],[130.780973,32.840931],[130.780796,32.840851],[130.780651,32.840792],[130.780856,32.840448],[130.780641,32.839846],[130.780408,32.839248],[130.780165,32.838703],[130.779975,32.838319],[130.779667,32.837745],[130.779237,32.837018],[130.778958,32.836575],[130.778724,32.836211],[130.778515,32.835912],[130.778514,32.835913],[130.778168,32.83642],[130.778085,32.836539],[130.778242,32.836763],[130.778311,32.836867],[130.778763,32.837601],[130.779117,32.838241],[130.779289,32.838562],[130.779609,32.839255],[130.77975,32.839574],[130.780062,32.840398],[130.780119,32.840579],[130.780196,32.84085],[130.78028,32.841132],[130.780334,32.841341],[130.780384,32.841522],[130.780423,32.841665],[130.780458,32.841794],[130.780517,32.842017],[130.780559,32.842179],[130.780626,32.842434],[130.780687,32.842663],[130.78077,32.842967],[130.780926,32.842978],[130.781027,32.842983],[130.781124,32.842941],[130.781261,32.842957],[130.781351,32.842697],[130.781413,32.842519],[130.781471,32.842364],[130.781171,32.842275],[130.781224,32.842132],[130.781355,32.841818],[130.781526,32.841567],[130.781594,32.841468]]]}},{"type":"Feature","properties":{"YoutoName":null,"YoutoCode":0,"DistType":"特別用途地区","DistCode":14,"Pref":"熊本県","Citycode":"43100","Cityname":"熊本市","FNDate":null,"INNumber":null},"geometry":{"type":"Polygon","coordinates":[[[130.772765,32.843125],[130.772721,32.842929],[130.772704,32.842875],[130.772664,32.842807],[130.772605,32.842735],[130.772535,32.842629],[130.772436,32.842507],[130.772339,32.842401],[130.772175,32.842271],[130.772093,32.842189],[130.772017,32.842122],[130.771971,32.842105],[130.771854,32.842119],[130.771677,32.842035],[130.771587,32.842047],[130.77111,32.842967],[130.77143,32.843131],[130.771429,32.843191],[130.771429,32.843213],[130.771575,32.843279],[130.771953,32.843452],[130.771978,32.843472],[130.771993,32.843498],[130.772,32.84352],[130.77198,32.843834],[130.772105,32.843843],[130.772765,32.843125]]]}},{"type":"Feature","properties":{"YoutoName":null,"YoutoCode":0,"DistType":"特別用途地区","DistCode":14,"Pref":"熊本県","Citycode":"43100","Cityname":"熊本市","FNDate":null,"INNumber":null},"geometry":{"type":"Polygon","coordinates":[[[130.702908,32.811334],[130.702903,32.811136],[130.702893,32.811071],[130.702862,32.810951],[130.702809,32.810848],[130.702796,32.810815],[130.702744,32.810683],[130.702716,32.8106],[130.702709,32.810566],[130.702696,32.810459],[130.702692,32.810422],[130.702672,32.810162],[130.702669,32.81014],[130.702662,32.810124],[130.702647,32.81011],[130.702622,32.810095],[130.702538,32.810055],[130.702501,32.810043],[130.702201,32.809981],[130.702158,32.809975],[130.702102,32.809969],[130.70207,32.809967],[130.702026,32.809964],[130.701982,32.809964],[130.7019,32.809968],[130.701747,32.809988],[130.701668,32.809999],[130.701543,32.810015],[130.701428,32.810029],[130.701285,32.810046],[130.701196,32.810058],[130.701141,32.810065],[130.70107,32.810074],[130.700779,32.810119],[130.70072,32.810129],[130.700671,32.810138],[130.70063,32.810145],[130.700249,32.810258],[130.700002,32.810325],[130.699919,32.810354],[130.699891,32.810365],[130.69979,32.81041],[130.699689,32.810454],[130.699649,32.810469],[130.699624,32.810474],[130.699592,32.810481],[130.699535,32.810483],[130.69937,32.810478],[130.699152,32.810472],[130.698959,32.81047],[130.698635,32.810483],[130.698398,32.810485],[130.698285,32.810488],[130.698202,32.810492],[130.698143,32.810494],[130.698079,32.810496],[130.698049,32.81049],[130.698016,32.810482],[130.697992,32.810464],[130.697961,32.810438],[130.697936,32.810402],[130.697842,32.810268],[130.697551,32.810349],[130.697456,32.810062],[130.697459,32.810015],[130.697504,32.809879],[130.697504,32.809861],[130.697497,32.809823],[130.697437,32.809585],[130.697367,32.809385],[130.69735,32.809327],[130.69735,32.809299],[130.697355,32.809268],[130.697367,32.80923],[130.697389,32.809196],[130.697419,32.80916],[130.697457,32.809108],[130.697408,32.809007],[130.697382,32.80895],[130.697361,32.80889],[130.69735,32.808826],[130.697331,32.808753],[130.697303,32.808649],[130.697282,32.808577],[130.697271,32.808537],[130.69724,32.808475],[130.697224,32.808432],[130.69721,32.808396],[130.697181,32.808354],[130.69709,32.808252],[130.696942,32.808114],[130.696846,32.80802],[130.696756,32.807936],[130.696596,32.807805],[130.696503,32.807737],[130.696437,32.807693],[130.696362,32.807651],[130.696265,32.807609],[130.696176,32.807573],[130.696074,32.807547],[130.695999,32.807537],[130.695883,32.807572],[130.695665,32.807021],[130.695613,32.806885],[130.69495,32.807069],[130.694848,32.806827],[130.694802,32.806681],[130.694766,32.806526],[130.694746,32.806539],[130.694621,32.806619],[130.694614,32.806624],[130.694547,32.806665],[130.694354,32.806778],[130.694266,32.806838],[130.694171,32.80692],[130.69402,32.807061],[130.693914,32.807159],[130.693759,32.807303],[130.693669,32.807397],[130.693644,32.807415],[130.693618,32.807417],[130.693595,32.807402],[130.693515,32.807303],[130.693308,32.807412],[130.693257,32.807429],[130.693159,32.807444],[130.693084,32.807464],[130.693012,32.807496],[130.692947,32.807526],[130.692896,32.807544],[130.692261,32.807675],[130.691829,32.807715],[130.690816,32.807928],[130.69101,32.808495],[130.690389,32.808481],[130.68987,32.808898],[130.690224,32.809417],[130.688839,32.810115],[130.689202,32.810659],[130.690396,32.810046],[130.690708,32.810778],[130.690961,32.811406],[130.691019,32.811538],[130.691101,32.811784],[130.691137,32.81191],[130.691177,32.81207],[130.691211,32.812175],[130.691254,32.812267],[130.691295,32.812335],[130.691346,32.812402],[130.691418,32.812496],[130.691518,32.812592],[130.691557,32.812629],[130.691595,32.812655],[130.691639,32.812681],[130.691678,32.812703],[130.692144,32.81293],[130.692631,32.813164],[130.692778,32.813234],[130.692829,32.813256],[130.69287,32.81326],[130.692909,32.813258],[130.692938,32.81325],[130.692984,32.813221],[130.693015,32.813202],[130.693038,32.81318],[130.693066,32.81315],[130.693102,32.813122],[130.693149,32.813096],[130.69318,32.813083],[130.693229,32.813072],[130.693309,32.813053],[130.693371,32.813033],[130.693407,32.813022],[130.693451,32.813025],[130.693497,32.813036],[130.69369,32.813104],[130.693997,32.813226],[130.694077,32.813255],[130.694183,32.813275],[130.694425,32.813317],[130.694516,32.813325],[130.694593,32.813328],[130.694673,32.813326],[130.694771,32.813315],[130.694982,32.813296],[130.695183,32.813285],[130.695205,32.813286],[130.695216,32.813289],[130.695223,32.813292],[130.69523,32.813297],[130.69543,32.813615],[130.695671,32.814111],[130.6972,32.81362],[130.69742,32.813547],[130.698232,32.813275],[130.698398,32.813621],[130.698504,32.813839],[130.697781,32.814114],[130.697693,32.814141],[130.695927,32.814696],[130.69599,32.814868],[130.696063,32.815237],[130.696187,32.815832],[130.696249,32.81623],[130.69639,32.817071],[130.696557,32.817902],[130.696608,32.818166],[130.696654,32.818433],[130.69669,32.818759],[130.696791,32.819453],[130.696791,32.819499],[130.696781,32.819583],[130.696995,32.819602],[130.697222,32.819622],[130.697222,32.819782],[130.697221,32.819897],[130.697209,32.820027],[130.697185,32.820176],[130.697166,32.820262],[130.697144,32.82034],[130.697113,32.820421],[130.697073,32.820525],[130.697028,32.820641],[130.697092,32.821818],[130.69713,32.822493],[130.697226,32.822579],[130.697335,32.822651],[130.697401,32.822691],[130.69785,32.822914],[130.697984,32.823008],[130.698128,32.823142],[130.698233,32.823256],[130.698253,32.823305],[130.697215,32.825114],[130.697273,32.825102],[130.697284,32.825098],[130.697709,32.824963],[130.697732,32.824997],[130.697725,32.825025],[130.697642,32.825167],[130.697196,32.825931],[130.697132,32.826043],[130.697083,32.826127],[130.696881,32.826472],[130.69666,32.826886],[130.696523,32.827144],[130.696211,32.827676],[130.696114,32.827843],[130.696041,32.82796],[130.695781,32.828424],[130.696169,32.82858],[130.696301,32.82856],[130.696459,32.828521],[130.69653,32.828503],[130.696613,32.828484],[130.696721,32.828472],[130.696883,32.828378],[130.69695,32.828299],[130.696971,32.828276],[130.696986,32.828257],[130.697073,32.828152],[130.69717,32.828063],[130.697279,32.828002],[130.697369,32.827948],[130.6975,32.827872],[130.697752,32.827726],[130.697982,32.827587],[130.698252,32.827445],[130.698579,32.827275],[130.698841,32.827152],[130.699021,32.827044],[130.699797,32.826362],[130.700059,32.826143],[130.70044,32.825735],[130.700648,32.825567],[130.700734,32.825504],[130.701414,32.825054],[130.701676,32.82488],[130.701676,32.82488],[130.701685,32.824874],[130.701955,32.824682],[130.702007,32.824645],[130.702061,32.824591],[130.702079,32.824556],[130.702021,32.82445],[130.702086,32.824253],[130.70212,32.824134],[130.702145,32.823985],[130.702158,32.823824],[130.702167,32.823755],[130.702201,32.823631],[130.702251,32.823415],[130.702245,32.823384],[130.702193,32.823278],[130.70219,32.823242],[130.702249,32.822968],[130.702246,32.822919],[130.702234,32.822865],[130.702168,32.82269],[130.702165,32.822669],[130.702165,32.822607],[130.702171,32.822435],[130.702172,32.822352],[130.702166,32.822293],[130.702139,32.82221],[130.702057,32.822001],[130.702002,32.821884],[130.701975,32.821835],[130.701911,32.821742],[130.701805,32.821603],[130.701725,32.821502],[130.701689,32.821455],[130.701646,32.821409],[130.701588,32.821367],[130.701495,32.821309],[130.701418,32.821267],[130.701379,32.821239],[130.701241,32.821109],[130.701049,32.820959],[130.701249,32.820719],[130.701267,32.820696],[130.70127,32.820683],[130.701246,32.820654],[130.701106,32.820553],[130.701066,32.820522],[130.701054,32.820491],[130.701039,32.820442],[130.700999,32.820342],[130.700987,32.820298],[130.700978,32.820262],[130.70096,32.820233],[130.700936,32.820205],[130.700902,32.820187],[130.70085,32.820155],[130.70081,32.82013],[130.700798,32.820106],[130.700798,32.820073],[130.700811,32.819985],[130.70082,32.819903],[130.700824,32.819856],[130.700826,32.819828],[130.700818,32.819794],[130.700802,32.819755],[130.700754,32.819675],[130.700675,32.819451],[130.700636,32.819369],[130.700581,32.819299],[130.700526,32.819224],[130.700486,32.81918],[130.70044,32.819154],[130.700416,32.819141],[130.700401,32.819117],[130.70038,32.81906],[130.700358,32.819024],[130.700325,32.818991],[130.700281,32.818958],[130.70023,32.818936],[130.700185,32.818938],[130.699968,32.818239],[130.700033,32.818046],[130.700176,32.817722],[130.700125,32.817627],[130.700191,32.817519],[130.700289,32.817332],[130.700321,32.81728],[130.700419,32.817121],[130.700972,32.816552],[130.701173,32.81633],[130.70132,32.81617],[130.701505,32.815972],[130.701656,32.815833],[130.701683,32.815797],[130.702022,32.815392],[130.702065,32.81534],[130.702374,32.814878],[130.702428,32.814749],[130.70263,32.814265],[130.702674,32.814157],[130.702767,32.813903],[130.702775,32.813846],[130.702777,32.813827],[130.702776,32.813795],[130.702762,32.813634],[130.70276,32.813198],[130.702779,32.812849],[130.702789,32.812818],[130.702813,32.812768],[130.702888,32.812505],[130.702899,32.812459],[130.702891,32.812436],[130.702855,32.812384],[130.70285,32.812355],[130.702899,32.811544],[130.702908,32.811334]]]}},{"type":"Feature","properties":{"YoutoName":null,"YoutoCode":0,"DistType":"特別用途地区","DistCode":14,"Pref":"熊本県","Citycode":"43100","Cityname":"熊本市","FNDate":null,"INNumber":null},"geometry":{"type":"Polygon","coordinates":[[[130.724024,32.822907],[130.723523,32.822468],[130.723556,32.822437],[130.723526,32.822087],[130.723509,32.822033],[130.723421,32.821894],[130.723185,32.821631],[130.722938,32.821361],[130.722704,32.821099],[130.722511,32.820891],[130.722277,32.820618],[130.722086,32.82042],[130.721922,32.820249],[130.721797,32.820099],[130.721687,32.819934],[130.721429,32.819463],[130.721202,32.818933],[130.72111,32.81866],[130.721092,32.818608],[130.720519,32.818722],[130.720501,32.818608],[130.72043,32.818199],[130.720388,32.817963],[130.720311,32.817733],[130.719971,32.817669],[130.719297,32.817523],[130.718867,32.817446],[130.718585,32.817406],[130.718321,32.817378],[130.718159,32.817354],[130.717498,32.817276],[130.717222,32.817263],[130.71708,32.81727],[130.716517,32.817268],[130.716414,32.817266],[130.716275,32.817265],[130.716181,32.81727],[130.71612,32.817275],[130.715944,32.817303],[130.719962,32.820568],[130.720247,32.820819],[130.720389,32.820962],[130.720592,32.821173],[130.720755,32.821364],[130.720959,32.82163],[130.721172,32.821959],[130.720961,32.822086],[130.720664,32.822262],[130.720728,32.822324],[130.720911,32.822489],[130.721074,32.822662],[130.72122,32.822843],[130.721359,32.823041],[130.721494,32.823273],[130.721613,32.82352],[130.721683,32.82369],[130.721743,32.82393],[130.721641,32.823947],[130.721593,32.823967],[130.721633,32.824106],[130.721644,32.824128],[130.721729,32.824284],[130.721732,32.82441],[130.721745,32.824731],[130.72175,32.825101],[130.721743,32.825373],[130.721731,32.825761],[130.721723,32.826093],[130.72171,32.82628],[130.721694,32.826417],[130.721688,32.826544],[130.72168,32.826595],[130.721663,32.826642],[130.72129,32.82663],[130.721019,32.826621],[130.72043,32.826609],[130.720425,32.82669],[130.720595,32.826743],[130.720735,32.826801],[130.720796,32.826831],[130.720836,32.826853],[130.72097,32.826938],[130.721144,32.827071],[130.721146,32.827074],[130.721245,32.827204],[130.721327,32.827365],[130.721366,32.827452],[130.721385,32.827512],[130.721391,32.827575],[130.7214,32.827662],[130.721402,32.827801],[130.721416,32.828526],[130.721421,32.828631],[130.721434,32.828682],[130.721453,32.828725],[130.721476,32.828756],[130.721511,32.828792],[130.721539,32.828808],[130.721566,32.82882],[130.721611,32.828833],[130.721634,32.828839],[130.721673,32.828841],[130.721969,32.828842],[130.722633,32.828837],[130.722626,32.828175],[130.722614,32.827207],[130.722618,32.826461],[130.722613,32.825658],[130.722625,32.825193],[130.722628,32.825193],[130.722807,32.825196],[130.723132,32.825132],[130.723219,32.825135],[130.723493,32.825178],[130.723497,32.825179],[130.7237,32.82519],[130.723707,32.825192],[130.723701,32.825038],[130.7237,32.824758],[130.723702,32.824668],[130.723666,32.824446],[130.723634,32.824203],[130.723612,32.82384],[130.723612,32.823693],[130.72361,32.823467],[130.72359,32.823139],[130.723842,32.823076],[130.724024,32.822907]]]}},{"type":"Feature","properties":{"YoutoName":null,"YoutoCode":0,"DistType":"特別用途地区","DistCode":14,"Pref":"熊本県","Citycode":"43100","Cityname":"熊本市","FNDate":null,"INNumber":null},"geometry":{"type":"Polygon","coordinates":[[[130.722413,32.83395],[130.722408,32.833848],[130.722397,32.833758],[130.722389,32.833719],[130.722358,32.833636],[130.722325,32.833577],[130.722288,32.833529],[130.722244,32.833494],[130.722179,32.833455],[130.721229,32.833018],[130.720948,32.83293],[130.72136,32.831809],[130.720967,32.831761],[130.720969,32.831642],[130.720623,32.831636],[130.720625,32.831686],[130.720631,32.831733],[130.720637,32.831801],[130.720669,32.832001],[130.720751,32.832669],[130.720771,32.832921],[130.720771,32.832938],[130.720768,32.832959],[130.721065,32.833407],[130.720992,32.833582],[130.721084,32.833758],[130.721198,32.833961],[130.721248,32.834043],[130.721269,32.834075],[130.721287,32.834095],[130.721327,32.834132],[130.721281,32.834237],[130.72122,32.83422],[130.721209,32.834222],[130.721188,32.83423],[130.721177,32.834245],[130.721178,32.834277],[130.721203,32.834413],[130.721217,32.834545],[130.721223,32.834641],[130.721231,32.834998],[130.721231,32.835089],[130.72123,32.835135],[130.721225,32.835169],[130.721215,32.835211],[130.721946,32.835241],[130.721959,32.835242],[130.721962,32.835242],[130.722317,32.835253],[130.722377,32.834452],[130.72241,32.834047],[130.722413,32.83395]]]}},{"type":"Feature","properties":{"YoutoName":null,"YoutoCode":0,"DistType":"特別用途地区","DistCode":14,"Pref":"熊本県","Citycode":"43100","Cityname":"熊本市","FNDate":null,"INNumber":null},"geometry":{"type":"Polygon","coordinates":[[[130.78227,32.827513],[130.782086,32.827549],[130.781733,32.827624],[130.781317,32.827713],[130.780813,32.827821],[130.780457,32.827894],[130.780111,32.827968],[130.779771,32.828039],[130.779647,32.828069],[130.779354,32.828153],[130.779155,32.828188],[130.77884,32.828216],[130.778379,32.828224],[130.778013,32.82821],[130.777841,32.828197],[130.777429,32.828144],[130.776901,32.828071],[130.776568,32.828025],[130.775781,32.827919],[130.775698,32.827905],[130.775414,32.82789],[130.775016,32.827885],[130.774841,32.827893],[130.774719,32.827911],[130.774477,32.827938],[130.773566,32.828094],[130.773202,32.828155],[130.773062,32.828188],[130.772928,32.82822],[130.772812,32.82825],[130.772722,32.828281],[130.772458,32.828385],[130.772337,32.828443],[130.772195,32.828526],[130.771988,32.828656],[130.771786,32.828805],[130.771659,32.82892],[130.771535,32.829042],[130.771181,32.829423],[130.770987,32.829285],[130.769472,32.828246],[130.769365,32.828171],[130.768598,32.827614],[130.768159,32.827302],[130.767911,32.827115],[130.767672,32.826939],[130.767506,32.826816],[130.767264,32.826637],[130.767098,32.826512],[130.766881,32.826352],[130.76673,32.826239],[130.766605,32.826145],[130.766501,32.826072],[130.766293,32.825916],[130.766097,32.825766],[130.765842,32.825586],[130.76564,32.825435],[130.765521,32.825348],[130.765304,32.825179],[130.765197,32.825103],[130.765089,32.825021],[130.764886,32.824868],[130.764669,32.824703],[130.764467,32.824552],[130.764271,32.824403],[130.764106,32.824281],[130.763981,32.824184],[130.763917,32.824135],[130.763692,32.823966],[130.763507,32.823828],[130.763347,32.82371],[130.763179,32.823585],[130.762977,32.823436],[130.762754,32.823278],[130.762689,32.823228],[130.762474,32.823076],[130.762187,32.822866],[130.761949,32.82268],[130.761867,32.822617],[130.761694,32.822487],[130.761429,32.822284],[130.761421,32.822278],[130.761318,32.822197],[130.761157,32.822088],[130.760989,32.821961],[130.760737,32.821774],[130.760472,32.82158],[130.760182,32.821362],[130.759922,32.821178],[130.759663,32.820994],[130.759446,32.820842],[130.759209,32.820675],[130.75901,32.820537],[130.758723,32.82034],[130.758472,32.820163],[130.758249,32.820014],[130.758136,32.819941],[130.757992,32.819842],[130.757801,32.819715],[130.757724,32.819664],[130.757619,32.819595],[130.757486,32.819504],[130.757431,32.819468],[130.757321,32.819393],[130.757262,32.819347],[130.757085,32.819452],[130.757033,32.819403],[130.756871,32.819232],[130.756777,32.819135],[130.756705,32.819063],[130.756671,32.819029],[130.756632,32.818982],[130.756606,32.81894],[130.756602,32.818925],[130.756443,32.818827],[130.756203,32.818678],[130.75603,32.818571],[130.755928,32.818505],[130.75581,32.818429],[130.755672,32.818342],[130.755578,32.818281],[130.75542,32.818345],[130.755452,32.81841],[130.755177,32.81851],[130.755053,32.818338],[130.754985,32.81824],[130.754948,32.818189],[130.754882,32.818203],[130.75486,32.818163],[130.754844,32.818136],[130.754807,32.818078],[130.754712,32.81793],[130.754605,32.81776],[130.754386,32.817827],[130.754384,32.817822],[130.754312,32.817661],[130.754034,32.817742],[130.754006,32.817672],[130.753967,32.817581],[130.753893,32.817415],[130.753792,32.817185],[130.75357,32.817039],[130.753386,32.816916],[130.753228,32.816817],[130.753066,32.816708],[130.752846,32.81687],[130.752713,32.816978],[130.752616,32.81691],[130.752528,32.816847],[130.752372,32.816736],[130.752264,32.816658],[130.752083,32.816528],[130.752002,32.816472],[130.751943,32.816431],[130.751897,32.816395],[130.751995,32.816312],[130.752159,32.81617],[130.752188,32.816143],[130.751739,32.81586],[130.751327,32.815573],[130.751212,32.815162],[130.751085,32.814687],[130.750828,32.813741],[130.750776,32.813553],[130.750678,32.813229],[130.750627,32.813067],[130.750545,32.812789],[130.750479,32.812567],[130.750419,32.81237],[130.750357,32.812171],[130.75029,32.811949],[130.750264,32.81186],[130.749722,32.811524],[130.749408,32.811329],[130.748485,32.810772],[130.748387,32.810715],[130.749182,32.813397],[130.749322,32.813885],[130.749479,32.81444],[130.749479,32.814441],[130.74963,32.814973],[130.749711,32.815249],[130.74983,32.815708],[130.749993,32.816293],[130.751426,32.817243],[130.751728,32.81744],[130.751911,32.81756],[130.751913,32.817561],[130.752015,32.817628],[130.752135,32.817706],[130.752287,32.817804],[130.752374,32.817859],[130.752501,32.817937],[130.752683,32.81805],[130.752789,32.818119],[130.752869,32.818169],[130.753057,32.818285],[130.753164,32.818353],[130.753306,32.818439],[130.753416,32.818515],[130.753539,32.818593],[130.753689,32.818686],[130.753814,32.818761],[130.753997,32.818874],[130.754157,32.818972],[130.754345,32.81909],[130.754497,32.819186],[130.754585,32.819241],[130.7547,32.819311],[130.754863,32.819414],[130.755003,32.819507],[130.75501,32.819512],[130.755144,32.819599],[130.755261,32.81967],[130.755363,32.819739],[130.755496,32.819821],[130.755555,32.819857],[130.755626,32.819905],[130.755744,32.819976],[130.755837,32.820034],[130.755929,32.820092],[130.756084,32.820187],[130.756147,32.820227],[130.756204,32.820262],[130.756335,32.820347],[130.756389,32.82038],[130.756509,32.820457],[130.756546,32.82048],[130.756689,32.820575],[130.756754,32.82062],[130.756898,32.820714],[130.756998,32.820783],[130.757083,32.820845],[130.757207,32.820926],[130.757354,32.821025],[130.75746,32.821096],[130.757516,32.821136],[130.757656,32.821235],[130.757837,32.82136],[130.757929,32.821424],[130.75805,32.821509],[130.758167,32.821586],[130.758217,32.82162],[130.758364,32.821722],[130.758509,32.821825],[130.758666,32.821936],[130.758763,32.822006],[130.758917,32.822119],[130.759018,32.822188],[130.759084,32.822228],[130.759124,32.822259],[130.759243,32.822345],[130.759301,32.822387],[130.759428,32.822476],[130.759517,32.822542],[130.759595,32.8226],[130.759667,32.82265],[130.759781,32.822733],[130.75984,32.822776],[130.760001,32.822898],[130.760071,32.822954],[130.760191,32.823042],[130.760275,32.823107],[130.760327,32.823146],[130.760385,32.823188],[130.760474,32.823256],[130.760533,32.823299],[130.760639,32.823376],[130.760769,32.823474],[130.760832,32.823521],[130.760948,32.823608],[130.761021,32.82366],[130.761145,32.823751],[130.761243,32.82383],[130.761341,32.823904],[130.761447,32.823982],[130.761534,32.824046],[130.761668,32.824146],[130.761799,32.824244],[130.761881,32.824308],[130.762021,32.824409],[130.76211,32.824474],[130.762218,32.824555],[130.76228,32.824603],[130.762674,32.824894],[130.762993,32.825127],[130.763382,32.825423],[130.763854,32.82578],[130.763294,32.826089],[130.762926,32.826303],[130.762671,32.826449],[130.762462,32.826567],[130.762255,32.826691],[130.761992,32.826847],[130.762035,32.826913],[130.762062,32.826951],[130.762201,32.827163],[130.762284,32.82729],[130.762475,32.82759],[130.762564,32.827739],[130.762609,32.827827],[130.762666,32.827959],[130.762758,32.828172],[130.762865,32.828345],[130.762973,32.828509],[130.76313,32.82872],[130.763215,32.828825],[130.763341,32.828976],[130.763423,32.829054],[130.763631,32.829273],[130.76401,32.829011],[130.764087,32.829094],[130.7644,32.82889],[130.764258,32.828699],[130.764068,32.828463],[130.764233,32.828246],[130.764264,32.828203],[130.76427,32.828159],[130.764254,32.828118],[130.764247,32.828094],[130.764249,32.828074],[130.76428,32.828041],[130.764353,32.827981],[130.764392,32.827948],[130.764466,32.827891],[130.764649,32.82774],[130.764789,32.827644],[130.764877,32.827588],[130.765,32.827495],[130.765153,32.827369],[130.765117,32.827343],[130.765181,32.827295],[130.765522,32.827034],[130.765887,32.827298],[130.766546,32.827778],[130.767614,32.828575],[130.768437,32.829162],[130.768505,32.829211],[130.770404,32.830523],[130.770967,32.830917],[130.77222,32.831786],[130.77238,32.831898],[130.77299,32.832329],[130.773619,32.832803],[130.774114,32.833209],[130.774748,32.833764],[130.775086,32.834078],[130.775636,32.834627],[130.776208,32.835261],[130.776219,32.835273],[130.776277,32.835334],[130.776638,32.835776],[130.77673,32.836089],[130.776753,32.836169],[130.776798,32.836254],[130.776803,32.83626],[130.77684,32.836313],[130.776902,32.836387],[130.777082,32.836604],[130.777784,32.836971],[130.778085,32.836539],[130.777787,32.836113],[130.777343,32.835528],[130.776879,32.834958],[130.776804,32.834879],[130.776221,32.834233],[130.77565,32.833663],[130.775296,32.833333],[130.774645,32.832764],[130.774129,32.832342],[130.77348,32.831853],[130.77286,32.831413],[130.772696,32.831299],[130.771443,32.83043],[130.771178,32.830247],[130.771471,32.82992],[130.771828,32.829533],[130.772035,32.829322],[130.772195,32.829168],[130.772366,32.829042],[130.772499,32.828956],[130.772631,32.828882],[130.77277,32.828817],[130.772899,32.828765],[130.77307,32.828715],[130.773397,32.828646],[130.774094,32.828525],[130.774443,32.828468],[130.77468,32.82844],[130.774771,32.828429],[130.774964,32.828405],[130.775202,32.828399],[130.775411,32.8284],[130.775504,32.828401],[130.775724,32.828415],[130.775899,32.828433],[130.776095,32.828457],[130.776337,32.828494],[130.776649,32.828539],[130.777104,32.828605],[130.77757,32.828677],[130.777833,32.828708],[130.778078,32.828728],[130.778434,32.82874],[130.778623,32.828732],[130.778822,32.828725],[130.779046,32.828708],[130.779227,32.828689],[130.77947,32.828648],[130.779601,32.828618],[130.779756,32.828583],[130.780035,32.82852],[130.780464,32.828424],[130.781908,32.828111],[130.78227,32.827513]]]}},{"type":"Feature","properties":{"YoutoName":null,"YoutoCode":0,"DistType":"特別用途地区","DistCode":14,"Pref":"熊本県","Citycode":"43100","Cityname":"熊本市","FNDate":null,"INNumber":null},"geometry":{"type":"Polygon","coordinates":[[[130.748562,32.821089],[130.748347,32.820835],[130.748147,32.820558],[130.748042,32.820381],[130.74795,32.820186],[130.747858,32.819946],[130.747766,32.819705],[130.747701,32.819534],[130.747599,32.819363],[130.747366,32.818989],[130.747287,32.818885],[130.747171,32.818763],[130.747077,32.818675],[130.746933,32.818542],[130.74682,32.81847],[130.74674,32.818421],[130.746584,32.81835],[130.746426,32.818307],[130.74639,32.818297],[130.746233,32.818264],[130.746057,32.818245],[130.74577,32.818262],[130.745466,32.818279],[130.745069,32.818293],[130.744704,32.818305],[130.74409,32.818323],[130.743622,32.81833],[130.743466,32.818551],[130.743559,32.81868],[130.743652,32.818823],[130.743714,32.818917],[130.743778,32.818994],[130.743842,32.819058],[130.743912,32.819113],[130.743993,32.819164],[130.744179,32.819271],[130.744355,32.819371],[130.744442,32.819415],[130.744541,32.819462],[130.74473,32.819543],[130.744923,32.819619],[130.745314,32.819768],[130.7454,32.819801],[130.745509,32.819844],[130.745621,32.8199],[130.745688,32.81994],[130.745776,32.819999],[130.745851,32.820058],[130.745996,32.820188],[130.746296,32.82045],[130.746442,32.82058],[130.746732,32.820846],[130.747023,32.821115],[130.747314,32.821385],[130.747556,32.821607],[130.747643,32.82169],[130.747741,32.821789],[130.747866,32.82193],[130.747982,32.822079],[130.748087,32.822234],[130.748182,32.822394],[130.748267,32.822555],[130.748527,32.823039],[130.7486,32.823169],[130.74863,32.823134],[130.748654,32.82307],[130.74867,32.822988],[130.748681,32.822911],[130.748683,32.82281],[130.748636,32.822666],[130.748602,32.822582],[130.748573,32.822497],[130.748535,32.822398],[130.748495,32.822312],[130.74847,32.82224],[130.74844,32.822166],[130.74841,32.822078],[130.748388,32.822011],[130.748388,32.82192],[130.748389,32.821729],[130.748393,32.821618],[130.748313,32.821504],[130.748298,32.821474],[130.748284,32.821389],[130.748282,32.821319],[130.748304,32.821281],[130.7484,32.821205],[130.748562,32.821089]]]}},{"type":"Feature","properties":{"YoutoName":null,"YoutoCode":0,"DistType":"特別用途地区","DistCode":14,"Pref":"熊本県","Citycode":"43100","Cityname":"熊本市","FNDate":null,"INNumber":null},"geometry":{"type":"Polygon","coordinates":[[[130.764503,32.812895],[130.764402,32.812847],[130.764159,32.812732],[130.763959,32.812638],[130.763643,32.81249],[130.763236,32.812298],[130.762953,32.81216],[130.762708,32.812041],[130.762366,32.811883],[130.762574,32.811549],[130.76271,32.811329],[130.762867,32.811115],[130.763065,32.810827],[130.763183,32.810646],[130.763235,32.810567],[130.763169,32.810535],[130.762912,32.810409],[130.762713,32.810308],[130.762628,32.810272],[130.762384,32.81016],[130.762142,32.810046],[130.761994,32.809974],[130.761789,32.809881],[130.761551,32.80977],[130.76137,32.809686],[130.761191,32.809602],[130.761008,32.809516],[130.760768,32.809396],[130.760541,32.80929],[130.760356,32.809202],[130.760203,32.80913],[130.759979,32.809021],[130.75972,32.808899],[130.759539,32.808812],[130.759337,32.808716],[130.759226,32.808662],[130.75923,32.808788],[130.759243,32.808999],[130.759253,32.809176],[130.759272,32.809498],[130.75928,32.809666],[130.759291,32.80991],[130.759303,32.810098],[130.759312,32.810341],[130.759324,32.810545],[130.759344,32.81085],[130.75936,32.811095],[130.759376,32.811311],[130.759389,32.811493],[130.759393,32.8116],[130.759339,32.811625],[130.759141,32.811723],[130.758923,32.811832],[130.758756,32.811916],[130.758714,32.811944],[130.758553,32.812085],[130.758392,32.812226],[130.758223,32.812374],[130.75808,32.812492],[130.757989,32.812561],[130.75791,32.812613],[130.757777,32.812702],[130.757567,32.812809],[130.757358,32.812913],[130.757054,32.813102],[130.75681,32.813255],[130.756702,32.81332],[130.756792,32.813387],[130.756989,32.81352],[130.756996,32.813525],[130.757146,32.813622],[130.757533,32.813754],[130.7577,32.813802],[130.757849,32.813844],[130.758054,32.813894],[130.758265,32.813906],[130.758378,32.81388],[130.758531,32.813756],[130.75858,32.813727],[130.758593,32.81373],[130.758618,32.813713],[130.758653,32.813692],[130.758678,32.81368],[130.758727,32.813661],[130.758761,32.813657],[130.758789,32.813656],[130.758837,32.81366],[130.758921,32.813669],[130.758935,32.813671],[130.758942,32.813671],[130.75895,32.81367],[130.75907,32.813618],[130.759194,32.813563],[130.759319,32.813495],[130.759348,32.813481],[130.759353,32.81348],[130.759559,32.813447],[130.759655,32.813431],[130.759734,32.813428],[130.759792,32.813427],[130.759807,32.813426],[130.75986,32.813429],[130.759921,32.813438],[130.759943,32.813441],[130.760032,32.813456],[130.760064,32.813463],[130.760156,32.813488],[130.760181,32.813496],[130.760194,32.813501],[130.760284,32.813542],[130.760368,32.813596],[130.760616,32.81376],[130.760688,32.813799],[130.760705,32.81376],[130.760753,32.813663],[130.760755,32.81366],[130.760781,32.813619],[130.760785,32.813612],[130.760832,32.813536],[130.760891,32.81344],[130.760998,32.813268],[130.761133,32.813325],[130.761249,32.813386],[130.761367,32.813484],[130.761541,32.813635],[130.761678,32.813762],[130.761865,32.813923],[130.76195,32.813763],[130.762005,32.813672],[130.762138,32.813763],[130.762204,32.813813],[130.762251,32.813763],[130.762306,32.8137],[130.762409,32.813764],[130.762703,32.813948],[130.76278,32.813985],[130.762845,32.813904],[130.763035,32.814016],[130.763139,32.813968],[130.763245,32.813896],[130.763321,32.813834],[130.763402,32.813766],[130.763591,32.813612],[130.76378,32.813464],[130.763976,32.813307],[130.764175,32.81315],[130.764503,32.812895]]]}},{"type":"Feature","properties":{"YoutoName":null,"YoutoCode":0,"DistType":"特別用途地区","DistCode":14,"Pref":"熊本県","Citycode":"43100","Cityname":"熊本市","FNDate":null,"INNumber":null},"geometry":{"type":"Polygon","coordinates":[[[130.79235,32.813542],[130.792243,32.813517],[130.792205,32.813485],[130.792034,32.813363],[130.791913,32.813307],[130.791628,32.81318],[130.791478,32.813111],[130.791384,32.813069],[130.791265,32.813036],[130.791099,32.813008],[130.79089,32.812929],[130.790849,32.812916],[130.790462,32.812737],[130.790206,32.812627],[130.78998,32.812367],[130.789909,32.812281],[130.789779,32.812213],[130.789595,32.812111],[130.789372,32.811989],[130.789268,32.811916],[130.789172,32.812124],[130.789039,32.812396],[130.788936,32.812611],[130.788832,32.812845],[130.788804,32.81284],[130.788652,32.812797],[130.788439,32.812729],[130.788215,32.812656],[130.787947,32.812576],[130.787654,32.812484],[130.787387,32.8124],[130.787176,32.812332],[130.787142,32.812197],[130.7869,32.812137],[130.786667,32.812062],[130.786445,32.811976],[130.786338,32.81193],[130.786332,32.811929],[130.78627,32.812019],[130.78612,32.81223],[130.785998,32.812406],[130.785922,32.812514],[130.785777,32.812454],[130.785507,32.812338],[130.785187,32.812201],[130.785063,32.812149],[130.784874,32.812067],[130.784624,32.811959],[130.784302,32.811823],[130.784069,32.811727],[130.78372,32.811574],[130.783366,32.811422],[130.783178,32.811333],[130.782965,32.81122],[130.783218,32.81086],[130.783287,32.81075],[130.783335,32.810554],[130.783393,32.810432],[130.783444,32.810331],[130.783505,32.810203],[130.783677,32.809859],[130.783192,32.809639],[130.783263,32.809526],[130.782921,32.809339],[130.78187,32.808749],[130.782005,32.808577],[130.781901,32.808518],[130.781793,32.808338],[130.78168,32.808137],[130.781607,32.808003],[130.781554,32.807921],[130.781497,32.807847],[130.781428,32.807763],[130.781386,32.807712],[130.781265,32.807593],[130.781159,32.807498],[130.781073,32.807428],[130.780998,32.807373],[130.780852,32.807267],[130.78074,32.807184],[130.780625,32.80711],[130.780422,32.80698],[130.78034,32.80693],[130.780114,32.806786],[130.779945,32.806676],[130.7798,32.806584],[130.779659,32.806492],[130.779511,32.806397],[130.779274,32.806248],[130.779035,32.806095],[130.778791,32.805938],[130.778643,32.805853],[130.778456,32.805738],[130.778245,32.805604],[130.777935,32.805411],[130.777587,32.805179],[130.7773,32.804987],[130.777125,32.804877],[130.777004,32.804804],[130.776904,32.804735],[130.777035,32.804485],[130.776875,32.80443],[130.776702,32.804368],[130.776539,32.804308],[130.776305,32.804224],[130.776096,32.804149],[130.775852,32.80406],[130.775815,32.804036],[130.775733,32.803988],[130.775671,32.803946],[130.775532,32.803844],[130.775339,32.803716],[130.775059,32.803536],[130.774799,32.803371],[130.774451,32.803149],[130.774297,32.803048],[130.77409,32.802912],[130.773903,32.802786],[130.773668,32.802631],[130.773569,32.802567],[130.773419,32.802631],[130.773325,32.802588],[130.773144,32.802502],[130.772856,32.802373],[130.772587,32.802242],[130.772563,32.802224],[130.772454,32.802218],[130.772322,32.802211],[130.772283,32.802209],[130.772211,32.802206],[130.772171,32.802205],[130.772095,32.802202],[130.772011,32.802202],[130.771989,32.802189],[130.771863,32.802111],[130.771741,32.802034],[130.771628,32.801965],[130.771202,32.801692],[130.771077,32.801613],[130.770946,32.801532],[130.770857,32.801476],[130.770805,32.801444],[130.770715,32.801395],[130.770662,32.801368],[130.770543,32.801324],[130.770433,32.801284],[130.770287,32.801233],[130.770101,32.801169],[130.770013,32.801141],[130.76991,32.801109],[130.769829,32.801082],[130.769772,32.801064],[130.76968,32.801036],[130.769534,32.80099],[130.769347,32.80093],[130.769182,32.800876],[130.768454,32.800642],[130.768289,32.800591],[130.768085,32.800526],[130.76796,32.800488],[130.767777,32.80043],[130.767592,32.800371],[130.767236,32.800247],[130.765472,32.799695],[130.764892,32.79951],[130.764378,32.799344],[130.763794,32.79916],[130.762816,32.798858],[130.762976,32.798022],[130.763166,32.797058],[130.763208,32.796854],[130.763378,32.796039],[130.763693,32.7944],[130.764222,32.794466],[130.765509,32.794644],[130.767042,32.794852],[130.768647,32.795078],[130.768884,32.793798],[130.769165,32.792361],[130.769436,32.79097],[130.76976,32.789223],[130.769761,32.789217],[130.769765,32.789195],[130.769827,32.788832],[130.765167,32.788212],[130.763636,32.787985],[130.762771,32.787857],[130.760153,32.787496],[130.76002,32.787474],[130.759749,32.78892],[130.759545,32.790013],[130.759469,32.790435],[130.759375,32.790932],[130.759257,32.791551],[130.759207,32.791817],[130.759073,32.792469],[130.758796,32.793926],[130.75876,32.794098],[130.758446,32.795945],[130.758765,32.796393],[130.75886,32.796505],[130.759033,32.79669],[130.759121,32.796767],[130.760145,32.797669],[130.760155,32.797679],[130.760535,32.79808],[130.760623,32.798484],[130.760625,32.798497],[130.760817,32.799388],[130.761009,32.800235],[130.761041,32.800405],[130.761063,32.800512],[130.76108,32.800598],[130.761041,32.800626],[130.760916,32.800719],[130.760791,32.800816],[130.760658,32.800915],[130.760877,32.80102],[130.761074,32.801117],[130.761253,32.801203],[130.761392,32.80127],[130.761619,32.801379],[130.761821,32.801478],[130.761808,32.801496],[130.76173,32.801616],[130.761619,32.801781],[130.761536,32.801905],[130.761414,32.80209],[130.761396,32.802119],[130.761361,32.802171],[130.761272,32.802307],[130.761201,32.802399],[130.760994,32.802347],[130.760804,32.8023],[130.760571,32.802247],[130.760341,32.80219],[130.760181,32.802153],[130.760053,32.802117],[130.759983,32.802211],[130.759882,32.80236],[130.759803,32.802478],[130.75963,32.802744],[130.75951,32.802933],[130.759363,32.803154],[130.759798,32.803359],[130.760023,32.803467],[130.760305,32.803599],[130.760544,32.803714],[130.760778,32.803825],[130.760966,32.803914],[130.76118,32.804017],[130.761479,32.80416],[130.76177,32.804302],[130.762046,32.804432],[130.762244,32.804529],[130.762477,32.804642],[130.762728,32.804765],[130.762799,32.804798],[130.763054,32.804917],[130.763243,32.805006],[130.76349,32.805122],[130.763557,32.805152],[130.763576,32.805124],[130.763623,32.805047],[130.763631,32.805035],[130.763772,32.80483],[130.763956,32.804552],[130.763956,32.804552],[130.764127,32.804296],[130.76415,32.80426],[130.764151,32.80426],[130.764331,32.803989],[130.764331,32.803988],[130.764336,32.803982],[130.764384,32.80391],[130.764384,32.80391],[130.764478,32.803768],[130.764526,32.803695],[130.764526,32.803695],[130.764637,32.803529],[130.764655,32.803503],[130.764712,32.803417],[130.764712,32.803417],[130.764733,32.803385],[130.764783,32.80331],[130.764783,32.80331],[130.764835,32.803232],[130.764845,32.803217],[130.764968,32.803029],[130.76497,32.803026],[130.765105,32.803039],[130.765404,32.803066],[130.765491,32.802932],[130.765547,32.802853],[130.76558,32.802802],[130.765584,32.8028],[130.765589,32.802801],[130.765642,32.802824],[130.765821,32.8029],[130.766023,32.802986],[130.766188,32.803057],[130.766249,32.803082],[130.766253,32.803084],[130.766255,32.803088],[130.766256,32.803091],[130.766256,32.803096],[130.766146,32.80326],[130.766055,32.803396],[130.765962,32.803536],[130.765873,32.803667],[130.765784,32.803798],[130.76574,32.803868],[130.765746,32.803877],[130.765753,32.803881],[130.76595,32.803976],[130.766165,32.804078],[130.766308,32.804147],[130.766543,32.804256],[130.766642,32.804304],[130.766799,32.80438],[130.766932,32.804444],[130.7671,32.804524],[130.767205,32.804573],[130.767243,32.804509],[130.767304,32.804417],[130.76735,32.804342],[130.767435,32.804214],[130.76748,32.804146],[130.767538,32.804055],[130.767632,32.803913],[130.767713,32.80379],[130.767767,32.803707],[130.767803,32.803651],[130.76787,32.80355],[130.767954,32.803424],[130.768011,32.803338],[130.768065,32.803256],[130.768123,32.80317],[130.768177,32.803088],[130.768298,32.802904],[130.768373,32.802789],[130.768502,32.802594],[130.768533,32.802607],[130.768598,32.802628],[130.768702,32.802657],[130.768732,32.802665],[130.768767,32.802672],[130.768947,32.802669],[130.769226,32.802647],[130.769443,32.802624],[130.769654,32.802602],[130.769832,32.802583],[130.769958,32.80258],[130.769997,32.802587],[130.770132,32.80263],[130.770146,32.802603],[130.770179,32.802518],[130.770211,32.802419],[130.770215,32.802421],[130.770303,32.802451],[130.77047,32.802506],[130.770651,32.802562],[130.770837,32.802635],[130.771064,32.802738],[130.771233,32.802815],[130.771455,32.802922],[130.771694,32.803044],[130.771856,32.803128],[130.771961,32.803172],[130.772035,32.803205],[130.772071,32.803213],[130.772228,32.803261],[130.772324,32.803288],[130.772415,32.80323],[130.772505,32.803169],[130.772562,32.803197],[130.772713,32.803304],[130.772843,32.803391],[130.772979,32.803472],[130.773101,32.80355],[130.77323,32.803629],[130.77334,32.8037],[130.773462,32.803777],[130.773589,32.803854],[130.773717,32.803936],[130.773889,32.804045],[130.774005,32.804118],[130.774167,32.804219],[130.774335,32.804327],[130.774484,32.804421],[130.774554,32.804466],[130.77516,32.804857],[130.775324,32.804967],[130.775461,32.805054],[130.775562,32.80512],[130.775637,32.805168],[130.775723,32.805223],[130.775867,32.805316],[130.775996,32.805396],[130.776117,32.805472],[130.776224,32.80554],[130.776339,32.805613],[130.776456,32.805687],[130.77658,32.805764],[130.776708,32.805846],[130.776806,32.80591],[130.776979,32.80602],[130.777147,32.806124],[130.777298,32.806221],[130.777451,32.806319],[130.777551,32.806386],[130.777696,32.806475],[130.777844,32.806568],[130.777982,32.806656],[130.778075,32.806715],[130.778214,32.806806],[130.778328,32.806877],[130.778449,32.806952],[130.778561,32.807025],[130.77868,32.807102],[130.778788,32.807168],[130.778892,32.807237],[130.779047,32.807332],[130.779202,32.807433],[130.779326,32.807512],[130.779506,32.807633],[130.779691,32.807754],[130.779823,32.807843],[130.779972,32.807937],[130.780056,32.807996],[130.780048,32.808004],[130.779965,32.808104],[130.780121,32.8082],[130.780104,32.80822],[130.780051,32.808286],[130.780103,32.808317],[130.780289,32.808424],[130.780432,32.80851],[130.780584,32.808603],[130.780743,32.808699],[130.780687,32.808774],[130.780621,32.808879],[130.780595,32.80893],[130.780575,32.808979],[130.780535,32.809087],[130.780485,32.809213],[130.780444,32.809308],[130.780424,32.809358],[130.780419,32.809382],[130.78042,32.809393],[130.780427,32.809413],[130.780435,32.809425],[130.780545,32.809492],[130.780659,32.809564],[130.780725,32.809601],[130.780739,32.809616],[130.780751,32.80963],[130.780757,32.809639],[130.780764,32.809651],[130.780772,32.809666],[130.780775,32.809677],[130.780777,32.809687],[130.780774,32.809693],[130.780667,32.809892],[130.78058,32.81005],[130.780491,32.810211],[130.780755,32.810323],[130.781071,32.810452],[130.781492,32.81063],[130.781835,32.810772],[130.781771,32.810863],[130.781624,32.811085],[130.781799,32.811186],[130.781658,32.811338],[130.781854,32.811446],[130.782089,32.811569],[130.782325,32.811692],[130.782328,32.811694],[130.782276,32.81178],[130.782387,32.811834],[130.782493,32.811889],[130.782683,32.811971],[130.782811,32.812025],[130.782813,32.812025],[130.782783,32.812107],[130.782727,32.812274],[130.782701,32.812354],[130.782938,32.812437],[130.782965,32.812446],[130.782981,32.812448],[130.783006,32.812449],[130.783032,32.812447],[130.78313,32.812422],[130.783294,32.812485],[130.783512,32.812552],[130.783737,32.812612],[130.784066,32.812686],[130.784285,32.81274],[130.784114,32.81304],[130.78454,32.813224],[130.784569,32.813178],[130.784949,32.81334],[130.785214,32.813454],[130.7853,32.813492],[130.785282,32.813554],[130.785701,32.813719],[130.785897,32.813808],[130.785954,32.813831],[130.786149,32.813918],[130.78621,32.813812],[130.786237,32.813824],[130.786516,32.813928],[130.786682,32.813995],[130.786817,32.814055],[130.786979,32.814106],[130.787099,32.814134],[130.787208,32.814156],[130.787288,32.814159],[130.787405,32.814135],[130.787362,32.814363],[130.78737,32.814364],[130.787546,32.814406],[130.78783,32.814508],[130.787918,32.814552],[130.788022,32.814607],[130.78818,32.814639],[130.78851,32.814761],[130.788467,32.814507],[130.788458,32.814451],[130.788424,32.814256],[130.788405,32.814165],[130.788671,32.814149],[130.788872,32.814148],[130.788872,32.81414],[130.789122,32.814151],[130.78927,32.814163],[130.789339,32.814173],[130.789461,32.814202],[130.789703,32.814247],[130.789778,32.814261],[130.789984,32.814276],[130.790053,32.814285],[130.790061,32.814288],[130.790069,32.814297],[130.790075,32.814313],[130.79008,32.814332],[130.790074,32.81435],[130.790063,32.814369],[130.790037,32.814394],[130.789906,32.814484],[130.789946,32.814551],[130.79004,32.814715],[130.790083,32.814762],[130.790118,32.814786],[130.790145,32.814794],[130.790169,32.814799],[130.790214,32.8148],[130.790252,32.814797],[130.790284,32.814784],[130.790309,32.814772],[130.790364,32.814729],[130.790498,32.814689],[130.790548,32.814686],[130.790662,32.814695],[130.790741,32.814713],[130.790913,32.814762],[130.790991,32.81478],[130.79105,32.81481],[130.79117,32.814863],[130.791307,32.814929],[130.791485,32.815021],[130.791578,32.81508],[130.79162,32.815129],[130.791633,32.81514],[130.791661,32.815144],[130.79167,32.815138],[130.791681,32.81513],[130.791713,32.815071],[130.791786,32.814931],[130.791818,32.814864],[130.791894,32.81471],[130.791937,32.814585],[130.792017,32.814387],[130.792091,32.814207],[130.792124,32.814085],[130.792204,32.813818],[130.792307,32.813649],[130.792334,32.813582],[130.79235,32.813542]]]}},{"type":"Feature","properties":{"YoutoName":null,"YoutoCode":0,"DistType":"特別用途地区","DistCode":14,"Pref":"熊本県","Citycode":"43100","Cityname":"熊本市","FNDate":null,"INNumber":null},"geometry":{"type":"Polygon","coordinates":[[[130.673325,32.789653],[130.673473,32.789671],[130.673593,32.789587],[130.673619,32.789585],[130.673627,32.789585],[130.673839,32.789588],[130.673958,32.789569],[130.674004,32.789329],[130.674055,32.78904],[130.674091,32.788832],[130.67437,32.788826],[130.674512,32.788821],[130.674791,32.788815],[130.674803,32.78869],[130.674807,32.788502],[130.674807,32.788224],[130.67481,32.788114],[130.674803,32.787969],[130.674791,32.787828],[130.674775,32.787654],[130.67479,32.787592],[130.674802,32.78753],[130.674921,32.787501],[130.67488,32.787307],[130.674825,32.787008],[130.674837,32.787007],[130.675361,32.786931],[130.675693,32.786883],[130.67628,32.786795],[130.676678,32.786737],[130.676992,32.786694],[130.677205,32.786665],[130.677206,32.786665],[130.677363,32.786645],[130.678256,32.786518],[130.678585,32.786465],[130.678948,32.786418],[130.679427,32.786348],[130.679584,32.786325],[130.679562,32.786167],[130.679526,32.785928],[130.679855,32.785881],[130.680222,32.785828],[130.680493,32.785788],[130.680874,32.785732],[130.681236,32.785677],[130.681675,32.785614],[130.681983,32.785568],[130.682401,32.785508],[130.682807,32.785445],[130.683195,32.785382],[130.683302,32.785358],[130.683326,32.785251],[130.68337,32.785084],[130.683431,32.784869],[130.683449,32.784784],[130.683202,32.784751],[130.682921,32.784712],[130.682844,32.784693],[130.682605,32.784687],[130.68238,32.784674],[130.681944,32.784653],[130.6816,32.784639],[130.681271,32.784622],[130.681003,32.784607],[130.680873,32.784601],[130.680489,32.78458],[130.680467,32.784342],[130.680473,32.784162],[130.680516,32.783988],[130.680545,32.783842],[130.680558,32.783785],[130.680542,32.783607],[130.680514,32.783322],[130.680491,32.783054],[130.68046,32.782702],[130.680446,32.782568],[130.680395,32.782408],[130.68011,32.78242],[130.679712,32.782432],[130.679293,32.782447],[130.679218,32.782449],[130.679207,32.782325],[130.679179,32.782025],[130.679161,32.781838],[130.679131,32.781555],[130.679116,32.781411],[130.678938,32.781409],[130.678457,32.781416],[130.678066,32.781421],[130.678057,32.781274],[130.67804,32.781001],[130.678022,32.780723],[130.678015,32.780632],[130.677821,32.780615],[130.677809,32.780356],[130.677799,32.779981],[130.677796,32.779833],[130.677626,32.779832],[130.677616,32.779582],[130.677389,32.779584],[130.677365,32.779583],[130.677347,32.779401],[130.677088,32.779422],[130.676918,32.779428],[130.676811,32.779423],[130.67668,32.779415],[130.676522,32.779404],[130.676217,32.779381],[130.676209,32.779381],[130.6762,32.779383],[130.676179,32.779402],[130.676071,32.779436],[130.675927,32.779465],[130.675687,32.779503],[130.675272,32.779531],[130.674996,32.779546],[130.674639,32.779575],[130.674374,32.779598],[130.674119,32.779627],[130.673897,32.779651],[130.673868,32.779655],[130.673866,32.779655],[130.673632,32.779684],[130.673432,32.779709],[130.673209,32.779931],[130.673222,32.780099],[130.67324,32.780351],[130.673248,32.780592],[130.673258,32.780862],[130.673254,32.781071],[130.673257,32.781319],[130.673254,32.781537],[130.67326,32.781928],[130.673256,32.782239],[130.673265,32.782598],[130.673267,32.782912],[130.673267,32.783125],[130.673267,32.783405],[130.673268,32.783666],[130.673271,32.783975],[130.67327,32.784265],[130.673268,32.784554],[130.673271,32.78479],[130.673268,32.785044],[130.67327,32.785286],[130.673273,32.785611],[130.67327,32.785929],[130.673278,32.786166],[130.67329,32.786505],[130.673293,32.78691],[130.673296,32.787035],[130.67331,32.78776],[130.673313,32.788059],[130.673317,32.788466],[130.673321,32.788644],[130.673324,32.788905],[130.673325,32.789147],[130.673325,32.789653]]]}},{"type":"Feature","properties":{"YoutoName":null,"YoutoCode":0,"DistType":"特別用途地区","DistCode":14,"Pref":"熊本県","Citycode":"43100","Cityname":"熊本市","FNDate":null,"INNumber":null},"geometry":{"type":"Polygon","coordinates":[[[130.704904,32.782169],[130.704612,32.782045],[130.704189,32.781866],[130.70387,32.781732],[130.703529,32.781583],[130.702815,32.78128],[130.702388,32.7811],[130.702092,32.780975],[130.701733,32.780822],[130.7015,32.780721],[130.701344,32.780654],[130.701018,32.780519],[130.700604,32.780339],[130.700283,32.7802],[130.699969,32.780069],[130.699534,32.779883],[130.699221,32.779752],[130.698947,32.779637],[130.698741,32.779552],[130.698513,32.779451],[130.69807,32.779262],[130.697643,32.779082],[130.697376,32.778974],[130.697131,32.778868],[130.696896,32.77877],[130.696955,32.779109],[130.697034,32.779583],[130.697104,32.780003],[130.697181,32.780439],[130.697241,32.78079],[130.697294,32.781093],[130.697349,32.781427],[130.698734,32.781472],[130.698978,32.781485],[130.698978,32.78155],[130.699318,32.781566],[130.699327,32.782053],[130.69933,32.782414],[130.699325,32.782415],[130.698879,32.782412],[130.698877,32.782823],[130.698875,32.78335],[130.698862,32.78421],[130.698725,32.78418],[130.698123,32.784057],[130.698278,32.78431],[130.69841,32.784528],[130.698466,32.784619],[130.698509,32.784683],[130.698722,32.784993],[130.698757,32.785038],[130.699002,32.785413],[130.699218,32.785742],[130.699311,32.785885],[130.699494,32.786168],[130.699619,32.786359],[130.699747,32.786571],[130.700161,32.787201],[130.700404,32.787583],[130.700883,32.787351],[130.701017,32.786675],[130.701043,32.786575],[130.701152,32.786162],[130.701183,32.786032],[130.701202,32.785729],[130.701205,32.785682],[130.701325,32.785489],[130.701415,32.785344],[130.701608,32.785386],[130.701791,32.785425],[130.701867,32.785442],[130.702099,32.785494],[130.702358,32.785549],[130.70262,32.785606],[130.702747,32.785632],[130.702842,32.785655],[130.702984,32.785687],[130.703153,32.785722],[130.703173,32.785533],[130.703211,32.785168],[130.703409,32.785212],[130.703798,32.785295],[130.704222,32.785384],[130.704401,32.785423],[130.704388,32.785126],[130.704385,32.785047],[130.704385,32.785044],[130.704384,32.78503],[130.704378,32.784851],[130.704376,32.784739],[130.704374,32.784643],[130.704379,32.78457],[130.704386,32.784526],[130.704401,32.784475],[130.704422,32.784434],[130.704445,32.784394],[130.704476,32.784354],[130.704507,32.784324],[130.704541,32.784295],[130.704582,32.784262],[130.704628,32.784222],[130.704655,32.784196],[130.704677,32.784165],[130.70469,32.784126],[130.704695,32.784048],[130.704719,32.783738],[130.704738,32.783332],[130.704777,32.782918],[130.704793,32.782762],[130.704805,32.782622],[130.704817,32.782538],[130.704829,32.782453],[130.704847,32.782385],[130.704888,32.782266],[130.704902,32.782225],[130.704904,32.782205],[130.704904,32.782169]]]}},{"type":"Feature","properties":{"YoutoName":null,"YoutoCode":0,"DistType":"特別用途地区","DistCode":14,"Pref":"熊本県","Citycode":"43100","Cityname":"熊本市","FNDate":null,"INNumber":null},"geometry":{"type":"Polygon","coordinates":[[[130.679417,32.773141],[130.679447,32.773208],[130.679531,32.773423],[130.679579,32.77364],[130.679605,32.773765],[130.679643,32.77392],[130.679888,32.773922],[130.679929,32.773927],[130.679962,32.773934],[130.680025,32.773949],[130.680076,32.773964],[130.680145,32.773985],[130.680207,32.774009],[130.680283,32.774042],[130.680297,32.774048],[130.680339,32.77407],[130.680462,32.774138],[130.680678,32.774275],[130.680966,32.774477],[130.681216,32.774644],[130.681567,32.774868],[130.681888,32.77509],[130.682294,32.775371],[130.682585,32.775569],[130.682873,32.775766],[130.683,32.775853],[130.683209,32.775997],[130.683397,32.776126],[130.683644,32.776296],[130.683898,32.776475],[130.684171,32.776662],[130.684327,32.776766],[130.684412,32.776832],[130.684629,32.776984],[130.684878,32.777149],[130.685135,32.777322],[130.685468,32.777543],[130.685607,32.777649],[130.685727,32.777734],[130.685737,32.777747],[130.685743,32.77776],[130.685746,32.777775],[130.685746,32.777781],[130.685742,32.777793],[130.685735,32.777799],[130.685727,32.777804],[130.685684,32.777824],[130.685642,32.777841],[130.685294,32.777907],[130.685257,32.777915],[130.685236,32.777922],[130.685225,32.777928],[130.685212,32.777934],[130.685198,32.777944],[130.685186,32.777956],[130.685178,32.777966],[130.68517,32.777982],[130.685153,32.778029],[130.68512,32.778188],[130.685198,32.778196],[130.685223,32.7782],[130.68526,32.778209],[130.685341,32.778236],[130.685406,32.778267],[130.685453,32.778295],[130.685473,32.778306],[130.685536,32.77835],[130.685562,32.778376],[130.685601,32.77842],[130.685662,32.778531],[130.685679,32.77857],[130.685688,32.778607],[130.685748,32.77892],[130.685778,32.779122],[130.685832,32.779391],[130.685885,32.779716],[130.685988,32.779935],[130.68637,32.780236],[130.686579,32.780404],[130.6869,32.780667],[130.687143,32.780908],[130.687187,32.780869],[130.687351,32.78074],[130.687355,32.780737],[130.687437,32.780685],[130.68756,32.78061],[130.687799,32.780475],[130.688025,32.780365],[130.688273,32.780267],[130.688442,32.780205],[130.688774,32.7801],[130.688828,32.780084],[130.688828,32.780084],[130.68884,32.77983],[130.688866,32.779125],[130.688893,32.778511],[130.688912,32.778022],[130.688945,32.777422],[130.688971,32.776969],[130.689003,32.776295],[130.689026,32.775835],[130.689031,32.775741],[130.689026,32.775664],[130.689015,32.775587],[130.689001,32.77552],[130.688983,32.775449],[130.688957,32.775366],[130.688913,32.775251],[130.688883,32.77518],[130.688784,32.775018],[130.688721,32.774929],[130.688678,32.774879],[130.688529,32.774721],[130.688499,32.774688],[130.688398,32.77459],[130.688242,32.774443],[130.688124,32.774325],[130.688025,32.77421],[130.687956,32.774112],[130.687911,32.77404],[130.687888,32.774003],[130.687821,32.773876],[130.687766,32.773734],[130.687751,32.773694],[130.687723,32.773601],[130.687701,32.773508],[130.687688,32.77343],[130.687676,32.773317],[130.687666,32.773226],[130.68766,32.773165],[130.687658,32.773112],[130.687656,32.773015],[130.687644,32.772447],[130.687633,32.772243],[130.686953,32.772246],[130.686474,32.77225],[130.685554,32.772279],[130.68554,32.772257],[130.685514,32.772217],[130.685482,32.772156],[130.685467,32.772124],[130.685454,32.772074],[130.685399,32.771899],[130.685375,32.771774],[130.685262,32.771188],[130.685308,32.771105],[130.685269,32.770989],[130.685235,32.770963],[130.685151,32.770939],[130.685116,32.770921],[130.685104,32.770905],[130.685109,32.77088],[130.68475,32.770918],[130.684778,32.771051],[130.684153,32.771185],[130.683534,32.771389],[130.683096,32.771524],[130.682546,32.771697],[130.682276,32.771813],[130.681746,32.772042],[130.681368,32.772248],[130.681003,32.77244],[130.680747,32.77257],[130.680634,32.772613],[130.680386,32.772712],[130.68007,32.772845],[130.679729,32.772995],[130.679484,32.773109],[130.679417,32.773141]]]}},{"type":"Feature","properties":{"YoutoName":null,"YoutoCode":0,"DistType":"特別用途地区","DistCode":14,"Pref":"熊本県","Citycode":"43100","Cityname":"熊本市","FNDate":null,"INNumber":null},"geometry":{"type":"Polygon","coordinates":[[[130.728427,32.769875],[130.72809,32.769692],[130.727676,32.769476],[130.727226,32.769261],[130.7268,32.769057],[130.726466,32.768909],[130.725994,32.768707],[130.725588,32.768542],[130.725139,32.768359],[130.724801,32.768237],[130.72477,32.768277],[130.724578,32.768598],[130.725599,32.769004],[130.726334,32.769325],[130.727039,32.769672],[130.727584,32.769953],[130.728317,32.770368],[130.728427,32.769875]]]}},{"type":"Feature","properties":{"YoutoName":null,"YoutoCode":0,"DistType":"特別用途地区","DistCode":14,"Pref":"熊本県","Citycode":"43100","Cityname":"熊本市","FNDate":null,"INNumber":null},"geometry":{"type":"Polygon","coordinates":[[[130.765551,32.783735],[130.7632,32.783414],[130.763042,32.78418],[130.762955,32.784167],[130.762883,32.7846],[130.762977,32.784613],[130.76278,32.785767],[130.762684,32.786281],[130.762635,32.786279],[130.762551,32.786708],[130.762515,32.786894],[130.762777,32.786932],[130.764881,32.787238],[130.764988,32.786713],[130.765214,32.78545],[130.765551,32.783735]]]}},{"type":"Feature","properties":{"YoutoName":null,"YoutoCode":0,"DistType":"特別用途地区","DistCode":14,"Pref":"熊本県","Citycode":"43100","Cityname":"熊本市","FNDate":null,"INNumber":null},"geometry":{"type":"Polygon","coordinates":[[[130.699689,32.881979],[130.699669,32.881914],[130.699658,32.881856],[130.699648,32.881811],[130.699592,32.881544],[130.699525,32.881535],[130.699478,32.881526],[130.699412,32.881521],[130.699167,32.881509],[130.698865,32.881504],[130.69868,32.881498],[130.698396,32.881488],[130.698334,32.881484],[130.698166,32.881461],[130.697562,32.881254],[130.697528,32.881241],[130.698252,32.880124],[130.698272,32.880093],[130.698401,32.879805],[130.698501,32.879594],[130.698501,32.879594],[130.698512,32.879554],[130.698527,32.879515],[130.698552,32.879457],[130.698599,32.879349],[130.698632,32.879272],[130.698667,32.879202],[130.698686,32.879168],[130.698706,32.879134],[130.698739,32.879074],[130.698791,32.878983],[130.698854,32.878885],[130.698678,32.879004],[130.69866,32.879016],[130.698403,32.879202],[130.698239,32.879339],[130.698087,32.879466],[130.697888,32.879632],[130.697747,32.87975],[130.697263,32.880163],[130.696552,32.880962],[130.696296,32.881251],[130.695979,32.881712],[130.695944,32.881763],[130.696039,32.881822],[130.695984,32.881847],[130.695967,32.881858],[130.695864,32.88193],[130.695765,32.882008],[130.69566,32.882107],[130.695577,32.882189],[130.695405,32.882342],[130.695369,32.882369],[130.695177,32.882547],[130.695081,32.882634],[130.694882,32.88285],[130.694731,32.883012],[130.694511,32.883249],[130.694486,32.883293],[130.694459,32.883364],[130.694459,32.883365],[130.695328,32.882449],[130.695429,32.882558],[130.695572,32.882539],[130.696566,32.882333],[130.696599,32.88244],[130.697388,32.882306],[130.698393,32.882126],[130.698684,32.88207],[130.698816,32.882048],[130.698955,32.882023],[130.699075,32.882006],[130.699141,32.882002],[130.699172,32.882002],[130.699205,32.882004],[130.699228,32.882006],[130.699248,32.88201],[130.699285,32.882018],[130.699333,32.882029],[130.699346,32.882032],[130.699379,32.882036],[130.699409,32.882037],[130.699446,32.882035],[130.699489,32.882032],[130.699529,32.882026],[130.699553,32.882021],[130.699625,32.881998],[130.699688,32.88198],[130.699689,32.881979]]]}},{"type":"Feature","properties":{"YoutoName":null,"YoutoCode":0,"DistType":"特別用途地区","DistCode":14,"Pref":"熊本県","Citycode":"43100","Cityname":"熊本市","FNDate":null,"INNumber":null},"geometry":{"type":"Polygon","coordinates":[[[130.62579,32.783027],[130.625786,32.782952],[130.625785,32.782745],[130.625541,32.782736],[130.62543,32.782762],[130.625361,32.782759],[130.625145,32.782751],[130.625046,32.782745],[130.62494,32.782739],[130.624903,32.782737],[130.624846,32.78273],[130.624814,32.782724],[130.624747,32.782708],[130.624608,32.782666],[130.62448,32.782624],[130.624389,32.782609],[130.624308,32.782597],[130.624171,32.782576],[130.624033,32.782556],[130.623949,32.782543],[130.623949,32.782542],[130.623925,32.78254],[130.623905,32.782541],[130.623892,32.782543],[130.623857,32.782552],[130.623773,32.782575],[130.623671,32.782603],[130.623655,32.782606],[130.623639,32.782606],[130.623615,32.782607],[130.623596,32.782606],[130.62357,32.782602],[130.623458,32.782572],[130.623275,32.782533],[130.623133,32.782507],[130.622949,32.782475],[130.622784,32.782443],[130.622548,32.782424],[130.622298,32.782421],[130.622252,32.782424],[130.622198,32.782431],[130.62216,32.782435],[130.622084,32.782442],[130.621933,32.78245],[130.62193,32.782446],[130.62187,32.782344],[130.621717,32.782413],[130.621588,32.782476],[130.621513,32.782511],[130.621412,32.782557],[130.62135,32.782586],[130.621214,32.782648],[130.62113,32.782689],[130.620995,32.782753],[130.620887,32.782804],[130.620878,32.782808],[130.620803,32.782849],[130.620706,32.782906],[130.620703,32.782907],[130.620693,32.782915],[130.620653,32.782944],[130.620624,32.782971],[130.620582,32.783015],[130.620554,32.78305],[130.620525,32.783094],[130.620494,32.783141],[130.620443,32.783237],[130.620377,32.783396],[130.62032,32.783571],[130.620278,32.783718],[130.620233,32.783868],[130.620191,32.783998],[130.620152,32.784125],[130.620114,32.784235],[130.620058,32.784386],[130.620024,32.784484],[130.61997,32.784625],[130.619911,32.784774],[130.619827,32.785003],[130.619751,32.785204],[130.619693,32.785359],[130.619612,32.78557],[130.61954,32.785762],[130.619477,32.785925],[130.619416,32.786091],[130.619356,32.786242],[130.619316,32.786353],[130.619215,32.7866],[130.619119,32.786867],[130.619076,32.786985],[130.619171,32.787013],[130.619429,32.786692],[130.6196,32.786495],[130.619717,32.786354],[130.619831,32.786232],[130.619883,32.786169],[130.619907,32.786141],[130.619998,32.786031],[130.620057,32.785961],[130.62014,32.785861],[130.6202,32.785789],[130.620204,32.785784],[130.620272,32.785702],[130.620343,32.785623],[130.620386,32.78553],[130.620419,32.785453],[130.620425,32.785433],[130.620429,32.785407],[130.620429,32.78538],[130.620427,32.785367],[130.620425,32.785354],[130.620415,32.785334],[130.62038,32.785282],[130.620364,32.785261],[130.62024,32.785121],[130.620234,32.785112],[130.620221,32.785091],[130.620204,32.785057],[130.620189,32.785022],[130.620184,32.785003],[130.620183,32.784984],[130.620181,32.784965],[130.620182,32.784943],[130.620185,32.784926],[130.620186,32.784916],[130.62019,32.784902],[130.620214,32.784865],[130.620396,32.784861],[130.620398,32.784858],[130.620398,32.784855],[130.620402,32.784772],[130.620574,32.78476],[130.620755,32.784699],[130.620718,32.784574],[130.620859,32.784542],[130.621012,32.784502],[130.621012,32.784423],[130.621095,32.784417],[130.621115,32.78441],[130.621205,32.784382],[130.62127,32.784375],[130.621293,32.784371],[130.621324,32.784366],[130.621336,32.784363],[130.621366,32.784358],[130.621372,32.784356],[130.621381,32.784354],[130.621392,32.784352],[130.62153,32.784363],[130.621621,32.784326],[130.621748,32.784275],[130.621868,32.784209],[130.621975,32.784088],[130.622065,32.784019],[130.622187,32.783932],[130.622262,32.783837],[130.622388,32.783673],[130.622453,32.783591],[130.622578,32.783512],[130.622722,32.783419],[130.62291,32.783296],[130.623073,32.78319],[130.623181,32.783108],[130.623265,32.783021],[130.623367,32.782921],[130.623489,32.782828],[130.623597,32.782911],[130.623795,32.782778],[130.623942,32.782676],[130.62398,32.782674],[130.624095,32.782668],[130.624153,32.78267],[130.624171,32.78267],[130.624232,32.782678],[130.624278,32.782688],[130.624452,32.782742],[130.624626,32.782801],[130.624818,32.782864],[130.625031,32.782917],[130.625244,32.78303],[130.62564,32.783026],[130.62579,32.783027]]]}},{"type":"Feature","properties":{"YoutoName":null,"YoutoCode":0,"DistType":"特別用途地区","DistCode":14,"Pref":"熊本県","Citycode":"43100","Cityname":"熊本市","FNDate":null,"INNumber":null},"geometry":{"type":"Polygon","coordinates":[[[130.695361,32.755311],[130.69454,32.755272],[130.694594,32.754444],[130.695114,32.754448],[130.695111,32.754198],[130.695094,32.754016],[130.695066,32.753821],[130.695013,32.753589],[130.694932,32.753314],[130.694011,32.753386],[130.693391,32.753299],[130.693293,32.75329],[130.693183,32.753288],[130.692866,32.753323],[130.692761,32.753331],[130.69263,32.753314],[130.692135,32.753265],[130.69199,32.753255],[130.691805,32.753264],[130.691142,32.753294],[130.691023,32.753289],[130.690916,32.753276],[130.690713,32.753238],[130.6906,32.753229],[130.690486,32.753223],[130.690234,32.753226],[130.690063,32.753216],[130.689918,32.753205],[130.689734,32.753168],[130.6896,32.753137],[130.689377,32.753084],[130.689126,32.753023],[130.689038,32.75301],[130.688871,32.753009],[130.688875,32.752816],[130.689005,32.752422],[130.689016,32.75238],[130.689024,32.752325],[130.689026,32.752151],[130.689025,32.752094],[130.689035,32.752048],[130.689064,32.751863],[130.689092,32.751735],[130.689112,32.751647],[130.689137,32.751571],[130.689164,32.751452],[130.689204,32.751337],[130.689234,32.751231],[130.689236,32.751102],[130.689187,32.751082],[130.688024,32.751069],[130.687972,32.751033],[130.687971,32.750915],[130.687967,32.750875],[130.687972,32.750799],[130.688046,32.75026],[130.688059,32.750141],[130.688077,32.749676],[130.688074,32.749569],[130.688077,32.749458],[130.688084,32.749325],[130.688095,32.749261],[130.688117,32.749201],[130.688156,32.749078],[130.688207,32.74886],[130.688269,32.748559],[130.68832,32.748258],[130.688351,32.748079],[130.688357,32.747988],[130.688353,32.74789],[130.688358,32.747799],[130.688364,32.747716],[130.68842,32.747388],[130.688449,32.747297],[130.688486,32.747192],[130.688494,32.747114],[130.688582,32.746311],[130.689637,32.74637],[130.689681,32.746159],[130.689003,32.746115],[130.689007,32.746094],[130.689031,32.745965],[130.689046,32.74581],[130.689074,32.74558],[130.689106,32.745282],[130.689118,32.744977],[130.689147,32.744534],[130.689151,32.743973],[130.689128,32.74346],[130.689111,32.743002],[130.689095,32.74271],[130.68908,32.742354],[130.689078,32.742172],[130.689073,32.741704],[130.689081,32.74127],[130.689112,32.740803],[130.689165,32.740052],[130.689232,32.739255],[130.689304,32.738626],[130.689385,32.737878],[130.689482,32.736944],[130.689285,32.736966],[130.689176,32.736985],[130.689025,32.737021],[130.688851,32.737056],[130.68865,32.737102],[130.688394,32.737146],[130.688181,32.737178],[130.688131,32.737553],[130.688055,32.738212],[130.68801,32.738869],[130.687963,32.739274],[130.687894,32.739941],[130.687844,32.740418],[130.687789,32.741057],[130.687788,32.741273],[130.687784,32.741464],[130.68779,32.741716],[130.687789,32.741972],[130.687792,32.742135],[130.687799,32.742382],[130.68781,32.742697],[130.687824,32.742959],[130.687838,32.743207],[130.687864,32.743566],[130.687874,32.743927],[130.687868,32.744236],[130.687858,32.744538],[130.687845,32.744867],[130.687808,32.74531],[130.68776,32.74567],[130.687729,32.745961],[130.687723,32.746009],[130.68762,32.746005],[130.687533,32.746483],[130.687438,32.746944],[130.687341,32.747348],[130.687107,32.748339],[130.687009,32.748792],[130.686969,32.748996],[130.685811,32.748907],[130.685081,32.748899],[130.685089,32.748473],[130.685134,32.748345],[130.685185,32.748199],[130.685191,32.748111],[130.685209,32.747814],[130.68492,32.747843],[130.684825,32.747816],[130.684604,32.747784],[130.684948,32.746993],[130.684792,32.746967],[130.684563,32.746917],[130.684335,32.746848],[130.684385,32.746505],[130.684423,32.746388],[130.684461,32.746292],[130.684534,32.74612],[130.684571,32.745985],[130.68434,32.745953],[130.683967,32.745867],[130.683965,32.745867],[130.683882,32.745876],[130.683702,32.745868],[130.683558,32.745864],[130.683422,32.74583],[130.683233,32.745776],[130.683057,32.745714],[130.682918,32.745668],[130.682806,32.745633],[130.682678,32.745608],[130.682262,32.745525],[130.68193,32.745457],[130.681546,32.745376],[130.681666,32.744946],[130.681626,32.744823],[130.681551,32.744609],[130.681466,32.744338],[130.68145,32.744224],[130.681431,32.744117],[130.681432,32.744018],[130.681427,32.743917],[130.68143,32.743805],[130.681432,32.743721],[130.681437,32.743585],[130.681454,32.743472],[130.681487,32.743275],[130.681527,32.743026],[130.681584,32.742707],[130.681604,32.742575],[130.681644,32.742356],[130.681679,32.742157],[130.681724,32.741897],[130.681764,32.741673],[130.681817,32.741388],[130.681861,32.741104],[130.6819,32.740879],[130.681935,32.740691],[130.681976,32.740529],[130.682016,32.740376],[130.682074,32.740179],[130.682065,32.74018],[130.682039,32.740182],[130.681961,32.740188],[130.6819,32.740195],[130.681758,32.740203],[130.681545,32.740212],[130.681186,32.740227],[130.680745,32.740251],[130.680169,32.740274],[130.67992,32.740292],[130.679608,32.740313],[130.679392,32.740322],[130.679392,32.740323],[130.679395,32.740382],[130.679352,32.740403],[130.679379,32.740718],[130.679406,32.741205],[130.679433,32.741704],[130.679451,32.742037],[130.679493,32.74264],[130.679525,32.743013],[130.679575,32.743521],[130.679634,32.74414],[130.679675,32.744508],[130.67972,32.744944],[130.679737,32.745157],[130.679765,32.745198],[130.679784,32.745227],[130.679795,32.745257],[130.679779,32.745296],[130.679747,32.745328],[130.679931,32.745322],[130.679986,32.745706],[130.680018,32.745943],[130.680617,32.74943],[130.680114,32.749482],[130.680149,32.749231],[130.678811,32.749219],[130.678791,32.749267],[130.678331,32.750393],[130.678315,32.750428],[130.67899,32.750442],[130.679465,32.750448],[130.680161,32.750484],[130.680189,32.750495],[130.68021,32.750514],[130.68025,32.750561],[130.680273,32.750584],[130.680306,32.750601],[130.680341,32.750602],[130.680501,32.7506],[130.680545,32.750605],[130.680577,32.750611],[130.680601,32.750627],[130.680641,32.750664],[130.680663,32.750672],[130.680948,32.750597],[130.681427,32.750647],[130.68183,32.750687],[130.682423,32.750692],[130.682467,32.750698],[130.6825,32.750709],[130.682519,32.750726],[130.682539,32.750772],[130.682559,32.750793],[130.682584,32.750802],[130.682641,32.750816],[130.68279,32.750819],[130.682793,32.750724],[130.683008,32.750748],[130.683239,32.750794],[130.683332,32.750812],[130.683672,32.750889],[130.683758,32.750901],[130.683858,32.750911],[130.684311,32.750966],[130.684324,32.751135],[130.684338,32.751195],[130.684356,32.751238],[130.684392,32.75127],[130.684441,32.751293],[130.684602,32.751331],[130.68561,32.751343],[130.685518,32.751706],[130.685465,32.751992],[130.68543,32.752421],[130.685411,32.75281],[130.685887,32.752831],[130.686649,32.752888],[130.686578,32.753246],[130.686443,32.754066],[130.685918,32.754037],[130.685864,32.754821],[130.685733,32.754816],[130.685597,32.755818],[130.685532,32.756319],[130.685441,32.756778],[130.685433,32.756856],[130.685431,32.756922],[130.685383,32.757602],[130.685371,32.757733],[130.685369,32.757752],[130.685278,32.757744],[130.685151,32.757731],[130.685118,32.758312],[130.685189,32.758414],[130.685212,32.758478],[130.685213,32.758532],[130.685204,32.758586],[130.685183,32.758718],[130.685269,32.75876],[130.685307,32.758794],[130.685339,32.758846],[130.685784,32.759416],[130.685859,32.759407],[130.68583,32.759049],[130.685829,32.759016],[130.68583,32.75899],[130.685846,32.75894],[130.685962,32.758644],[130.685992,32.758575],[130.686007,32.758509],[130.68603,32.758436],[130.686038,32.758371],[130.686113,32.757781],[130.686233,32.756861],[130.686307,32.756285],[130.68634,32.755939],[130.686354,32.755785],[130.686367,32.755651],[130.686367,32.755497],[130.68636,32.755217],[130.686346,32.754884],[130.686737,32.754953],[130.687094,32.755004],[130.687379,32.755046],[130.687532,32.75506],[130.687671,32.755067],[130.687794,32.75507],[130.688003,32.755078],[130.688123,32.755082],[130.688204,32.755081],[130.68835,32.75508],[130.688429,32.755077],[130.688673,32.755064],[130.688707,32.755059],[130.688839,32.755041],[130.688874,32.75504],[130.688913,32.755045],[130.688958,32.755056],[130.689026,32.75508],[130.689079,32.755104],[130.689125,32.75512],[130.689232,32.755154],[130.689306,32.755175],[130.68934,32.755182],[130.689398,32.755187],[130.689572,32.755189],[130.689928,32.755196],[130.689964,32.75518],[130.690037,32.755166],[130.690062,32.755163],[130.690217,32.755157],[130.690785,32.755142],[130.690755,32.754688],[130.690751,32.754519],[130.690764,32.754229],[130.691083,32.754233],[130.691462,32.754265],[130.691616,32.754271],[130.692121,32.754296],[130.692208,32.75432],[130.693029,32.754373],[130.692962,32.755513],[130.69291,32.756391],[130.694504,32.756471],[130.695283,32.756505],[130.695361,32.755311]]]}},{"type":"Feature","properties":{"YoutoName":null,"YoutoCode":0,"DistType":"特別用途地区","DistCode":14,"Pref":"熊本県","Citycode":"43100","Cityname":"熊本市","FNDate":null,"INNumber":null},"geometry":{"type":"Polygon","coordinates":[[[130.68063,32.728852],[130.68035,32.72896],[130.680295,32.72905],[130.680235,32.729102],[130.68016,32.729145],[130.680062,32.729171],[130.6802,32.729604],[130.680269,32.729814],[130.680122,32.729863],[130.680204,32.73003],[130.680206,32.730033],[130.680397,32.730123],[130.680542,32.730189],[130.68092,32.73037],[130.681241,32.730519],[130.68149,32.730637],[130.681777,32.730772],[130.682177,32.730961],[130.682523,32.731126],[130.682895,32.731296],[130.683223,32.731453],[130.683529,32.731598],[130.683736,32.731694],[130.683994,32.731816],[130.684191,32.731916],[130.684479,32.732046],[130.684748,32.732171],[130.685007,32.732287],[130.685305,32.732428],[130.685583,32.73255],[130.685918,32.732717],[130.686096,32.732809],[130.686317,32.732939],[130.686477,32.733045],[130.686595,32.733125],[130.686745,32.733243],[130.686893,32.733371],[130.687065,32.733535],[130.68718,32.733654],[130.687298,32.73379],[130.687342,32.733836],[130.687532,32.734062],[130.687623,32.734192],[130.687713,32.734345],[130.687783,32.734473],[130.687847,32.734591],[130.687937,32.734768],[130.688033,32.734993],[130.688105,32.735194],[130.688154,32.735352],[130.688187,32.73547],[130.688218,32.735617],[130.688472,32.735634],[130.688624,32.735652],[130.68932,32.73554],[130.68948,32.735514],[130.689446,32.7354],[130.689417,32.735236],[130.689391,32.735104],[130.689361,32.734974],[130.689316,32.73483],[130.689267,32.734676],[130.689209,32.734527],[130.689127,32.734354],[130.689056,32.73421],[130.688979,32.734061],[130.688871,32.733865],[130.68879,32.73373],[130.688692,32.733582],[130.688555,32.733393],[130.688399,32.733208],[130.688214,32.732998],[130.688098,32.732881],[130.687937,32.732721],[130.687817,32.732616],[130.687731,32.732542],[130.687587,32.732434],[130.687405,32.732294],[130.687168,32.732134],[130.687001,32.732027],[130.686806,32.731913],[130.686643,32.731826],[130.686438,32.731724],[130.686243,32.731623],[130.686123,32.731564],[130.685891,32.731456],[130.685683,32.731361],[130.685444,32.731256],[130.685264,32.731174],[130.685079,32.731086],[130.68487,32.730984],[130.684651,32.730883],[130.68436,32.730745],[130.684152,32.730649],[130.683887,32.730529],[130.683497,32.730342],[130.683153,32.730178],[130.68283,32.730029],[130.6825,32.729876],[130.682254,32.729763],[130.681992,32.729638],[130.681723,32.729515],[130.681442,32.729376],[130.681212,32.729263],[130.681141,32.729237],[130.681124,32.729231],[130.681111,32.729226],[130.681017,32.729191],[130.680927,32.729149],[130.680842,32.7291],[130.680779,32.729046],[130.680736,32.728997],[130.680679,32.728919],[130.68063,32.728852]]]}},{"type":"Feature","properties":{"YoutoName":null,"YoutoCode":0,"DistType":"特別用途地区","DistCode":14,"Pref":"熊本県","Citycode":"43100","Cityname":"熊本市","FNDate":null,"INNumber":null},"geometry":{"type":"Polygon","coordinates":[[[130.593277,32.765314],[130.591644,32.765188],[130.591638,32.765187],[130.591623,32.765176],[130.591665,32.764885],[130.591667,32.76487],[130.591714,32.764396],[130.591715,32.764386],[130.591729,32.764243],[130.59068,32.764165],[130.590627,32.764107],[130.59068,32.763586],[130.590714,32.763313],[130.590736,32.76315],[130.589984,32.763092],[130.588242,32.762962],[130.588291,32.762545],[130.588291,32.762545],[130.588292,32.762533],[130.582675,32.762111],[130.582675,32.76212],[130.582674,32.762122],[130.582532,32.763581],[130.582527,32.763635],[130.585005,32.763812],[130.584875,32.76453],[130.584747,32.765916],[130.584705,32.766197],[130.584661,32.766414],[130.58462,32.76702],[130.584521,32.767901],[130.584519,32.767987],[130.584526,32.768133],[130.584469,32.768626],[130.584509,32.768626],[130.584589,32.768639],[130.585069,32.768675],[130.589539,32.769008],[130.59188,32.769186],[130.592828,32.769256],[130.592855,32.769251],[130.592868,32.769241],[130.593275,32.76534],[130.593277,32.765314]]]}},{"type":"Feature","properties":{"YoutoName":null,"YoutoCode":0,"DistType":"特別用途地区","DistCode":14,"Pref":"熊本県","Citycode":"43100","Cityname":"熊本市","FNDate":null,"INNumber":null},"geometry":{"type":"Polygon","coordinates":[[[130.715106,32.845735],[130.714934,32.845676],[130.714752,32.845623],[130.714648,32.845539],[130.714482,32.845419],[130.714409,32.845368],[130.714338,32.845314],[130.714284,32.845275],[130.714213,32.845208],[130.714165,32.845157],[130.714129,32.845114],[130.714102,32.845078],[130.714086,32.845053],[130.714069,32.845017],[130.714047,32.844951],[130.714009,32.844857],[130.713995,32.844803],[130.713983,32.844765],[130.713979,32.844732],[130.713977,32.844659],[130.713981,32.844582],[130.713981,32.844536],[130.713977,32.844489],[130.713963,32.844442],[130.71395,32.844402],[130.713927,32.844341],[130.713898,32.844293],[130.713851,32.844234],[130.713792,32.844178],[130.713749,32.844139],[130.713688,32.844096],[130.713624,32.844046],[130.713578,32.844012],[130.713506,32.843969],[130.713486,32.843958],[130.713469,32.843949],[130.71328,32.843878],[130.713148,32.843824],[130.713031,32.84378],[130.712859,32.84371],[130.712617,32.843616],[130.712502,32.843579],[130.712315,32.843518],[130.712054,32.84344],[130.711919,32.843394],[130.7119,32.843428],[130.711844,32.843509],[130.711818,32.843548],[130.711772,32.843559],[130.711616,32.843469],[130.711516,32.843437],[130.711383,32.843415],[130.71122,32.843441],[130.71113,32.843439],[130.711129,32.843439],[130.71102,32.843436],[130.710911,32.843442],[130.71084,32.843425],[130.710762,32.843418],[130.710683,32.843412],[130.710613,32.843406],[130.710469,32.8434],[130.710349,32.843411],[130.71023,32.843421],[130.710112,32.843448],[130.709955,32.843605],[130.709926,32.843719],[130.709888,32.843832],[130.709775,32.844153],[130.709714,32.844293],[130.70963,32.844455],[130.709565,32.844584],[130.709498,32.844685],[130.709368,32.844859],[130.709429,32.844927],[130.709454,32.844997],[130.709442,32.84509],[130.709321,32.84528],[130.709255,32.84546],[130.709274,32.845526],[130.709316,32.845576],[130.70942,32.845644],[130.709538,32.845698],[130.709698,32.845798],[130.709883,32.84594],[130.709953,32.846103],[130.709938,32.845912],[130.710044,32.845834],[130.710016,32.845694],[130.710142,32.845647],[130.710239,32.845642],[130.710249,32.845629],[130.710309,32.845606],[130.710344,32.845577],[130.710447,32.845445],[130.710499,32.845253],[130.710569,32.845218],[130.710594,32.84518],[130.710601,32.845143],[130.710595,32.845004],[130.710881,32.844985],[130.710884,32.845071],[130.71089,32.845103],[130.710898,32.845146],[130.710896,32.845157],[130.710893,32.845181],[130.710902,32.845202],[130.710919,32.845244],[130.710936,32.84529],[130.710942,32.845322],[130.710943,32.845358],[130.71094,32.845384],[130.710935,32.845398],[130.710933,32.84541],[130.710934,32.845424],[130.710935,32.845436],[130.710943,32.845443],[130.710952,32.845447],[130.710966,32.845454],[130.71099,32.845467],[130.71102,32.84548],[130.711035,32.84549],[130.711061,32.845511],[130.711073,32.845525],[130.711091,32.845545],[130.71111,32.845575],[130.711124,32.845603],[130.711141,32.845638],[130.711153,32.845663],[130.711169,32.845689],[130.711195,32.845721],[130.711224,32.845749],[130.711255,32.845774],[130.711283,32.84582],[130.711313,32.845884],[130.711308,32.84602],[130.711386,32.846002],[130.711487,32.845978],[130.711566,32.845963],[130.711644,32.84596],[130.711746,32.845966],[130.711761,32.845993],[130.711764,32.846027],[130.711769,32.846044],[130.711768,32.846061],[130.711766,32.846073],[130.711735,32.846102],[130.711715,32.846125],[130.711705,32.846139],[130.711702,32.846162],[130.711705,32.846188],[130.711714,32.846202],[130.711732,32.846219],[130.711738,32.846227],[130.711739,32.84624],[130.711734,32.846247],[130.711724,32.846258],[130.711718,32.846266],[130.711716,32.846279],[130.711721,32.84629],[130.711732,32.846302],[130.711745,32.846312],[130.711759,32.846317],[130.711779,32.84632],[130.711812,32.84632],[130.711838,32.846315],[130.71186,32.846314],[130.711887,32.846314],[130.711908,32.846318],[130.711932,32.846325],[130.711942,32.84633],[130.71195,32.846342],[130.711961,32.846386],[130.711966,32.846412],[130.711968,32.846435],[130.711979,32.846464],[130.711985,32.846478],[130.712,32.846508],[130.712027,32.84656],[130.712044,32.846602],[130.712051,32.846616],[130.712063,32.846631],[130.712085,32.846651],[130.712165,32.846709],[130.712284,32.846796],[130.712304,32.846812],[130.712297,32.846825],[130.712295,32.846831],[130.712296,32.846837],[130.712307,32.846841],[130.712328,32.846846],[130.712487,32.846878],[130.712538,32.84694],[130.71255,32.846948],[130.712552,32.846948],[130.712456,32.846997],[130.71223,32.847103],[130.712102,32.846973],[130.711979,32.847089],[130.71206,32.847187],[130.712091,32.84725],[130.712047,32.84743],[130.712015,32.847594],[130.712021,32.847679],[130.712058,32.847792],[130.712102,32.847896],[130.712214,32.847996],[130.712339,32.848118],[130.712433,32.848219],[130.712533,32.84833],[130.712589,32.848373],[130.712764,32.848458],[130.712814,32.848468],[130.712902,32.848442],[130.712965,32.848397],[130.713241,32.84812],[130.713314,32.848105],[130.713442,32.84811],[130.713486,32.848057],[130.713411,32.847846],[130.713355,32.847782],[130.713205,32.847697],[130.713133,32.847686],[130.713061,32.847655],[130.713011,32.847602],[130.713074,32.847549],[130.713507,32.847367],[130.713507,32.847328],[130.713814,32.847207],[130.713847,32.846932],[130.713928,32.84681],[130.714129,32.846663],[130.714223,32.846631],[130.714192,32.846552],[130.714186,32.846494],[130.714212,32.846425],[130.7143,32.846182],[130.714357,32.846076],[130.714439,32.845939],[130.71447,32.84595],[130.714508,32.845966],[130.714847,32.846203],[130.715033,32.845874],[130.715088,32.845764],[130.715106,32.845735]]]}},{"type":"Feature","properties":{"YoutoName":null,"YoutoCode":0,"DistType":"特別用途地区","DistCode":14,"Pref":"熊本県","Citycode":"43100","Cityname":"熊本市","FNDate":null,"INNumber":"市.348"},"geometry":{"type":"Polygon","coordinates":[[[130.787687,32.857462],[130.787635,32.857436],[130.787608,32.857424],[130.787539,32.857395],[130.787474,32.857368],[130.787468,32.857365],[130.787454,32.857359],[130.787452,32.857358],[130.787448,32.857357],[130.787386,32.857329],[130.787377,32.857324],[130.78737,32.857321],[130.787359,32.857316],[130.787274,32.857276],[130.787273,32.857276],[130.787186,32.857236],[130.787165,32.857227],[130.787146,32.857219],[130.787126,32.85721],[130.787124,32.857209],[130.78712,32.857207],[130.787099,32.857197],[130.787097,32.857197],[130.787096,32.857196],[130.787096,32.857196],[130.787079,32.857188],[130.78699,32.857147],[130.786961,32.857133],[130.786876,32.857092],[130.786875,32.857092],[130.786816,32.857063],[130.786796,32.857053],[130.786596,32.856966],[130.786581,32.856959],[130.786108,32.856768],[130.786102,32.856765],[130.785891,32.856683],[130.785891,32.856682],[130.785665,32.856594],[130.785215,32.856407],[130.785213,32.856406],[130.784889,32.856273],[130.784508,32.856113],[130.784246,32.856],[130.784195,32.855989],[130.784281,32.8555],[130.784308,32.855328],[130.784318,32.855276],[130.78434,32.855153],[130.784349,32.855103],[130.784351,32.855094],[130.784382,32.85491],[130.784416,32.85472],[130.784422,32.854677],[130.784437,32.85453],[130.784438,32.854516],[130.784445,32.854415],[130.784447,32.854378],[130.784446,32.854353],[130.78443,32.854005],[130.784429,32.85398],[130.784416,32.853849],[130.784414,32.85383],[130.784405,32.853735],[130.784366,32.853489],[130.784336,32.853386],[130.784278,32.853171],[130.784243,32.853069],[130.784169,32.852833],[130.784074,32.852489],[130.783969,32.852117],[130.783842,32.851643],[130.783744,32.851282],[130.783703,32.851095],[130.782882,32.850911],[130.782711,32.850879],[130.782529,32.850839],[130.782296,32.850789],[130.782193,32.850768],[130.782194,32.850996],[130.782202,32.851042],[130.782219,32.851161],[130.782359,32.851806],[130.78254,32.852526],[130.78262,32.852845],[130.782722,32.853114],[130.782729,32.853136],[130.782746,32.853245],[130.782753,32.853271],[130.78284,32.853593],[130.782915,32.853927],[130.782952,32.854145],[130.782952,32.854169],[130.782953,32.854288],[130.782943,32.854373],[130.782856,32.854941],[130.78276,32.855403],[130.78218,32.855163],[130.781549,32.854913],[130.781185,32.854756],[130.780836,32.854611],[130.780491,32.854452],[130.780281,32.854345],[130.780087,32.854243],[130.779921,32.854141],[130.779894,32.85427],[130.77989,32.854377],[130.779872,32.854646],[130.779871,32.854714],[130.779876,32.854782],[130.779879,32.854798],[130.780172,32.85494],[130.78056,32.855118],[130.781097,32.855353],[130.781544,32.855545],[130.781843,32.85567],[130.782027,32.855747],[130.782413,32.85591],[130.78253,32.855957],[130.783241,32.856252],[130.783384,32.856312],[130.783247,32.857106],[130.783354,32.857124],[130.783403,32.857132],[130.783525,32.857158],[130.783571,32.857172],[130.783598,32.857186],[130.783951,32.857274],[130.784921,32.857504],[130.785293,32.857585],[130.785939,32.857829],[130.786723,32.858129],[130.786794,32.858152],[130.787126,32.858258],[130.787359,32.858337],[130.787489,32.857892],[130.787591,32.857649],[130.787681,32.857472],[130.787687,32.857462]]]}},{"type":"Feature","properties":{"YoutoName":null,"YoutoCode":0,"DistType":"特別用途地区","DistCode":14,"Pref":"熊本県","Citycode":"43100","Cityname":"熊本市","FNDate":null,"INNumber":null},"geometry":{"type":"Polygon","coordinates":[[[130.715106,32.845735],[130.715088,32.845764],[130.715033,32.845874],[130.714847,32.846203],[130.714835,32.846224],[130.714759,32.846362],[130.7146,32.84664],[130.71401,32.847677],[130.713721,32.848183],[130.713405,32.848733],[130.71327,32.84896],[130.713218,32.849057],[130.71312,32.849227],[130.712993,32.849453],[130.712864,32.849685],[130.712743,32.849885],[130.712669,32.850024],[130.712551,32.850228],[130.712454,32.850395],[130.712202,32.850841],[130.711886,32.851406],[130.711827,32.851512],[130.711729,32.851686],[130.710912,32.853142],[130.710398,32.854028],[130.710129,32.854031],[130.709679,32.852075],[130.709528,32.851439],[130.709467,32.851127],[130.709429,32.850949],[130.70932,32.850424],[130.709285,32.850178],[130.709251,32.849956],[130.709204,32.849661],[130.709182,32.849509],[130.709139,32.849285],[130.709128,32.849203],[130.709109,32.849066],[130.709093,32.848998],[130.708716,32.849021],[130.708712,32.848959],[130.708475,32.848988],[130.708535,32.849474],[130.708438,32.849511],[130.708369,32.849539],[130.708318,32.849569],[130.708207,32.84964],[130.708155,32.849674],[130.708094,32.84971],[130.708042,32.849737],[130.707973,32.849762],[130.708035,32.850068],[130.708168,32.850792],[130.708355,32.851731],[130.708476,32.852262],[130.708534,32.852507],[130.708757,32.853392],[130.708894,32.853953],[130.708963,32.854228],[130.708981,32.854342],[130.708991,32.854415],[130.709049,32.854764],[130.709069,32.854916],[130.709074,32.855],[130.709075,32.855089],[130.709074,32.855148],[130.709049,32.855652],[130.708948,32.855669],[130.708885,32.855677],[130.708822,32.85569],[130.708767,32.855706],[130.708724,32.855723],[130.70869,32.855739],[130.708653,32.855762],[130.708618,32.855789],[130.70852,32.855888],[130.708501,32.855908],[130.708485,32.85593],[130.70846,32.855965],[130.708439,32.856005],[130.708432,32.856037],[130.708433,32.856062],[130.708436,32.856084],[130.708439,32.856107],[130.70844,32.856126],[130.708442,32.856147],[130.708442,32.856183],[130.70844,32.8562],[130.708429,32.85622],[130.708415,32.856234],[130.708399,32.856245],[130.708328,32.856274],[130.708303,32.856284],[130.708263,32.856297],[130.70818,32.856329],[130.708129,32.856354],[130.708114,32.85636],[130.708098,32.856372],[130.708087,32.856388],[130.708085,32.856404],[130.708085,32.856439],[130.708094,32.856491],[130.708103,32.856523],[130.708112,32.856558],[130.708131,32.856597],[130.708152,32.856628],[130.708168,32.85665],[130.708181,32.856667],[130.708187,32.856688],[130.708191,32.856723],[130.708191,32.856795],[130.70819,32.856869],[130.708188,32.856885],[130.708186,32.856896],[130.708176,32.856913],[130.708168,32.856923],[130.708155,32.856932],[130.708139,32.85694],[130.708121,32.856948],[130.708104,32.856952],[130.708067,32.856956],[130.708016,32.856956],[130.707988,32.856962],[130.707977,32.856969],[130.707961,32.856984],[130.707952,32.857003],[130.707942,32.857028],[130.707932,32.857062],[130.70793,32.857109],[130.70793,32.857155],[130.707928,32.857214],[130.707932,32.857277],[130.707933,32.857318],[130.707931,32.857358],[130.707915,32.857429],[130.707907,32.857497],[130.707899,32.857635],[130.707915,32.857957],[130.707929,32.858221],[130.707926,32.858265],[130.707918,32.858314],[130.707907,32.85836],[130.707893,32.858403],[130.70788,32.858437],[130.707866,32.858468],[130.707856,32.858486],[130.707834,32.858512],[130.7078,32.858554],[130.707763,32.858596],[130.707737,32.858632],[130.707727,32.858667],[130.707723,32.858702],[130.707725,32.858743],[130.707736,32.858813],[130.707752,32.858881],[130.707755,32.858904],[130.707756,32.858936],[130.707754,32.858997],[130.707747,32.859035],[130.707732,32.859045],[130.707736,32.859059],[130.707739,32.859073],[130.707716,32.859419],[130.707704,32.85951],[130.707684,32.859576],[130.707645,32.859687],[130.707676,32.859919],[130.707687,32.859984],[130.707695,32.860015],[130.707718,32.860077],[130.70775,32.860141],[130.70778,32.860197],[130.707891,32.860372],[130.708027,32.860589],[130.708046,32.860614],[130.708064,32.86065],[130.708082,32.860684],[130.708095,32.86072],[130.708101,32.860742],[130.708104,32.860764],[130.708104,32.860793],[130.708104,32.860837],[130.708101,32.860883],[130.708091,32.860954],[130.708076,32.861035],[130.708072,32.861078],[130.708077,32.861101],[130.70809,32.861126],[130.708106,32.861148],[130.708125,32.86117],[130.708142,32.861184],[130.708175,32.861205],[130.708215,32.861228],[130.708271,32.861261],[130.708305,32.861285],[130.708351,32.861322],[130.708403,32.861368],[130.708495,32.861446],[130.70854,32.861478],[130.708575,32.861496],[130.708651,32.861523],[130.708589,32.861722],[130.708463,32.862046],[130.708246,32.862539],[130.708166,32.862732],[130.707864,32.863426],[130.70777,32.863631],[130.70759,32.864043],[130.707415,32.864437],[130.707115,32.865084],[130.706645,32.866118],[130.706519,32.866342],[130.70644,32.866426],[130.706319,32.866541],[130.706208,32.866638],[130.706135,32.86669],[130.705816,32.86689],[130.705414,32.867112],[130.705374,32.867126],[130.705223,32.86717],[130.705215,32.867205],[130.705381,32.867307],[130.705385,32.867309],[130.705396,32.867316],[130.70542,32.867331],[130.705761,32.867545],[130.705432,32.867715],[130.705461,32.867747],[130.70554,32.867827],[130.705673,32.867846],[130.705752,32.867831],[130.705933,32.867748],[130.706003,32.867716],[130.706029,32.867748],[130.706045,32.867767],[130.706082,32.867749],[130.706198,32.867698],[130.706633,32.867689],[130.706738,32.86775],[130.706788,32.867773],[130.70692,32.867774],[130.707196,32.867779],[130.70722,32.867751],[130.707305,32.867678],[130.707406,32.867709],[130.70752,32.867622],[130.707501,32.867598],[130.707638,32.867469],[130.707545,32.86738],[130.707762,32.867219],[130.707782,32.867203],[130.707797,32.867186],[130.707804,32.867169],[130.707812,32.867139],[130.70782,32.867118],[130.707827,32.867104],[130.707838,32.867086],[130.707852,32.867068],[130.707869,32.86705],[130.707881,32.867033],[130.707897,32.866994],[130.707912,32.866948],[130.707934,32.866874],[130.70795,32.866783],[130.70795,32.866747],[130.708091,32.866653],[130.708202,32.866581],[130.708251,32.866539],[130.708303,32.866493],[130.708342,32.86646],[130.708387,32.866429],[130.708408,32.86641],[130.708416,32.866396],[130.708424,32.866377],[130.70843,32.866359],[130.708432,32.866332],[130.708432,32.866291],[130.708435,32.866052],[130.708497,32.866031],[130.708519,32.866019],[130.708548,32.865991],[130.708556,32.865973],[130.708585,32.865906],[130.708618,32.865847],[130.708652,32.865796],[130.708701,32.865703],[130.708733,32.865635],[130.708771,32.865551],[130.708827,32.86543],[130.708897,32.865269],[130.708944,32.865137],[130.709076,32.864754],[130.709011,32.864633],[130.708938,32.864597],[130.708889,32.864572],[130.708844,32.864549],[130.708798,32.864525],[130.708753,32.864506],[130.708701,32.86449],[130.708685,32.864483],[130.709007,32.863768],[130.70918,32.863389],[130.709429,32.862834],[130.709633,32.862364],[130.709574,32.862303],[130.709555,32.862272],[130.709557,32.862231],[130.709571,32.862076],[130.709582,32.862027],[130.709601,32.861974],[130.70963,32.861908],[130.70965,32.861863],[130.709682,32.86181],[130.709762,32.861687],[130.709964,32.861642],[130.710009,32.861625],[130.710237,32.861522],[130.710192,32.861415],[130.710181,32.861389],[130.710177,32.861367],[130.710178,32.86135],[130.71018,32.86133],[130.710188,32.861312],[130.7102,32.861301],[130.710227,32.861284],[130.710317,32.861252],[130.710518,32.861179],[130.710754,32.861093],[130.711395,32.860857],[130.712222,32.860599],[130.712211,32.86057],[130.712209,32.860562],[130.712152,32.860326],[130.712131,32.860209],[130.712093,32.859996],[130.712078,32.859848],[130.712066,32.859672],[130.712054,32.859485],[130.712026,32.859109],[130.712016,32.858971],[130.712015,32.858969],[130.712015,32.858968],[130.711999,32.858823],[130.711967,32.858609],[130.711947,32.858522],[130.711924,32.85842],[130.711903,32.858272],[130.711878,32.858023],[130.711811,32.857504],[130.711762,32.857095],[130.711687,32.856464],[130.711661,32.856308],[130.711612,32.856027],[130.711592,32.855905],[130.711575,32.855734],[130.711749,32.855712],[130.711822,32.855704],[130.711922,32.855692],[130.712021,32.855681],[130.712102,32.855673],[130.712097,32.855575],[130.712048,32.855214],[130.71218,32.855196],[130.712179,32.855173],[130.71216,32.854837],[130.712131,32.854468],[130.7121,32.854236],[130.712033,32.85393],[130.712024,32.853917],[130.712014,32.853908],[130.711992,32.853906],[130.711822,32.853934],[130.712063,32.853527],[130.712356,32.853023],[130.712907,32.852033],[130.713256,32.851406],[130.713576,32.850838],[130.714007,32.850065],[130.714239,32.849659],[130.714473,32.849235],[130.714676,32.848877],[130.714867,32.848543],[130.715281,32.848438],[130.71547,32.848397],[130.715581,32.848391],[130.7158,32.848342],[130.715862,32.848341],[130.716015,32.84835],[130.716303,32.848365],[130.716323,32.848294],[130.716331,32.848249],[130.716337,32.8482],[130.716335,32.848165],[130.71633,32.848121],[130.716325,32.848082],[130.716327,32.848062],[130.716341,32.848009],[130.716773,32.848011],[130.71748,32.850185],[130.717629,32.850647],[130.717661,32.850746],[130.717713,32.850881],[130.717788,32.851043],[130.717848,32.851155],[130.717901,32.851251],[130.71796,32.851351],[130.718105,32.851573],[130.718206,32.851711],[130.718272,32.851796],[130.718367,32.851904],[130.718432,32.851973],[130.71849,32.852033],[130.71856,32.852099],[130.718609,32.852142],[130.718663,32.852189],[130.718702,32.852221],[130.718798,32.852295],[130.718866,32.852347],[130.718976,32.852415],[130.719155,32.852525],[130.719185,32.852388],[130.719172,32.852298],[130.719129,32.85212],[130.719099,32.852004],[130.71909,32.85194],[130.71908,32.851896],[130.719028,32.851638],[130.719025,32.851579],[130.719029,32.851513],[130.719035,32.851423],[130.719161,32.851404],[130.719213,32.851423],[130.719245,32.851436],[130.719257,32.851439],[130.719273,32.851438],[130.719291,32.851426],[130.719336,32.8514],[130.719355,32.851391],[130.719383,32.85136],[130.719388,32.851344],[130.719388,32.851319],[130.719393,32.851244],[130.719397,32.851146],[130.719394,32.851039],[130.719389,32.850937],[130.719385,32.850883],[130.719375,32.850724],[130.719361,32.850526],[130.719342,32.850308],[130.719341,32.850298],[130.719335,32.850294],[130.71932,32.850288],[130.719301,32.850282],[130.719287,32.850278],[130.719263,32.850275],[130.719254,32.850169],[130.719246,32.850054],[130.719242,32.849912],[130.719154,32.849835],[130.7191,32.849808],[130.71899,32.849774],[130.718939,32.849743],[130.718902,32.849709],[130.718884,32.849664],[130.718894,32.849557],[130.718948,32.849291],[130.718954,32.849254],[130.718865,32.849242],[130.718803,32.849229],[130.71871,32.849206],[130.71865,32.849189],[130.718575,32.849169],[130.718506,32.849147],[130.718455,32.84913],[130.718423,32.84912],[130.718386,32.849111],[130.718351,32.849104],[130.718328,32.849098],[130.718298,32.849095],[130.718258,32.849092],[130.718215,32.849087],[130.718174,32.849082],[130.718146,32.849074],[130.718117,32.849062],[130.718092,32.849051],[130.718067,32.849038],[130.718049,32.849026],[130.718032,32.849009],[130.718025,32.848995],[130.718019,32.848983],[130.718014,32.848966],[130.718011,32.848949],[130.718006,32.848924],[130.718005,32.848902],[130.718004,32.848885],[130.718029,32.848882],[130.71806,32.848885],[130.718087,32.848888],[130.718128,32.848895],[130.718162,32.8489],[130.718208,32.848905],[130.71825,32.848906],[130.718275,32.848903],[130.718308,32.848886],[130.71833,32.848864],[130.718353,32.848839],[130.718366,32.848817],[130.718374,32.848796],[130.718377,32.848777],[130.718377,32.848753],[130.718375,32.848726],[130.718377,32.848705],[130.718384,32.848687],[130.718394,32.848668],[130.718407,32.848646],[130.718416,32.848627],[130.718422,32.848611],[130.718426,32.848594],[130.718429,32.848577],[130.718435,32.848545],[130.718438,32.848524],[130.718444,32.848499],[130.71845,32.848488],[130.718452,32.84848],[130.718457,32.848409],[130.718465,32.848353],[130.718471,32.848308],[130.718473,32.848293],[130.71847,32.848282],[130.718463,32.848269],[130.718458,32.848257],[130.718454,32.848248],[130.718451,32.84823],[130.71845,32.848216],[130.71845,32.848204],[130.71845,32.848196],[130.718458,32.848183],[130.718472,32.84816],[130.718482,32.848139],[130.718501,32.84809],[130.718515,32.848051],[130.718529,32.848009],[130.718537,32.847965],[130.718538,32.847918],[130.718542,32.847871],[130.718545,32.847828],[130.718546,32.847782],[130.718546,32.847738],[130.718549,32.847714],[130.718555,32.847697],[130.718557,32.847691],[130.718572,32.847649],[130.718582,32.847596],[130.718595,32.84752],[130.718595,32.847501],[130.718379,32.847454],[130.718314,32.847435],[130.718214,32.847408],[130.71811,32.847379],[130.718036,32.847357],[130.717854,32.847294],[130.717809,32.847279],[130.717792,32.84727],[130.717787,32.847263],[130.717787,32.847253],[130.717791,32.847236],[130.717801,32.847211],[130.717696,32.846891],[130.717619,32.846669],[130.717526,32.846424],[130.717433,32.846209],[130.717408,32.846171],[130.717353,32.84607],[130.717256,32.845913],[130.717196,32.845819],[130.717039,32.8456],[130.716969,32.845507],[130.717022,32.845407],[130.717076,32.845296],[130.717092,32.845245],[130.717104,32.845197],[130.717108,32.845154],[130.717108,32.845087],[130.717105,32.845013],[130.717099,32.844966],[130.717094,32.844929],[130.717096,32.844911],[130.717109,32.844879],[130.717141,32.844813],[130.717153,32.844806],[130.71715,32.844771],[130.717139,32.844681],[130.717135,32.844648],[130.717136,32.844558],[130.71713,32.844458],[130.717123,32.844325],[130.717161,32.844245],[130.717212,32.84412],[130.717309,32.843881],[130.717493,32.843429],[130.717595,32.843186],[130.717619,32.843132],[130.717815,32.842677],[130.718058,32.842114],[130.71829,32.841551],[130.718694,32.841413],[130.7188,32.841391],[130.718922,32.841376],[130.719019,32.841361],[130.719185,32.841326],[130.719308,32.841302],[130.719401,32.841297],[130.719458,32.841294],[130.719624,32.841299],[130.719897,32.841311],[130.72012,32.84133],[130.720295,32.84136],[130.7206,32.841396],[130.720574,32.841247],[130.720563,32.840999],[130.720551,32.840727],[130.72055,32.840546],[130.720382,32.840202],[130.720346,32.840139],[130.720338,32.840103],[130.720328,32.8398],[130.72031,32.839413],[130.720309,32.839383],[130.720299,32.839362],[130.720283,32.839346],[130.720262,32.839333],[130.719904,32.83909],[130.719831,32.83903],[130.719739,32.838958],[130.71971,32.838924],[130.719691,32.838903],[130.719657,32.838839],[130.71964,32.838793],[130.71963,32.838729],[130.719617,32.838696],[130.719598,32.838641],[130.719579,32.838606],[130.71957,32.838579],[130.719568,32.838548],[130.719579,32.838503],[130.719601,32.838463],[130.719623,32.838431],[130.719693,32.83834],[130.719711,32.83833],[130.719906,32.838323],[130.720321,32.838308],[130.720209,32.837866],[130.720182,32.837769],[130.720156,32.837685],[130.720065,32.837398],[130.720055,32.837281],[130.72006,32.837224],[130.720065,32.837174],[130.720077,32.837119],[130.720083,32.837075],[130.720087,32.837019],[130.720106,32.836941],[130.720131,32.836808],[130.720145,32.83672],[130.720169,32.836586],[130.720175,32.836541],[130.720179,32.836457],[130.720198,32.836354],[130.72022,32.836275],[130.720225,32.836232],[130.720238,32.836138],[130.720248,32.83609],[130.720259,32.836041],[130.720267,32.835997],[130.720279,32.835949],[130.720298,32.835909],[130.720319,32.835865],[130.720343,32.835823],[130.720375,32.835788],[130.720405,32.835752],[130.720476,32.835689],[130.720549,32.835627],[130.720745,32.835468],[130.720783,32.835437],[130.720819,32.835404],[130.720854,32.835365],[130.720883,32.835331],[130.720907,32.835291],[130.720925,32.835248],[130.720935,32.835208],[130.720927,32.835119],[130.720932,32.834842],[130.720926,32.834686],[130.720912,32.834587],[130.7209,32.834484],[130.72089,32.834434],[130.720826,32.834184],[130.720808,32.834138],[130.720782,32.834084],[130.720517,32.833495],[130.719957,32.833509],[130.719928,32.8329],[130.719923,32.8329],[130.719354,32.832908],[130.719358,32.833571],[130.718023,32.833586],[130.718003,32.833928],[130.718001,32.83402],[130.718004,32.834055],[130.718015,32.834138],[130.718025,32.834199],[130.718073,32.834449],[130.718109,32.83494],[130.718122,32.835212],[130.718122,32.835254],[130.71812,32.835277],[130.718109,32.835313],[130.718083,32.835406],[130.718052,32.836173],[130.718009,32.836365],[130.717885,32.836823],[130.717909,32.836942],[130.717915,32.837016],[130.717908,32.837074],[130.717895,32.837125],[130.717874,32.837181],[130.717845,32.837243],[130.717812,32.837301],[130.717767,32.837379],[130.717704,32.837475],[130.717609,32.837612],[130.717577,32.837653],[130.717446,32.837834],[130.717432,32.837871],[130.717427,32.837891],[130.717412,32.837921],[130.717392,32.838013],[130.717375,32.838095],[130.717778,32.838291],[130.717604,32.838545],[130.717495,32.838696],[130.717428,32.838805],[130.717372,32.838915],[130.717324,32.839047],[130.717276,32.839215],[130.717252,32.839341],[130.717243,32.839424],[130.717245,32.839886],[130.717247,32.840075],[130.717249,32.840208],[130.717257,32.840264],[130.717265,32.840334],[130.717265,32.840375],[130.717259,32.840415],[130.717246,32.840469],[130.717219,32.840564],[130.717177,32.84072],[130.717112,32.840943],[130.717099,32.840996],[130.717079,32.841063],[130.717014,32.841302],[130.716897,32.841357],[130.716783,32.841413],[130.716748,32.841428],[130.716734,32.841437],[130.716723,32.841454],[130.716714,32.841472],[130.716706,32.841499],[130.716695,32.84153],[130.716684,32.841555],[130.716674,32.841589],[130.71667,32.841614],[130.716669,32.841679],[130.716667,32.841867],[130.71667,32.842031],[130.716655,32.842317],[130.716649,32.842399],[130.716618,32.84285],[130.716614,32.842905],[130.71657,32.84316],[130.716537,32.843278],[130.716498,32.843364],[130.716471,32.84341],[130.716446,32.843449],[130.716411,32.843505],[130.716416,32.843807],[130.71642,32.843941],[130.716322,32.843953],[130.716246,32.843963],[130.716212,32.843967],[130.71618,32.843968],[130.716117,32.843968],[130.715978,32.843955],[130.715864,32.844213],[130.715727,32.844514],[130.715588,32.844822],[130.715519,32.844978],[130.715246,32.845504],[130.715156,32.845655],[130.715106,32.845735]]]}},{"type":"Feature","properties":{"YoutoName":null,"YoutoCode":0,"DistType":"特別用途地区","DistCode":14,"Pref":"熊本県","Citycode":"43100","Cityname":"熊本市","FNDate":null,"INNumber":null},"geometry":{"type":"Polygon","coordinates":[[[130.68063,32.728852],[130.680573,32.728748],[130.680415,32.728674],[130.68021,32.728507],[130.680077,32.728368],[130.679931,32.728196],[130.679716,32.727893],[130.67962,32.727664],[130.679542,32.727488],[130.679525,32.727421],[130.67951,32.727343],[130.679297,32.727319],[130.679018,32.727305],[130.678509,32.727297],[130.678281,32.727288],[130.678096,32.72729],[130.678094,32.72729],[130.678061,32.72729],[130.678088,32.727433],[130.678149,32.727616],[130.678217,32.727811],[130.678251,32.727905],[130.678301,32.728026],[130.678447,32.728318],[130.678511,32.728421],[130.678678,32.728657],[130.678753,32.728759],[130.678867,32.728895],[130.678948,32.729004],[130.679083,32.729146],[130.67918,32.729249],[130.67929,32.729379],[130.679371,32.729472],[130.679439,32.729552],[130.679575,32.72967],[130.679678,32.729759],[130.679967,32.729915],[130.680206,32.730033],[130.680204,32.73003],[130.680122,32.729863],[130.680269,32.729814],[130.6802,32.729604],[130.680062,32.729171],[130.68016,32.729145],[130.680235,32.729102],[130.680295,32.72905],[130.68035,32.72896],[130.68063,32.728852]]]}},{"type":"Feature","properties":{"YoutoName":null,"YoutoCode":0,"DistType":"特別用途地区","DistCode":14,"Pref":"熊本県","Citycode":"43100","Cityname":"熊本市","FNDate":null,"INNumber":null},"geometry":{"type":"Polygon","coordinates":[[[130.679036,32.724846],[130.679034,32.724803],[130.67899,32.724506],[130.678941,32.724203],[130.678859,32.723809],[130.678704,32.723007],[130.678594,32.722502],[130.678482,32.722083],[130.678369,32.72167],[130.678277,32.721656],[130.677993,32.721608],[130.677848,32.721585],[130.677441,32.721534],[130.677248,32.721514],[130.677077,32.721497],[130.676894,32.721477],[130.676885,32.721477],[130.676965,32.721761],[130.677119,32.722314],[130.677215,32.722744],[130.677294,32.723114],[130.677412,32.723724],[130.677496,32.724206],[130.677656,32.725],[130.678044,32.724918],[130.678169,32.724893],[130.678514,32.724849],[130.6788,32.724839],[130.679036,32.724846]]]}},{"type":"Feature","properties":{"YoutoName":null,"YoutoCode":0,"DistType":"特別用途地区","DistCode":14,"Pref":"熊本県","Citycode":"43100","Cityname":"熊本市","FNDate":null,"INNumber":null},"geometry":{"type":"Polygon","coordinates":[[[130.721673,32.703196],[130.724469,32.703255],[130.724868,32.703269],[130.724859,32.703844],[130.725278,32.703839],[130.725277,32.703887],[130.726159,32.704055],[130.726183,32.704131],[130.726683,32.704147],[130.727421,32.704111],[130.727817,32.704121],[130.727905,32.704123],[130.727967,32.70334],[130.727884,32.703339],[130.727433,32.703334],[130.725262,32.70329],[130.725254,32.702751],[130.724828,32.702737],[130.724826,32.702326],[130.724825,32.702205],[130.724358,32.702202],[130.722909,32.702295],[130.722491,32.702301],[130.722169,32.702307],[130.721952,32.702333],[130.72173,32.702379],[130.721548,32.702446],[130.721649,32.702577],[130.721673,32.703196]]]}},{"type":"Feature","properties":{"YoutoName":null,"YoutoCode":0,"DistType":"特別用途地区","DistCode":14,"Pref":"熊本県","Citycode":"43100","Cityname":"熊本市","FNDate":null,"INNumber":null},"geometry":{"type":"Polygon","coordinates":[[[130.740098,32.717105],[130.739719,32.717057],[130.739749,32.716839],[130.739699,32.716231],[130.739108,32.716322],[130.739059,32.716157],[130.738119,32.716441],[130.739053,32.717785],[130.739104,32.717931],[130.739076,32.718051],[130.738926,32.718228],[130.738736,32.718639],[130.738764,32.71873],[130.738539,32.718847],[130.738166,32.718861],[130.737926,32.718912],[130.737509,32.718891],[130.737545,32.718745],[130.736597,32.718706],[130.736684,32.718874],[130.736697,32.718899],[130.736664,32.71893],[130.736332,32.718776],[130.736296,32.718811],[130.736291,32.718815],[130.736379,32.718906],[130.736502,32.719059],[130.736572,32.7191],[130.736652,32.71911],[130.736809,32.719555],[130.738129,32.719627],[130.73814,32.720139],[130.738398,32.720196],[130.738717,32.720237],[130.73903,32.720266],[130.739065,32.72027],[130.739186,32.720369],[130.73927,32.720529],[130.739304,32.720592],[130.739471,32.72062],[130.739523,32.720383],[130.739628,32.719774],[130.739608,32.719772],[130.740098,32.717105]]]}},{"type":"Feature","properties":{"YoutoName":null,"YoutoCode":0,"DistType":"特別用途地区","DistCode":14,"Pref":"熊本県","Citycode":"43100","Cityname":"熊本市","FNDate":null,"INNumber":null},"geometry":{"type":"Polygon","coordinates":[[[130.690265,32.890706],[130.689923,32.890659],[130.689752,32.890632],[130.689679,32.890563],[130.689599,32.890484],[130.689518,32.890405],[130.689393,32.890293],[130.689206,32.890126],[130.689075,32.890009],[130.688994,32.889934],[130.688908,32.88986],[130.68882,32.889786],[130.688839,32.889781],[130.688935,32.889795],[130.688903,32.889785],[130.688866,32.889771],[130.688841,32.889755],[130.688773,32.88969],[130.688677,32.88961],[130.688504,32.889456],[130.688461,32.889418],[130.68834,32.889312],[130.688164,32.889156],[130.688146,32.889141],[130.688015,32.889018],[130.687903,32.888915],[130.687813,32.888842],[130.687732,32.88879],[130.6877,32.888774],[130.68766,32.888752],[130.687617,32.888734],[130.687547,32.88871],[130.687466,32.888682],[130.687393,32.888658],[130.687305,32.888625],[130.68728,32.888613],[130.687243,32.888582],[130.687223,32.888559],[130.687203,32.888536],[130.687178,32.8885],[130.687112,32.888401],[130.687056,32.888323],[130.686962,32.888169],[130.686913,32.888097],[130.686879,32.888051],[130.68686,32.888029],[130.68681,32.887986],[130.686794,32.887974],[130.686755,32.887955],[130.686684,32.887919],[130.686591,32.887876],[130.686525,32.887846],[130.686493,32.88783],[130.686461,32.887813],[130.686413,32.887784],[130.686392,32.887768],[130.686374,32.887751],[130.686363,32.88774],[130.686325,32.887807],[130.686293,32.887878],[130.686275,32.887901],[130.686099,32.888185],[130.68606,32.888246],[130.685981,32.888342],[130.685918,32.888434],[130.685883,32.888497],[130.685857,32.88855],[130.6858,32.888655],[130.685758,32.888724],[130.685703,32.888811],[130.685669,32.88887],[130.685696,32.888904],[130.685746,32.888961],[130.685799,32.889016],[130.685878,32.889096],[130.685941,32.889155],[130.685997,32.889206],[130.686045,32.88925],[130.686071,32.88927],[130.686035,32.889493],[130.686016,32.889791],[130.686,32.890141],[130.686027,32.890141],[130.686051,32.890145],[130.686134,32.890161],[130.686166,32.890168],[130.686241,32.890183],[130.686321,32.890197],[130.686403,32.89021],[130.686528,32.890219],[130.686652,32.890227],[130.686777,32.89023],[130.686872,32.890233],[130.687129,32.890241],[130.687099,32.890279],[130.687123,32.890281],[130.687136,32.890283],[130.687154,32.89029],[130.687168,32.890296],[130.687193,32.890315],[130.687254,32.890366],[130.687361,32.890445],[130.687549,32.890591],[130.687693,32.890706],[130.687712,32.890722],[130.687812,32.890806],[130.687911,32.890894],[130.687946,32.890918],[130.687973,32.890933],[130.68806,32.890986],[130.688103,32.89101],[130.688117,32.890993],[130.688221,32.891049],[130.68826,32.891074],[130.688287,32.891094],[130.688301,32.891109],[130.688358,32.891157],[130.688417,32.891223],[130.688448,32.891265],[130.688493,32.891325],[130.688527,32.891364],[130.688546,32.891384],[130.688579,32.89141],[130.68865,32.891443],[130.689322,32.891056],[130.689361,32.891067],[130.689446,32.891089],[130.689477,32.891093],[130.68966,32.891118],[130.689781,32.891137],[130.689807,32.891146],[130.689998,32.891157],[130.690193,32.891161],[130.690247,32.890744],[130.690265,32.890706]]]}},{"type":"Feature","properties":{"YoutoName":null,"YoutoCode":0,"DistType":"特別用途地区","DistCode":14,"Pref":"熊本県","Citycode":"43100","Cityname":"熊本市","FNDate":null,"INNumber":null},"geometry":{"type":"Polygon","coordinates":[[[130.693108,32.907702],[130.693107,32.9076],[130.693105,32.907394],[130.693098,32.906787],[130.693076,32.906292],[130.693061,32.905865],[130.693022,32.904698],[130.693006,32.903918],[130.693005,32.903338],[130.693006,32.903234],[130.692973,32.902642],[130.692956,32.902415],[130.69292,32.901919],[130.692903,32.901703],[130.692895,32.901581],[130.692675,32.901572],[130.692374,32.901544],[130.692341,32.901531],[130.692251,32.901496],[130.691919,32.901508],[130.691787,32.901122],[130.691781,32.90106],[130.69178,32.900946],[130.69178,32.900935],[130.69178,32.900763],[130.691778,32.900618],[130.691778,32.90048],[130.691779,32.900387],[130.691779,32.900258],[130.691782,32.900181],[130.69178,32.90012],[130.691774,32.900084],[130.691763,32.899924],[130.691761,32.899834],[130.691765,32.899671],[130.69176,32.899455],[130.691756,32.899365],[130.691755,32.899314],[130.691575,32.899325],[130.691532,32.899325],[130.691441,32.899326],[130.690787,32.897841],[130.690755,32.897767],[130.690556,32.897795],[130.690151,32.897864],[130.690053,32.897594],[130.689636,32.897655],[130.689401,32.89771],[130.689523,32.897976],[130.690063,32.899114],[130.691343,32.901888],[130.691483,32.902181],[130.691535,32.90231],[130.691573,32.902418],[130.69161,32.902529],[130.691642,32.902656],[130.691676,32.902792],[130.691705,32.90298],[130.691725,32.903159],[130.691743,32.903301],[130.691748,32.90348],[130.691784,32.904048],[130.691787,32.904117],[130.691819,32.905684],[130.691848,32.906577],[130.691852,32.907617],[130.691852,32.907712],[130.693101,32.907702],[130.693108,32.907702]]]}},{"type":"Feature","properties":{"YoutoName":null,"YoutoCode":0,"DistType":"特別用途地区","DistCode":14,"Pref":"熊本県","Citycode":"43100","Cityname":"熊本市","FNDate":null,"INNumber":null},"geometry":{"type":"Polygon","coordinates":[[[130.690265,32.890706],[130.690643,32.890757],[130.690643,32.890801],[130.691001,32.890852],[130.691211,32.890883],[130.691264,32.89089],[130.691469,32.890919],[130.691543,32.890929],[130.691609,32.890938],[130.691668,32.890947],[130.69171,32.890953],[130.692066,32.891],[130.692067,32.890833],[130.692058,32.890694],[130.692049,32.890597],[130.692029,32.890545],[130.691973,32.890458],[130.691986,32.890011],[130.692002,32.889708],[130.692011,32.889619],[130.692012,32.889618],[130.692006,32.889356],[130.691945,32.889058],[130.691919,32.888896],[130.691912,32.888742],[130.691927,32.888601],[130.692027,32.88814],[130.692112,32.887835],[130.692236,32.887303],[130.692295,32.886896],[130.69239,32.886583],[130.692604,32.886211],[130.69292,32.885732],[130.693077,32.885482],[130.693328,32.885086],[130.693838,32.884371],[130.694085,32.884019],[130.694095,32.884005],[130.694286,32.883745],[130.694364,32.883625],[130.694416,32.883477],[130.694459,32.883365],[130.694459,32.883364],[130.694486,32.883293],[130.694511,32.883249],[130.694731,32.883012],[130.694882,32.88285],[130.695081,32.882634],[130.695177,32.882547],[130.695369,32.882369],[130.695405,32.882342],[130.695577,32.882189],[130.69566,32.882107],[130.695765,32.882008],[130.695864,32.88193],[130.695967,32.881858],[130.695984,32.881847],[130.696039,32.881822],[130.695944,32.881763],[130.695979,32.881712],[130.696296,32.881251],[130.696552,32.880962],[130.697263,32.880163],[130.697747,32.87975],[130.697888,32.879632],[130.698087,32.879466],[130.698239,32.879339],[130.698403,32.879202],[130.69866,32.879016],[130.698678,32.879004],[130.698854,32.878885],[130.699019,32.878582],[130.698851,32.878571],[130.698728,32.878557],[130.698639,32.878552],[130.698621,32.878543],[130.698531,32.87853],[130.69827,32.878533],[130.698164,32.878533],[130.698109,32.878534],[130.69804,32.87853],[130.69794,32.87853],[130.69786,32.878529],[130.697811,32.878515],[130.697709,32.878476],[130.697682,32.878463],[130.69762,32.878524],[130.697684,32.878611],[130.697721,32.878657],[130.697742,32.878685],[130.69779,32.878729],[130.697802,32.878747],[130.697218,32.879208],[130.69737,32.87933],[130.697325,32.879367],[130.697301,32.879391],[130.697113,32.879539],[130.696943,32.879409],[130.696695,32.879613],[130.696427,32.879845],[130.696538,32.880265],[130.696659,32.880377],[130.696673,32.88039],[130.695979,32.880869],[130.695955,32.880872],[130.695929,32.880872],[130.695855,32.880852],[130.695835,32.880843],[130.69563,32.880782],[130.695578,32.880771],[130.695518,32.880781],[130.695211,32.880909],[130.694935,32.881074],[130.694674,32.88121],[130.694505,32.881315],[130.694289,32.881458],[130.693908,32.881711],[130.693344,32.882279],[130.693396,32.882573],[130.69336,32.882599],[130.693295,32.882652],[130.693237,32.882706],[130.693204,32.882741],[130.69292,32.88266],[130.692646,32.882879],[130.692646,32.882879],[130.692454,32.883032],[130.692419,32.883069],[130.692368,32.88312],[130.692343,32.883139],[130.692329,32.883144],[130.692305,32.883154],[130.692235,32.883176],[130.692176,32.883198],[130.692109,32.883233],[130.69207,32.883259],[130.69204,32.883283],[130.691987,32.883329],[130.691929,32.883385],[130.691862,32.883442],[130.691828,32.883466],[130.691771,32.883505],[130.691746,32.883527],[130.691728,32.883543],[130.691717,32.883561],[130.691705,32.883596],[130.691694,32.883664],[130.691681,32.883751],[130.691664,32.883843],[130.691655,32.883859],[130.691632,32.883915],[130.691632,32.883925],[130.691635,32.88395],[130.69163,32.883999],[130.691619,32.884117],[130.691606,32.884202],[130.691586,32.884291],[130.691552,32.884426],[130.691535,32.884489],[130.691503,32.884585],[130.691463,32.884684],[130.691427,32.88478],[130.691405,32.88485],[130.691393,32.884894],[130.691385,32.884946],[130.691381,32.884989],[130.691379,32.885043],[130.691375,32.885076],[130.691365,32.885114],[130.691387,32.885133],[130.691419,32.885185],[130.691419,32.885204],[130.691407,32.885277],[130.691397,32.885352],[130.691388,32.885438],[130.691371,32.88553],[130.691364,32.885579],[130.691356,32.885646],[130.691356,32.885691],[130.691352,32.885747],[130.691338,32.885806],[130.691332,32.885861],[130.691318,32.885935],[130.691316,32.88598],[130.691306,32.886054],[130.691293,32.886063],[130.691252,32.886056],[130.691221,32.886049],[130.691142,32.886036],[130.691068,32.886024],[130.690964,32.886015],[130.69094,32.88602],[130.690919,32.886029],[130.690906,32.886038],[130.690896,32.886046],[130.690881,32.886062],[130.69087,32.88608],[130.690859,32.886101],[130.690854,32.886117],[130.690843,32.886164],[130.690833,32.886224],[130.690825,32.886273],[130.690824,32.886281],[130.690818,32.886312],[130.690811,32.886338],[130.690802,32.886354],[130.690774,32.886433],[130.690743,32.886575],[130.69029,32.888282],[130.690315,32.888471],[130.690325,32.888498],[130.690335,32.888749],[130.690332,32.888791],[130.690334,32.888868],[130.690335,32.888922],[130.69034,32.889001],[130.690344,32.889071],[130.690346,32.889099],[130.690349,32.889151],[130.690351,32.889247],[130.690352,32.889278],[130.69035,32.889354],[130.690346,32.889387],[130.690345,32.889462],[130.690335,32.889671],[130.690323,32.889907],[130.690315,32.889955],[130.690309,32.890086],[130.690307,32.890244],[130.690301,32.890448],[130.690298,32.89051],[130.690296,32.89056],[130.690284,32.890662],[130.690265,32.890706]]]}},{"type":"Feature","properties":{"YoutoName":null,"YoutoCode":0,"DistType":"特別用途地区","DistCode":14,"Pref":"熊本県","Citycode":"43100","Cityname":"熊本市","FNDate":null,"INNumber":null},"geometry":{"type":"Polygon","coordinates":[[[130.678099,32.720652],[130.678036,32.7204],[130.677909,32.719914],[130.677688,32.719155],[130.677408,32.718063],[130.677342,32.71781],[130.67719,32.717193],[130.676636,32.715057],[130.676483,32.714422],[130.676346,32.713963],[130.676273,32.713685],[130.676213,32.713457],[130.676036,32.713453],[130.675789,32.713439],[130.675695,32.713487],[130.675692,32.713506],[130.675691,32.713522],[130.675693,32.713537],[130.675697,32.713555],[130.675711,32.713613],[130.675769,32.713833],[130.675798,32.713927],[130.675802,32.713938],[130.675811,32.713974],[130.675814,32.713989],[130.675847,32.71403],[130.675881,32.714156],[130.675897,32.714219],[130.675923,32.714319],[130.676023,32.714695],[130.676063,32.714845],[130.67608,32.71492],[130.676107,32.715033],[130.67609,32.715035],[130.676136,32.715208],[130.67616,32.715323],[130.676173,32.715372],[130.676225,32.715574],[130.676285,32.715803],[130.676303,32.715873],[130.676306,32.715884],[130.676314,32.715917],[130.676317,32.715928],[130.676411,32.716292],[130.676465,32.716496],[130.676501,32.716638],[130.676575,32.716918],[130.67665,32.717213],[130.676706,32.717416],[130.676765,32.717618],[130.676804,32.717758],[130.676829,32.717877],[130.676895,32.718137],[130.676918,32.718241],[130.676949,32.718354],[130.676966,32.718415],[130.676981,32.718473],[130.677025,32.718633],[130.677087,32.71886],[130.677091,32.718876],[130.677094,32.718885],[130.677095,32.718889],[130.677098,32.718902],[130.677107,32.718932],[130.677223,32.719381],[130.677229,32.719405],[130.677245,32.719468],[130.677251,32.719492],[130.677252,32.719494],[130.677305,32.719668],[130.677309,32.71968],[130.677384,32.719936],[130.677385,32.719936],[130.677389,32.719952],[130.677394,32.719969],[130.677403,32.72],[130.677406,32.72001],[130.677411,32.720024],[130.677479,32.720107],[130.677828,32.720603],[130.678099,32.720652]]]}},{"type":"Feature","properties":{"YoutoName":null,"YoutoCode":0,"DistType":"特別用途地区","DistCode":14,"Pref":"熊本県","Citycode":"43100","Cityname":"熊本市","FNDate":null,"INNumber":null},"geometry":{"type":"Polygon","coordinates":[[[130.716276,32.859182],[130.716218,32.859051],[130.716103,32.858885],[130.716078,32.858854],[130.716064,32.85885],[130.716051,32.858855],[130.715751,32.858985],[130.715461,32.859131],[130.715413,32.859061],[130.715397,32.859027],[130.715375,32.858984],[130.715352,32.858943],[130.715334,32.858897],[130.715271,32.858768],[130.715019,32.858868],[130.714854,32.858938],[130.714741,32.85899],[130.714634,32.859038],[130.714576,32.859064],[130.714442,32.859178],[130.714434,32.859196],[130.714244,32.859316],[130.714185,32.859346],[130.714149,32.859363],[130.714127,32.859374],[130.714109,32.859384],[130.714091,32.859395],[130.714066,32.859412],[130.714044,32.859439],[130.714009,32.859478],[130.713982,32.859509],[130.71396,32.859539],[130.713953,32.85955],[130.713925,32.85957],[130.713901,32.859585],[130.713875,32.859606],[130.713836,32.859643],[130.71373,32.859753],[130.713397,32.859936],[130.713232,32.860021],[130.713181,32.860048],[130.712795,32.860288],[130.712778,32.860304],[130.712769,32.860314],[130.712759,32.860328],[130.712693,32.860365],[130.712635,32.860395],[130.712582,32.860419],[130.712525,32.860444],[130.712476,32.860465],[130.712333,32.86052],[130.712236,32.860556],[130.712209,32.860562],[130.712211,32.86057],[130.712222,32.860599],[130.712557,32.86114],[130.713287,32.860691],[130.713979,32.860243],[130.71417,32.860487],[130.714188,32.860497],[130.71421,32.860499],[130.714231,32.860493],[130.714254,32.860483],[130.71427,32.860472],[130.714284,32.860461],[130.714295,32.860447],[130.7143,32.860434],[130.714302,32.860422],[130.714305,32.860402],[130.714306,32.860389],[130.714308,32.860374],[130.71431,32.860357],[130.71432,32.860349],[130.714329,32.860342],[130.714347,32.860337],[130.714357,32.860334],[130.714377,32.860332],[130.714404,32.860329],[130.714457,32.860329],[130.714532,32.860335],[130.714625,32.860344],[130.714648,32.860344],[130.714764,32.860338],[130.714788,32.860321],[130.714819,32.860308],[130.714849,32.860302],[130.714898,32.860294],[130.715089,32.860266],[130.715171,32.860222],[130.715309,32.860096],[130.715514,32.859871],[130.71583,32.859552],[130.716081,32.859542],[130.716276,32.859182]]]}},{"type":"Feature","properties":{"YoutoName":null,"YoutoCode":0,"DistType":"特別用途地区","DistCode":14,"Pref":"熊本県","Citycode":"43100","Cityname":"熊本市","FNDate":null,"INNumber":"市.746"},"geometry":{"type":"Polygon","coordinates":[[[130.726283,32.766195],[130.726275,32.766156],[130.726274,32.766015],[130.725713,32.765998],[130.72574,32.765723],[130.725553,32.765641],[130.725569,32.765471],[130.725569,32.765463],[130.725519,32.765519],[130.724806,32.766307],[130.724118,32.767076],[130.723527,32.766906],[130.723274,32.76684],[130.721665,32.766451],[130.72099,32.76628],[130.720994,32.765602],[130.721409,32.765641],[130.721766,32.765684],[130.72178,32.765371],[130.721802,32.765108],[130.721835,32.764884],[130.721904,32.764558],[130.721971,32.764273],[130.721987,32.764085],[130.721989,32.76405],[130.721791,32.764077],[130.721694,32.764091],[130.721616,32.764087],[130.721461,32.764056],[130.721316,32.764046],[130.72105,32.764032],[130.721068,32.763712],[130.720603,32.763709],[130.720335,32.763706],[130.72014,32.763688],[130.720031,32.763683],[130.719993,32.763679],[130.719653,32.763648],[130.719583,32.764572],[130.719213,32.76455],[130.719228,32.764312],[130.718452,32.764277],[130.718435,32.764345],[130.718427,32.764459],[130.718423,32.764779],[130.718429,32.764972],[130.718391,32.765357],[130.718365,32.765419],[130.717859,32.765226],[130.717828,32.765207],[130.717738,32.765124],[130.717436,32.765055],[130.717228,32.764982],[130.717084,32.764915],[130.716993,32.764863],[130.716874,32.764826],[130.716786,32.764798],[130.716671,32.764745],[130.716567,32.764711],[130.716414,32.764673],[130.716101,32.764606],[130.715856,32.76455],[130.715511,32.76449],[130.715335,32.764457],[130.715129,32.764396],[130.715045,32.764376],[130.714987,32.764377],[130.714941,32.764392],[130.714696,32.764283],[130.714373,32.764194],[130.714179,32.764128],[130.714041,32.764125],[130.713959,32.764123],[130.713888,32.764118],[130.713783,32.764102],[130.713498,32.764066],[130.713395,32.764077],[130.713282,32.764082],[130.713228,32.764079],[130.713137,32.764051],[130.712926,32.763988],[130.712863,32.76397],[130.712817,32.763949],[130.712777,32.763924],[130.712731,32.763882],[130.712666,32.76382],[130.712627,32.763776],[130.712581,32.763749],[130.712519,32.763716],[130.712387,32.763666],[130.712252,32.763618],[130.712116,32.763566],[130.712037,32.763513],[130.711884,32.763416],[130.711727,32.763299],[130.711594,32.763206],[130.711508,32.763152],[130.711432,32.763118],[130.71133,32.763076],[130.711223,32.763046],[130.711107,32.763021],[130.710928,32.762987],[130.709975,32.762783],[130.709876,32.762757],[130.709749,32.762741],[130.709214,32.762699],[130.708661,32.762652],[130.708543,32.762646],[130.707952,32.762622],[130.707419,32.762608],[130.707076,32.762581],[130.706625,32.762531],[130.706621,32.762817],[130.707144,32.762857],[130.707138,32.762952],[130.707237,32.762962],[130.707255,32.762909],[130.707721,32.762967],[130.707676,32.763528],[130.707668,32.763939],[130.706192,32.763584],[130.705812,32.763492],[130.705323,32.763398],[130.704862,32.76331],[130.704809,32.763291],[130.704536,32.763239],[130.704515,32.763225],[130.704441,32.763215],[130.703786,32.763124],[130.70327,32.763052],[130.703245,32.763048],[130.703279,32.763226],[130.703285,32.763277],[130.703271,32.763329],[130.703151,32.763517],[130.703224,32.763801],[130.703234,32.763841],[130.703234,32.763887],[130.703218,32.763944],[130.703188,32.764018],[130.703136,32.764137],[130.703123,32.764183],[130.703125,32.764234],[130.703131,32.764318],[130.703151,32.764509],[130.703149,32.764548],[130.703142,32.764586],[130.70309,32.764722],[130.703066,32.764828],[130.70304,32.765047],[130.703017,32.765046],[130.701989,32.764993],[130.701981,32.765068],[130.701975,32.765093],[130.701976,32.765407],[130.701973,32.7656],[130.70194,32.765903],[130.701934,32.765935],[130.701906,32.766058],[130.701878,32.766161],[130.701867,32.766228],[130.701843,32.76639],[130.701831,32.766492],[130.701794,32.767005],[130.701779,32.767108],[130.701736,32.767143],[130.701668,32.767198],[130.701651,32.767308],[130.701551,32.767712],[130.701476,32.767911],[130.701412,32.768163],[130.701643,32.768196],[130.701649,32.768236],[130.701672,32.768358],[130.701688,32.768453],[130.701696,32.768563],[130.701705,32.768666],[130.701739,32.768787],[130.701743,32.768833],[130.701742,32.768908],[130.701728,32.768966],[130.701723,32.768986],[130.70171,32.769017],[130.701688,32.769041],[130.701635,32.769064],[130.701555,32.769084],[130.701465,32.769083],[130.701453,32.769124],[130.70206,32.769186],[130.702916,32.769268],[130.703833,32.76934],[130.703832,32.769406],[130.703748,32.770294],[130.703764,32.770353],[130.703753,32.770568],[130.703724,32.770958],[130.703715,32.771037],[130.703695,32.771138],[130.703661,32.771224],[130.703834,32.771219],[130.703937,32.771224],[130.704192,32.77129],[130.704386,32.77134],[130.70474,32.771377],[130.704952,32.771394],[130.705069,32.771396],[130.705215,32.771382],[130.70601,32.771451],[130.70633,32.771503],[130.70647,32.771518],[130.707418,32.771594],[130.708219,32.771659],[130.708304,32.771659],[130.708291,32.771463],[130.708297,32.771353],[130.708322,32.770999],[130.708343,32.770755],[130.70838,32.770629],[130.708407,32.770535],[130.708417,32.770409],[130.708442,32.770206],[130.708469,32.769989],[130.70848,32.769646],[130.708501,32.769375],[130.708516,32.769277],[130.708572,32.769033],[130.708595,32.768934],[130.708618,32.768745],[130.708622,32.768597],[130.708624,32.768481],[130.708651,32.768174],[130.708695,32.767756],[130.708746,32.767732],[130.709829,32.767797],[130.709878,32.767783],[130.709908,32.7674],[130.709936,32.767073],[130.709991,32.767055],[130.710023,32.766871],[130.709892,32.76685],[130.709908,32.766769],[130.709916,32.766544],[130.709995,32.765818],[130.710094,32.765722],[130.710139,32.765272],[130.710174,32.764956],[130.710207,32.764712],[130.71064,32.764737],[130.710787,32.764743],[130.711033,32.764796],[130.711254,32.76484],[130.711442,32.76486],[130.71154,32.764874],[130.711593,32.764875],[130.711621,32.764858],[130.712387,32.765042],[130.712387,32.765926],[130.712414,32.765991],[130.712339,32.766997],[130.712597,32.767021],[130.713351,32.767068],[130.713529,32.767059],[130.713837,32.767078],[130.714349,32.767099],[130.714619,32.767159],[130.714645,32.767095],[130.714693,32.766398],[130.714998,32.766411],[130.715296,32.766443],[130.715849,32.766507],[130.716203,32.766541],[130.716204,32.766665],[130.716573,32.766724],[130.716556,32.766843],[130.716569,32.766854],[130.716966,32.766899],[130.717183,32.766926],[130.718189,32.767058],[130.71814,32.767311],[130.718134,32.767341],[130.718137,32.767368],[130.718162,32.767488],[130.718165,32.767525],[130.718164,32.767582],[130.718182,32.768191],[130.718607,32.768187],[130.719043,32.768294],[130.719084,32.768187],[130.720127,32.767691],[130.720326,32.767587],[130.720605,32.767504],[130.721268,32.767666],[130.722143,32.767867],[130.722313,32.767908],[130.72233,32.767768],[130.722393,32.767771],[130.722402,32.767697],[130.722636,32.767706],[130.722657,32.767715],[130.722665,32.767728],[130.722738,32.76798],[130.722765,32.768024],[130.722784,32.768041],[130.722817,32.768053],[130.723206,32.768104],[130.722457,32.768937],[130.721962,32.769498],[130.720115,32.771544],[130.719637,32.772157],[130.718917,32.773091],[130.718778,32.773281],[130.718241,32.773238],[130.718082,32.773223],[130.718035,32.773757],[130.71807,32.773792],[130.718034,32.774126],[130.718016,32.774304],[130.717868,32.77429],[130.717578,32.774259],[130.71756,32.774256],[130.717559,32.774273],[130.717531,32.774596],[130.717508,32.774879],[130.717489,32.775239],[130.717147,32.775225],[130.716771,32.775211],[130.716696,32.77567],[130.716659,32.776002],[130.71664,32.776204],[130.71629,32.776186],[130.715771,32.776164],[130.715271,32.77615],[130.714737,32.776149],[130.714246,32.776132],[130.713783,32.776086],[130.713724,32.776312],[130.713697,32.776653],[130.713673,32.776979],[130.713629,32.777017],[130.713607,32.777368],[130.71359,32.777827],[130.713577,32.77805],[130.713585,32.778049],[130.713971,32.778061],[130.714425,32.778075],[130.7147,32.778086],[130.714714,32.778115],[130.714694,32.778486],[130.714673,32.77878],[130.714659,32.778861],[130.71464,32.779012],[130.714617,32.779101],[130.714554,32.77931],[130.714476,32.779615],[130.714406,32.77989],[130.714359,32.780059],[130.714326,32.780216],[130.714307,32.780314],[130.714306,32.780353],[130.71432,32.780621],[130.714332,32.780886],[130.714339,32.781022],[130.714345,32.781313],[130.714298,32.781647],[130.714292,32.781979],[130.714284,32.782043],[130.714264,32.782117],[130.714219,32.782272],[130.71418,32.782741],[130.71415,32.783116],[130.713878,32.783082],[130.713425,32.783021],[130.713094,32.782974],[130.713014,32.782967],[130.712689,32.782939],[130.712209,32.782896],[130.71184,32.782873],[130.711824,32.782845],[130.711845,32.782596],[130.711871,32.78234],[130.711897,32.782084],[130.711938,32.781621],[130.71196,32.78137],[130.711986,32.780988],[130.711838,32.780951],[130.711684,32.780918],[130.711598,32.780906],[130.711505,32.780894],[130.711409,32.780888],[130.710995,32.780886],[130.710971,32.780883],[130.710928,32.780876],[130.710883,32.780865],[130.710753,32.780826],[130.710416,32.780786],[130.710056,32.780744],[130.710021,32.780859],[130.709763,32.780834],[130.70952,32.780799],[130.709189,32.780757],[130.709273,32.78021],[130.709416,32.779392],[130.70899,32.779314],[130.708663,32.779257],[130.708649,32.779311],[130.708398,32.779796],[130.708343,32.779896],[130.70827,32.780191],[130.708234,32.780327],[130.708209,32.780392],[130.707947,32.780792],[130.707864,32.780703],[130.707819,32.780662],[130.707764,32.780639],[130.70769,32.78063],[130.707459,32.780622],[130.707361,32.780626],[130.707261,32.78066],[130.707234,32.78081],[130.707204,32.780994],[130.707177,32.781139],[130.707135,32.781363],[130.707098,32.781592],[130.707075,32.781782],[130.707049,32.781973],[130.707032,32.782143],[130.707012,32.782329],[130.706991,32.782505],[130.706972,32.782671],[130.706957,32.782836],[130.70695,32.782913],[130.706947,32.782918],[130.706886,32.78301],[130.707195,32.78314],[130.707669,32.783344],[130.707778,32.78339],[130.708232,32.783583],[130.708244,32.783587],[130.70851,32.783702],[130.708814,32.783832],[130.709217,32.784003],[130.709163,32.784078],[130.709389,32.784157],[130.709642,32.784268],[130.710037,32.784448],[130.710501,32.784654],[130.710585,32.784688],[130.710758,32.784829],[130.711113,32.785119],[130.711109,32.785197],[130.711046,32.78532],[130.710993,32.785435],[130.711094,32.785511],[130.711124,32.785535],[130.711148,32.785558],[130.711183,32.785602],[130.7112,32.785626],[130.711212,32.785649],[130.711237,32.7857],[130.711272,32.785801],[130.711447,32.785823],[130.711745,32.785851],[130.711964,32.785872],[130.712077,32.785883],[130.712269,32.785904],[130.712679,32.785945],[130.712784,32.785955],[130.7128,32.785957],[130.71282,32.785966],[130.71284,32.785981],[130.712857,32.785999],[130.712866,32.786015],[130.712869,32.786026],[130.712871,32.786036],[130.71287,32.786054],[130.712865,32.786099],[130.712829,32.786275],[130.71278,32.786513],[130.712761,32.786602],[130.712437,32.788352],[130.712077,32.789067],[130.711681,32.789822],[130.71165,32.789989],[130.711903,32.790267],[130.711984,32.790351],[130.712052,32.790407],[130.712222,32.790545],[130.712348,32.790623],[130.712408,32.790667],[130.712469,32.790723],[130.712503,32.790761],[130.712557,32.790834],[130.712607,32.790908],[130.712739,32.791059],[130.712686,32.791157],[130.712713,32.791165],[130.713067,32.791277],[130.713072,32.791279],[130.713077,32.79128],[130.713898,32.791525],[130.715776,32.792101],[130.71574,32.791238],[130.715695,32.790488],[130.716571,32.790557],[130.717038,32.790631],[130.717668,32.790712],[130.717991,32.790756],[130.718133,32.790665],[130.718157,32.790635],[130.718228,32.790545],[130.718235,32.790212],[130.71824,32.789386],[130.718251,32.789236],[130.718128,32.789056],[130.718131,32.788858],[130.718143,32.788503],[130.718126,32.788211],[130.718111,32.787779],[130.718782,32.788066],[130.719678,32.788445],[130.719679,32.787943],[130.71969,32.786658],[130.719331,32.786617],[130.719219,32.786603],[130.718913,32.786569],[130.718518,32.78653],[130.718178,32.786501],[130.718211,32.78625],[130.718242,32.786055],[130.718252,32.78587],[130.718033,32.785845],[130.717729,32.78581],[130.717447,32.785783],[130.717115,32.785756],[130.716755,32.785729],[130.716336,32.785697],[130.716336,32.78564],[130.716054,32.785615],[130.715812,32.785589],[130.715776,32.785586],[130.715749,32.785582],[130.7157,32.78557],[130.715485,32.785502],[130.715443,32.785494],[130.715266,32.785473],[130.71524,32.785305],[130.715234,32.78527],[130.715229,32.785252],[130.715219,32.785234],[130.715206,32.785216],[130.715191,32.785203],[130.715168,32.785191],[130.715112,32.785009],[130.715024,32.784763],[130.715052,32.78436],[130.715068,32.784031],[130.715127,32.783604],[130.715148,32.783453],[130.715174,32.783221],[130.715313,32.783224],[130.715361,32.78295],[130.715407,32.782672],[130.715423,32.782486],[130.71545,32.782189],[130.715474,32.782046],[130.715491,32.781825],[130.715513,32.781591],[130.715555,32.781194],[130.71559,32.781047],[130.71562,32.78083],[130.715663,32.780238],[130.715678,32.78024],[130.715987,32.780262],[130.716336,32.780289],[130.716634,32.780313],[130.716862,32.780327],[130.717343,32.780354],[130.717598,32.780362],[130.717845,32.780362],[130.718022,32.780362],[130.718024,32.780358],[130.718024,32.780346],[130.718022,32.780103],[130.718048,32.779866],[130.718073,32.77971],[130.71813,32.779376],[130.718369,32.779399],[130.718408,32.778948],[130.718429,32.778649],[130.718456,32.778286],[130.718446,32.778053],[130.71846,32.777733],[130.718481,32.77746],[130.718504,32.777125],[130.718521,32.77683],[130.71856,32.776365],[130.718186,32.776319],[130.718285,32.776187],[130.718518,32.775861],[130.718673,32.775639],[130.718873,32.775356],[130.719074,32.775078],[130.719159,32.774962],[130.719451,32.774555],[130.719644,32.774281],[130.719951,32.773858],[130.720109,32.773876],[130.720338,32.773893],[130.72055,32.773916],[130.720747,32.773937],[130.720904,32.77395],[130.720948,32.773839],[130.72098,32.773774],[130.721016,32.773714],[130.721038,32.773681],[130.721075,32.77363],[130.721141,32.773553],[130.721224,32.773458],[130.721292,32.773381],[130.721327,32.773342],[130.721368,32.773298],[130.721383,32.773281],[130.721419,32.773219],[130.721486,32.773094],[130.721711,32.77271],[130.721904,32.772421],[130.722129,32.772117],[130.722361,32.771839],[130.722596,32.771544],[130.722868,32.771209],[130.723137,32.770907],[130.723384,32.770645],[130.7234,32.77062],[130.723446,32.770541],[130.723502,32.77042],[130.723563,32.770294],[130.723609,32.770218],[130.723682,32.770116],[130.723767,32.770001],[130.724094,32.769385],[130.724225,32.769135],[130.724578,32.768598],[130.72477,32.768277],[130.724801,32.768237],[130.724898,32.768137],[130.725045,32.768058],[130.725185,32.767996],[130.725255,32.767968],[130.725327,32.767932],[130.725486,32.767852],[130.725516,32.767469],[130.725551,32.767197],[130.725566,32.766967],[130.725801,32.766767],[130.725922,32.766672],[130.72609,32.766465],[130.726242,32.766267],[130.726274,32.766217],[130.726283,32.766195]]]}},{"type":"Feature","properties":{"YoutoName":null,"YoutoCode":0,"DistType":"特別用途地区","DistCode":14,"Pref":"熊本県","Citycode":"43100","Cityname":"熊本市","FNDate":null,"INNumber":null},"geometry":{"type":"Polygon","coordinates":[[[130.727614,32.856503],[130.727529,32.85635],[130.727413,32.85617],[130.727207,32.855847],[130.727159,32.855746],[130.727008,32.855562],[130.726965,32.855501],[130.726937,32.855459],[130.726899,32.855377],[130.726897,32.855373],[130.72614,32.854932],[130.725716,32.854705],[130.724859,32.854265],[130.72478,32.854223],[130.72464,32.85415],[130.724414,32.854031],[130.724136,32.853879],[130.723906,32.853759],[130.723549,32.853573],[130.723136,32.853367],[130.722926,32.85326],[130.723303,32.85319],[130.723266,32.853053],[130.723365,32.853005],[130.723156,32.852958],[130.723015,32.852897],[130.722817,32.852812],[130.722643,32.852765],[130.72256,32.852743],[130.722472,32.852743],[130.722354,32.852683],[130.722304,32.852652],[130.722186,32.85258],[130.722119,32.852548],[130.721949,32.852519],[130.721931,32.852515],[130.721863,32.852512],[130.721822,32.852481],[130.72176,32.852399],[130.721648,32.852254],[130.721563,32.852146],[130.721518,32.852091],[130.721486,32.852075],[130.721434,32.852034],[130.721343,32.851973],[130.721145,32.851863],[130.721061,32.851831],[130.720979,32.851802],[130.720902,32.851734],[130.72082,32.851638],[130.720759,32.851537],[130.720696,32.851453],[130.720631,32.851344],[130.720525,32.851366],[130.720302,32.851369],[130.720209,32.851351],[130.720152,32.85135],[130.720053,32.851311],[130.719992,32.851304],[130.719867,32.851309],[130.719679,32.851302],[130.719677,32.851352],[130.71967,32.851423],[130.719663,32.851491],[130.719654,32.85157],[130.71964,32.851668],[130.719621,32.851804],[130.719616,32.851837],[130.719608,32.851922],[130.71961,32.85198],[130.719616,32.852057],[130.719597,32.85224],[130.719658,32.85227],[130.719658,32.852316],[130.719663,32.852358],[130.719669,32.852386],[130.719676,32.852424],[130.719696,32.852463],[130.719725,32.852529],[130.719762,32.852615],[130.719797,32.852695],[130.719822,32.852753],[130.719862,32.852843],[130.719893,32.852936],[130.719909,32.852994],[130.71992,32.853023],[130.719955,32.853113],[130.720016,32.853319],[130.720066,32.85342],[130.720111,32.853484],[130.720371,32.853698],[130.721073,32.853557],[130.721729,32.85389],[130.722272,32.854163],[130.722466,32.854258],[130.723216,32.854651],[130.725436,32.855799],[130.725722,32.855955],[130.726475,32.856424],[130.726486,32.856515],[130.7265,32.856592],[130.726509,32.856656],[130.726512,32.856734],[130.726517,32.856873],[130.72693,32.856755],[130.727259,32.856647],[130.727614,32.856503]]]}},{"type":"Feature","properties":{"YoutoName":null,"YoutoCode":0,"DistType":"特別用途地区","DistCode":14,"Pref":"熊本県","Citycode":"43100","Cityname":"熊本市","FNDate":null,"INNumber":null},"geometry":{"type":"Polygon","coordinates":[[[130.71028,32.839943],[130.709686,32.839942],[130.709715,32.83938],[130.709759,32.838504],[130.709451,32.838479],[130.709316,32.838459],[130.709172,32.838428],[130.709137,32.83899],[130.709089,32.83978],[130.709075,32.840204],[130.70905,32.84045],[130.709019,32.840703],[130.708969,32.840992],[130.708931,32.841208],[130.708928,32.841239],[130.708901,32.841378],[130.708893,32.841428],[130.708873,32.841537],[130.708859,32.84163],[130.70885,32.841689],[130.708844,32.841754],[130.708821,32.842108],[130.708818,32.842324],[130.708822,32.842499],[130.708833,32.842793],[130.708836,32.842824],[130.708842,32.842951],[130.70883,32.843114],[130.708818,32.843217],[130.708809,32.843263],[130.7088,32.843299],[130.708736,32.843468],[130.708708,32.84354],[130.708691,32.843592],[130.708677,32.84362],[130.708671,32.843645],[130.708668,32.843673],[130.708665,32.843722],[130.708663,32.843768],[130.708652,32.843813],[130.708639,32.843851],[130.708613,32.843898],[130.708583,32.843947],[130.708539,32.844012],[130.708438,32.844153],[130.708067,32.844637],[130.707952,32.844792],[130.707324,32.845682],[130.707393,32.845693],[130.707456,32.845699],[130.707543,32.845722],[130.707928,32.845839],[130.708314,32.845289],[130.70839,32.845294],[130.708495,32.845296],[130.708612,32.845287],[130.708691,32.84527],[130.708772,32.845245],[130.708843,32.845224],[130.708882,32.845215],[130.708926,32.845207],[130.70898,32.845206],[130.709022,32.845211],[130.709058,32.845223],[130.709085,32.845236],[130.70932,32.844923],[130.709368,32.844859],[130.709498,32.844685],[130.709565,32.844584],[130.70963,32.844455],[130.709714,32.844293],[130.709775,32.844153],[130.709888,32.843832],[130.709926,32.843719],[130.709955,32.843605],[130.709962,32.843579],[130.709979,32.843481],[130.710005,32.843284],[130.710009,32.843236],[130.710028,32.843022],[130.710038,32.842812],[130.710041,32.842673],[130.710027,32.842175],[130.710012,32.841914],[130.710019,32.841858],[130.710102,32.841395],[130.710174,32.840943],[130.710215,32.840704],[130.710245,32.840563],[130.710245,32.840521],[130.71028,32.839943]]]}},{"type":"Feature","properties":{"YoutoName":null,"YoutoCode":0,"DistType":"特別用途地区","DistCode":14,"Pref":"熊本県","Citycode":"43100","Cityname":"熊本市","FNDate":null,"INNumber":null},"geometry":{"type":"Polygon","coordinates":[[[130.742714,32.843503],[130.742038,32.843249],[130.74126,32.842926],[130.740817,32.842746],[130.740554,32.842628],[130.740401,32.842589],[130.740124,32.842481],[130.740082,32.842468],[130.740026,32.842493],[130.739844,32.843021],[130.739847,32.843222],[130.739856,32.844007],[130.740013,32.844138],[130.740017,32.844185],[130.740018,32.844191],[130.74002,32.844211],[130.740145,32.844279],[130.74037,32.844427],[130.740608,32.844593],[130.740669,32.844649],[130.740991,32.844863],[130.740948,32.844928],[130.740915,32.844914],[130.7408,32.845092],[130.741169,32.845144],[130.741254,32.845049],[130.741542,32.844745],[130.741549,32.844734],[130.741554,32.844724],[130.741564,32.84471],[130.741747,32.844513],[130.742327,32.843903],[130.742714,32.843503]]]}},{"type":"Feature","properties":{"YoutoName":null,"YoutoCode":0,"DistType":"特別用途地区","DistCode":14,"Pref":"熊本県","Citycode":"43100","Cityname":"熊本市","FNDate":null,"INNumber":null},"geometry":{"type":"Polygon","coordinates":[[[130.740848,32.84729],[130.740808,32.847061],[130.740773,32.846673],[130.740682,32.846268],[130.740645,32.845994],[130.740638,32.845887],[130.740644,32.84578],[130.740665,32.845671],[130.740722,32.845468],[130.740746,32.845367],[130.740756,32.845309],[130.740755,32.845263],[130.74075,32.845234],[130.740729,32.845167],[130.740708,32.845135],[130.740693,32.845113],[130.740657,32.845075],[130.740582,32.845028],[130.740494,32.844982],[130.740406,32.844933],[130.740351,32.844901],[130.740257,32.844834],[130.740193,32.844794],[130.740113,32.844745],[130.740036,32.844697],[130.739959,32.844649],[130.739851,32.844585],[130.73977,32.84454],[130.739724,32.844515],[130.739668,32.844485],[130.739596,32.84446],[130.739496,32.844428],[130.739354,32.844382],[130.739231,32.844341],[130.739135,32.844307],[130.739059,32.84428],[130.738985,32.844255],[130.738837,32.844196],[130.7388,32.844177],[130.738668,32.844095],[130.738498,32.843978],[130.738318,32.843852],[130.738161,32.843735],[130.738068,32.843667],[130.737973,32.843584],[130.737879,32.843514],[130.737799,32.843466],[130.737694,32.843427],[130.737359,32.843302],[130.73723,32.843251],[130.73705,32.843185],[130.736829,32.843101],[130.736537,32.842993],[130.736237,32.842885],[130.736038,32.842811],[130.735929,32.842764],[130.735899,32.842749],[130.735852,32.842725],[130.735756,32.842685],[130.73568,32.842645],[130.735596,32.842597],[130.735499,32.842528],[130.735314,32.842394],[130.73509,32.84223],[130.735018,32.842176],[130.734959,32.842141],[130.734905,32.842117],[130.734803,32.842102],[130.734658,32.842097],[130.734458,32.84209],[130.734383,32.842084],[130.73414,32.842077],[130.734037,32.84207],[130.733951,32.842056],[130.733565,32.842037],[130.733474,32.841955],[130.733366,32.841844],[130.733273,32.841748],[130.733106,32.841588],[130.73297,32.841455],[130.732855,32.841339],[130.732783,32.841267],[130.732252,32.840754],[130.732177,32.840688],[130.732113,32.840634],[130.732044,32.840587],[130.731947,32.840528],[130.731878,32.84049],[130.731855,32.840478],[130.731835,32.84052],[130.729899,32.840374],[130.727869,32.840356],[130.727872,32.840744],[130.727871,32.841762],[130.727867,32.842162],[130.727448,32.842126],[130.727033,32.842096],[130.72668,32.84207],[130.726431,32.842049],[130.725661,32.84199],[130.725185,32.841957],[130.725156,32.842447],[130.725054,32.844338],[130.725169,32.844342],[130.72599,32.844399],[130.726293,32.844412],[130.728912,32.844588],[130.72885,32.845217],[130.729624,32.845266],[130.730229,32.845309],[130.731155,32.845379],[130.731307,32.845387],[130.731324,32.845396],[130.731297,32.84569],[130.731363,32.845764],[130.731696,32.845721],[130.731915,32.845682],[130.731925,32.845894],[130.73194,32.846277],[130.731954,32.846544],[130.732222,32.846571],[130.732445,32.846593],[130.732656,32.84661],[130.733128,32.846668],[130.73332,32.846691],[130.733523,32.846717],[130.733772,32.846737],[130.733955,32.846752],[130.734033,32.84687],[130.734114,32.847031],[130.734223,32.847258],[130.734282,32.847368],[130.734386,32.847508],[130.734536,32.847444],[130.734563,32.847491],[130.734689,32.847419],[130.734722,32.84746],[130.734836,32.847413],[130.734964,32.847359],[130.735152,32.847285],[130.735515,32.847331],[130.735702,32.847352],[130.735776,32.847319],[130.73605,32.847514],[130.736314,32.847402],[130.736383,32.847411],[130.736879,32.847433],[130.737556,32.847474],[130.737868,32.84749],[130.738129,32.847503],[130.738257,32.847631],[130.73833,32.847698],[130.738371,32.847752],[130.738429,32.847841],[130.738432,32.847845],[130.738566,32.848078],[130.738589,32.848123],[130.738611,32.848116],[130.738801,32.848035],[130.73907,32.8479],[130.739331,32.847763],[130.73947,32.847686],[130.739666,32.847579],[130.739854,32.847475],[130.73995,32.84743],[130.740056,32.847393],[130.740248,32.847357],[130.740531,32.847335],[130.740814,32.847318],[130.740834,32.847301],[130.740834,32.847301],[130.740848,32.84729]]]}},{"type":"Feature","properties":{"YoutoName":null,"YoutoCode":0,"DistType":"特別用途地区","DistCode":14,"Pref":"熊本県","Citycode":"43100","Cityname":"熊本市","FNDate":null,"INNumber":null},"geometry":{"type":"Polygon","coordinates":[[[130.781594,32.841468],[130.781515,32.841416],[130.781476,32.841397],[130.781425,32.841374],[130.781267,32.841313],[130.78123,32.841296],[130.781227,32.841265],[130.78129,32.84115],[130.781317,32.841107],[130.781313,32.841089],[130.7813,32.84107],[130.781201,32.841024],[130.780973,32.840931],[130.780796,32.840851],[130.780651,32.840792],[130.780856,32.840448],[130.780641,32.839846],[130.780408,32.839248],[130.780165,32.838703],[130.779975,32.838319],[130.779667,32.837745],[130.779237,32.837018],[130.778958,32.836575],[130.778724,32.836211],[130.778515,32.835912],[130.778514,32.835913],[130.778168,32.83642],[130.778085,32.836539],[130.778242,32.836763],[130.778311,32.836867],[130.778763,32.837601],[130.779117,32.838241],[130.779289,32.838562],[130.779609,32.839255],[130.77975,32.839574],[130.780062,32.840398],[130.780119,32.840579],[130.780196,32.84085],[130.78028,32.841132],[130.780334,32.841341],[130.780384,32.841522],[130.780423,32.841665],[130.780458,32.841794],[130.780517,32.842017],[130.780559,32.842179],[130.780626,32.842434],[130.780687,32.842663],[130.78077,32.842967],[130.780926,32.842978],[130.781027,32.842983],[130.781124,32.842941],[130.781261,32.842957],[130.781351,32.842697],[130.781413,32.842519],[130.781471,32.842364],[130.781171,32.842275],[130.781224,32.842132],[130.781355,32.841818],[130.781526,32.841567],[130.781594,32.841468]]]}},{"type":"Feature","properties":{"YoutoName":null,"YoutoCode":0,"DistType":"特別用途地区","DistCode":14,"Pref":"熊本県","Citycode":"43100","Cityname":"熊本市","FNDate":null,"INNumber":null},"geometry":{"type":"Polygon","coordinates":[[[130.772765,32.843125],[130.772721,32.842929],[130.772704,32.842875],[130.772664,32.842807],[130.772605,32.842735],[130.772535,32.842629],[130.772436,32.842507],[130.772339,32.842401],[130.772175,32.842271],[130.772093,32.842189],[130.772017,32.842122],[130.771971,32.842105],[130.771854,32.842119],[130.771677,32.842035],[130.771587,32.842047],[130.77111,32.842967],[130.77143,32.843131],[130.771429,32.843191],[130.771429,32.843213],[130.771575,32.843279],[130.771953,32.843452],[130.771978,32.843472],[130.771993,32.843498],[130.772,32.84352],[130.77198,32.843834],[130.772105,32.843843],[130.772765,32.843125]]]}},{"type":"Feature","properties":{"YoutoName":null,"YoutoCode":0,"DistType":"特別用途地区","DistCode":14,"Pref":"熊本県","Citycode":"43100","Cityname":"熊本市","FNDate":null,"INNumber":null},"geometry":{"type":"Polygon","coordinates":[[[130.702908,32.811334],[130.702903,32.811136],[130.702893,32.811071],[130.702862,32.810951],[130.702809,32.810848],[130.702796,32.810815],[130.702744,32.810683],[130.702716,32.8106],[130.702709,32.810566],[130.702696,32.810459],[130.702692,32.810422],[130.702672,32.810162],[130.702669,32.81014],[130.702662,32.810124],[130.702647,32.81011],[130.702622,32.810095],[130.702538,32.810055],[130.702501,32.810043],[130.702201,32.809981],[130.702158,32.809975],[130.702102,32.809969],[130.70207,32.809967],[130.702026,32.809964],[130.701982,32.809964],[130.7019,32.809968],[130.701747,32.809988],[130.701668,32.809999],[130.701543,32.810015],[130.701428,32.810029],[130.701285,32.810046],[130.701196,32.810058],[130.701141,32.810065],[130.70107,32.810074],[130.700779,32.810119],[130.70072,32.810129],[130.700671,32.810138],[130.70063,32.810145],[130.700249,32.810258],[130.700002,32.810325],[130.699919,32.810354],[130.699891,32.810365],[130.69979,32.81041],[130.699689,32.810454],[130.699649,32.810469],[130.699624,32.810474],[130.699592,32.810481],[130.699535,32.810483],[130.69937,32.810478],[130.699152,32.810472],[130.698959,32.81047],[130.698635,32.810483],[130.698398,32.810485],[130.698285,32.810488],[130.698202,32.810492],[130.698143,32.810494],[130.698079,32.810496],[130.698049,32.81049],[130.698016,32.810482],[130.697992,32.810464],[130.697961,32.810438],[130.697936,32.810402],[130.697842,32.810268],[130.697551,32.810349],[130.697456,32.810062],[130.697459,32.810015],[130.697504,32.809879],[130.697504,32.809861],[130.697497,32.809823],[130.697437,32.809585],[130.697367,32.809385],[130.69735,32.809327],[130.69735,32.809299],[130.697355,32.809268],[130.697367,32.80923],[130.697389,32.809196],[130.697419,32.80916],[130.697457,32.809108],[130.697408,32.809007],[130.697382,32.80895],[130.697361,32.80889],[130.69735,32.808826],[130.697331,32.808753],[130.697303,32.808649],[130.697282,32.808577],[130.697271,32.808537],[130.69724,32.808475],[130.697224,32.808432],[130.69721,32.808396],[130.697181,32.808354],[130.69709,32.808252],[130.696942,32.808114],[130.696846,32.80802],[130.696756,32.807936],[130.696596,32.807805],[130.696503,32.807737],[130.696437,32.807693],[130.696362,32.807651],[130.696265,32.807609],[130.696176,32.807573],[130.696074,32.807547],[130.695999,32.807537],[130.695883,32.807572],[130.695665,32.807021],[130.695613,32.806885],[130.69495,32.807069],[130.694848,32.806827],[130.694802,32.806681],[130.694766,32.806526],[130.694746,32.806539],[130.694621,32.806619],[130.694614,32.806624],[130.694547,32.806665],[130.694354,32.806778],[130.694266,32.806838],[130.694171,32.80692],[130.69402,32.807061],[130.693914,32.807159],[130.693759,32.807303],[130.693669,32.807397],[130.693644,32.807415],[130.693618,32.807417],[130.693595,32.807402],[130.693515,32.807303],[130.693308,32.807412],[130.693257,32.807429],[130.693159,32.807444],[130.693084,32.807464],[130.693012,32.807496],[130.692947,32.807526],[130.692896,32.807544],[130.692261,32.807675],[130.691829,32.807715],[130.690816,32.807928],[130.69101,32.808495],[130.690389,32.808481],[130.68987,32.808898],[130.690224,32.809417],[130.688839,32.810115],[130.689202,32.810659],[130.690396,32.810046],[130.690708,32.810778],[130.690961,32.811406],[130.691019,32.811538],[130.691101,32.811784],[130.691137,32.81191],[130.691177,32.81207],[130.691211,32.812175],[130.691254,32.812267],[130.691295,32.812335],[130.691346,32.812402],[130.691418,32.812496],[130.691518,32.812592],[130.691557,32.812629],[130.691595,32.812655],[130.691639,32.812681],[130.691678,32.812703],[130.692144,32.81293],[130.692631,32.813164],[130.692778,32.813234],[130.692829,32.813256],[130.69287,32.81326],[130.692909,32.813258],[130.692938,32.81325],[130.692984,32.813221],[130.693015,32.813202],[130.693038,32.81318],[130.693066,32.81315],[130.693102,32.813122],[130.693149,32.813096],[130.69318,32.813083],[130.693229,32.813072],[130.693309,32.813053],[130.693371,32.813033],[130.693407,32.813022],[130.693451,32.813025],[130.693497,32.813036],[130.69369,32.813104],[130.693997,32.813226],[130.694077,32.813255],[130.694183,32.813275],[130.694425,32.813317],[130.694516,32.813325],[130.694593,32.813328],[130.694673,32.813326],[130.694771,32.813315],[130.694982,32.813296],[130.695183,32.813285],[130.695205,32.813286],[130.695216,32.813289],[130.695223,32.813292],[130.69523,32.813297],[130.69543,32.813615],[130.695671,32.814111],[130.6972,32.81362],[130.69742,32.813547],[130.698232,32.813275],[130.698398,32.813621],[130.698504,32.813839],[130.697781,32.814114],[130.697693,32.814141],[130.695927,32.814696],[130.69599,32.814868],[130.696063,32.815237],[130.696187,32.815832],[130.696249,32.81623],[130.69639,32.817071],[130.696557,32.817902],[130.696608,32.818166],[130.696654,32.818433],[130.69669,32.818759],[130.696791,32.819453],[130.696791,32.819499],[130.696781,32.819583],[130.696995,32.819602],[130.697222,32.819622],[130.697222,32.819782],[130.697221,32.819897],[130.697209,32.820027],[130.697185,32.820176],[130.697166,32.820262],[130.697144,32.82034],[130.697113,32.820421],[130.697073,32.820525],[130.697028,32.820641],[130.697092,32.821818],[130.69713,32.822493],[130.697226,32.822579],[130.697335,32.822651],[130.697401,32.822691],[130.69785,32.822914],[130.697984,32.823008],[130.698128,32.823142],[130.698233,32.823256],[130.698253,32.823305],[130.697215,32.825114],[130.697273,32.825102],[130.697284,32.825098],[130.697709,32.824963],[130.697732,32.824997],[130.697725,32.825025],[130.697642,32.825167],[130.697196,32.825931],[130.697132,32.826043],[130.697083,32.826127],[130.696881,32.826472],[130.69666,32.826886],[130.696523,32.827144],[130.696211,32.827676],[130.696114,32.827843],[130.696041,32.82796],[130.695781,32.828424],[130.696169,32.82858],[130.696301,32.82856],[130.696459,32.828521],[130.69653,32.828503],[130.696613,32.828484],[130.696721,32.828472],[130.696883,32.828378],[130.69695,32.828299],[130.696971,32.828276],[130.696986,32.828257],[130.697073,32.828152],[130.69717,32.828063],[130.697279,32.828002],[130.697369,32.827948],[130.6975,32.827872],[130.697752,32.827726],[130.697982,32.827587],[130.698252,32.827445],[130.698579,32.827275],[130.698841,32.827152],[130.699021,32.827044],[130.699797,32.826362],[130.700059,32.826143],[130.70044,32.825735],[130.700648,32.825567],[130.700734,32.825504],[130.701414,32.825054],[130.701676,32.82488],[130.701676,32.82488],[130.701685,32.824874],[130.701955,32.824682],[130.702007,32.824645],[130.702061,32.824591],[130.702079,32.824556],[130.702021,32.82445],[130.702086,32.824253],[130.70212,32.824134],[130.702145,32.823985],[130.702158,32.823824],[130.702167,32.823755],[130.702201,32.823631],[130.702251,32.823415],[130.702245,32.823384],[130.702193,32.823278],[130.70219,32.823242],[130.702249,32.822968],[130.702246,32.822919],[130.702234,32.822865],[130.702168,32.82269],[130.702165,32.822669],[130.702165,32.822607],[130.702171,32.822435],[130.702172,32.822352],[130.702166,32.822293],[130.702139,32.82221],[130.702057,32.822001],[130.702002,32.821884],[130.701975,32.821835],[130.701911,32.821742],[130.701805,32.821603],[130.701725,32.821502],[130.701689,32.821455],[130.701646,32.821409],[130.701588,32.821367],[130.701495,32.821309],[130.701418,32.821267],[130.701379,32.821239],[130.701241,32.821109],[130.701049,32.820959],[130.701249,32.820719],[130.701267,32.820696],[130.70127,32.820683],[130.701246,32.820654],[130.701106,32.820553],[130.701066,32.820522],[130.701054,32.820491],[130.701039,32.820442],[130.700999,32.820342],[130.700987,32.820298],[130.700978,32.820262],[130.70096,32.820233],[130.700936,32.820205],[130.700902,32.820187],[130.70085,32.820155],[130.70081,32.82013],[130.700798,32.820106],[130.700798,32.820073],[130.700811,32.819985],[130.70082,32.819903],[130.700824,32.819856],[130.700826,32.819828],[130.700818,32.819794],[130.700802,32.819755],[130.700754,32.819675],[130.700675,32.819451],[130.700636,32.819369],[130.700581,32.819299],[130.700526,32.819224],[130.700486,32.81918],[130.70044,32.819154],[130.700416,32.819141],[130.700401,32.819117],[130.70038,32.81906],[130.700358,32.819024],[130.700325,32.818991],[130.700281,32.818958],[130.70023,32.818936],[130.700185,32.818938],[130.699968,32.818239],[130.700033,32.818046],[130.700176,32.817722],[130.700125,32.817627],[130.700191,32.817519],[130.700289,32.817332],[130.700321,32.81728],[130.700419,32.817121],[130.700972,32.816552],[130.701173,32.81633],[130.70132,32.81617],[130.701505,32.815972],[130.701656,32.815833],[130.701683,32.815797],[130.702022,32.815392],[130.702065,32.81534],[130.702374,32.814878],[130.702428,32.814749],[130.70263,32.814265],[130.702674,32.814157],[130.702767,32.813903],[130.702775,32.813846],[130.702777,32.813827],[130.702776,32.813795],[130.702762,32.813634],[130.70276,32.813198],[130.702779,32.812849],[130.702789,32.812818],[130.702813,32.812768],[130.702888,32.812505],[130.702899,32.812459],[130.702891,32.812436],[130.702855,32.812384],[130.70285,32.812355],[130.702899,32.811544],[130.702908,32.811334]]]}},{"type":"Feature","properties":{"YoutoName":null,"YoutoCode":0,"DistType":"特別用途地区","DistCode":14,"Pref":"熊本県","Citycode":"43100","Cityname":"熊本市","FNDate":null,"INNumber":null},"geometry":{"type":"Polygon","coordinates":[[[130.724024,32.822907],[130.723523,32.822468],[130.723556,32.822437],[130.723526,32.822087],[130.723509,32.822033],[130.723421,32.821894],[130.723185,32.821631],[130.722938,32.821361],[130.722704,32.821099],[130.722511,32.820891],[130.722277,32.820618],[130.722086,32.82042],[130.721922,32.820249],[130.721797,32.820099],[130.721687,32.819934],[130.721429,32.819463],[130.721202,32.818933],[130.72111,32.81866],[130.721092,32.818608],[130.720519,32.818722],[130.720501,32.818608],[130.72043,32.818199],[130.720388,32.817963],[130.720311,32.817733],[130.719971,32.817669],[130.719297,32.817523],[130.718867,32.817446],[130.718585,32.817406],[130.718321,32.817378],[130.718159,32.817354],[130.717498,32.817276],[130.717222,32.817263],[130.71708,32.81727],[130.716517,32.817268],[130.716414,32.817266],[130.716275,32.817265],[130.716181,32.81727],[130.71612,32.817275],[130.715944,32.817303],[130.719962,32.820568],[130.720247,32.820819],[130.720389,32.820962],[130.720592,32.821173],[130.720755,32.821364],[130.720959,32.82163],[130.721172,32.821959],[130.720961,32.822086],[130.720664,32.822262],[130.720728,32.822324],[130.720911,32.822489],[130.721074,32.822662],[130.72122,32.822843],[130.721359,32.823041],[130.721494,32.823273],[130.721613,32.82352],[130.721683,32.82369],[130.721743,32.82393],[130.721641,32.823947],[130.721593,32.823967],[130.721633,32.824106],[130.721644,32.824128],[130.721729,32.824284],[130.721732,32.82441],[130.721745,32.824731],[130.72175,32.825101],[130.721743,32.825373],[130.721731,32.825761],[130.721723,32.826093],[130.72171,32.82628],[130.721694,32.826417],[130.721688,32.826544],[130.72168,32.826595],[130.721663,32.826642],[130.72129,32.82663],[130.721019,32.826621],[130.72043,32.826609],[130.720425,32.82669],[130.720595,32.826743],[130.720735,32.826801],[130.720796,32.826831],[130.720836,32.826853],[130.72097,32.826938],[130.721144,32.827071],[130.721146,32.827074],[130.721245,32.827204],[130.721327,32.827365],[130.721366,32.827452],[130.721385,32.827512],[130.721391,32.827575],[130.7214,32.827662],[130.721402,32.827801],[130.721416,32.828526],[130.721421,32.828631],[130.721434,32.828682],[130.721453,32.828725],[130.721476,32.828756],[130.721511,32.828792],[130.721539,32.828808],[130.721566,32.82882],[130.721611,32.828833],[130.721634,32.828839],[130.721673,32.828841],[130.721969,32.828842],[130.722633,32.828837],[130.722626,32.828175],[130.722614,32.827207],[130.722618,32.826461],[130.722613,32.825658],[130.722625,32.825193],[130.722628,32.825193],[130.722807,32.825196],[130.723132,32.825132],[130.723219,32.825135],[130.723493,32.825178],[130.723497,32.825179],[130.7237,32.82519],[130.723707,32.825192],[130.723701,32.825038],[130.7237,32.824758],[130.723702,32.824668],[130.723666,32.824446],[130.723634,32.824203],[130.723612,32.82384],[130.723612,32.823693],[130.72361,32.823467],[130.72359,32.823139],[130.723842,32.823076],[130.724024,32.822907]]]}},{"type":"Feature","properties":{"YoutoName":null,"YoutoCode":0,"DistType":"特別用途地区","DistCode":14,"Pref":"熊本県","Citycode":"43100","Cityname":"熊本市","FNDate":null,"INNumber":null},"geometry":{"type":"Polygon","coordinates":[[[130.722413,32.83395],[130.722408,32.833848],[130.722397,32.833758],[130.722389,32.833719],[130.722358,32.833636],[130.722325,32.833577],[130.722288,32.833529],[130.722244,32.833494],[130.722179,32.833455],[130.721229,32.833018],[130.720948,32.83293],[130.72136,32.831809],[130.720967,32.831761],[130.720969,32.831642],[130.720623,32.831636],[130.720625,32.831686],[130.720631,32.831733],[130.720637,32.831801],[130.720669,32.832001],[130.720751,32.832669],[130.720771,32.832921],[130.720771,32.832938],[130.720768,32.832959],[130.721065,32.833407],[130.720992,32.833582],[130.721084,32.833758],[130.721198,32.833961],[130.721248,32.834043],[130.721269,32.834075],[130.721287,32.834095],[130.721327,32.834132],[130.721281,32.834237],[130.72122,32.83422],[130.721209,32.834222],[130.721188,32.83423],[130.721177,32.834245],[130.721178,32.834277],[130.721203,32.834413],[130.721217,32.834545],[130.721223,32.834641],[130.721231,32.834998],[130.721231,32.835089],[130.72123,32.835135],[130.721225,32.835169],[130.721215,32.835211],[130.721946,32.835241],[130.721959,32.835242],[130.721962,32.835242],[130.722317,32.835253],[130.722377,32.834452],[130.72241,32.834047],[130.722413,32.83395]]]}},{"type":"Feature","properties":{"YoutoName":null,"YoutoCode":0,"DistType":"特別用途地区","DistCode":14,"Pref":"熊本県","Citycode":"43100","Cityname":"熊本市","FNDate":null,"INNumber":null},"geometry":{"type":"Polygon","coordinates":[[[130.78227,32.827513],[130.782086,32.827549],[130.781733,32.827624],[130.781317,32.827713],[130.780813,32.827821],[130.780457,32.827894],[130.780111,32.827968],[130.779771,32.828039],[130.779647,32.828069],[130.779354,32.828153],[130.779155,32.828188],[130.77884,32.828216],[130.778379,32.828224],[130.778013,32.82821],[130.777841,32.828197],[130.777429,32.828144],[130.776901,32.828071],[130.776568,32.828025],[130.775781,32.827919],[130.775698,32.827905],[130.775414,32.82789],[130.775016,32.827885],[130.774841,32.827893],[130.774719,32.827911],[130.774477,32.827938],[130.773566,32.828094],[130.773202,32.828155],[130.773062,32.828188],[130.772928,32.82822],[130.772812,32.82825],[130.772722,32.828281],[130.772458,32.828385],[130.772337,32.828443],[130.772195,32.828526],[130.771988,32.828656],[130.771786,32.828805],[130.771659,32.82892],[130.771535,32.829042],[130.771181,32.829423],[130.770987,32.829285],[130.769472,32.828246],[130.769365,32.828171],[130.768598,32.827614],[130.768159,32.827302],[130.767911,32.827115],[130.767672,32.826939],[130.767506,32.826816],[130.767264,32.826637],[130.767098,32.826512],[130.766881,32.826352],[130.76673,32.826239],[130.766605,32.826145],[130.766501,32.826072],[130.766293,32.825916],[130.766097,32.825766],[130.765842,32.825586],[130.76564,32.825435],[130.765521,32.825348],[130.765304,32.825179],[130.765197,32.825103],[130.765089,32.825021],[130.764886,32.824868],[130.764669,32.824703],[130.764467,32.824552],[130.764271,32.824403],[130.764106,32.824281],[130.763981,32.824184],[130.763917,32.824135],[130.763692,32.823966],[130.763507,32.823828],[130.763347,32.82371],[130.763179,32.823585],[130.762977,32.823436],[130.762754,32.823278],[130.762689,32.823228],[130.762474,32.823076],[130.762187,32.822866],[130.761949,32.82268],[130.761867,32.822617],[130.761694,32.822487],[130.761429,32.822284],[130.761421,32.822278],[130.761318,32.822197],[130.761157,32.822088],[130.760989,32.821961],[130.760737,32.821774],[130.760472,32.82158],[130.760182,32.821362],[130.759922,32.821178],[130.759663,32.820994],[130.759446,32.820842],[130.759209,32.820675],[130.75901,32.820537],[130.758723,32.82034],[130.758472,32.820163],[130.758249,32.820014],[130.758136,32.819941],[130.757992,32.819842],[130.757801,32.819715],[130.757724,32.819664],[130.757619,32.819595],[130.757486,32.819504],[130.757431,32.819468],[130.757321,32.819393],[130.757262,32.819347],[130.757085,32.819452],[130.757033,32.819403],[130.756871,32.819232],[130.756777,32.819135],[130.756705,32.819063],[130.756671,32.819029],[130.756632,32.818982],[130.756606,32.81894],[130.756602,32.818925],[130.756443,32.818827],[130.756203,32.818678],[130.75603,32.818571],[130.755928,32.818505],[130.75581,32.818429],[130.755672,32.818342],[130.755578,32.818281],[130.75542,32.818345],[130.755452,32.81841],[130.755177,32.81851],[130.755053,32.818338],[130.754985,32.81824],[130.754948,32.818189],[130.754882,32.818203],[130.75486,32.818163],[130.754844,32.818136],[130.754807,32.818078],[130.754712,32.81793],[130.754605,32.81776],[130.754386,32.817827],[130.754384,32.817822],[130.754312,32.817661],[130.754034,32.817742],[130.754006,32.817672],[130.753967,32.817581],[130.753893,32.817415],[130.753792,32.817185],[130.75357,32.817039],[130.753386,32.816916],[130.753228,32.816817],[130.753066,32.816708],[130.752846,32.81687],[130.752713,32.816978],[130.752616,32.81691],[130.752528,32.816847],[130.752372,32.816736],[130.752264,32.816658],[130.752083,32.816528],[130.752002,32.816472],[130.751943,32.816431],[130.751897,32.816395],[130.751995,32.816312],[130.752159,32.81617],[130.752188,32.816143],[130.751739,32.81586],[130.751327,32.815573],[130.751212,32.815162],[130.751085,32.814687],[130.750828,32.813741],[130.750776,32.813553],[130.750678,32.813229],[130.750627,32.813067],[130.750545,32.812789],[130.750479,32.812567],[130.750419,32.81237],[130.750357,32.812171],[130.75029,32.811949],[130.750264,32.81186],[130.749722,32.811524],[130.749408,32.811329],[130.748485,32.810772],[130.748387,32.810715],[130.749182,32.813397],[130.749322,32.813885],[130.749479,32.81444],[130.749479,32.814441],[130.74963,32.814973],[130.749711,32.815249],[130.74983,32.815708],[130.749993,32.816293],[130.751426,32.817243],[130.751728,32.81744],[130.751911,32.81756],[130.751913,32.817561],[130.752015,32.817628],[130.752135,32.817706],[130.752287,32.817804],[130.752374,32.817859],[130.752501,32.817937],[130.752683,32.81805],[130.752789,32.818119],[130.752869,32.818169],[130.753057,32.818285],[130.753164,32.818353],[130.753306,32.818439],[130.753416,32.818515],[130.753539,32.818593],[130.753689,32.818686],[130.753814,32.818761],[130.753997,32.818874],[130.754157,32.818972],[130.754345,32.81909],[130.754497,32.819186],[130.754585,32.819241],[130.7547,32.819311],[130.754863,32.819414],[130.755003,32.819507],[130.75501,32.819512],[130.755144,32.819599],[130.755261,32.81967],[130.755363,32.819739],[130.755496,32.819821],[130.755555,32.819857],[130.755626,32.819905],[130.755744,32.819976],[130.755837,32.820034],[130.755929,32.820092],[130.756084,32.820187],[130.756147,32.820227],[130.756204,32.820262],[130.756335,32.820347],[130.756389,32.82038],[130.756509,32.820457],[130.756546,32.82048],[130.756689,32.820575],[130.756754,32.82062],[130.756898,32.820714],[130.756998,32.820783],[130.757083,32.820845],[130.757207,32.820926],[130.757354,32.821025],[130.75746,32.821096],[130.757516,32.821136],[130.757656,32.821235],[130.757837,32.82136],[130.757929,32.821424],[130.75805,32.821509],[130.758167,32.821586],[130.758217,32.82162],[130.758364,32.821722],[130.758509,32.821825],[130.758666,32.821936],[130.758763,32.822006],[130.758917,32.822119],[130.759018,32.822188],[130.759084,32.822228],[130.759124,32.822259],[130.759243,32.822345],[130.759301,32.822387],[130.759428,32.822476],[130.759517,32.822542],[130.759595,32.8226],[130.759667,32.82265],[130.759781,32.822733],[130.75984,32.822776],[130.760001,32.822898],[130.760071,32.822954],[130.760191,32.823042],[130.760275,32.823107],[130.760327,32.823146],[130.760385,32.823188],[130.760474,32.823256],[130.760533,32.823299],[130.760639,32.823376],[130.760769,32.823474],[130.760832,32.823521],[130.760948,32.823608],[130.761021,32.82366],[130.761145,32.823751],[130.761243,32.82383],[130.761341,32.823904],[130.761447,32.823982],[130.761534,32.824046],[130.761668,32.824146],[130.761799,32.824244],[130.761881,32.824308],[130.762021,32.824409],[130.76211,32.824474],[130.762218,32.824555],[130.76228,32.824603],[130.762674,32.824894],[130.762993,32.825127],[130.763382,32.825423],[130.763854,32.82578],[130.763294,32.826089],[130.762926,32.826303],[130.762671,32.826449],[130.762462,32.826567],[130.762255,32.826691],[130.761992,32.826847],[130.762035,32.826913],[130.762062,32.826951],[130.762201,32.827163],[130.762284,32.82729],[130.762475,32.82759],[130.762564,32.827739],[130.762609,32.827827],[130.762666,32.827959],[130.762758,32.828172],[130.762865,32.828345],[130.762973,32.828509],[130.76313,32.82872],[130.763215,32.828825],[130.763341,32.828976],[130.763423,32.829054],[130.763631,32.829273],[130.76401,32.829011],[130.764087,32.829094],[130.7644,32.82889],[130.764258,32.828699],[130.764068,32.828463],[130.764233,32.828246],[130.764264,32.828203],[130.76427,32.828159],[130.764254,32.828118],[130.764247,32.828094],[130.764249,32.828074],[130.76428,32.828041],[130.764353,32.827981],[130.764392,32.827948],[130.764466,32.827891],[130.764649,32.82774],[130.764789,32.827644],[130.764877,32.827588],[130.765,32.827495],[130.765153,32.827369],[130.765117,32.827343],[130.765181,32.827295],[130.765522,32.827034],[130.765887,32.827298],[130.766546,32.827778],[130.767614,32.828575],[130.768437,32.829162],[130.768505,32.829211],[130.770404,32.830523],[130.770967,32.830917],[130.77222,32.831786],[130.77238,32.831898],[130.77299,32.832329],[130.773619,32.832803],[130.774114,32.833209],[130.774748,32.833764],[130.775086,32.834078],[130.775636,32.834627],[130.776208,32.835261],[130.776219,32.835273],[130.776277,32.835334],[130.776638,32.835776],[130.77673,32.836089],[130.776753,32.836169],[130.776798,32.836254],[130.776803,32.83626],[130.77684,32.836313],[130.776902,32.836387],[130.777082,32.836604],[130.777784,32.836971],[130.778085,32.836539],[130.777787,32.836113],[130.777343,32.835528],[130.776879,32.834958],[130.776804,32.834879],[130.776221,32.834233],[130.77565,32.833663],[130.775296,32.833333],[130.774645,32.832764],[130.774129,32.832342],[130.77348,32.831853],[130.77286,32.831413],[130.772696,32.831299],[130.771443,32.83043],[130.771178,32.830247],[130.771471,32.82992],[130.771828,32.829533],[130.772035,32.829322],[130.772195,32.829168],[130.772366,32.829042],[130.772499,32.828956],[130.772631,32.828882],[130.77277,32.828817],[130.772899,32.828765],[130.77307,32.828715],[130.773397,32.828646],[130.774094,32.828525],[130.774443,32.828468],[130.77468,32.82844],[130.774771,32.828429],[130.774964,32.828405],[130.775202,32.828399],[130.775411,32.8284],[130.775504,32.828401],[130.775724,32.828415],[130.775899,32.828433],[130.776095,32.828457],[130.776337,32.828494],[130.776649,32.828539],[130.777104,32.828605],[130.77757,32.828677],[130.777833,32.828708],[130.778078,32.828728],[130.778434,32.82874],[130.778623,32.828732],[130.778822,32.828725],[130.779046,32.828708],[130.779227,32.828689],[130.77947,32.828648],[130.779601,32.828618],[130.779756,32.828583],[130.780035,32.82852],[130.780464,32.828424],[130.781908,32.828111],[130.78227,32.827513]]]}},{"type":"Feature","properties":{"YoutoName":null,"YoutoCode":0,"DistType":"特別用途地区","DistCode":14,"Pref":"熊本県","Citycode":"43100","Cityname":"熊本市","FNDate":null,"INNumber":null},"geometry":{"type":"Polygon","coordinates":[[[130.748562,32.821089],[130.748347,32.820835],[130.748147,32.820558],[130.748042,32.820381],[130.74795,32.820186],[130.747858,32.819946],[130.747766,32.819705],[130.747701,32.819534],[130.747599,32.819363],[130.747366,32.818989],[130.747287,32.818885],[130.747171,32.818763],[130.747077,32.818675],[130.746933,32.818542],[130.74682,32.81847],[130.74674,32.818421],[130.746584,32.81835],[130.746426,32.818307],[130.74639,32.818297],[130.746233,32.818264],[130.746057,32.818245],[130.74577,32.818262],[130.745466,32.818279],[130.745069,32.818293],[130.744704,32.818305],[130.74409,32.818323],[130.743622,32.81833],[130.743466,32.818551],[130.743559,32.81868],[130.743652,32.818823],[130.743714,32.818917],[130.743778,32.818994],[130.743842,32.819058],[130.743912,32.819113],[130.743993,32.819164],[130.744179,32.819271],[130.744355,32.819371],[130.744442,32.819415],[130.744541,32.819462],[130.74473,32.819543],[130.744923,32.819619],[130.745314,32.819768],[130.7454,32.819801],[130.745509,32.819844],[130.745621,32.8199],[130.745688,32.81994],[130.745776,32.819999],[130.745851,32.820058],[130.745996,32.820188],[130.746296,32.82045],[130.746442,32.82058],[130.746732,32.820846],[130.747023,32.821115],[130.747314,32.821385],[130.747556,32.821607],[130.747643,32.82169],[130.747741,32.821789],[130.747866,32.82193],[130.747982,32.822079],[130.748087,32.822234],[130.748182,32.822394],[130.748267,32.822555],[130.748527,32.823039],[130.7486,32.823169],[130.74863,32.823134],[130.748654,32.82307],[130.74867,32.822988],[130.748681,32.822911],[130.748683,32.82281],[130.748636,32.822666],[130.748602,32.822582],[130.748573,32.822497],[130.748535,32.822398],[130.748495,32.822312],[130.74847,32.82224],[130.74844,32.822166],[130.74841,32.822078],[130.748388,32.822011],[130.748388,32.82192],[130.748389,32.821729],[130.748393,32.821618],[130.748313,32.821504],[130.748298,32.821474],[130.748284,32.821389],[130.748282,32.821319],[130.748304,32.821281],[130.7484,32.821205],[130.748562,32.821089]]]}},{"type":"Feature","properties":{"YoutoName":null,"YoutoCode":0,"DistType":"特別用途地区","DistCode":14,"Pref":"熊本県","Citycode":"43100","Cityname":"熊本市","FNDate":null,"INNumber":null},"geometry":{"type":"Polygon","coordinates":[[[130.764503,32.812895],[130.764402,32.812847],[130.764159,32.812732],[130.763959,32.812638],[130.763643,32.81249],[130.763236,32.812298],[130.762953,32.81216],[130.762708,32.812041],[130.762366,32.811883],[130.762574,32.811549],[130.76271,32.811329],[130.762867,32.811115],[130.763065,32.810827],[130.763183,32.810646],[130.763235,32.810567],[130.763169,32.810535],[130.762912,32.810409],[130.762713,32.810308],[130.762628,32.810272],[130.762384,32.81016],[130.762142,32.810046],[130.761994,32.809974],[130.761789,32.809881],[130.761551,32.80977],[130.76137,32.809686],[130.761191,32.809602],[130.761008,32.809516],[130.760768,32.809396],[130.760541,32.80929],[130.760356,32.809202],[130.760203,32.80913],[130.759979,32.809021],[130.75972,32.808899],[130.759539,32.808812],[130.759337,32.808716],[130.759226,32.808662],[130.75923,32.808788],[130.759243,32.808999],[130.759253,32.809176],[130.759272,32.809498],[130.75928,32.809666],[130.759291,32.80991],[130.759303,32.810098],[130.759312,32.810341],[130.759324,32.810545],[130.759344,32.81085],[130.75936,32.811095],[130.759376,32.811311],[130.759389,32.811493],[130.759393,32.8116],[130.759339,32.811625],[130.759141,32.811723],[130.758923,32.811832],[130.758756,32.811916],[130.758714,32.811944],[130.758553,32.812085],[130.758392,32.812226],[130.758223,32.812374],[130.75808,32.812492],[130.757989,32.812561],[130.75791,32.812613],[130.757777,32.812702],[130.757567,32.812809],[130.757358,32.812913],[130.757054,32.813102],[130.75681,32.813255],[130.756702,32.81332],[130.756792,32.813387],[130.756989,32.81352],[130.756996,32.813525],[130.757146,32.813622],[130.757533,32.813754],[130.7577,32.813802],[130.757849,32.813844],[130.758054,32.813894],[130.758265,32.813906],[130.758378,32.81388],[130.758531,32.813756],[130.75858,32.813727],[130.758593,32.81373],[130.758618,32.813713],[130.758653,32.813692],[130.758678,32.81368],[130.758727,32.813661],[130.758761,32.813657],[130.758789,32.813656],[130.758837,32.81366],[130.758921,32.813669],[130.758935,32.813671],[130.758942,32.813671],[130.75895,32.81367],[130.75907,32.813618],[130.759194,32.813563],[130.759319,32.813495],[130.759348,32.813481],[130.759353,32.81348],[130.759559,32.813447],[130.759655,32.813431],[130.759734,32.813428],[130.759792,32.813427],[130.759807,32.813426],[130.75986,32.813429],[130.759921,32.813438],[130.759943,32.813441],[130.760032,32.813456],[130.760064,32.813463],[130.760156,32.813488],[130.760181,32.813496],[130.760194,32.813501],[130.760284,32.813542],[130.760368,32.813596],[130.760616,32.81376],[130.760688,32.813799],[130.760705,32.81376],[130.760753,32.813663],[130.760755,32.81366],[130.760781,32.813619],[130.760785,32.813612],[130.760832,32.813536],[130.760891,32.81344],[130.760998,32.813268],[130.761133,32.813325],[130.761249,32.813386],[130.761367,32.813484],[130.761541,32.813635],[130.761678,32.813762],[130.761865,32.813923],[130.76195,32.813763],[130.762005,32.813672],[130.762138,32.813763],[130.762204,32.813813],[130.762251,32.813763],[130.762306,32.8137],[130.762409,32.813764],[130.762703,32.813948],[130.76278,32.813985],[130.762845,32.813904],[130.763035,32.814016],[130.763139,32.813968],[130.763245,32.813896],[130.763321,32.813834],[130.763402,32.813766],[130.763591,32.813612],[130.76378,32.813464],[130.763976,32.813307],[130.764175,32.81315],[130.764503,32.812895]]]}},{"type":"Feature","properties":{"YoutoName":null,"YoutoCode":0,"DistType":"特別用途地区","DistCode":14,"Pref":"熊本県","Citycode":"43100","Cityname":"熊本市","FNDate":null,"INNumber":null},"geometry":{"type":"Polygon","coordinates":[[[130.79235,32.813542],[130.792243,32.813517],[130.792205,32.813485],[130.792034,32.813363],[130.791913,32.813307],[130.791628,32.81318],[130.791478,32.813111],[130.791384,32.813069],[130.791265,32.813036],[130.791099,32.813008],[130.79089,32.812929],[130.790849,32.812916],[130.790462,32.812737],[130.790206,32.812627],[130.78998,32.812367],[130.789909,32.812281],[130.789779,32.812213],[130.789595,32.812111],[130.789372,32.811989],[130.789268,32.811916],[130.789172,32.812124],[130.789039,32.812396],[130.788936,32.812611],[130.788832,32.812845],[130.788804,32.81284],[130.788652,32.812797],[130.788439,32.812729],[130.788215,32.812656],[130.787947,32.812576],[130.787654,32.812484],[130.787387,32.8124],[130.787176,32.812332],[130.787142,32.812197],[130.7869,32.812137],[130.786667,32.812062],[130.786445,32.811976],[130.786338,32.81193],[130.786332,32.811929],[130.78627,32.812019],[130.78612,32.81223],[130.785998,32.812406],[130.785922,32.812514],[130.785777,32.812454],[130.785507,32.812338],[130.785187,32.812201],[130.785063,32.812149],[130.784874,32.812067],[130.784624,32.811959],[130.784302,32.811823],[130.784069,32.811727],[130.78372,32.811574],[130.783366,32.811422],[130.783178,32.811333],[130.782965,32.81122],[130.783218,32.81086],[130.783287,32.81075],[130.783335,32.810554],[130.783393,32.810432],[130.783444,32.810331],[130.783505,32.810203],[130.783677,32.809859],[130.783192,32.809639],[130.783263,32.809526],[130.782921,32.809339],[130.78187,32.808749],[130.782005,32.808577],[130.781901,32.808518],[130.781793,32.808338],[130.78168,32.808137],[130.781607,32.808003],[130.781554,32.807921],[130.781497,32.807847],[130.781428,32.807763],[130.781386,32.807712],[130.781265,32.807593],[130.781159,32.807498],[130.781073,32.807428],[130.780998,32.807373],[130.780852,32.807267],[130.78074,32.807184],[130.780625,32.80711],[130.780422,32.80698],[130.78034,32.80693],[130.780114,32.806786],[130.779945,32.806676],[130.7798,32.806584],[130.779659,32.806492],[130.779511,32.806397],[130.779274,32.806248],[130.779035,32.806095],[130.778791,32.805938],[130.778643,32.805853],[130.778456,32.805738],[130.778245,32.805604],[130.777935,32.805411],[130.777587,32.805179],[130.7773,32.804987],[130.777125,32.804877],[130.777004,32.804804],[130.776904,32.804735],[130.777035,32.804485],[130.776875,32.80443],[130.776702,32.804368],[130.776539,32.804308],[130.776305,32.804224],[130.776096,32.804149],[130.775852,32.80406],[130.775815,32.804036],[130.775733,32.803988],[130.775671,32.803946],[130.775532,32.803844],[130.775339,32.803716],[130.775059,32.803536],[130.774799,32.803371],[130.774451,32.803149],[130.774297,32.803048],[130.77409,32.802912],[130.773903,32.802786],[130.773668,32.802631],[130.773569,32.802567],[130.773419,32.802631],[130.773325,32.802588],[130.773144,32.802502],[130.772856,32.802373],[130.772587,32.802242],[130.772563,32.802224],[130.772454,32.802218],[130.772322,32.802211],[130.772283,32.802209],[130.772211,32.802206],[130.772171,32.802205],[130.772095,32.802202],[130.772011,32.802202],[130.771989,32.802189],[130.771863,32.802111],[130.771741,32.802034],[130.771628,32.801965],[130.771202,32.801692],[130.771077,32.801613],[130.770946,32.801532],[130.770857,32.801476],[130.770805,32.801444],[130.770715,32.801395],[130.770662,32.801368],[130.770543,32.801324],[130.770433,32.801284],[130.770287,32.801233],[130.770101,32.801169],[130.770013,32.801141],[130.76991,32.801109],[130.769829,32.801082],[130.769772,32.801064],[130.76968,32.801036],[130.769534,32.80099],[130.769347,32.80093],[130.769182,32.800876],[130.768454,32.800642],[130.768289,32.800591],[130.768085,32.800526],[130.76796,32.800488],[130.767777,32.80043],[130.767592,32.800371],[130.767236,32.800247],[130.765472,32.799695],[130.764892,32.79951],[130.764378,32.799344],[130.763794,32.79916],[130.762816,32.798858],[130.762976,32.798022],[130.763166,32.797058],[130.763208,32.796854],[130.763378,32.796039],[130.763693,32.7944],[130.764222,32.794466],[130.765509,32.794644],[130.767042,32.794852],[130.768647,32.795078],[130.768884,32.793798],[130.769165,32.792361],[130.769436,32.79097],[130.76976,32.789223],[130.769761,32.789217],[130.769765,32.789195],[130.769827,32.788832],[130.765167,32.788212],[130.763636,32.787985],[130.762771,32.787857],[130.760153,32.787496],[130.76002,32.787474],[130.759749,32.78892],[130.759545,32.790013],[130.759469,32.790435],[130.759375,32.790932],[130.759257,32.791551],[130.759207,32.791817],[130.759073,32.792469],[130.758796,32.793926],[130.75876,32.794098],[130.758446,32.795945],[130.758765,32.796393],[130.75886,32.796505],[130.759033,32.79669],[130.759121,32.796767],[130.760145,32.797669],[130.760155,32.797679],[130.760535,32.79808],[130.760623,32.798484],[130.760625,32.798497],[130.760817,32.799388],[130.761009,32.800235],[130.761041,32.800405],[130.761063,32.800512],[130.76108,32.800598],[130.761041,32.800626],[130.760916,32.800719],[130.760791,32.800816],[130.760658,32.800915],[130.760877,32.80102],[130.761074,32.801117],[130.761253,32.801203],[130.761392,32.80127],[130.761619,32.801379],[130.761821,32.801478],[130.761808,32.801496],[130.76173,32.801616],[130.761619,32.801781],[130.761536,32.801905],[130.761414,32.80209],[130.761396,32.802119],[130.761361,32.802171],[130.761272,32.802307],[130.761201,32.802399],[130.760994,32.802347],[130.760804,32.8023],[130.760571,32.802247],[130.760341,32.80219],[130.760181,32.802153],[130.760053,32.802117],[130.759983,32.802211],[130.759882,32.80236],[130.759803,32.802478],[130.75963,32.802744],[130.75951,32.802933],[130.759363,32.803154],[130.759798,32.803359],[130.760023,32.803467],[130.760305,32.803599],[130.760544,32.803714],[130.760778,32.803825],[130.760966,32.803914],[130.76118,32.804017],[130.761479,32.80416],[130.76177,32.804302],[130.762046,32.804432],[130.762244,32.804529],[130.762477,32.804642],[130.762728,32.804765],[130.762799,32.804798],[130.763054,32.804917],[130.763243,32.805006],[130.76349,32.805122],[130.763557,32.805152],[130.763576,32.805124],[130.763623,32.805047],[130.763631,32.805035],[130.763772,32.80483],[130.763956,32.804552],[130.763956,32.804552],[130.764127,32.804296],[130.76415,32.80426],[130.764151,32.80426],[130.764331,32.803989],[130.764331,32.803988],[130.764336,32.803982],[130.764384,32.80391],[130.764384,32.80391],[130.764478,32.803768],[130.764526,32.803695],[130.764526,32.803695],[130.764637,32.803529],[130.764655,32.803503],[130.764712,32.803417],[130.764712,32.803417],[130.764733,32.803385],[130.764783,32.80331],[130.764783,32.80331],[130.764835,32.803232],[130.764845,32.803217],[130.764968,32.803029],[130.76497,32.803026],[130.765105,32.803039],[130.765404,32.803066],[130.765491,32.802932],[130.765547,32.802853],[130.76558,32.802802],[130.765584,32.8028],[130.765589,32.802801],[130.765642,32.802824],[130.765821,32.8029],[130.766023,32.802986],[130.766188,32.803057],[130.766249,32.803082],[130.766253,32.803084],[130.766255,32.803088],[130.766256,32.803091],[130.766256,32.803096],[130.766146,32.80326],[130.766055,32.803396],[130.765962,32.803536],[130.765873,32.803667],[130.765784,32.803798],[130.76574,32.803868],[130.765746,32.803877],[130.765753,32.803881],[130.76595,32.803976],[130.766165,32.804078],[130.766308,32.804147],[130.766543,32.804256],[130.766642,32.804304],[130.766799,32.80438],[130.766932,32.804444],[130.7671,32.804524],[130.767205,32.804573],[130.767243,32.804509],[130.767304,32.804417],[130.76735,32.804342],[130.767435,32.804214],[130.76748,32.804146],[130.767538,32.804055],[130.767632,32.803913],[130.767713,32.80379],[130.767767,32.803707],[130.767803,32.803651],[130.76787,32.80355],[130.767954,32.803424],[130.768011,32.803338],[130.768065,32.803256],[130.768123,32.80317],[130.768177,32.803088],[130.768298,32.802904],[130.768373,32.802789],[130.768502,32.802594],[130.768533,32.802607],[130.768598,32.802628],[130.768702,32.802657],[130.768732,32.802665],[130.768767,32.802672],[130.768947,32.802669],[130.769226,32.802647],[130.769443,32.802624],[130.769654,32.802602],[130.769832,32.802583],[130.769958,32.80258],[130.769997,32.802587],[130.770132,32.80263],[130.770146,32.802603],[130.770179,32.802518],[130.770211,32.802419],[130.770215,32.802421],[130.770303,32.802451],[130.77047,32.802506],[130.770651,32.802562],[130.770837,32.802635],[130.771064,32.802738],[130.771233,32.802815],[130.771455,32.802922],[130.771694,32.803044],[130.771856,32.803128],[130.771961,32.803172],[130.772035,32.803205],[130.772071,32.803213],[130.772228,32.803261],[130.772324,32.803288],[130.772415,32.80323],[130.772505,32.803169],[130.772562,32.803197],[130.772713,32.803304],[130.772843,32.803391],[130.772979,32.803472],[130.773101,32.80355],[130.77323,32.803629],[130.77334,32.8037],[130.773462,32.803777],[130.773589,32.803854],[130.773717,32.803936],[130.773889,32.804045],[130.774005,32.804118],[130.774167,32.804219],[130.774335,32.804327],[130.774484,32.804421],[130.774554,32.804466],[130.77516,32.804857],[130.775324,32.804967],[130.775461,32.805054],[130.775562,32.80512],[130.775637,32.805168],[130.775723,32.805223],[130.775867,32.805316],[130.775996,32.805396],[130.776117,32.805472],[130.776224,32.80554],[130.776339,32.805613],[130.776456,32.805687],[130.77658,32.805764],[130.776708,32.805846],[130.776806,32.80591],[130.776979,32.80602],[130.777147,32.806124],[130.777298,32.806221],[130.777451,32.806319],[130.777551,32.806386],[130.777696,32.806475],[130.777844,32.806568],[130.777982,32.806656],[130.778075,32.806715],[130.778214,32.806806],[130.778328,32.806877],[130.778449,32.806952],[130.778561,32.807025],[130.77868,32.807102],[130.778788,32.807168],[130.778892,32.807237],[130.779047,32.807332],[130.779202,32.807433],[130.779326,32.807512],[130.779506,32.807633],[130.779691,32.807754],[130.779823,32.807843],[130.779972,32.807937],[130.780056,32.807996],[130.780048,32.808004],[130.779965,32.808104],[130.780121,32.8082],[130.780104,32.80822],[130.780051,32.808286],[130.780103,32.808317],[130.780289,32.808424],[130.780432,32.80851],[130.780584,32.808603],[130.780743,32.808699],[130.780687,32.808774],[130.780621,32.808879],[130.780595,32.80893],[130.780575,32.808979],[130.780535,32.809087],[130.780485,32.809213],[130.780444,32.809308],[130.780424,32.809358],[130.780419,32.809382],[130.78042,32.809393],[130.780427,32.809413],[130.780435,32.809425],[130.780545,32.809492],[130.780659,32.809564],[130.780725,32.809601],[130.780739,32.809616],[130.780751,32.80963],[130.780757,32.809639],[130.780764,32.809651],[130.780772,32.809666],[130.780775,32.809677],[130.780777,32.809687],[130.780774,32.809693],[130.780667,32.809892],[130.78058,32.81005],[130.780491,32.810211],[130.780755,32.810323],[130.781071,32.810452],[130.781492,32.81063],[130.781835,32.810772],[130.781771,32.810863],[130.781624,32.811085],[130.781799,32.811186],[130.781658,32.811338],[130.781854,32.811446],[130.782089,32.811569],[130.782325,32.811692],[130.782328,32.811694],[130.782276,32.81178],[130.782387,32.811834],[130.782493,32.811889],[130.782683,32.811971],[130.782811,32.812025],[130.782813,32.812025],[130.782783,32.812107],[130.782727,32.812274],[130.782701,32.812354],[130.782938,32.812437],[130.782965,32.812446],[130.782981,32.812448],[130.783006,32.812449],[130.783032,32.812447],[130.78313,32.812422],[130.783294,32.812485],[130.783512,32.812552],[130.783737,32.812612],[130.784066,32.812686],[130.784285,32.81274],[130.784114,32.81304],[130.78454,32.813224],[130.784569,32.813178],[130.784949,32.81334],[130.785214,32.813454],[130.7853,32.813492],[130.785282,32.813554],[130.785701,32.813719],[130.785897,32.813808],[130.785954,32.813831],[130.786149,32.813918],[130.78621,32.813812],[130.786237,32.813824],[130.786516,32.813928],[130.786682,32.813995],[130.786817,32.814055],[130.786979,32.814106],[130.787099,32.814134],[130.787208,32.814156],[130.787288,32.814159],[130.787405,32.814135],[130.787362,32.814363],[130.78737,32.814364],[130.787546,32.814406],[130.78783,32.814508],[130.787918,32.814552],[130.788022,32.814607],[130.78818,32.814639],[130.78851,32.814761],[130.788467,32.814507],[130.788458,32.814451],[130.788424,32.814256],[130.788405,32.814165],[130.788671,32.814149],[130.788872,32.814148],[130.788872,32.81414],[130.789122,32.814151],[130.78927,32.814163],[130.789339,32.814173],[130.789461,32.814202],[130.789703,32.814247],[130.789778,32.814261],[130.789984,32.814276],[130.790053,32.814285],[130.790061,32.814288],[130.790069,32.814297],[130.790075,32.814313],[130.79008,32.814332],[130.790074,32.81435],[130.790063,32.814369],[130.790037,32.814394],[130.789906,32.814484],[130.789946,32.814551],[130.79004,32.814715],[130.790083,32.814762],[130.790118,32.814786],[130.790145,32.814794],[130.790169,32.814799],[130.790214,32.8148],[130.790252,32.814797],[130.790284,32.814784],[130.790309,32.814772],[130.790364,32.814729],[130.790498,32.814689],[130.790548,32.814686],[130.790662,32.814695],[130.790741,32.814713],[130.790913,32.814762],[130.790991,32.81478],[130.79105,32.81481],[130.79117,32.814863],[130.791307,32.814929],[130.791485,32.815021],[130.791578,32.81508],[130.79162,32.815129],[130.791633,32.81514],[130.791661,32.815144],[130.79167,32.815138],[130.791681,32.81513],[130.791713,32.815071],[130.791786,32.814931],[130.791818,32.814864],[130.791894,32.81471],[130.791937,32.814585],[130.792017,32.814387],[130.792091,32.814207],[130.792124,32.814085],[130.792204,32.813818],[130.792307,32.813649],[130.792334,32.813582],[130.79235,32.813542]]]}},{"type":"Feature","properties":{"YoutoName":null,"YoutoCode":0,"DistType":"特別用途地区","DistCode":14,"Pref":"熊本県","Citycode":"43100","Cityname":"熊本市","FNDate":null,"INNumber":null},"geometry":{"type":"Polygon","coordinates":[[[130.673325,32.789653],[130.673473,32.789671],[130.673593,32.789587],[130.673619,32.789585],[130.673627,32.789585],[130.673839,32.789588],[130.673958,32.789569],[130.674004,32.789329],[130.674055,32.78904],[130.674091,32.788832],[130.67437,32.788826],[130.674512,32.788821],[130.674791,32.788815],[130.674803,32.78869],[130.674807,32.788502],[130.674807,32.788224],[130.67481,32.788114],[130.674803,32.787969],[130.674791,32.787828],[130.674775,32.787654],[130.67479,32.787592],[130.674802,32.78753],[130.674921,32.787501],[130.67488,32.787307],[130.674825,32.787008],[130.674837,32.787007],[130.675361,32.786931],[130.675693,32.786883],[130.67628,32.786795],[130.676678,32.786737],[130.676992,32.786694],[130.677205,32.786665],[130.677206,32.786665],[130.677363,32.786645],[130.678256,32.786518],[130.678585,32.786465],[130.678948,32.786418],[130.679427,32.786348],[130.679584,32.786325],[130.679562,32.786167],[130.679526,32.785928],[130.679855,32.785881],[130.680222,32.785828],[130.680493,32.785788],[130.680874,32.785732],[130.681236,32.785677],[130.681675,32.785614],[130.681983,32.785568],[130.682401,32.785508],[130.682807,32.785445],[130.683195,32.785382],[130.683302,32.785358],[130.683326,32.785251],[130.68337,32.785084],[130.683431,32.784869],[130.683449,32.784784],[130.683202,32.784751],[130.682921,32.784712],[130.682844,32.784693],[130.682605,32.784687],[130.68238,32.784674],[130.681944,32.784653],[130.6816,32.784639],[130.681271,32.784622],[130.681003,32.784607],[130.680873,32.784601],[130.680489,32.78458],[130.680467,32.784342],[130.680473,32.784162],[130.680516,32.783988],[130.680545,32.783842],[130.680558,32.783785],[130.680542,32.783607],[130.680514,32.783322],[130.680491,32.783054],[130.68046,32.782702],[130.680446,32.782568],[130.680395,32.782408],[130.68011,32.78242],[130.679712,32.782432],[130.679293,32.782447],[130.679218,32.782449],[130.679207,32.782325],[130.679179,32.782025],[130.679161,32.781838],[130.679131,32.781555],[130.679116,32.781411],[130.678938,32.781409],[130.678457,32.781416],[130.678066,32.781421],[130.678057,32.781274],[130.67804,32.781001],[130.678022,32.780723],[130.678015,32.780632],[130.677821,32.780615],[130.677809,32.780356],[130.677799,32.779981],[130.677796,32.779833],[130.677626,32.779832],[130.677616,32.779582],[130.677389,32.779584],[130.677365,32.779583],[130.677347,32.779401],[130.677088,32.779422],[130.676918,32.779428],[130.676811,32.779423],[130.67668,32.779415],[130.676522,32.779404],[130.676217,32.779381],[130.676209,32.779381],[130.6762,32.779383],[130.676179,32.779402],[130.676071,32.779436],[130.675927,32.779465],[130.675687,32.779503],[130.675272,32.779531],[130.674996,32.779546],[130.674639,32.779575],[130.674374,32.779598],[130.674119,32.779627],[130.673897,32.779651],[130.673868,32.779655],[130.673866,32.779655],[130.673632,32.779684],[130.673432,32.779709],[130.673209,32.779931],[130.673222,32.780099],[130.67324,32.780351],[130.673248,32.780592],[130.673258,32.780862],[130.673254,32.781071],[130.673257,32.781319],[130.673254,32.781537],[130.67326,32.781928],[130.673256,32.782239],[130.673265,32.782598],[130.673267,32.782912],[130.673267,32.783125],[130.673267,32.783405],[130.673268,32.783666],[130.673271,32.783975],[130.67327,32.784265],[130.673268,32.784554],[130.673271,32.78479],[130.673268,32.785044],[130.67327,32.785286],[130.673273,32.785611],[130.67327,32.785929],[130.673278,32.786166],[130.67329,32.786505],[130.673293,32.78691],[130.673296,32.787035],[130.67331,32.78776],[130.673313,32.788059],[130.673317,32.788466],[130.673321,32.788644],[130.673324,32.788905],[130.673325,32.789147],[130.673325,32.789653]]]}},{"type":"Feature","properties":{"YoutoName":null,"YoutoCode":0,"DistType":"特別用途地区","DistCode":14,"Pref":"熊本県","Citycode":"43100","Cityname":"熊本市","FNDate":null,"INNumber":null},"geometry":{"type":"Polygon","coordinates":[[[130.704904,32.782169],[130.704612,32.782045],[130.704189,32.781866],[130.70387,32.781732],[130.703529,32.781583],[130.702815,32.78128],[130.702388,32.7811],[130.702092,32.780975],[130.701733,32.780822],[130.7015,32.780721],[130.701344,32.780654],[130.701018,32.780519],[130.700604,32.780339],[130.700283,32.7802],[130.699969,32.780069],[130.699534,32.779883],[130.699221,32.779752],[130.698947,32.779637],[130.698741,32.779552],[130.698513,32.779451],[130.69807,32.779262],[130.697643,32.779082],[130.697376,32.778974],[130.697131,32.778868],[130.696896,32.77877],[130.696955,32.779109],[130.697034,32.779583],[130.697104,32.780003],[130.697181,32.780439],[130.697241,32.78079],[130.697294,32.781093],[130.697349,32.781427],[130.698734,32.781472],[130.698978,32.781485],[130.698978,32.78155],[130.699318,32.781566],[130.699327,32.782053],[130.69933,32.782414],[130.699325,32.782415],[130.698879,32.782412],[130.698877,32.782823],[130.698875,32.78335],[130.698862,32.78421],[130.698725,32.78418],[130.698123,32.784057],[130.698278,32.78431],[130.69841,32.784528],[130.698466,32.784619],[130.698509,32.784683],[130.698722,32.784993],[130.698757,32.785038],[130.699002,32.785413],[130.699218,32.785742],[130.699311,32.785885],[130.699494,32.786168],[130.699619,32.786359],[130.699747,32.786571],[130.700161,32.787201],[130.700404,32.787583],[130.700883,32.787351],[130.701017,32.786675],[130.701043,32.786575],[130.701152,32.786162],[130.701183,32.786032],[130.701202,32.785729],[130.701205,32.785682],[130.701325,32.785489],[130.701415,32.785344],[130.701608,32.785386],[130.701791,32.785425],[130.701867,32.785442],[130.702099,32.785494],[130.702358,32.785549],[130.70262,32.785606],[130.702747,32.785632],[130.702842,32.785655],[130.702984,32.785687],[130.703153,32.785722],[130.703173,32.785533],[130.703211,32.785168],[130.703409,32.785212],[130.703798,32.785295],[130.704222,32.785384],[130.704401,32.785423],[130.704388,32.785126],[130.704385,32.785047],[130.704385,32.785044],[130.704384,32.78503],[130.704378,32.784851],[130.704376,32.784739],[130.704374,32.784643],[130.704379,32.78457],[130.704386,32.784526],[130.704401,32.784475],[130.704422,32.784434],[130.704445,32.784394],[130.704476,32.784354],[130.704507,32.784324],[130.704541,32.784295],[130.704582,32.784262],[130.704628,32.784222],[130.704655,32.784196],[130.704677,32.784165],[130.70469,32.784126],[130.704695,32.784048],[130.704719,32.783738],[130.704738,32.783332],[130.704777,32.782918],[130.704793,32.782762],[130.704805,32.782622],[130.704817,32.782538],[130.704829,32.782453],[130.704847,32.782385],[130.704888,32.782266],[130.704902,32.782225],[130.704904,32.782205],[130.704904,32.782169]]]}},{"type":"Feature","properties":{"YoutoName":null,"YoutoCode":0,"DistType":"特別用途地区","DistCode":14,"Pref":"熊本県","Citycode":"43100","Cityname":"熊本市","FNDate":null,"INNumber":null},"geometry":{"type":"Polygon","coordinates":[[[130.679417,32.773141],[130.679447,32.773208],[130.679531,32.773423],[130.679579,32.77364],[130.679605,32.773765],[130.679643,32.77392],[130.679888,32.773922],[130.679929,32.773927],[130.679962,32.773934],[130.680025,32.773949],[130.680076,32.773964],[130.680145,32.773985],[130.680207,32.774009],[130.680283,32.774042],[130.680297,32.774048],[130.680339,32.77407],[130.680462,32.774138],[130.680678,32.774275],[130.680966,32.774477],[130.681216,32.774644],[130.681567,32.774868],[130.681888,32.77509],[130.682294,32.775371],[130.682585,32.775569],[130.682873,32.775766],[130.683,32.775853],[130.683209,32.775997],[130.683397,32.776126],[130.683644,32.776296],[130.683898,32.776475],[130.684171,32.776662],[130.684327,32.776766],[130.684412,32.776832],[130.684629,32.776984],[130.684878,32.777149],[130.685135,32.777322],[130.685468,32.777543],[130.685607,32.777649],[130.685727,32.777734],[130.685737,32.777747],[130.685743,32.77776],[130.685746,32.777775],[130.685746,32.777781],[130.685742,32.777793],[130.685735,32.777799],[130.685727,32.777804],[130.685684,32.777824],[130.685642,32.777841],[130.685294,32.777907],[130.685257,32.777915],[130.685236,32.777922],[130.685225,32.777928],[130.685212,32.777934],[130.685198,32.777944],[130.685186,32.777956],[130.685178,32.777966],[130.68517,32.777982],[130.685153,32.778029],[130.68512,32.778188],[130.685198,32.778196],[130.685223,32.7782],[130.68526,32.778209],[130.685341,32.778236],[130.685406,32.778267],[130.685453,32.778295],[130.685473,32.778306],[130.685536,32.77835],[130.685562,32.778376],[130.685601,32.77842],[130.685662,32.778531],[130.685679,32.77857],[130.685688,32.778607],[130.685748,32.77892],[130.685778,32.779122],[130.685832,32.779391],[130.685885,32.779716],[130.685988,32.779935],[130.68637,32.780236],[130.686579,32.780404],[130.6869,32.780667],[130.687143,32.780908],[130.687187,32.780869],[130.687351,32.78074],[130.687355,32.780737],[130.687437,32.780685],[130.68756,32.78061],[130.687799,32.780475],[130.688025,32.780365],[130.688273,32.780267],[130.688442,32.780205],[130.688774,32.7801],[130.688828,32.780084],[130.688828,32.780084],[130.68884,32.77983],[130.688866,32.779125],[130.688893,32.778511],[130.688912,32.778022],[130.688945,32.777422],[130.688971,32.776969],[130.689003,32.776295],[130.689026,32.775835],[130.689031,32.775741],[130.689026,32.775664],[130.689015,32.775587],[130.689001,32.77552],[130.688983,32.775449],[130.688957,32.775366],[130.688913,32.775251],[130.688883,32.77518],[130.688784,32.775018],[130.688721,32.774929],[130.688678,32.774879],[130.688529,32.774721],[130.688499,32.774688],[130.688398,32.77459],[130.688242,32.774443],[130.688124,32.774325],[130.688025,32.77421],[130.687956,32.774112],[130.687911,32.77404],[130.687888,32.774003],[130.687821,32.773876],[130.687766,32.773734],[130.687751,32.773694],[130.687723,32.773601],[130.687701,32.773508],[130.687688,32.77343],[130.687676,32.773317],[130.687666,32.773226],[130.68766,32.773165],[130.687658,32.773112],[130.687656,32.773015],[130.687644,32.772447],[130.687633,32.772243],[130.686953,32.772246],[130.686474,32.77225],[130.685554,32.772279],[130.68554,32.772257],[130.685514,32.772217],[130.685482,32.772156],[130.685467,32.772124],[130.685454,32.772074],[130.685399,32.771899],[130.685375,32.771774],[130.685262,32.771188],[130.685308,32.771105],[130.685269,32.770989],[130.685235,32.770963],[130.685151,32.770939],[130.685116,32.770921],[130.685104,32.770905],[130.685109,32.77088],[130.68475,32.770918],[130.684778,32.771051],[130.684153,32.771185],[130.683534,32.771389],[130.683096,32.771524],[130.682546,32.771697],[130.682276,32.771813],[130.681746,32.772042],[130.681368,32.772248],[130.681003,32.77244],[130.680747,32.77257],[130.680634,32.772613],[130.680386,32.772712],[130.68007,32.772845],[130.679729,32.772995],[130.679484,32.773109],[130.679417,32.773141]]]}},{"type":"Feature","properties":{"YoutoName":null,"YoutoCode":0,"DistType":"特別用途地区","DistCode":14,"Pref":"熊本県","Citycode":"43100","Cityname":"熊本市","FNDate":null,"INNumber":null},"geometry":{"type":"Polygon","coordinates":[[[130.728427,32.769875],[130.72809,32.769692],[130.727676,32.769476],[130.727226,32.769261],[130.7268,32.769057],[130.726466,32.768909],[130.725994,32.768707],[130.725588,32.768542],[130.725139,32.768359],[130.724801,32.768237],[130.72477,32.768277],[130.724578,32.768598],[130.725599,32.769004],[130.726334,32.769325],[130.727039,32.769672],[130.727584,32.769953],[130.728317,32.770368],[130.728427,32.769875]]]}},{"type":"Feature","properties":{"YoutoName":null,"YoutoCode":0,"DistType":"特別用途地区","DistCode":14,"Pref":"熊本県","Citycode":"43100","Cityname":"熊本市","FNDate":null,"INNumber":null},"geometry":{"type":"Polygon","coordinates":[[[130.765551,32.783735],[130.7632,32.783414],[130.763042,32.78418],[130.762955,32.784167],[130.762883,32.7846],[130.762977,32.784613],[130.76278,32.785767],[130.762684,32.786281],[130.762635,32.786279],[130.762551,32.786708],[130.762515,32.786894],[130.762777,32.786932],[130.764881,32.787238],[130.764988,32.786713],[130.765214,32.78545],[130.765551,32.783735]]]}},{"type":"Feature","properties":{"YoutoName":null,"YoutoCode":0,"DistType":"特別用途地区","DistCode":14,"Pref":"熊本県","Citycode":"43100","Cityname":"熊本市","FNDate":null,"INNumber":null},"geometry":{"type":"Polygon","coordinates":[[[130.699689,32.881979],[130.699669,32.881914],[130.699658,32.881856],[130.699648,32.881811],[130.699592,32.881544],[130.699525,32.881535],[130.699478,32.881526],[130.699412,32.881521],[130.699167,32.881509],[130.698865,32.881504],[130.69868,32.881498],[130.698396,32.881488],[130.698334,32.881484],[130.698166,32.881461],[130.697562,32.881254],[130.697528,32.881241],[130.698252,32.880124],[130.698272,32.880093],[130.698401,32.879805],[130.698501,32.879594],[130.698501,32.879594],[130.698512,32.879554],[130.698527,32.879515],[130.698552,32.879457],[130.698599,32.879349],[130.698632,32.879272],[130.698667,32.879202],[130.698686,32.879168],[130.698706,32.879134],[130.698739,32.879074],[130.698791,32.878983],[130.698854,32.878885],[130.698678,32.879004],[130.69866,32.879016],[130.698403,32.879202],[130.698239,32.879339],[130.698087,32.879466],[130.697888,32.879632],[130.697747,32.87975],[130.697263,32.880163],[130.696552,32.880962],[130.696296,32.881251],[130.695979,32.881712],[130.695944,32.881763],[130.696039,32.881822],[130.695984,32.881847],[130.695967,32.881858],[130.695864,32.88193],[130.695765,32.882008],[130.69566,32.882107],[130.695577,32.882189],[130.695405,32.882342],[130.695369,32.882369],[130.695177,32.882547],[130.695081,32.882634],[130.694882,32.88285],[130.694731,32.883012],[130.694511,32.883249],[130.694486,32.883293],[130.694459,32.883364],[130.694459,32.883365],[130.695328,32.882449],[130.695429,32.882558],[130.695572,32.882539],[130.696566,32.882333],[130.696599,32.88244],[130.697388,32.882306],[130.698393,32.882126],[130.698684,32.88207],[130.698816,32.882048],[130.698955,32.882023],[130.699075,32.882006],[130.699141,32.882002],[130.699172,32.882002],[130.699205,32.882004],[130.699228,32.882006],[130.699248,32.88201],[130.699285,32.882018],[130.699333,32.882029],[130.699346,32.882032],[130.699379,32.882036],[130.699409,32.882037],[130.699446,32.882035],[130.699489,32.882032],[130.699529,32.882026],[130.699553,32.882021],[130.699625,32.881998],[130.699688,32.88198],[130.699689,32.881979]]]}},{"type":"Feature","properties":{"YoutoName":null,"YoutoCode":0,"DistType":"特別用途地区","DistCode":14,"Pref":"熊本県","Citycode":"43100","Cityname":"熊本市","FNDate":null,"INNumber":null},"geometry":{"type":"Polygon","coordinates":[[[130.62579,32.783027],[130.625786,32.782952],[130.625785,32.782745],[130.625541,32.782736],[130.62543,32.782762],[130.625361,32.782759],[130.625145,32.782751],[130.625046,32.782745],[130.62494,32.782739],[130.624903,32.782737],[130.624846,32.78273],[130.624814,32.782724],[130.624747,32.782708],[130.624608,32.782666],[130.62448,32.782624],[130.624389,32.782609],[130.624308,32.782597],[130.624171,32.782576],[130.624033,32.782556],[130.623949,32.782543],[130.623949,32.782542],[130.623925,32.78254],[130.623905,32.782541],[130.623892,32.782543],[130.623857,32.782552],[130.623773,32.782575],[130.623671,32.782603],[130.623655,32.782606],[130.623639,32.782606],[130.623615,32.782607],[130.623596,32.782606],[130.62357,32.782602],[130.623458,32.782572],[130.623275,32.782533],[130.623133,32.782507],[130.622949,32.782475],[130.622784,32.782443],[130.622548,32.782424],[130.622298,32.782421],[130.622252,32.782424],[130.622198,32.782431],[130.62216,32.782435],[130.622084,32.782442],[130.621933,32.78245],[130.62193,32.782446],[130.62187,32.782344],[130.621717,32.782413],[130.621588,32.782476],[130.621513,32.782511],[130.621412,32.782557],[130.62135,32.782586],[130.621214,32.782648],[130.62113,32.782689],[130.620995,32.782753],[130.620887,32.782804],[130.620878,32.782808],[130.620803,32.782849],[130.620706,32.782906],[130.620703,32.782907],[130.620693,32.782915],[130.620653,32.782944],[130.620624,32.782971],[130.620582,32.783015],[130.620554,32.78305],[130.620525,32.783094],[130.620494,32.783141],[130.620443,32.783237],[130.620377,32.783396],[130.62032,32.783571],[130.620278,32.783718],[130.620233,32.783868],[130.620191,32.783998],[130.620152,32.784125],[130.620114,32.784235],[130.620058,32.784386],[130.620024,32.784484],[130.61997,32.784625],[130.619911,32.784774],[130.619827,32.785003],[130.619751,32.785204],[130.619693,32.785359],[130.619612,32.78557],[130.61954,32.785762],[130.619477,32.785925],[130.619416,32.786091],[130.619356,32.786242],[130.619316,32.786353],[130.619215,32.7866],[130.619119,32.786867],[130.619076,32.786985],[130.619171,32.787013],[130.619429,32.786692],[130.6196,32.786495],[130.619717,32.786354],[130.619831,32.786232],[130.619883,32.786169],[130.619907,32.786141],[130.619998,32.786031],[130.620057,32.785961],[130.62014,32.785861],[130.6202,32.785789],[130.620204,32.785784],[130.620272,32.785702],[130.620343,32.785623],[130.620386,32.78553],[130.620419,32.785453],[130.620425,32.785433],[130.620429,32.785407],[130.620429,32.78538],[130.620427,32.785367],[130.620425,32.785354],[130.620415,32.785334],[130.62038,32.785282],[130.620364,32.785261],[130.62024,32.785121],[130.620234,32.785112],[130.620221,32.785091],[130.620204,32.785057],[130.620189,32.785022],[130.620184,32.785003],[130.620183,32.784984],[130.620181,32.784965],[130.620182,32.784943],[130.620185,32.784926],[130.620186,32.784916],[130.62019,32.784902],[130.620214,32.784865],[130.620396,32.784861],[130.620398,32.784858],[130.620398,32.784855],[130.620402,32.784772],[130.620574,32.78476],[130.620755,32.784699],[130.620718,32.784574],[130.620859,32.784542],[130.621012,32.784502],[130.621012,32.784423],[130.621095,32.784417],[130.621115,32.78441],[130.621205,32.784382],[130.62127,32.784375],[130.621293,32.784371],[130.621324,32.784366],[130.621336,32.784363],[130.621366,32.784358],[130.621372,32.784356],[130.621381,32.784354],[130.621392,32.784352],[130.62153,32.784363],[130.621621,32.784326],[130.621748,32.784275],[130.621868,32.784209],[130.621975,32.784088],[130.622065,32.784019],[130.622187,32.783932],[130.622262,32.783837],[130.622388,32.783673],[130.622453,32.783591],[130.622578,32.783512],[130.622722,32.783419],[130.62291,32.783296],[130.623073,32.78319],[130.623181,32.783108],[130.623265,32.783021],[130.623367,32.782921],[130.623489,32.782828],[130.623597,32.782911],[130.623795,32.782778],[130.623942,32.782676],[130.62398,32.782674],[130.624095,32.782668],[130.624153,32.78267],[130.624171,32.78267],[130.624232,32.782678],[130.624278,32.782688],[130.624452,32.782742],[130.624626,32.782801],[130.624818,32.782864],[130.625031,32.782917],[130.625244,32.78303],[130.62564,32.783026],[130.62579,32.783027]]]}},{"type":"Feature","properties":{"YoutoName":null,"YoutoCode":0,"DistType":"特別用途地区","DistCode":14,"Pref":"熊本県","Citycode":"43100","Cityname":"熊本市","FNDate":null,"INNumber":null},"geometry":{"type":"Polygon","coordinates":[[[130.695361,32.755311],[130.69454,32.755272],[130.694594,32.754444],[130.695114,32.754448],[130.695111,32.754198],[130.695094,32.754016],[130.695066,32.753821],[130.695013,32.753589],[130.694932,32.753314],[130.694011,32.753386],[130.693391,32.753299],[130.693293,32.75329],[130.693183,32.753288],[130.692866,32.753323],[130.692761,32.753331],[130.69263,32.753314],[130.692135,32.753265],[130.69199,32.753255],[130.691805,32.753264],[130.691142,32.753294],[130.691023,32.753289],[130.690916,32.753276],[130.690713,32.753238],[130.6906,32.753229],[130.690486,32.753223],[130.690234,32.753226],[130.690063,32.753216],[130.689918,32.753205],[130.689734,32.753168],[130.6896,32.753137],[130.689377,32.753084],[130.689126,32.753023],[130.689038,32.75301],[130.688871,32.753009],[130.688875,32.752816],[130.689005,32.752422],[130.689016,32.75238],[130.689024,32.752325],[130.689026,32.752151],[130.689025,32.752094],[130.689035,32.752048],[130.689064,32.751863],[130.689092,32.751735],[130.689112,32.751647],[130.689137,32.751571],[130.689164,32.751452],[130.689204,32.751337],[130.689234,32.751231],[130.689236,32.751102],[130.689187,32.751082],[130.688024,32.751069],[130.687972,32.751033],[130.687971,32.750915],[130.687967,32.750875],[130.687972,32.750799],[130.688046,32.75026],[130.688059,32.750141],[130.688077,32.749676],[130.688074,32.749569],[130.688077,32.749458],[130.688084,32.749325],[130.688095,32.749261],[130.688117,32.749201],[130.688156,32.749078],[130.688207,32.74886],[130.688269,32.748559],[130.68832,32.748258],[130.688351,32.748079],[130.688357,32.747988],[130.688353,32.74789],[130.688358,32.747799],[130.688364,32.747716],[130.68842,32.747388],[130.688449,32.747297],[130.688486,32.747192],[130.688494,32.747114],[130.688582,32.746311],[130.689637,32.74637],[130.689681,32.746159],[130.689003,32.746115],[130.689007,32.746094],[130.689031,32.745965],[130.689046,32.74581],[130.689074,32.74558],[130.689106,32.745282],[130.689118,32.744977],[130.689147,32.744534],[130.689151,32.743973],[130.689128,32.74346],[130.689111,32.743002],[130.689095,32.74271],[130.68908,32.742354],[130.689078,32.742172],[130.689073,32.741704],[130.689081,32.74127],[130.689112,32.740803],[130.689165,32.740052],[130.689232,32.739255],[130.689304,32.738626],[130.689385,32.737878],[130.689482,32.736944],[130.689285,32.736966],[130.689176,32.736985],[130.689025,32.737021],[130.688851,32.737056],[130.68865,32.737102],[130.688394,32.737146],[130.688181,32.737178],[130.688131,32.737553],[130.688055,32.738212],[130.68801,32.738869],[130.687963,32.739274],[130.687894,32.739941],[130.687844,32.740418],[130.687789,32.741057],[130.687788,32.741273],[130.687784,32.741464],[130.68779,32.741716],[130.687789,32.741972],[130.687792,32.742135],[130.687799,32.742382],[130.68781,32.742697],[130.687824,32.742959],[130.687838,32.743207],[130.687864,32.743566],[130.687874,32.743927],[130.687868,32.744236],[130.687858,32.744538],[130.687845,32.744867],[130.687808,32.74531],[130.68776,32.74567],[130.687729,32.745961],[130.687723,32.746009],[130.68762,32.746005],[130.687533,32.746483],[130.687438,32.746944],[130.687341,32.747348],[130.687107,32.748339],[130.687009,32.748792],[130.686969,32.748996],[130.685811,32.748907],[130.685081,32.748899],[130.685089,32.748473],[130.685134,32.748345],[130.685185,32.748199],[130.685191,32.748111],[130.685209,32.747814],[130.68492,32.747843],[130.684825,32.747816],[130.684604,32.747784],[130.684948,32.746993],[130.684792,32.746967],[130.684563,32.746917],[130.684335,32.746848],[130.684385,32.746505],[130.684423,32.746388],[130.684461,32.746292],[130.684534,32.74612],[130.684571,32.745985],[130.68434,32.745953],[130.683967,32.745867],[130.683965,32.745867],[130.683882,32.745876],[130.683702,32.745868],[130.683558,32.745864],[130.683422,32.74583],[130.683233,32.745776],[130.683057,32.745714],[130.682918,32.745668],[130.682806,32.745633],[130.682678,32.745608],[130.682262,32.745525],[130.68193,32.745457],[130.681546,32.745376],[130.681666,32.744946],[130.681626,32.744823],[130.681551,32.744609],[130.681466,32.744338],[130.68145,32.744224],[130.681431,32.744117],[130.681432,32.744018],[130.681427,32.743917],[130.68143,32.743805],[130.681432,32.743721],[130.681437,32.743585],[130.681454,32.743472],[130.681487,32.743275],[130.681527,32.743026],[130.681584,32.742707],[130.681604,32.742575],[130.681644,32.742356],[130.681679,32.742157],[130.681724,32.741897],[130.681764,32.741673],[130.681817,32.741388],[130.681861,32.741104],[130.6819,32.740879],[130.681935,32.740691],[130.681976,32.740529],[130.682016,32.740376],[130.682074,32.740179],[130.682065,32.74018],[130.682039,32.740182],[130.681961,32.740188],[130.6819,32.740195],[130.681758,32.740203],[130.681545,32.740212],[130.681186,32.740227],[130.680745,32.740251],[130.680169,32.740274],[130.67992,32.740292],[130.679608,32.740313],[130.679392,32.740322],[130.679392,32.740323],[130.679395,32.740382],[130.679352,32.740403],[130.679379,32.740718],[130.679406,32.741205],[130.679433,32.741704],[130.679451,32.742037],[130.679493,32.74264],[130.679525,32.743013],[130.679575,32.743521],[130.679634,32.74414],[130.679675,32.744508],[130.67972,32.744944],[130.679737,32.745157],[130.679765,32.745198],[130.679784,32.745227],[130.679795,32.745257],[130.679779,32.745296],[130.679747,32.745328],[130.679931,32.745322],[130.679986,32.745706],[130.680018,32.745943],[130.680617,32.74943],[130.680114,32.749482],[130.680149,32.749231],[130.678811,32.749219],[130.678791,32.749267],[130.678331,32.750393],[130.678315,32.750428],[130.67899,32.750442],[130.679465,32.750448],[130.680161,32.750484],[130.680189,32.750495],[130.68021,32.750514],[130.68025,32.750561],[130.680273,32.750584],[130.680306,32.750601],[130.680341,32.750602],[130.680501,32.7506],[130.680545,32.750605],[130.680577,32.750611],[130.680601,32.750627],[130.680641,32.750664],[130.680663,32.750672],[130.680948,32.750597],[130.681427,32.750647],[130.68183,32.750687],[130.682423,32.750692],[130.682467,32.750698],[130.6825,32.750709],[130.682519,32.750726],[130.682539,32.750772],[130.682559,32.750793],[130.682584,32.750802],[130.682641,32.750816],[130.68279,32.750819],[130.682793,32.750724],[130.683008,32.750748],[130.683239,32.750794],[130.683332,32.750812],[130.683672,32.750889],[130.683758,32.750901],[130.683858,32.750911],[130.684311,32.750966],[130.684324,32.751135],[130.684338,32.751195],[130.684356,32.751238],[130.684392,32.75127],[130.684441,32.751293],[130.684602,32.751331],[130.68561,32.751343],[130.685518,32.751706],[130.685465,32.751992],[130.68543,32.752421],[130.685411,32.75281],[130.685887,32.752831],[130.686649,32.752888],[130.686578,32.753246],[130.686443,32.754066],[130.685918,32.754037],[130.685864,32.754821],[130.685733,32.754816],[130.685597,32.755818],[130.685532,32.756319],[130.685441,32.756778],[130.685433,32.756856],[130.685431,32.756922],[130.685383,32.757602],[130.685371,32.757733],[130.685369,32.757752],[130.685278,32.757744],[130.685151,32.757731],[130.685118,32.758312],[130.685189,32.758414],[130.685212,32.758478],[130.685213,32.758532],[130.685204,32.758586],[130.685183,32.758718],[130.685269,32.75876],[130.685307,32.758794],[130.685339,32.758846],[130.685784,32.759416],[130.685859,32.759407],[130.68583,32.759049],[130.685829,32.759016],[130.68583,32.75899],[130.685846,32.75894],[130.685962,32.758644],[130.685992,32.758575],[130.686007,32.758509],[130.68603,32.758436],[130.686038,32.758371],[130.686113,32.757781],[130.686233,32.756861],[130.686307,32.756285],[130.68634,32.755939],[130.686354,32.755785],[130.686367,32.755651],[130.686367,32.755497],[130.68636,32.755217],[130.686346,32.754884],[130.686737,32.754953],[130.687094,32.755004],[130.687379,32.755046],[130.687532,32.75506],[130.687671,32.755067],[130.687794,32.75507],[130.688003,32.755078],[130.688123,32.755082],[130.688204,32.755081],[130.68835,32.75508],[130.688429,32.755077],[130.688673,32.755064],[130.688707,32.755059],[130.688839,32.755041],[130.688874,32.75504],[130.688913,32.755045],[130.688958,32.755056],[130.689026,32.75508],[130.689079,32.755104],[130.689125,32.75512],[130.689232,32.755154],[130.689306,32.755175],[130.68934,32.755182],[130.689398,32.755187],[130.689572,32.755189],[130.689928,32.755196],[130.689964,32.75518],[130.690037,32.755166],[130.690062,32.755163],[130.690217,32.755157],[130.690785,32.755142],[130.690755,32.754688],[130.690751,32.754519],[130.690764,32.754229],[130.691083,32.754233],[130.691462,32.754265],[130.691616,32.754271],[130.692121,32.754296],[130.692208,32.75432],[130.693029,32.754373],[130.692962,32.755513],[130.69291,32.756391],[130.694504,32.756471],[130.695283,32.756505],[130.695361,32.755311]]]}},{"type":"Feature","properties":{"YoutoName":null,"YoutoCode":0,"DistType":"特別用途地区","DistCode":14,"Pref":"熊本県","Citycode":"43100","Cityname":"熊本市","FNDate":null,"INNumber":null},"geometry":{"type":"Polygon","coordinates":[[[130.68063,32.728852],[130.68035,32.72896],[130.680295,32.72905],[130.680235,32.729102],[130.68016,32.729145],[130.680062,32.729171],[130.6802,32.729604],[130.680269,32.729814],[130.680122,32.729863],[130.680204,32.73003],[130.680206,32.730033],[130.680397,32.730123],[130.680542,32.730189],[130.68092,32.73037],[130.681241,32.730519],[130.68149,32.730637],[130.681777,32.730772],[130.682177,32.730961],[130.682523,32.731126],[130.682895,32.731296],[130.683223,32.731453],[130.683529,32.731598],[130.683736,32.731694],[130.683994,32.731816],[130.684191,32.731916],[130.684479,32.732046],[130.684748,32.732171],[130.685007,32.732287],[130.685305,32.732428],[130.685583,32.73255],[130.685918,32.732717],[130.686096,32.732809],[130.686317,32.732939],[130.686477,32.733045],[130.686595,32.733125],[130.686745,32.733243],[130.686893,32.733371],[130.687065,32.733535],[130.68718,32.733654],[130.687298,32.73379],[130.687342,32.733836],[130.687532,32.734062],[130.687623,32.734192],[130.687713,32.734345],[130.687783,32.734473],[130.687847,32.734591],[130.687937,32.734768],[130.688033,32.734993],[130.688105,32.735194],[130.688154,32.735352],[130.688187,32.73547],[130.688218,32.735617],[130.688472,32.735634],[130.688624,32.735652],[130.68932,32.73554],[130.68948,32.735514],[130.689446,32.7354],[130.689417,32.735236],[130.689391,32.735104],[130.689361,32.734974],[130.689316,32.73483],[130.689267,32.734676],[130.689209,32.734527],[130.689127,32.734354],[130.689056,32.73421],[130.688979,32.734061],[130.688871,32.733865],[130.68879,32.73373],[130.688692,32.733582],[130.688555,32.733393],[130.688399,32.733208],[130.688214,32.732998],[130.688098,32.732881],[130.687937,32.732721],[130.687817,32.732616],[130.687731,32.732542],[130.687587,32.732434],[130.687405,32.732294],[130.687168,32.732134],[130.687001,32.732027],[130.686806,32.731913],[130.686643,32.731826],[130.686438,32.731724],[130.686243,32.731623],[130.686123,32.731564],[130.685891,32.731456],[130.685683,32.731361],[130.685444,32.731256],[130.685264,32.731174],[130.685079,32.731086],[130.68487,32.730984],[130.684651,32.730883],[130.68436,32.730745],[130.684152,32.730649],[130.683887,32.730529],[130.683497,32.730342],[130.683153,32.730178],[130.68283,32.730029],[130.6825,32.729876],[130.682254,32.729763],[130.681992,32.729638],[130.681723,32.729515],[130.681442,32.729376],[130.681212,32.729263],[130.681141,32.729237],[130.681124,32.729231],[130.681111,32.729226],[130.681017,32.729191],[130.680927,32.729149],[130.680842,32.7291],[130.680779,32.729046],[130.680736,32.728997],[130.680679,32.728919],[130.68063,32.728852]]]}},{"type":"Feature","properties":{"YoutoName":null,"YoutoCode":0,"DistType":"特別用途地区","DistCode":14,"Pref":"熊本県","Citycode":"43100","Cityname":"熊本市","FNDate":null,"INNumber":null},"geometry":{"type":"Polygon","coordinates":[[[130.593277,32.765314],[130.591644,32.765188],[130.591638,32.765187],[130.591623,32.765176],[130.591665,32.764885],[130.591667,32.76487],[130.591714,32.764396],[130.591715,32.764386],[130.591729,32.764243],[130.59068,32.764165],[130.590627,32.764107],[130.59068,32.763586],[130.590714,32.763313],[130.590736,32.76315],[130.589984,32.763092],[130.588242,32.762962],[130.588291,32.762545],[130.588291,32.762545],[130.588292,32.762533],[130.582675,32.762111],[130.582675,32.76212],[130.582674,32.762122],[130.582532,32.763581],[130.582527,32.763635],[130.585005,32.763812],[130.584875,32.76453],[130.584747,32.765916],[130.584705,32.766197],[130.584661,32.766414],[130.58462,32.76702],[130.584521,32.767901],[130.584519,32.767987],[130.584526,32.768133],[130.584469,32.768626],[130.584509,32.768626],[130.584589,32.768639],[130.585069,32.768675],[130.589539,32.769008],[130.59188,32.769186],[130.592828,32.769256],[130.592855,32.769251],[130.592868,32.769241],[130.593275,32.76534],[130.593277,32.765314]]]}},{"type":"Feature","properties":{"YoutoName":null,"YoutoCode":0,"DistType":"特別用途地区","DistCode":14,"Pref":"熊本県","Citycode":"43100","Cityname":"熊本市","FNDate":null,"INNumber":null},"geometry":{"type":"Polygon","coordinates":[[[130.715106,32.845735],[130.714934,32.845676],[130.714752,32.845623],[130.714648,32.845539],[130.714482,32.845419],[130.714409,32.845368],[130.714338,32.845314],[130.714284,32.845275],[130.714213,32.845208],[130.714165,32.845157],[130.714129,32.845114],[130.714102,32.845078],[130.714086,32.845053],[130.714069,32.845017],[130.714047,32.844951],[130.714009,32.844857],[130.713995,32.844803],[130.713983,32.844765],[130.713979,32.844732],[130.713977,32.844659],[130.713981,32.844582],[130.713981,32.844536],[130.713977,32.844489],[130.713963,32.844442],[130.71395,32.844402],[130.713927,32.844341],[130.713898,32.844293],[130.713851,32.844234],[130.713792,32.844178],[130.713749,32.844139],[130.713688,32.844096],[130.713624,32.844046],[130.713578,32.844012],[130.713506,32.843969],[130.713486,32.843958],[130.713469,32.843949],[130.71328,32.843878],[130.713148,32.843824],[130.713031,32.84378],[130.712859,32.84371],[130.712617,32.843616],[130.712502,32.843579],[130.712315,32.843518],[130.712054,32.84344],[130.711919,32.843394],[130.7119,32.843428],[130.711844,32.843509],[130.711818,32.843548],[130.711772,32.843559],[130.711616,32.843469],[130.711516,32.843437],[130.711383,32.843415],[130.71122,32.843441],[130.71113,32.843439],[130.711129,32.843439],[130.71102,32.843436],[130.710911,32.843442],[130.71084,32.843425],[130.710762,32.843418],[130.710683,32.843412],[130.710613,32.843406],[130.710469,32.8434],[130.710349,32.843411],[130.71023,32.843421],[130.710112,32.843448],[130.709955,32.843605],[130.709926,32.843719],[130.709888,32.843832],[130.709775,32.844153],[130.709714,32.844293],[130.70963,32.844455],[130.709565,32.844584],[130.709498,32.844685],[130.709368,32.844859],[130.709429,32.844927],[130.709454,32.844997],[130.709442,32.84509],[130.709321,32.84528],[130.709255,32.84546],[130.709274,32.845526],[130.709316,32.845576],[130.70942,32.845644],[130.709538,32.845698],[130.709698,32.845798],[130.709883,32.84594],[130.709953,32.846103],[130.709938,32.845912],[130.710044,32.845834],[130.710016,32.845694],[130.710142,32.845647],[130.710239,32.845642],[130.710249,32.845629],[130.710309,32.845606],[130.710344,32.845577],[130.710447,32.845445],[130.710499,32.845253],[130.710569,32.845218],[130.710594,32.84518],[130.710601,32.845143],[130.710595,32.845004],[130.710881,32.844985],[130.710884,32.845071],[130.71089,32.845103],[130.710898,32.845146],[130.710896,32.845157],[130.710893,32.845181],[130.710902,32.845202],[130.710919,32.845244],[130.710936,32.84529],[130.710942,32.845322],[130.710943,32.845358],[130.71094,32.845384],[130.710935,32.845398],[130.710933,32.84541],[130.710934,32.845424],[130.710935,32.845436],[130.710943,32.845443],[130.710952,32.845447],[130.710966,32.845454],[130.71099,32.845467],[130.71102,32.84548],[130.711035,32.84549],[130.711061,32.845511],[130.711073,32.845525],[130.711091,32.845545],[130.71111,32.845575],[130.711124,32.845603],[130.711141,32.845638],[130.711153,32.845663],[130.711169,32.845689],[130.711195,32.845721],[130.711224,32.845749],[130.711255,32.845774],[130.711283,32.84582],[130.711313,32.845884],[130.711308,32.84602],[130.711386,32.846002],[130.711487,32.845978],[130.711566,32.845963],[130.711644,32.84596],[130.711746,32.845966],[130.711761,32.845993],[130.711764,32.846027],[130.711769,32.846044],[130.711768,32.846061],[130.711766,32.846073],[130.711735,32.846102],[130.711715,32.846125],[130.711705,32.846139],[130.711702,32.846162],[130.711705,32.846188],[130.711714,32.846202],[130.711732,32.846219],[130.711738,32.846227],[130.711739,32.84624],[130.711734,32.846247],[130.711724,32.846258],[130.711718,32.846266],[130.711716,32.846279],[130.711721,32.84629],[130.711732,32.846302],[130.711745,32.846312],[130.711759,32.846317],[130.711779,32.84632],[130.711812,32.84632],[130.711838,32.846315],[130.71186,32.846314],[130.711887,32.846314],[130.711908,32.846318],[130.711932,32.846325],[130.711942,32.84633],[130.71195,32.846342],[130.711961,32.846386],[130.711966,32.846412],[130.711968,32.846435],[130.711979,32.846464],[130.711985,32.846478],[130.712,32.846508],[130.712027,32.84656],[130.712044,32.846602],[130.712051,32.846616],[130.712063,32.846631],[130.712085,32.846651],[130.712165,32.846709],[130.712284,32.846796],[130.712304,32.846812],[130.712297,32.846825],[130.712295,32.846831],[130.712296,32.846837],[130.712307,32.846841],[130.712328,32.846846],[130.712487,32.846878],[130.712538,32.84694],[130.71255,32.846948],[130.712552,32.846948],[130.712456,32.846997],[130.71223,32.847103],[130.712102,32.846973],[130.711979,32.847089],[130.71206,32.847187],[130.712091,32.84725],[130.712047,32.84743],[130.712015,32.847594],[130.712021,32.847679],[130.712058,32.847792],[130.712102,32.847896],[130.712214,32.847996],[130.712339,32.848118],[130.712433,32.848219],[130.712533,32.84833],[130.712589,32.848373],[130.712764,32.848458],[130.712814,32.848468],[130.712902,32.848442],[130.712965,32.848397],[130.713241,32.84812],[130.713314,32.848105],[130.713442,32.84811],[130.713486,32.848057],[130.713411,32.847846],[130.713355,32.847782],[130.713205,32.847697],[130.713133,32.847686],[130.713061,32.847655],[130.713011,32.847602],[130.713074,32.847549],[130.713507,32.847367],[130.713507,32.847328],[130.713814,32.847207],[130.713847,32.846932],[130.713928,32.84681],[130.714129,32.846663],[130.714223,32.846631],[130.714192,32.846552],[130.714186,32.846494],[130.714212,32.846425],[130.7143,32.846182],[130.714357,32.846076],[130.714439,32.845939],[130.71447,32.84595],[130.714508,32.845966],[130.714847,32.846203],[130.715033,32.845874],[130.715088,32.845764],[130.715106,32.845735]]]}},{"type":"Feature","properties":{"YoutoName":null,"YoutoCode":0,"DistType":"特別用途地区","DistCode":14,"Pref":"熊本県","Citycode":"43100","Cityname":"熊本市","FNDate":null,"INNumber":null},"geometry":{"type":"Polygon","coordinates":[[[130.787687,32.857462],[130.787635,32.857436],[130.787608,32.857424],[130.787539,32.857395],[130.787474,32.857368],[130.787468,32.857365],[130.787454,32.857359],[130.787452,32.857358],[130.787448,32.857357],[130.787386,32.857329],[130.787377,32.857324],[130.78737,32.857321],[130.787359,32.857316],[130.787274,32.857276],[130.787273,32.857276],[130.787186,32.857236],[130.787165,32.857227],[130.787146,32.857219],[130.787126,32.85721],[130.787124,32.857209],[130.78712,32.857207],[130.787099,32.857197],[130.787097,32.857197],[130.787096,32.857196],[130.787096,32.857196],[130.787079,32.857188],[130.78699,32.857147],[130.786961,32.857133],[130.786876,32.857092],[130.786875,32.857092],[130.786816,32.857063],[130.786796,32.857053],[130.786596,32.856966],[130.786581,32.856959],[130.786108,32.856768],[130.786102,32.856765],[130.785891,32.856683],[130.785891,32.856682],[130.785665,32.856594],[130.785215,32.856407],[130.785213,32.856406],[130.784889,32.856273],[130.784508,32.856113],[130.784246,32.856],[130.784195,32.855989],[130.784281,32.8555],[130.784308,32.855328],[130.784318,32.855276],[130.78434,32.855153],[130.784349,32.855103],[130.784351,32.855094],[130.784382,32.85491],[130.784416,32.85472],[130.784422,32.854677],[130.784437,32.85453],[130.784438,32.854516],[130.784445,32.854415],[130.784447,32.854378],[130.784446,32.854353],[130.78443,32.854005],[130.784429,32.85398],[130.784416,32.853849],[130.784414,32.85383],[130.784405,32.853735],[130.784366,32.853489],[130.784336,32.853386],[130.784278,32.853171],[130.784243,32.853069],[130.784169,32.852833],[130.784074,32.852489],[130.783969,32.852117],[130.783842,32.851643],[130.783744,32.851282],[130.783703,32.851095],[130.782882,32.850911],[130.782711,32.850879],[130.782529,32.850839],[130.782296,32.850789],[130.782193,32.850768],[130.782194,32.850996],[130.782202,32.851042],[130.782219,32.851161],[130.782359,32.851806],[130.78254,32.852526],[130.78262,32.852845],[130.782722,32.853114],[130.782729,32.853136],[130.782746,32.853245],[130.782753,32.853271],[130.78284,32.853593],[130.782915,32.853927],[130.782952,32.854145],[130.782952,32.854169],[130.782953,32.854288],[130.782943,32.854373],[130.782856,32.854941],[130.78276,32.855403],[130.78218,32.855163],[130.781549,32.854913],[130.781185,32.854756],[130.780836,32.854611],[130.780491,32.854452],[130.780281,32.854345],[130.780087,32.854243],[130.779921,32.854141],[130.779894,32.85427],[130.77989,32.854377],[130.779872,32.854646],[130.779871,32.854714],[130.779876,32.854782],[130.779879,32.854798],[130.780172,32.85494],[130.78056,32.855118],[130.781097,32.855353],[130.781544,32.855545],[130.781843,32.85567],[130.782027,32.855747],[130.782413,32.85591],[130.78253,32.855957],[130.783241,32.856252],[130.783384,32.856312],[130.783247,32.857106],[130.783354,32.857124],[130.783403,32.857132],[130.783525,32.857158],[130.783571,32.857172],[130.783598,32.857186],[130.783951,32.857274],[130.784921,32.857504],[130.785293,32.857585],[130.785939,32.857829],[130.786723,32.858129],[130.786794,32.858152],[130.787126,32.858258],[130.787359,32.858337],[130.787489,32.857892],[130.787591,32.857649],[130.787681,32.857472],[130.787687,32.857462]]]}},{"type":"Feature","properties":{"YoutoName":null,"YoutoCode":0,"DistType":"特別用途地区","DistCode":14,"Pref":"熊本県","Citycode":"43100","Cityname":"熊本市","FNDate":null,"INNumber":null},"geometry":{"type":"Polygon","coordinates":[[[130.715106,32.845735],[130.715088,32.845764],[130.715033,32.845874],[130.714847,32.846203],[130.714835,32.846224],[130.714759,32.846362],[130.7146,32.84664],[130.71401,32.847677],[130.713721,32.848183],[130.713405,32.848733],[130.71327,32.84896],[130.713218,32.849057],[130.71312,32.849227],[130.712993,32.849453],[130.712864,32.849685],[130.712743,32.849885],[130.712669,32.850024],[130.712551,32.850228],[130.712454,32.850395],[130.712202,32.850841],[130.711886,32.851406],[130.711827,32.851512],[130.711729,32.851686],[130.710912,32.853142],[130.710398,32.854028],[130.710129,32.854031],[130.709679,32.852075],[130.709528,32.851439],[130.709467,32.851127],[130.709429,32.850949],[130.70932,32.850424],[130.709285,32.850178],[130.709251,32.849956],[130.709204,32.849661],[130.709182,32.849509],[130.709139,32.849285],[130.709128,32.849203],[130.709109,32.849066],[130.709093,32.848998],[130.708716,32.849021],[130.708712,32.848959],[130.708475,32.848988],[130.708535,32.849474],[130.708438,32.849511],[130.708369,32.849539],[130.708318,32.849569],[130.708207,32.84964],[130.708155,32.849674],[130.708094,32.84971],[130.708042,32.849737],[130.707973,32.849762],[130.708035,32.850068],[130.708168,32.850792],[130.708355,32.851731],[130.708476,32.852262],[130.708534,32.852507],[130.708757,32.853392],[130.708894,32.853953],[130.708963,32.854228],[130.708981,32.854342],[130.708991,32.854415],[130.709049,32.854764],[130.709069,32.854916],[130.709074,32.855],[130.709075,32.855089],[130.709074,32.855148],[130.709049,32.855652],[130.708948,32.855669],[130.708885,32.855677],[130.708822,32.85569],[130.708767,32.855706],[130.708724,32.855723],[130.70869,32.855739],[130.708653,32.855762],[130.708618,32.855789],[130.70852,32.855888],[130.708501,32.855908],[130.708485,32.85593],[130.70846,32.855965],[130.708439,32.856005],[130.708432,32.856037],[130.708433,32.856062],[130.708436,32.856084],[130.708439,32.856107],[130.70844,32.856126],[130.708442,32.856147],[130.708442,32.856183],[130.70844,32.8562],[130.708429,32.85622],[130.708415,32.856234],[130.708399,32.856245],[130.708328,32.856274],[130.708303,32.856284],[130.708263,32.856297],[130.70818,32.856329],[130.708129,32.856354],[130.708114,32.85636],[130.708098,32.856372],[130.708087,32.856388],[130.708085,32.856404],[130.708085,32.856439],[130.708094,32.856491],[130.708103,32.856523],[130.708112,32.856558],[130.708131,32.856597],[130.708152,32.856628],[130.708168,32.85665],[130.708181,32.856667],[130.708187,32.856688],[130.708191,32.856723],[130.708191,32.856795],[130.70819,32.856869],[130.708188,32.856885],[130.708186,32.856896],[130.708176,32.856913],[130.708168,32.856923],[130.708155,32.856932],[130.708139,32.85694],[130.708121,32.856948],[130.708104,32.856952],[130.708067,32.856956],[130.708016,32.856956],[130.707988,32.856962],[130.707977,32.856969],[130.707961,32.856984],[130.707952,32.857003],[130.707942,32.857028],[130.707932,32.857062],[130.70793,32.857109],[130.70793,32.857155],[130.707928,32.857214],[130.707932,32.857277],[130.707933,32.857318],[130.707931,32.857358],[130.707915,32.857429],[130.707907,32.857497],[130.707899,32.857635],[130.707915,32.857957],[130.707929,32.858221],[130.707926,32.858265],[130.707918,32.858314],[130.707907,32.85836],[130.707893,32.858403],[130.70788,32.858437],[130.707866,32.858468],[130.707856,32.858486],[130.707834,32.858512],[130.7078,32.858554],[130.707763,32.858596],[130.707737,32.858632],[130.707727,32.858667],[130.707723,32.858702],[130.707725,32.858743],[130.707736,32.858813],[130.707752,32.858881],[130.707755,32.858904],[130.707756,32.858936],[130.707754,32.858997],[130.707747,32.859035],[130.707732,32.859045],[130.707736,32.859059],[130.707739,32.859073],[130.707716,32.859419],[130.707704,32.85951],[130.707684,32.859576],[130.707645,32.859687],[130.707676,32.859919],[130.707687,32.859984],[130.707695,32.860015],[130.707718,32.860077],[130.70775,32.860141],[130.70778,32.860197],[130.707891,32.860372],[130.708027,32.860589],[130.708046,32.860614],[130.708064,32.86065],[130.708082,32.860684],[130.708095,32.86072],[130.708101,32.860742],[130.708104,32.860764],[130.708104,32.860793],[130.708104,32.860837],[130.708101,32.860883],[130.708091,32.860954],[130.708076,32.861035],[130.708072,32.861078],[130.708077,32.861101],[130.70809,32.861126],[130.708106,32.861148],[130.708125,32.86117],[130.708142,32.861184],[130.708175,32.861205],[130.708215,32.861228],[130.708271,32.861261],[130.708305,32.861285],[130.708351,32.861322],[130.708403,32.861368],[130.708495,32.861446],[130.70854,32.861478],[130.708575,32.861496],[130.708651,32.861523],[130.708589,32.861722],[130.708463,32.862046],[130.708246,32.862539],[130.708166,32.862732],[130.707864,32.863426],[130.70777,32.863631],[130.70759,32.864043],[130.707415,32.864437],[130.707115,32.865084],[130.706645,32.866118],[130.706519,32.866342],[130.70644,32.866426],[130.706319,32.866541],[130.706208,32.866638],[130.706135,32.86669],[130.705816,32.86689],[130.705414,32.867112],[130.705374,32.867126],[130.705223,32.86717],[130.705215,32.867205],[130.705381,32.867307],[130.705385,32.867309],[130.705396,32.867316],[130.70542,32.867331],[130.705761,32.867545],[130.705432,32.867715],[130.705461,32.867747],[130.70554,32.867827],[130.705673,32.867846],[130.705752,32.867831],[130.705933,32.867748],[130.706003,32.867716],[130.706029,32.867748],[130.706045,32.867767],[130.706082,32.867749],[130.706198,32.867698],[130.706633,32.867689],[130.706738,32.86775],[130.706788,32.867773],[130.70692,32.867774],[130.707196,32.867779],[130.70722,32.867751],[130.707305,32.867678],[130.707406,32.867709],[130.70752,32.867622],[130.707501,32.867598],[130.707638,32.867469],[130.707545,32.86738],[130.707762,32.867219],[130.707782,32.867203],[130.707797,32.867186],[130.707804,32.867169],[130.707812,32.867139],[130.70782,32.867118],[130.707827,32.867104],[130.707838,32.867086],[130.707852,32.867068],[130.707869,32.86705],[130.707881,32.867033],[130.707897,32.866994],[130.707912,32.866948],[130.707934,32.866874],[130.70795,32.866783],[130.70795,32.866747],[130.708091,32.866653],[130.708202,32.866581],[130.708251,32.866539],[130.708303,32.866493],[130.708342,32.86646],[130.708387,32.866429],[130.708408,32.86641],[130.708416,32.866396],[130.708424,32.866377],[130.70843,32.866359],[130.708432,32.866332],[130.708432,32.866291],[130.708435,32.866052],[130.708497,32.866031],[130.708519,32.866019],[130.708548,32.865991],[130.708556,32.865973],[130.708585,32.865906],[130.708618,32.865847],[130.708652,32.865796],[130.708701,32.865703],[130.708733,32.865635],[130.708771,32.865551],[130.708827,32.86543],[130.708897,32.865269],[130.708944,32.865137],[130.709076,32.864754],[130.709011,32.864633],[130.708938,32.864597],[130.708889,32.864572],[130.708844,32.864549],[130.708798,32.864525],[130.708753,32.864506],[130.708701,32.86449],[130.708685,32.864483],[130.709007,32.863768],[130.70918,32.863389],[130.709429,32.862834],[130.709633,32.862364],[130.709574,32.862303],[130.709555,32.862272],[130.709557,32.862231],[130.709571,32.862076],[130.709582,32.862027],[130.709601,32.861974],[130.70963,32.861908],[130.70965,32.861863],[130.709682,32.86181],[130.709762,32.861687],[130.709964,32.861642],[130.710009,32.861625],[130.710237,32.861522],[130.710192,32.861415],[130.710181,32.861389],[130.710177,32.861367],[130.710178,32.86135],[130.71018,32.86133],[130.710188,32.861312],[130.7102,32.861301],[130.710227,32.861284],[130.710317,32.861252],[130.710518,32.861179],[130.710754,32.861093],[130.711395,32.860857],[130.712222,32.860599],[130.712211,32.86057],[130.712209,32.860562],[130.712152,32.860326],[130.712131,32.860209],[130.712093,32.859996],[130.712078,32.859848],[130.712066,32.859672],[130.712054,32.859485],[130.712026,32.859109],[130.712016,32.858971],[130.712015,32.858969],[130.712015,32.858968],[130.711999,32.858823],[130.711967,32.858609],[130.711947,32.858522],[130.711924,32.85842],[130.711903,32.858272],[130.711878,32.858023],[130.711811,32.857504],[130.711762,32.857095],[130.711687,32.856464],[130.711661,32.856308],[130.711612,32.856027],[130.711592,32.855905],[130.711575,32.855734],[130.711749,32.855712],[130.711822,32.855704],[130.711922,32.855692],[130.712021,32.855681],[130.712102,32.855673],[130.712097,32.855575],[130.712048,32.855214],[130.71218,32.855196],[130.712179,32.855173],[130.71216,32.854837],[130.712131,32.854468],[130.7121,32.854236],[130.712033,32.85393],[130.712024,32.853917],[130.712014,32.853908],[130.711992,32.853906],[130.711822,32.853934],[130.712063,32.853527],[130.712356,32.853023],[130.712907,32.852033],[130.713256,32.851406],[130.713576,32.850838],[130.714007,32.850065],[130.714239,32.849659],[130.714473,32.849235],[130.714676,32.848877],[130.714867,32.848543],[130.715281,32.848438],[130.71547,32.848397],[130.715581,32.848391],[130.7158,32.848342],[130.715862,32.848341],[130.716015,32.84835],[130.716303,32.848365],[130.716323,32.848294],[130.716331,32.848249],[130.716337,32.8482],[130.716335,32.848165],[130.71633,32.848121],[130.716325,32.848082],[130.716327,32.848062],[130.716341,32.848009],[130.716773,32.848011],[130.71748,32.850185],[130.717629,32.850647],[130.717661,32.850746],[130.717713,32.850881],[130.717788,32.851043],[130.717848,32.851155],[130.717901,32.851251],[130.71796,32.851351],[130.718105,32.851573],[130.718206,32.851711],[130.718272,32.851796],[130.718367,32.851904],[130.718432,32.851973],[130.71849,32.852033],[130.71856,32.852099],[130.718609,32.852142],[130.718663,32.852189],[130.718702,32.852221],[130.718798,32.852295],[130.718866,32.852347],[130.718976,32.852415],[130.719155,32.852525],[130.719185,32.852388],[130.719172,32.852298],[130.719129,32.85212],[130.719099,32.852004],[130.71909,32.85194],[130.71908,32.851896],[130.719028,32.851638],[130.719025,32.851579],[130.719029,32.851513],[130.719035,32.851423],[130.719161,32.851404],[130.719213,32.851423],[130.719245,32.851436],[130.719257,32.851439],[130.719273,32.851438],[130.719291,32.851426],[130.719336,32.8514],[130.719355,32.851391],[130.719383,32.85136],[130.719388,32.851344],[130.719388,32.851319],[130.719393,32.851244],[130.719397,32.851146],[130.719394,32.851039],[130.719389,32.850937],[130.719385,32.850883],[130.719375,32.850724],[130.719361,32.850526],[130.719342,32.850308],[130.719341,32.850298],[130.719335,32.850294],[130.71932,32.850288],[130.719301,32.850282],[130.719287,32.850278],[130.719263,32.850275],[130.719254,32.850169],[130.719246,32.850054],[130.719242,32.849912],[130.719154,32.849835],[130.7191,32.849808],[130.71899,32.849774],[130.718939,32.849743],[130.718902,32.849709],[130.718884,32.849664],[130.718894,32.849557],[130.718948,32.849291],[130.718954,32.849254],[130.718865,32.849242],[130.718803,32.849229],[130.71871,32.849206],[130.71865,32.849189],[130.718575,32.849169],[130.718506,32.849147],[130.718455,32.84913],[130.718423,32.84912],[130.718386,32.849111],[130.718351,32.849104],[130.718328,32.849098],[130.718298,32.849095],[130.718258,32.849092],[130.718215,32.849087],[130.718174,32.849082],[130.718146,32.849074],[130.718117,32.849062],[130.718092,32.849051],[130.718067,32.849038],[130.718049,32.849026],[130.718032,32.849009],[130.718025,32.848995],[130.718019,32.848983],[130.718014,32.848966],[130.718011,32.848949],[130.718006,32.848924],[130.718005,32.848902],[130.718004,32.848885],[130.718029,32.848882],[130.71806,32.848885],[130.718087,32.848888],[130.718128,32.848895],[130.718162,32.8489],[130.718208,32.848905],[130.71825,32.848906],[130.718275,32.848903],[130.718308,32.848886],[130.71833,32.848864],[130.718353,32.848839],[130.718366,32.848817],[130.718374,32.848796],[130.718377,32.848777],[130.718377,32.848753],[130.718375,32.848726],[130.718377,32.848705],[130.718384,32.848687],[130.718394,32.848668],[130.718407,32.848646],[130.718416,32.848627],[130.718422,32.848611],[130.718426,32.848594],[130.718429,32.848577],[130.718435,32.848545],[130.718438,32.848524],[130.718444,32.848499],[130.71845,32.848488],[130.718452,32.84848],[130.718457,32.848409],[130.718465,32.848353],[130.718471,32.848308],[130.718473,32.848293],[130.71847,32.848282],[130.718463,32.848269],[130.718458,32.848257],[130.718454,32.848248],[130.718451,32.84823],[130.71845,32.848216],[130.71845,32.848204],[130.71845,32.848196],[130.718458,32.848183],[130.718472,32.84816],[130.718482,32.848139],[130.718501,32.84809],[130.718515,32.848051],[130.718529,32.848009],[130.718537,32.847965],[130.718538,32.847918],[130.718542,32.847871],[130.718545,32.847828],[130.718546,32.847782],[130.718546,32.847738],[130.718549,32.847714],[130.718555,32.847697],[130.718557,32.847691],[130.718572,32.847649],[130.718582,32.847596],[130.718595,32.84752],[130.718595,32.847501],[130.718379,32.847454],[130.718314,32.847435],[130.718214,32.847408],[130.71811,32.847379],[130.718036,32.847357],[130.717854,32.847294],[130.717809,32.847279],[130.717792,32.84727],[130.717787,32.847263],[130.717787,32.847253],[130.717791,32.847236],[130.717801,32.847211],[130.717696,32.846891],[130.717619,32.846669],[130.717526,32.846424],[130.717433,32.846209],[130.717408,32.846171],[130.717353,32.84607],[130.717256,32.845913],[130.717196,32.845819],[130.717039,32.8456],[130.716969,32.845507],[130.717022,32.845407],[130.717076,32.845296],[130.717092,32.845245],[130.717104,32.845197],[130.717108,32.845154],[130.717108,32.845087],[130.717105,32.845013],[130.717099,32.844966],[130.717094,32.844929],[130.717096,32.844911],[130.717109,32.844879],[130.717141,32.844813],[130.717153,32.844806],[130.71715,32.844771],[130.717139,32.844681],[130.717135,32.844648],[130.717136,32.844558],[130.71713,32.844458],[130.717123,32.844325],[130.717161,32.844245],[130.717212,32.84412],[130.717309,32.843881],[130.717493,32.843429],[130.717595,32.843186],[130.717619,32.843132],[130.717815,32.842677],[130.718058,32.842114],[130.71829,32.841551],[130.718694,32.841413],[130.7188,32.841391],[130.718922,32.841376],[130.719019,32.841361],[130.719185,32.841326],[130.719308,32.841302],[130.719401,32.841297],[130.719458,32.841294],[130.719624,32.841299],[130.719897,32.841311],[130.72012,32.84133],[130.720295,32.84136],[130.7206,32.841396],[130.720574,32.841247],[130.720563,32.840999],[130.720551,32.840727],[130.72055,32.840546],[130.720382,32.840202],[130.720346,32.840139],[130.720338,32.840103],[130.720328,32.8398],[130.72031,32.839413],[130.720309,32.839383],[130.720299,32.839362],[130.720283,32.839346],[130.720262,32.839333],[130.719904,32.83909],[130.719831,32.83903],[130.719739,32.838958],[130.71971,32.838924],[130.719691,32.838903],[130.719657,32.838839],[130.71964,32.838793],[130.71963,32.838729],[130.719617,32.838696],[130.719598,32.838641],[130.719579,32.838606],[130.71957,32.838579],[130.719568,32.838548],[130.719579,32.838503],[130.719601,32.838463],[130.719623,32.838431],[130.719693,32.83834],[130.719711,32.83833],[130.719906,32.838323],[130.720321,32.838308],[130.720209,32.837866],[130.720182,32.837769],[130.720156,32.837685],[130.720065,32.837398],[130.720055,32.837281],[130.72006,32.837224],[130.720065,32.837174],[130.720077,32.837119],[130.720083,32.837075],[130.720087,32.837019],[130.720106,32.836941],[130.720131,32.836808],[130.720145,32.83672],[130.720169,32.836586],[130.720175,32.836541],[130.720179,32.836457],[130.720198,32.836354],[130.72022,32.836275],[130.720225,32.836232],[130.720238,32.836138],[130.720248,32.83609],[130.720259,32.836041],[130.720267,32.835997],[130.720279,32.835949],[130.720298,32.835909],[130.720319,32.835865],[130.720343,32.835823],[130.720375,32.835788],[130.720405,32.835752],[130.720476,32.835689],[130.720549,32.835627],[130.720745,32.835468],[130.720783,32.835437],[130.720819,32.835404],[130.720854,32.835365],[130.720883,32.835331],[130.720907,32.835291],[130.720925,32.835248],[130.720935,32.835208],[130.720927,32.835119],[130.720932,32.834842],[130.720926,32.834686],[130.720912,32.834587],[130.7209,32.834484],[130.72089,32.834434],[130.720826,32.834184],[130.720808,32.834138],[130.720782,32.834084],[130.720517,32.833495],[130.719957,32.833509],[130.719928,32.8329],[130.719923,32.8329],[130.719354,32.832908],[130.719358,32.833571],[130.718023,32.833586],[130.718003,32.833928],[130.718001,32.83402],[130.718004,32.834055],[130.718015,32.834138],[130.718025,32.834199],[130.718073,32.834449],[130.718109,32.83494],[130.718122,32.835212],[130.718122,32.835254],[130.71812,32.835277],[130.718109,32.835313],[130.718083,32.835406],[130.718052,32.836173],[130.718009,32.836365],[130.717885,32.836823],[130.717909,32.836942],[130.717915,32.837016],[130.717908,32.837074],[130.717895,32.837125],[130.717874,32.837181],[130.717845,32.837243],[130.717812,32.837301],[130.717767,32.837379],[130.717704,32.837475],[130.717609,32.837612],[130.717577,32.837653],[130.717446,32.837834],[130.717432,32.837871],[130.717427,32.837891],[130.717412,32.837921],[130.717392,32.838013],[130.717375,32.838095],[130.717778,32.838291],[130.717604,32.838545],[130.717495,32.838696],[130.717428,32.838805],[130.717372,32.838915],[130.717324,32.839047],[130.717276,32.839215],[130.717252,32.839341],[130.717243,32.839424],[130.717245,32.839886],[130.717247,32.840075],[130.717249,32.840208],[130.717257,32.840264],[130.717265,32.840334],[130.717265,32.840375],[130.717259,32.840415],[130.717246,32.840469],[130.717219,32.840564],[130.717177,32.84072],[130.717112,32.840943],[130.717099,32.840996],[130.717079,32.841063],[130.717014,32.841302],[130.716897,32.841357],[130.716783,32.841413],[130.716748,32.841428],[130.716734,32.841437],[130.716723,32.841454],[130.716714,32.841472],[130.716706,32.841499],[130.716695,32.84153],[130.716684,32.841555],[130.716674,32.841589],[130.71667,32.841614],[130.716669,32.841679],[130.716667,32.841867],[130.71667,32.842031],[130.716655,32.842317],[130.716649,32.842399],[130.716618,32.84285],[130.716614,32.842905],[130.71657,32.84316],[130.716537,32.843278],[130.716498,32.843364],[130.716471,32.84341],[130.716446,32.843449],[130.716411,32.843505],[130.716416,32.843807],[130.71642,32.843941],[130.716322,32.843953],[130.716246,32.843963],[130.716212,32.843967],[130.71618,32.843968],[130.716117,32.843968],[130.715978,32.843955],[130.715864,32.844213],[130.715727,32.844514],[130.715588,32.844822],[130.715519,32.844978],[130.715246,32.845504],[130.715156,32.845655],[130.715106,32.845735]]]}},{"type":"Feature","properties":{"YoutoName":null,"YoutoCode":0,"DistType":"特別用途地区","DistCode":14,"Pref":"熊本県","Citycode":"43100","Cityname":"熊本市","FNDate":null,"INNumber":null},"geometry":{"type":"Polygon","coordinates":[[[130.68063,32.728852],[130.680573,32.728748],[130.680415,32.728674],[130.68021,32.728507],[130.680077,32.728368],[130.679931,32.728196],[130.679716,32.727893],[130.67962,32.727664],[130.679542,32.727488],[130.679525,32.727421],[130.67951,32.727343],[130.679297,32.727319],[130.679018,32.727305],[130.678509,32.727297],[130.678281,32.727288],[130.678096,32.72729],[130.678094,32.72729],[130.678061,32.72729],[130.678088,32.727433],[130.678149,32.727616],[130.678217,32.727811],[130.678251,32.727905],[130.678301,32.728026],[130.678447,32.728318],[130.678511,32.728421],[130.678678,32.728657],[130.678753,32.728759],[130.678867,32.728895],[130.678948,32.729004],[130.679083,32.729146],[130.67918,32.729249],[130.67929,32.729379],[130.679371,32.729472],[130.679439,32.729552],[130.679575,32.72967],[130.679678,32.729759],[130.679967,32.729915],[130.680206,32.730033],[130.680204,32.73003],[130.680122,32.729863],[130.680269,32.729814],[130.6802,32.729604],[130.680062,32.729171],[130.68016,32.729145],[130.680235,32.729102],[130.680295,32.72905],[130.68035,32.72896],[130.68063,32.728852]]]}},{"type":"Feature","properties":{"YoutoName":null,"YoutoCode":0,"DistType":"特別用途地区","DistCode":14,"Pref":"熊本県","Citycode":"43100","Cityname":"熊本市","FNDate":null,"INNumber":null},"geometry":{"type":"Polygon","coordinates":[[[130.679036,32.724846],[130.679034,32.724803],[130.67899,32.724506],[130.678941,32.724203],[130.678859,32.723809],[130.678704,32.723007],[130.678594,32.722502],[130.678482,32.722083],[130.678369,32.72167],[130.678277,32.721656],[130.677993,32.721608],[130.677848,32.721585],[130.677441,32.721534],[130.677248,32.721514],[130.677077,32.721497],[130.676894,32.721477],[130.676885,32.721477],[130.676965,32.721761],[130.677119,32.722314],[130.677215,32.722744],[130.677294,32.723114],[130.677412,32.723724],[130.677496,32.724206],[130.677656,32.725],[130.678044,32.724918],[130.678169,32.724893],[130.678514,32.724849],[130.6788,32.724839],[130.679036,32.724846]]]}},{"type":"Feature","properties":{"YoutoName":null,"YoutoCode":0,"DistType":"特別用途地区","DistCode":14,"Pref":"熊本県","Citycode":"43100","Cityname":"熊本市","FNDate":null,"INNumber":null},"geometry":{"type":"Polygon","coordinates":[[[130.721673,32.703196],[130.724469,32.703255],[130.724868,32.703269],[130.724859,32.703844],[130.725278,32.703839],[130.725277,32.703887],[130.726159,32.704055],[130.726183,32.704131],[130.726683,32.704147],[130.727421,32.704111],[130.727817,32.704121],[130.727905,32.704123],[130.727967,32.70334],[130.727884,32.703339],[130.727433,32.703334],[130.725262,32.70329],[130.725254,32.702751],[130.724828,32.702737],[130.724826,32.702326],[130.724825,32.702205],[130.724358,32.702202],[130.722909,32.702295],[130.722491,32.702301],[130.722169,32.702307],[130.721952,32.702333],[130.72173,32.702379],[130.721548,32.702446],[130.721649,32.702577],[130.721673,32.703196]]]}},{"type":"Feature","properties":{"YoutoName":null,"YoutoCode":0,"DistType":"特別用途地区","DistCode":14,"Pref":"熊本県","Citycode":"43100","Cityname":"熊本市","FNDate":null,"INNumber":null},"geometry":{"type":"Polygon","coordinates":[[[130.740098,32.717105],[130.739719,32.717057],[130.739749,32.716839],[130.739699,32.716231],[130.739108,32.716322],[130.739059,32.716157],[130.738119,32.716441],[130.739053,32.717785],[130.739104,32.717931],[130.739076,32.718051],[130.738926,32.718228],[130.738736,32.718639],[130.738764,32.71873],[130.738539,32.718847],[130.738166,32.718861],[130.737926,32.718912],[130.737509,32.718891],[130.737545,32.718745],[130.736597,32.718706],[130.736684,32.718874],[130.736697,32.718899],[130.736664,32.71893],[130.736332,32.718776],[130.736296,32.718811],[130.736291,32.718815],[130.736379,32.718906],[130.736502,32.719059],[130.736572,32.7191],[130.736652,32.71911],[130.736809,32.719555],[130.738129,32.719627],[130.73814,32.720139],[130.738398,32.720196],[130.738717,32.720237],[130.73903,32.720266],[130.739065,32.72027],[130.739186,32.720369],[130.73927,32.720529],[130.739304,32.720592],[130.739471,32.72062],[130.739523,32.720383],[130.739628,32.719774],[130.739608,32.719772],[130.740098,32.717105]]]}},{"type":"Feature","properties":{"YoutoName":null,"YoutoCode":0,"DistType":"特別用途地区","DistCode":14,"Pref":"熊本県","Citycode":"43100","Cityname":"熊本市","FNDate":null,"INNumber":null},"geometry":{"type":"Polygon","coordinates":[[[130.690265,32.890706],[130.689923,32.890659],[130.689752,32.890632],[130.689679,32.890563],[130.689599,32.890484],[130.689518,32.890405],[130.689393,32.890293],[130.689206,32.890126],[130.689075,32.890009],[130.688994,32.889934],[130.688908,32.88986],[130.68882,32.889786],[130.688839,32.889781],[130.688935,32.889795],[130.688903,32.889785],[130.688866,32.889771],[130.688841,32.889755],[130.688773,32.88969],[130.688677,32.88961],[130.688504,32.889456],[130.688461,32.889418],[130.68834,32.889312],[130.688164,32.889156],[130.688146,32.889141],[130.688015,32.889018],[130.687903,32.888915],[130.687813,32.888842],[130.687732,32.88879],[130.6877,32.888774],[130.68766,32.888752],[130.687617,32.888734],[130.687547,32.88871],[130.687466,32.888682],[130.687393,32.888658],[130.687305,32.888625],[130.68728,32.888613],[130.687243,32.888582],[130.687223,32.888559],[130.687203,32.888536],[130.687178,32.8885],[130.687112,32.888401],[130.687056,32.888323],[130.686962,32.888169],[130.686913,32.888097],[130.686879,32.888051],[130.68686,32.888029],[130.68681,32.887986],[130.686794,32.887974],[130.686755,32.887955],[130.686684,32.887919],[130.686591,32.887876],[130.686525,32.887846],[130.686493,32.88783],[130.686461,32.887813],[130.686413,32.887784],[130.686392,32.887768],[130.686374,32.887751],[130.686363,32.88774],[130.686325,32.887807],[130.686293,32.887878],[130.686275,32.887901],[130.686099,32.888185],[130.68606,32.888246],[130.685981,32.888342],[130.685918,32.888434],[130.685883,32.888497],[130.685857,32.88855],[130.6858,32.888655],[130.685758,32.888724],[130.685703,32.888811],[130.685669,32.88887],[130.685696,32.888904],[130.685746,32.888961],[130.685799,32.889016],[130.685878,32.889096],[130.685941,32.889155],[130.685997,32.889206],[130.686045,32.88925],[130.686071,32.88927],[130.686035,32.889493],[130.686016,32.889791],[130.686,32.890141],[130.686027,32.890141],[130.686051,32.890145],[130.686134,32.890161],[130.686166,32.890168],[130.686241,32.890183],[130.686321,32.890197],[130.686403,32.89021],[130.686528,32.890219],[130.686652,32.890227],[130.686777,32.89023],[130.686872,32.890233],[130.687129,32.890241],[130.687099,32.890279],[130.687123,32.890281],[130.687136,32.890283],[130.687154,32.89029],[130.687168,32.890296],[130.687193,32.890315],[130.687254,32.890366],[130.687361,32.890445],[130.687549,32.890591],[130.687693,32.890706],[130.687712,32.890722],[130.687812,32.890806],[130.687911,32.890894],[130.687946,32.890918],[130.687973,32.890933],[130.68806,32.890986],[130.688103,32.89101],[130.688117,32.890993],[130.688221,32.891049],[130.68826,32.891074],[130.688287,32.891094],[130.688301,32.891109],[130.688358,32.891157],[130.688417,32.891223],[130.688448,32.891265],[130.688493,32.891325],[130.688527,32.891364],[130.688546,32.891384],[130.688579,32.89141],[130.68865,32.891443],[130.689322,32.891056],[130.689361,32.891067],[130.689446,32.891089],[130.689477,32.891093],[130.68966,32.891118],[130.689781,32.891137],[130.689807,32.891146],[130.689998,32.891157],[130.690193,32.891161],[130.690247,32.890744],[130.690265,32.890706]]]}},{"type":"Feature","properties":{"YoutoName":null,"YoutoCode":0,"DistType":"特別用途地区","DistCode":14,"Pref":"熊本県","Citycode":"43100","Cityname":"熊本市","FNDate":null,"INNumber":null},"geometry":{"type":"Polygon","coordinates":[[[130.693108,32.907702],[130.693107,32.9076],[130.693105,32.907394],[130.693098,32.906787],[130.693076,32.906292],[130.693061,32.905865],[130.693022,32.904698],[130.693006,32.903918],[130.693005,32.903338],[130.693006,32.903234],[130.692973,32.902642],[130.692956,32.902415],[130.69292,32.901919],[130.692903,32.901703],[130.692895,32.901581],[130.692675,32.901572],[130.692374,32.901544],[130.692341,32.901531],[130.692251,32.901496],[130.691919,32.901508],[130.691787,32.901122],[130.691781,32.90106],[130.69178,32.900946],[130.69178,32.900935],[130.69178,32.900763],[130.691778,32.900618],[130.691778,32.90048],[130.691779,32.900387],[130.691779,32.900258],[130.691782,32.900181],[130.69178,32.90012],[130.691774,32.900084],[130.691763,32.899924],[130.691761,32.899834],[130.691765,32.899671],[130.69176,32.899455],[130.691756,32.899365],[130.691755,32.899314],[130.691575,32.899325],[130.691532,32.899325],[130.691441,32.899326],[130.690787,32.897841],[130.690755,32.897767],[130.690556,32.897795],[130.690151,32.897864],[130.690053,32.897594],[130.689636,32.897655],[130.689401,32.89771],[130.689523,32.897976],[130.690063,32.899114],[130.691343,32.901888],[130.691483,32.902181],[130.691535,32.90231],[130.691573,32.902418],[130.69161,32.902529],[130.691642,32.902656],[130.691676,32.902792],[130.691705,32.90298],[130.691725,32.903159],[130.691743,32.903301],[130.691748,32.90348],[130.691784,32.904048],[130.691787,32.904117],[130.691819,32.905684],[130.691848,32.906577],[130.691852,32.907617],[130.691852,32.907712],[130.693101,32.907702],[130.693108,32.907702]]]}},{"type":"Feature","properties":{"YoutoName":null,"YoutoCode":0,"DistType":"特別用途地区","DistCode":14,"Pref":"熊本県","Citycode":"43100","Cityname":"熊本市","FNDate":null,"INNumber":null},"geometry":{"type":"Polygon","coordinates":[[[130.690265,32.890706],[130.690643,32.890757],[130.690643,32.890801],[130.691001,32.890852],[130.691211,32.890883],[130.691264,32.89089],[130.691469,32.890919],[130.691543,32.890929],[130.691609,32.890938],[130.691668,32.890947],[130.69171,32.890953],[130.692066,32.891],[130.692067,32.890833],[130.692058,32.890694],[130.692049,32.890597],[130.692029,32.890545],[130.691973,32.890458],[130.691986,32.890011],[130.692002,32.889708],[130.692011,32.889619],[130.692012,32.889618],[130.692006,32.889356],[130.691945,32.889058],[130.691919,32.888896],[130.691912,32.888742],[130.691927,32.888601],[130.692027,32.88814],[130.692112,32.887835],[130.692236,32.887303],[130.692295,32.886896],[130.69239,32.886583],[130.692604,32.886211],[130.69292,32.885732],[130.693077,32.885482],[130.693328,32.885086],[130.693838,32.884371],[130.694085,32.884019],[130.694095,32.884005],[130.694286,32.883745],[130.694364,32.883625],[130.694416,32.883477],[130.694459,32.883365],[130.694459,32.883364],[130.694486,32.883293],[130.694511,32.883249],[130.694731,32.883012],[130.694882,32.88285],[130.695081,32.882634],[130.695177,32.882547],[130.695369,32.882369],[130.695405,32.882342],[130.695577,32.882189],[130.69566,32.882107],[130.695765,32.882008],[130.695864,32.88193],[130.695967,32.881858],[130.695984,32.881847],[130.696039,32.881822],[130.695944,32.881763],[130.695979,32.881712],[130.696296,32.881251],[130.696552,32.880962],[130.697263,32.880163],[130.697747,32.87975],[130.697888,32.879632],[130.698087,32.879466],[130.698239,32.879339],[130.698403,32.879202],[130.69866,32.879016],[130.698678,32.879004],[130.698854,32.878885],[130.699019,32.878582],[130.698851,32.878571],[130.698728,32.878557],[130.698639,32.878552],[130.698621,32.878543],[130.698531,32.87853],[130.69827,32.878533],[130.698164,32.878533],[130.698109,32.878534],[130.69804,32.87853],[130.69794,32.87853],[130.69786,32.878529],[130.697811,32.878515],[130.697709,32.878476],[130.697682,32.878463],[130.69762,32.878524],[130.697684,32.878611],[130.697721,32.878657],[130.697742,32.878685],[130.69779,32.878729],[130.697802,32.878747],[130.697218,32.879208],[130.69737,32.87933],[130.697325,32.879367],[130.697301,32.879391],[130.697113,32.879539],[130.696943,32.879409],[130.696695,32.879613],[130.696427,32.879845],[130.696538,32.880265],[130.696659,32.880377],[130.696673,32.88039],[130.695979,32.880869],[130.695955,32.880872],[130.695929,32.880872],[130.695855,32.880852],[130.695835,32.880843],[130.69563,32.880782],[130.695578,32.880771],[130.695518,32.880781],[130.695211,32.880909],[130.694935,32.881074],[130.694674,32.88121],[130.694505,32.881315],[130.694289,32.881458],[130.693908,32.881711],[130.693344,32.882279],[130.693396,32.882573],[130.69336,32.882599],[130.693295,32.882652],[130.693237,32.882706],[130.693204,32.882741],[130.69292,32.88266],[130.692646,32.882879],[130.692646,32.882879],[130.692454,32.883032],[130.692419,32.883069],[130.692368,32.88312],[130.692343,32.883139],[130.692329,32.883144],[130.692305,32.883154],[130.692235,32.883176],[130.692176,32.883198],[130.692109,32.883233],[130.69207,32.883259],[130.69204,32.883283],[130.691987,32.883329],[130.691929,32.883385],[130.691862,32.883442],[130.691828,32.883466],[130.691771,32.883505],[130.691746,32.883527],[130.691728,32.883543],[130.691717,32.883561],[130.691705,32.883596],[130.691694,32.883664],[130.691681,32.883751],[130.691664,32.883843],[130.691655,32.883859],[130.691632,32.883915],[130.691632,32.883925],[130.691635,32.88395],[130.69163,32.883999],[130.691619,32.884117],[130.691606,32.884202],[130.691586,32.884291],[130.691552,32.884426],[130.691535,32.884489],[130.691503,32.884585],[130.691463,32.884684],[130.691427,32.88478],[130.691405,32.88485],[130.691393,32.884894],[130.691385,32.884946],[130.691381,32.884989],[130.691379,32.885043],[130.691375,32.885076],[130.691365,32.885114],[130.691387,32.885133],[130.691419,32.885185],[130.691419,32.885204],[130.691407,32.885277],[130.691397,32.885352],[130.691388,32.885438],[130.691371,32.88553],[130.691364,32.885579],[130.691356,32.885646],[130.691356,32.885691],[130.691352,32.885747],[130.691338,32.885806],[130.691332,32.885861],[130.691318,32.885935],[130.691316,32.88598],[130.691306,32.886054],[130.691293,32.886063],[130.691252,32.886056],[130.691221,32.886049],[130.691142,32.886036],[130.691068,32.886024],[130.690964,32.886015],[130.69094,32.88602],[130.690919,32.886029],[130.690906,32.886038],[130.690896,32.886046],[130.690881,32.886062],[130.69087,32.88608],[130.690859,32.886101],[130.690854,32.886117],[130.690843,32.886164],[130.690833,32.886224],[130.690825,32.886273],[130.690824,32.886281],[130.690818,32.886312],[130.690811,32.886338],[130.690802,32.886354],[130.690774,32.886433],[130.690743,32.886575],[130.69029,32.888282],[130.690315,32.888471],[130.690325,32.888498],[130.690335,32.888749],[130.690332,32.888791],[130.690334,32.888868],[130.690335,32.888922],[130.69034,32.889001],[130.690344,32.889071],[130.690346,32.889099],[130.690349,32.889151],[130.690351,32.889247],[130.690352,32.889278],[130.69035,32.889354],[130.690346,32.889387],[130.690345,32.889462],[130.690335,32.889671],[130.690323,32.889907],[130.690315,32.889955],[130.690309,32.890086],[130.690307,32.890244],[130.690301,32.890448],[130.690298,32.89051],[130.690296,32.89056],[130.690284,32.890662],[130.690265,32.890706]]]}},{"type":"Feature","properties":{"YoutoName":null,"YoutoCode":0,"DistType":"特別用途地区","DistCode":14,"Pref":"熊本県","Citycode":"43100","Cityname":"熊本市","FNDate":null,"INNumber":null},"geometry":{"type":"Polygon","coordinates":[[[130.678099,32.720652],[130.678036,32.7204],[130.677909,32.719914],[130.677688,32.719155],[130.677408,32.718063],[130.677342,32.71781],[130.67719,32.717193],[130.676636,32.715057],[130.676483,32.714422],[130.676346,32.713963],[130.676273,32.713685],[130.676213,32.713457],[130.676036,32.713453],[130.675789,32.713439],[130.675695,32.713487],[130.675692,32.713506],[130.675691,32.713522],[130.675693,32.713537],[130.675697,32.713555],[130.675711,32.713613],[130.675769,32.713833],[130.675798,32.713927],[130.675802,32.713938],[130.675811,32.713974],[130.675814,32.713989],[130.675847,32.71403],[130.675881,32.714156],[130.675897,32.714219],[130.675923,32.714319],[130.676023,32.714695],[130.676063,32.714845],[130.67608,32.71492],[130.676107,32.715033],[130.67609,32.715035],[130.676136,32.715208],[130.67616,32.715323],[130.676173,32.715372],[130.676225,32.715574],[130.676285,32.715803],[130.676303,32.715873],[130.676306,32.715884],[130.676314,32.715917],[130.676317,32.715928],[130.676411,32.716292],[130.676465,32.716496],[130.676501,32.716638],[130.676575,32.716918],[130.67665,32.717213],[130.676706,32.717416],[130.676765,32.717618],[130.676804,32.717758],[130.676829,32.717877],[130.676895,32.718137],[130.676918,32.718241],[130.676949,32.718354],[130.676966,32.718415],[130.676981,32.718473],[130.677025,32.718633],[130.677087,32.71886],[130.677091,32.718876],[130.677094,32.718885],[130.677095,32.718889],[130.677098,32.718902],[130.677107,32.718932],[130.677223,32.719381],[130.677229,32.719405],[130.677245,32.719468],[130.677251,32.719492],[130.677252,32.719494],[130.677305,32.719668],[130.677309,32.71968],[130.677384,32.719936],[130.677385,32.719936],[130.677389,32.719952],[130.677394,32.719969],[130.677403,32.72],[130.677406,32.72001],[130.677411,32.720024],[130.677479,32.720107],[130.677828,32.720603],[130.678099,32.720652]]]}},{"type":"Feature","properties":{"YoutoName":null,"YoutoCode":0,"DistType":"特別用途地区","DistCode":14,"Pref":"熊本県","Citycode":"43100","Cityname":"熊本市","FNDate":null,"INNumber":null},"geometry":{"type":"Polygon","coordinates":[[[130.716276,32.859182],[130.716218,32.859051],[130.716103,32.858885],[130.716078,32.858854],[130.716064,32.85885],[130.716051,32.858855],[130.715751,32.858985],[130.715461,32.859131],[130.715413,32.859061],[130.715397,32.859027],[130.715375,32.858984],[130.715352,32.858943],[130.715334,32.858897],[130.715271,32.858768],[130.715019,32.858868],[130.714854,32.858938],[130.714741,32.85899],[130.714634,32.859038],[130.714576,32.859064],[130.714442,32.859178],[130.714434,32.859196],[130.714244,32.859316],[130.714185,32.859346],[130.714149,32.859363],[130.714127,32.859374],[130.714109,32.859384],[130.714091,32.859395],[130.714066,32.859412],[130.714044,32.859439],[130.714009,32.859478],[130.713982,32.859509],[130.71396,32.859539],[130.713953,32.85955],[130.713925,32.85957],[130.713901,32.859585],[130.713875,32.859606],[130.713836,32.859643],[130.71373,32.859753],[130.713397,32.859936],[130.713232,32.860021],[130.713181,32.860048],[130.712795,32.860288],[130.712778,32.860304],[130.712769,32.860314],[130.712759,32.860328],[130.712693,32.860365],[130.712635,32.860395],[130.712582,32.860419],[130.712525,32.860444],[130.712476,32.860465],[130.712333,32.86052],[130.712236,32.860556],[130.712209,32.860562],[130.712211,32.86057],[130.712222,32.860599],[130.712557,32.86114],[130.713287,32.860691],[130.713979,32.860243],[130.71417,32.860487],[130.714188,32.860497],[130.71421,32.860499],[130.714231,32.860493],[130.714254,32.860483],[130.71427,32.860472],[130.714284,32.860461],[130.714295,32.860447],[130.7143,32.860434],[130.714302,32.860422],[130.714305,32.860402],[130.714306,32.860389],[130.714308,32.860374],[130.71431,32.860357],[130.71432,32.860349],[130.714329,32.860342],[130.714347,32.860337],[130.714357,32.860334],[130.714377,32.860332],[130.714404,32.860329],[130.714457,32.860329],[130.714532,32.860335],[130.714625,32.860344],[130.714648,32.860344],[130.714764,32.860338],[130.714788,32.860321],[130.714819,32.860308],[130.714849,32.860302],[130.714898,32.860294],[130.715089,32.860266],[130.715171,32.860222],[130.715309,32.860096],[130.715514,32.859871],[130.71583,32.859552],[130.716081,32.859542],[130.716276,32.859182]]]}},{"type":"Feature","properties":{"YoutoName":null,"YoutoCode":0,"DistType":"特別用途地区","DistCode":14,"Pref":"熊本県","Citycode":"43100","Cityname":"熊本市","FNDate":null,"INNumber":null},"geometry":{"type":"Polygon","coordinates":[[[130.726283,32.766195],[130.726275,32.766156],[130.726274,32.766015],[130.725713,32.765998],[130.72574,32.765723],[130.725553,32.765641],[130.725569,32.765471],[130.725569,32.765463],[130.725519,32.765519],[130.724806,32.766307],[130.724118,32.767076],[130.723527,32.766906],[130.723274,32.76684],[130.721665,32.766451],[130.72099,32.76628],[130.720994,32.765602],[130.721409,32.765641],[130.721766,32.765684],[130.72178,32.765371],[130.721802,32.765108],[130.721835,32.764884],[130.721904,32.764558],[130.721971,32.764273],[130.721987,32.764085],[130.721989,32.76405],[130.721791,32.764077],[130.721694,32.764091],[130.721616,32.764087],[130.721461,32.764056],[130.721316,32.764046],[130.72105,32.764032],[130.721068,32.763712],[130.720603,32.763709],[130.720335,32.763706],[130.72014,32.763688],[130.720031,32.763683],[130.719993,32.763679],[130.719653,32.763648],[130.719583,32.764572],[130.719213,32.76455],[130.719228,32.764312],[130.718452,32.764277],[130.718435,32.764345],[130.718427,32.764459],[130.718423,32.764779],[130.718429,32.764972],[130.718391,32.765357],[130.718365,32.765419],[130.717859,32.765226],[130.717828,32.765207],[130.717738,32.765124],[130.717436,32.765055],[130.717228,32.764982],[130.717084,32.764915],[130.716993,32.764863],[130.716874,32.764826],[130.716786,32.764798],[130.716671,32.764745],[130.716567,32.764711],[130.716414,32.764673],[130.716101,32.764606],[130.715856,32.76455],[130.715511,32.76449],[130.715335,32.764457],[130.715129,32.764396],[130.715045,32.764376],[130.714987,32.764377],[130.714941,32.764392],[130.714696,32.764283],[130.714373,32.764194],[130.714179,32.764128],[130.714041,32.764125],[130.713959,32.764123],[130.713888,32.764118],[130.713783,32.764102],[130.713498,32.764066],[130.713395,32.764077],[130.713282,32.764082],[130.713228,32.764079],[130.713137,32.764051],[130.712926,32.763988],[130.712863,32.76397],[130.712817,32.763949],[130.712777,32.763924],[130.712731,32.763882],[130.712666,32.76382],[130.712627,32.763776],[130.712581,32.763749],[130.712519,32.763716],[130.712387,32.763666],[130.712252,32.763618],[130.712116,32.763566],[130.712037,32.763513],[130.711884,32.763416],[130.711727,32.763299],[130.711594,32.763206],[130.711508,32.763152],[130.711432,32.763118],[130.71133,32.763076],[130.711223,32.763046],[130.711107,32.763021],[130.710928,32.762987],[130.709975,32.762783],[130.709876,32.762757],[130.709749,32.762741],[130.709214,32.762699],[130.708661,32.762652],[130.708543,32.762646],[130.707952,32.762622],[130.707419,32.762608],[130.707076,32.762581],[130.706625,32.762531],[130.706621,32.762817],[130.707144,32.762857],[130.707138,32.762952],[130.707237,32.762962],[130.707255,32.762909],[130.707721,32.762967],[130.707676,32.763528],[130.707668,32.763939],[130.706192,32.763584],[130.705812,32.763492],[130.705323,32.763398],[130.704862,32.76331],[130.704809,32.763291],[130.704536,32.763239],[130.704515,32.763225],[130.704441,32.763215],[130.703786,32.763124],[130.70327,32.763052],[130.703245,32.763048],[130.703279,32.763226],[130.703285,32.763277],[130.703271,32.763329],[130.703151,32.763517],[130.703224,32.763801],[130.703234,32.763841],[130.703234,32.763887],[130.703218,32.763944],[130.703188,32.764018],[130.703136,32.764137],[130.703123,32.764183],[130.703125,32.764234],[130.703131,32.764318],[130.703151,32.764509],[130.703149,32.764548],[130.703142,32.764586],[130.70309,32.764722],[130.703066,32.764828],[130.70304,32.765047],[130.703017,32.765046],[130.701989,32.764993],[130.701981,32.765068],[130.701975,32.765093],[130.701976,32.765407],[130.701973,32.7656],[130.70194,32.765903],[130.701934,32.765935],[130.701906,32.766058],[130.701878,32.766161],[130.701867,32.766228],[130.701843,32.76639],[130.701831,32.766492],[130.701794,32.767005],[130.701779,32.767108],[130.701736,32.767143],[130.701668,32.767198],[130.701651,32.767308],[130.701551,32.767712],[130.701476,32.767911],[130.701412,32.768163],[130.701643,32.768196],[130.701649,32.768236],[130.701672,32.768358],[130.701688,32.768453],[130.701696,32.768563],[130.701705,32.768666],[130.701739,32.768787],[130.701743,32.768833],[130.701742,32.768908],[130.701728,32.768966],[130.701723,32.768986],[130.70171,32.769017],[130.701688,32.769041],[130.701635,32.769064],[130.701555,32.769084],[130.701465,32.769083],[130.701453,32.769124],[130.70206,32.769186],[130.702916,32.769268],[130.703833,32.76934],[130.703832,32.769406],[130.703748,32.770294],[130.703764,32.770353],[130.703753,32.770568],[130.703724,32.770958],[130.703715,32.771037],[130.703695,32.771138],[130.703661,32.771224],[130.703834,32.771219],[130.703937,32.771224],[130.704192,32.77129],[130.704386,32.77134],[130.70474,32.771377],[130.704952,32.771394],[130.705069,32.771396],[130.705215,32.771382],[130.70601,32.771451],[130.70633,32.771503],[130.70647,32.771518],[130.707418,32.771594],[130.708219,32.771659],[130.708304,32.771659],[130.708291,32.771463],[130.708297,32.771353],[130.708322,32.770999],[130.708343,32.770755],[130.70838,32.770629],[130.708407,32.770535],[130.708417,32.770409],[130.708442,32.770206],[130.708469,32.769989],[130.70848,32.769646],[130.708501,32.769375],[130.708516,32.769277],[130.708572,32.769033],[130.708595,32.768934],[130.708618,32.768745],[130.708622,32.768597],[130.708624,32.768481],[130.708651,32.768174],[130.708695,32.767756],[130.708746,32.767732],[130.709829,32.767797],[130.709878,32.767783],[130.709908,32.7674],[130.709936,32.767073],[130.709991,32.767055],[130.710023,32.766871],[130.709892,32.76685],[130.709908,32.766769],[130.709916,32.766544],[130.709995,32.765818],[130.710094,32.765722],[130.710139,32.765272],[130.710174,32.764956],[130.710207,32.764712],[130.71064,32.764737],[130.710787,32.764743],[130.711033,32.764796],[130.711254,32.76484],[130.711442,32.76486],[130.71154,32.764874],[130.711593,32.764875],[130.711621,32.764858],[130.712387,32.765042],[130.712387,32.765926],[130.712414,32.765991],[130.712339,32.766997],[130.712597,32.767021],[130.713351,32.767068],[130.713529,32.767059],[130.713837,32.767078],[130.714349,32.767099],[130.714619,32.767159],[130.714645,32.767095],[130.714693,32.766398],[130.714998,32.766411],[130.715296,32.766443],[130.715849,32.766507],[130.716203,32.766541],[130.716204,32.766665],[130.716573,32.766724],[130.716556,32.766843],[130.716569,32.766854],[130.716966,32.766899],[130.717183,32.766926],[130.718189,32.767058],[130.71814,32.767311],[130.718134,32.767341],[130.718137,32.767368],[130.718162,32.767488],[130.718165,32.767525],[130.718164,32.767582],[130.718182,32.768191],[130.718607,32.768187],[130.719043,32.768294],[130.719084,32.768187],[130.720127,32.767691],[130.720326,32.767587],[130.720605,32.767504],[130.721268,32.767666],[130.722143,32.767867],[130.722313,32.767908],[130.72233,32.767768],[130.722393,32.767771],[130.722402,32.767697],[130.722636,32.767706],[130.722657,32.767715],[130.722665,32.767728],[130.722738,32.76798],[130.722765,32.768024],[130.722784,32.768041],[130.722817,32.768053],[130.723206,32.768104],[130.722457,32.768937],[130.721962,32.769498],[130.720115,32.771544],[130.719637,32.772157],[130.718917,32.773091],[130.718778,32.773281],[130.718241,32.773238],[130.718082,32.773223],[130.718035,32.773757],[130.71807,32.773792],[130.718034,32.774126],[130.718016,32.774304],[130.717868,32.77429],[130.717578,32.774259],[130.71756,32.774256],[130.717559,32.774273],[130.717531,32.774596],[130.717508,32.774879],[130.717489,32.775239],[130.717147,32.775225],[130.716771,32.775211],[130.716696,32.77567],[130.716659,32.776002],[130.71664,32.776204],[130.71629,32.776186],[130.715771,32.776164],[130.715271,32.77615],[130.714737,32.776149],[130.714246,32.776132],[130.713783,32.776086],[130.713724,32.776312],[130.713697,32.776653],[130.713673,32.776979],[130.713629,32.777017],[130.713607,32.777368],[130.71359,32.777827],[130.713577,32.77805],[130.713585,32.778049],[130.713971,32.778061],[130.714425,32.778075],[130.7147,32.778086],[130.714714,32.778115],[130.714694,32.778486],[130.714673,32.77878],[130.714659,32.778861],[130.71464,32.779012],[130.714617,32.779101],[130.714554,32.77931],[130.714476,32.779615],[130.714406,32.77989],[130.714359,32.780059],[130.714326,32.780216],[130.714307,32.780314],[130.714306,32.780353],[130.71432,32.780621],[130.714332,32.780886],[130.714339,32.781022],[130.714345,32.781313],[130.714298,32.781647],[130.714292,32.781979],[130.714284,32.782043],[130.714264,32.782117],[130.714219,32.782272],[130.71418,32.782741],[130.71415,32.783116],[130.713878,32.783082],[130.713425,32.783021],[130.713094,32.782974],[130.713014,32.782967],[130.712689,32.782939],[130.712209,32.782896],[130.71184,32.782873],[130.711824,32.782845],[130.711845,32.782596],[130.711871,32.78234],[130.711897,32.782084],[130.711938,32.781621],[130.71196,32.78137],[130.711986,32.780988],[130.711838,32.780951],[130.711684,32.780918],[130.711598,32.780906],[130.711505,32.780894],[130.711409,32.780888],[130.710995,32.780886],[130.710971,32.780883],[130.710928,32.780876],[130.710883,32.780865],[130.710753,32.780826],[130.710416,32.780786],[130.710056,32.780744],[130.710021,32.780859],[130.709763,32.780834],[130.70952,32.780799],[130.709189,32.780757],[130.709273,32.78021],[130.709416,32.779392],[130.70899,32.779314],[130.708663,32.779257],[130.708649,32.779311],[130.708398,32.779796],[130.708343,32.779896],[130.70827,32.780191],[130.708234,32.780327],[130.708209,32.780392],[130.707947,32.780792],[130.707864,32.780703],[130.707819,32.780662],[130.707764,32.780639],[130.70769,32.78063],[130.707459,32.780622],[130.707361,32.780626],[130.707261,32.78066],[130.707234,32.78081],[130.707204,32.780994],[130.707177,32.781139],[130.707135,32.781363],[130.707098,32.781592],[130.707075,32.781782],[130.707049,32.781973],[130.707032,32.782143],[130.707012,32.782329],[130.706991,32.782505],[130.706972,32.782671],[130.706957,32.782836],[130.70695,32.782913],[130.706947,32.782918],[130.706886,32.78301],[130.707195,32.78314],[130.707669,32.783344],[130.707778,32.78339],[130.708232,32.783583],[130.708244,32.783587],[130.70851,32.783702],[130.708814,32.783832],[130.709217,32.784003],[130.709163,32.784078],[130.709389,32.784157],[130.709642,32.784268],[130.710037,32.784448],[130.710501,32.784654],[130.710585,32.784688],[130.710758,32.784829],[130.711113,32.785119],[130.711109,32.785197],[130.711046,32.78532],[130.710993,32.785435],[130.711094,32.785511],[130.711124,32.785535],[130.711148,32.785558],[130.711183,32.785602],[130.7112,32.785626],[130.711212,32.785649],[130.711237,32.7857],[130.711272,32.785801],[130.711447,32.785823],[130.711745,32.785851],[130.711964,32.785872],[130.712077,32.785883],[130.712269,32.785904],[130.712679,32.785945],[130.712784,32.785955],[130.7128,32.785957],[130.71282,32.785966],[130.71284,32.785981],[130.712857,32.785999],[130.712866,32.786015],[130.712869,32.786026],[130.712871,32.786036],[130.71287,32.786054],[130.712865,32.786099],[130.712829,32.786275],[130.71278,32.786513],[130.712761,32.786602],[130.712437,32.788352],[130.712077,32.789067],[130.711681,32.789822],[130.71165,32.789989],[130.711903,32.790267],[130.711984,32.790351],[130.712052,32.790407],[130.712222,32.790545],[130.712348,32.790623],[130.712408,32.790667],[130.712469,32.790723],[130.712503,32.790761],[130.712557,32.790834],[130.712607,32.790908],[130.712739,32.791059],[130.712686,32.791157],[130.712713,32.791165],[130.713067,32.791277],[130.713072,32.791279],[130.713077,32.79128],[130.713898,32.791525],[130.715776,32.792101],[130.71574,32.791238],[130.715695,32.790488],[130.716571,32.790557],[130.717038,32.790631],[130.717668,32.790712],[130.717991,32.790756],[130.718133,32.790665],[130.718157,32.790635],[130.718228,32.790545],[130.718235,32.790212],[130.71824,32.789386],[130.718251,32.789236],[130.718128,32.789056],[130.718131,32.788858],[130.718143,32.788503],[130.718126,32.788211],[130.718111,32.787779],[130.718782,32.788066],[130.719678,32.788445],[130.719679,32.787943],[130.71969,32.786658],[130.719331,32.786617],[130.719219,32.786603],[130.718913,32.786569],[130.718518,32.78653],[130.718178,32.786501],[130.718211,32.78625],[130.718242,32.786055],[130.718252,32.78587],[130.718033,32.785845],[130.717729,32.78581],[130.717447,32.785783],[130.717115,32.785756],[130.716755,32.785729],[130.716336,32.785697],[130.716336,32.78564],[130.716054,32.785615],[130.715812,32.785589],[130.715776,32.785586],[130.715749,32.785582],[130.7157,32.78557],[130.715485,32.785502],[130.715443,32.785494],[130.715266,32.785473],[130.71524,32.785305],[130.715234,32.78527],[130.715229,32.785252],[130.715219,32.785234],[130.715206,32.785216],[130.715191,32.785203],[130.715168,32.785191],[130.715112,32.785009],[130.715024,32.784763],[130.715052,32.78436],[130.715068,32.784031],[130.715127,32.783604],[130.715148,32.783453],[130.715174,32.783221],[130.715313,32.783224],[130.715361,32.78295],[130.715407,32.782672],[130.715423,32.782486],[130.71545,32.782189],[130.715474,32.782046],[130.715491,32.781825],[130.715513,32.781591],[130.715555,32.781194],[130.71559,32.781047],[130.71562,32.78083],[130.715663,32.780238],[130.715678,32.78024],[130.715987,32.780262],[130.716336,32.780289],[130.716634,32.780313],[130.716862,32.780327],[130.717343,32.780354],[130.717598,32.780362],[130.717845,32.780362],[130.718022,32.780362],[130.718024,32.780358],[130.718024,32.780346],[130.718022,32.780103],[130.718048,32.779866],[130.718073,32.77971],[130.71813,32.779376],[130.718369,32.779399],[130.718408,32.778948],[130.718429,32.778649],[130.718456,32.778286],[130.718446,32.778053],[130.71846,32.777733],[130.718481,32.77746],[130.718504,32.777125],[130.718521,32.77683],[130.71856,32.776365],[130.718186,32.776319],[130.718285,32.776187],[130.718518,32.775861],[130.718673,32.775639],[130.718873,32.775356],[130.719074,32.775078],[130.719159,32.774962],[130.719451,32.774555],[130.719644,32.774281],[130.719951,32.773858],[130.720109,32.773876],[130.720338,32.773893],[130.72055,32.773916],[130.720747,32.773937],[130.720904,32.77395],[130.720948,32.773839],[130.72098,32.773774],[130.721016,32.773714],[130.721038,32.773681],[130.721075,32.77363],[130.721141,32.773553],[130.721224,32.773458],[130.721292,32.773381],[130.721327,32.773342],[130.721368,32.773298],[130.721383,32.773281],[130.721419,32.773219],[130.721486,32.773094],[130.721711,32.77271],[130.721904,32.772421],[130.722129,32.772117],[130.722361,32.771839],[130.722596,32.771544],[130.722868,32.771209],[130.723137,32.770907],[130.723384,32.770645],[130.7234,32.77062],[130.723446,32.770541],[130.723502,32.77042],[130.723563,32.770294],[130.723609,32.770218],[130.723682,32.770116],[130.723767,32.770001],[130.724094,32.769385],[130.724225,32.769135],[130.724578,32.768598],[130.72477,32.768277],[130.724801,32.768237],[130.724898,32.768137],[130.725045,32.768058],[130.725185,32.767996],[130.725255,32.767968],[130.725327,32.767932],[130.725486,32.767852],[130.725516,32.767469],[130.725551,32.767197],[130.725566,32.766967],[130.725801,32.766767],[130.725922,32.766672],[130.72609,32.766465],[130.726242,32.766267],[130.726274,32.766217],[130.726283,32.766195]]]}},{"type":"Feature","properties":{"YoutoName":null,"YoutoCode":0,"DistType":"特別用途地区","DistCode":14,"Pref":"熊本県","Citycode":"43100","Cityname":"熊本市","FNDate":null,"INNumber":null},"geometry":{"type":"Polygon","coordinates":[[[130.727614,32.856503],[130.727529,32.85635],[130.727413,32.85617],[130.727207,32.855847],[130.727159,32.855746],[130.727008,32.855562],[130.726965,32.855501],[130.726937,32.855459],[130.726899,32.855377],[130.726897,32.855373],[130.72614,32.854932],[130.725716,32.854705],[130.724859,32.854265],[130.72478,32.854223],[130.72464,32.85415],[130.724414,32.854031],[130.724136,32.853879],[130.723906,32.853759],[130.723549,32.853573],[130.723136,32.853367],[130.722926,32.85326],[130.723303,32.85319],[130.723266,32.853053],[130.723365,32.853005],[130.723156,32.852958],[130.723015,32.852897],[130.722817,32.852812],[130.722643,32.852765],[130.72256,32.852743],[130.722472,32.852743],[130.722354,32.852683],[130.722304,32.852652],[130.722186,32.85258],[130.722119,32.852548],[130.721949,32.852519],[130.721931,32.852515],[130.721863,32.852512],[130.721822,32.852481],[130.72176,32.852399],[130.721648,32.852254],[130.721563,32.852146],[130.721518,32.852091],[130.721486,32.852075],[130.721434,32.852034],[130.721343,32.851973],[130.721145,32.851863],[130.721061,32.851831],[130.720979,32.851802],[130.720902,32.851734],[130.72082,32.851638],[130.720759,32.851537],[130.720696,32.851453],[130.720631,32.851344],[130.720525,32.851366],[130.720302,32.851369],[130.720209,32.851351],[130.720152,32.85135],[130.720053,32.851311],[130.719992,32.851304],[130.719867,32.851309],[130.719679,32.851302],[130.719677,32.851352],[130.71967,32.851423],[130.719663,32.851491],[130.719654,32.85157],[130.71964,32.851668],[130.719621,32.851804],[130.719616,32.851837],[130.719608,32.851922],[130.71961,32.85198],[130.719616,32.852057],[130.719597,32.85224],[130.719658,32.85227],[130.719658,32.852316],[130.719663,32.852358],[130.719669,32.852386],[130.719676,32.852424],[130.719696,32.852463],[130.719725,32.852529],[130.719762,32.852615],[130.719797,32.852695],[130.719822,32.852753],[130.719862,32.852843],[130.719893,32.852936],[130.719909,32.852994],[130.71992,32.853023],[130.719955,32.853113],[130.720016,32.853319],[130.720066,32.85342],[130.720111,32.853484],[130.720371,32.853698],[130.721073,32.853557],[130.721729,32.85389],[130.722272,32.854163],[130.722466,32.854258],[130.723216,32.854651],[130.725436,32.855799],[130.725722,32.855955],[130.726475,32.856424],[130.726486,32.856515],[130.7265,32.856592],[130.726509,32.856656],[130.726512,32.856734],[130.726517,32.856873],[130.72693,32.856755],[130.727259,32.856647],[130.727614,32.856503]]]}},{"type":"Feature","properties":{"YoutoName":null,"YoutoCode":0,"DistType":"特別用途地区","DistCode":14,"Pref":"熊本県","Citycode":"43202","Cityname":"八代市","FNDate":"令和2年03月04日","INNumber":null},"geometry":{"type":"Polygon","coordinates":[[[130.616783,32.507256],[130.616784,32.507377],[130.616959,32.507438],[130.617006,32.507316],[130.617052,32.50722],[130.617074,32.507172],[130.617152,32.507008],[130.617164,32.506984],[130.617218,32.506883],[130.617414,32.506624],[130.61745,32.506583],[130.61762,32.506387],[130.617793,32.506224],[130.618261,32.505878],[130.61852,32.505714],[130.618687,32.505624],[130.618723,32.505612],[130.618606,32.505436],[130.618579,32.505388],[130.618579,32.505388],[130.617973,32.505767],[130.617552,32.506008],[130.617535,32.506023],[130.617509,32.506045],[130.617498,32.506067],[130.617434,32.506144],[130.617372,32.506244],[130.617259,32.506377],[130.617166,32.506526],[130.617164,32.506529],[130.617082,32.50665],[130.616984,32.506812],[130.616925,32.506953],[130.616914,32.506979],[130.616859,32.50711],[130.616846,32.507131],[130.616828,32.507153],[130.616794,32.507185],[130.616785,32.507194],[130.616783,32.507256]]]}},{"type":"Feature","properties":{"YoutoName":null,"YoutoCode":0,"DistType":"特別用途地区","DistCode":14,"Pref":"熊本県","Citycode":"43202","Cityname":"八代市","FNDate":"平成22年03月30日","INNumber":null},"geometry":{"type":"Polygon","coordinates":[[[130.653142,32.566819],[130.653401,32.567072],[130.653409,32.567075],[130.653405,32.567075],[130.653415,32.567077],[130.653433,32.567095],[130.65348,32.567145],[130.653542,32.567211],[130.653613,32.567286],[130.653633,32.567308],[130.653671,32.567353],[130.653732,32.567417],[130.653745,32.567431],[130.653768,32.567457],[130.653783,32.567471],[130.653795,32.567482],[130.6538,32.567485],[130.65382,32.567502],[130.653851,32.567524],[130.653888,32.567548],[130.654001,32.567542],[130.654182,32.567537],[130.654195,32.567537],[130.654213,32.567536],[130.654235,32.567533],[130.654269,32.567526],[130.654297,32.567519],[130.654393,32.567486],[130.654491,32.567452],[130.654535,32.567492],[130.654577,32.567538],[130.654581,32.567535],[130.654587,32.567541],[130.654613,32.567571],[130.654626,32.567586],[130.654643,32.567605],[130.654665,32.567638],[130.654676,32.567654],[130.654677,32.567656],[130.654702,32.567697],[130.654724,32.567735],[130.654724,32.567735],[130.654732,32.567749],[130.654741,32.567767],[130.654746,32.567781],[130.654779,32.567775],[130.654779,32.567775],[130.654805,32.567775],[130.654968,32.567771],[130.655038,32.567772],[130.655047,32.567773],[130.655113,32.567778],[130.655149,32.567783],[130.65525,32.567796],[130.655265,32.567795],[130.65531,32.567786],[130.655406,32.567755],[130.655463,32.567735],[130.65549,32.567725],[130.65551,32.567718],[130.6556,32.567686],[130.655639,32.567676],[130.655654,32.567672],[130.655691,32.567662],[130.655769,32.567641],[130.655788,32.567636],[130.655854,32.567618],[130.655856,32.567618],[130.655925,32.567597],[130.65597,32.567583],[130.656003,32.567573],[130.656027,32.567565],[130.656091,32.567566],[130.656093,32.567564],[130.656103,32.567554],[130.656106,32.567554],[130.656037,32.567375],[130.656003,32.567298],[130.655918,32.567141],[130.65586,32.567034],[130.655798,32.566935],[130.655786,32.566919],[130.655784,32.566915],[130.655755,32.566873],[130.655712,32.566825],[130.655609,32.566676],[130.655586,32.566642],[130.655574,32.566623],[130.655434,32.566698],[130.655047,32.566906],[130.655018,32.566866],[130.654934,32.56675],[130.654791,32.566555],[130.654723,32.566479],[130.654212,32.566739],[130.654033,32.566502],[130.654109,32.566458],[130.653972,32.566297],[130.653158,32.566806],[130.653142,32.566819]]]}},{"type":"Feature","properties":{"YoutoName":null,"YoutoCode":0,"DistType":"特別用途地区","DistCode":14,"Pref":"熊本県","Citycode":"43202","Cityname":"八代市","FNDate":"平成22年03月30日","INNumber":null},"geometry":{"type":"Polygon","coordinates":[[[130.656146,32.565401],[130.656508,32.565912],[130.656648,32.566172],[130.656377,32.566289],[130.656511,32.566415],[130.656511,32.566415],[130.656816,32.566704],[130.656817,32.566704],[130.656819,32.566707],[130.656849,32.566735],[130.656853,32.566732],[130.656985,32.566666],[130.656986,32.566665],[130.656956,32.566622],[130.656921,32.566577],[130.656916,32.56657],[130.656954,32.566547],[130.657145,32.566443],[130.657162,32.566434],[130.657329,32.566343],[130.657548,32.566257],[130.657588,32.566307],[130.657595,32.566314],[130.657608,32.566308],[130.657665,32.566283],[130.657736,32.56625],[130.657745,32.566246],[130.65789,32.566181],[130.657913,32.566134],[130.657965,32.566079],[130.657983,32.566059],[130.65801,32.566036],[130.65812,32.56594],[130.658119,32.565935],[130.658148,32.565915],[130.658262,32.565847],[130.658269,32.565842],[130.658287,32.565831],[130.658393,32.565766],[130.658434,32.565742],[130.658475,32.56572],[130.658617,32.565632],[130.658633,32.565618],[130.658642,32.565613],[130.658532,32.565485],[130.658512,32.565462],[130.658414,32.56531],[130.658415,32.56531],[130.658402,32.565282],[130.657863,32.565558],[130.657833,32.565516],[130.65783,32.565512],[130.65776,32.565412],[130.657249,32.565691],[130.657225,32.565662],[130.657127,32.565709],[130.656747,32.565108],[130.656146,32.565401]]]}},{"type":"Feature","properties":{"YoutoName":null,"YoutoCode":0,"DistType":"特別用途地区","DistCode":14,"Pref":"熊本県","Citycode":"43202","Cityname":"八代市","FNDate":"平成22年03月30日","INNumber":null},"geometry":{"type":"Polygon","coordinates":[[[130.659662,32.569451],[130.659671,32.569461],[130.659705,32.569508],[130.659712,32.569518],[130.659718,32.569527],[130.659755,32.569577],[130.659764,32.569591],[130.659774,32.569603],[130.659775,32.569606],[130.659781,32.569617],[130.659798,32.569649],[130.659809,32.569671],[130.65985,32.569751],[130.659858,32.569765],[130.659891,32.569831],[130.659933,32.569909],[130.659936,32.569914],[130.659942,32.569926],[130.660085,32.569876],[130.660111,32.569866],[130.660294,32.569803],[130.660369,32.569779],[130.660375,32.569779],[130.66038,32.569781],[130.660384,32.569788],[130.660394,32.569833],[130.660408,32.569896],[130.66042,32.569956],[130.660429,32.570005],[130.660431,32.570014],[130.66045,32.570062],[130.660453,32.570069],[130.660466,32.570101],[130.660478,32.570131],[130.660494,32.570168],[130.660507,32.570197],[130.660518,32.570218],[130.660519,32.570221],[130.660547,32.570262],[130.660571,32.570292],[130.6606,32.570327],[130.660623,32.570358],[130.660642,32.570381],[130.660643,32.570382],[130.660693,32.570445],[130.660693,32.570445],[130.660696,32.570447],[130.660703,32.570454],[130.660708,32.57046],[130.660712,32.570465],[130.660716,32.57047],[130.660734,32.570489],[130.66075,32.570503],[130.660764,32.570516],[130.660768,32.570519],[130.660778,32.570527],[130.660786,32.570533],[130.660809,32.570548],[130.660834,32.570561],[130.660856,32.57057],[130.660881,32.570579],[130.660907,32.570586],[130.66094,32.570592],[130.66096,32.570594],[130.660975,32.570594],[130.660982,32.570594],[130.661016,32.570592],[130.661051,32.570589],[130.661075,32.570588],[130.661093,32.570586],[130.661114,32.570584],[130.661139,32.57058],[130.661169,32.570575],[130.661225,32.570565],[130.66124,32.570561],[130.661291,32.570551],[130.661314,32.570546],[130.661358,32.570534],[130.66136,32.570534],[130.66141,32.570519],[130.661465,32.570503],[130.661481,32.570511],[130.66149,32.570558],[130.661502,32.570623],[130.661509,32.570662],[130.661512,32.57068],[130.661512,32.570682],[130.661518,32.570725],[130.661519,32.570734],[130.661519,32.570742],[130.661519,32.570758],[130.661519,32.570795],[130.661518,32.570822],[130.661517,32.570841],[130.661518,32.570866],[130.661519,32.570872],[130.66152,32.570885],[130.661521,32.570899],[130.661522,32.570905],[130.661524,32.570918],[130.661531,32.570962],[130.661531,32.570965],[130.661535,32.570984],[130.661539,32.571],[130.661549,32.57104],[130.661587,32.571085],[130.661627,32.571119],[130.661664,32.571286],[130.661709,32.571522],[130.661835,32.57151],[130.661837,32.57151],[130.661971,32.571497],[130.662003,32.5715],[130.662005,32.571512],[130.662013,32.571544],[130.662025,32.571562],[130.662036,32.571572],[130.662058,32.571588],[130.662074,32.571599],[130.662153,32.571646],[130.662207,32.571578],[130.662235,32.571538],[130.66226,32.571509],[130.662277,32.57149],[130.662349,32.571419],[130.662421,32.571386],[130.662455,32.571375],[130.662477,32.571356],[130.662496,32.571336],[130.662511,32.571301],[130.662541,32.571223],[130.662546,32.571212],[130.66256,32.571169],[130.662573,32.571123],[130.662583,32.571091],[130.662608,32.571027],[130.662616,32.571006],[130.662629,32.570969],[130.662642,32.570926],[130.662654,32.570889],[130.662658,32.57086],[130.662658,32.570837],[130.662658,32.570808],[130.662652,32.570769],[130.66264,32.570728],[130.662574,32.570508],[130.662533,32.570372],[130.662514,32.570369],[130.662508,32.570368],[130.662496,32.570367],[130.662481,32.570367],[130.662468,32.570366],[130.662439,32.570367],[130.662421,32.570368],[130.662372,32.57037],[130.662325,32.570371],[130.662217,32.570375],[130.662165,32.570378],[130.662141,32.570379],[130.662117,32.570379],[130.662058,32.570381],[130.66202,32.570383],[130.662017,32.570383],[130.662015,32.570384],[130.661963,32.570385],[130.661967,32.570346],[130.661968,32.570284],[130.661969,32.57024],[130.661969,32.570217],[130.66197,32.570146],[130.66197,32.570132],[130.661968,32.570097],[130.661965,32.570067],[130.661963,32.570043],[130.661962,32.570036],[130.661959,32.570009],[130.661954,32.56998],[130.661953,32.569975],[130.66195,32.569957],[130.661944,32.569931],[130.66194,32.569917],[130.661938,32.56991],[130.661929,32.569884],[130.661923,32.569871],[130.661918,32.569859],[130.661907,32.569836],[130.661892,32.569803],[130.661889,32.569796],[130.66187,32.569757],[130.661865,32.569747],[130.661855,32.569726],[130.661849,32.569715],[130.661831,32.569678],[130.66182,32.569655],[130.661818,32.569651],[130.661811,32.569634],[130.661804,32.569616],[130.661794,32.569594],[130.661765,32.56953],[130.661747,32.56949],[130.661728,32.569451],[130.661718,32.569432],[130.661708,32.569407],[130.661701,32.56939],[130.661697,32.569382],[130.661689,32.569362],[130.66168,32.56934],[130.661662,32.569252],[130.66166,32.569236],[130.661659,32.569211],[130.661657,32.569179],[130.661657,32.569149],[130.661655,32.569121],[130.661654,32.569086],[130.661655,32.569048],[130.661656,32.56901],[130.661655,32.568981],[130.661655,32.568977],[130.661604,32.568979],[130.661526,32.568978],[130.661432,32.568982],[130.661372,32.568986],[130.66132,32.568993],[130.661274,32.569001],[130.661236,32.569011],[130.661199,32.569025],[130.661151,32.569046],[130.661106,32.569064],[130.661019,32.569097],[130.66092,32.569133],[130.660836,32.569166],[130.660777,32.569189],[130.660735,32.569202],[130.660708,32.569207],[130.660688,32.569205],[130.660661,32.569201],[130.660603,32.569189],[130.660504,32.569172],[130.660479,32.569171],[130.66024,32.569184],[130.660081,32.569213],[130.660009,32.569238],[130.659888,32.569315],[130.659662,32.569451]]]}},{"type":"Feature","properties":{"YoutoName":null,"YoutoCode":0,"DistType":"特別用途地区","DistCode":14,"Pref":"熊本県","Citycode":"43202","Cityname":"八代市","FNDate":"平成22年03月30日","INNumber":null},"geometry":{"type":"Polygon","coordinates":[[[130.666551,32.563159],[130.666824,32.563506],[130.666647,32.563599],[130.666677,32.563798],[130.66695,32.563749],[130.667008,32.563738],[130.667144,32.563921],[130.667365,32.563802],[130.667497,32.563969],[130.667524,32.564013],[130.667655,32.564225],[130.667686,32.564275],[130.6677,32.564298],[130.667714,32.564321],[130.667734,32.564354],[130.668127,32.564244],[130.668402,32.564194],[130.669309,32.56403],[130.669365,32.564019],[130.669377,32.564017],[130.669411,32.564011],[130.669446,32.564005],[130.669463,32.564002],[130.669469,32.564],[130.669476,32.563999],[130.669486,32.563997],[130.669494,32.563996],[130.669519,32.563991],[130.669514,32.563978],[130.669511,32.563973],[130.669508,32.563962],[130.669499,32.56394],[130.669498,32.563936],[130.669489,32.563904],[130.669488,32.563889],[130.669487,32.563885],[130.669492,32.563844],[130.6695,32.563805],[130.669501,32.563803],[130.669501,32.563801],[130.66951,32.563769],[130.66952,32.563739],[130.669522,32.563731],[130.669526,32.56372],[130.669546,32.563681],[130.669566,32.563645],[130.669575,32.563618],[130.669581,32.563604],[130.669582,32.563603],[130.669583,32.563597],[130.669582,32.563588],[130.669579,32.563581],[130.669574,32.563575],[130.669569,32.563571],[130.669563,32.563565],[130.669555,32.56356],[130.669549,32.563558],[130.669535,32.563553],[130.669481,32.563526],[130.669457,32.563411],[130.669426,32.563275],[130.669392,32.56311],[130.669267,32.563239],[130.669181,32.563302],[130.669155,32.563332],[130.669149,32.56334],[130.669149,32.563344],[130.669125,32.563363],[130.669066,32.56325],[130.668965,32.563063],[130.668939,32.563057],[130.668936,32.563056],[130.668943,32.563028],[130.668943,32.563017],[130.668946,32.562996],[130.668949,32.56298],[130.668962,32.562916],[130.668965,32.56291],[130.668987,32.562851],[130.66905,32.562727],[130.669056,32.562716],[130.669063,32.562703],[130.669131,32.562512],[130.669206,32.562451],[130.669305,32.562382],[130.669041,32.562141],[130.668972,32.562189],[130.668893,32.56224],[130.668881,32.562246],[130.668797,32.562346],[130.668763,32.562382],[130.668732,32.562418],[130.668692,32.562474],[130.668679,32.5625],[130.668622,32.56263],[130.668617,32.56264],[130.668581,32.562624],[130.668502,32.56258],[130.668464,32.56255],[130.668411,32.562509],[130.668369,32.562477],[130.668219,32.562543],[130.668082,32.562606],[130.668044,32.562629],[130.668045,32.562631],[130.667237,32.562975],[130.667235,32.563049],[130.666909,32.563133],[130.666834,32.563022],[130.66677,32.563022],[130.666753,32.563022],[130.666738,32.563024],[130.666699,32.563049],[130.666626,32.563107],[130.666551,32.563159]]]}},{"type":"Feature","properties":{"YoutoName":null,"YoutoCode":0,"DistType":"特別用途地区","DistCode":14,"Pref":"熊本県","Citycode":"43202","Cityname":"八代市","FNDate":"平成22年03月30日","INNumber":null},"geometry":{"type":"Polygon","coordinates":[[[130.666593,32.557622],[130.666615,32.557651],[130.666776,32.557938],[130.666911,32.558098],[130.666954,32.558149],[130.666974,32.558173],[130.6669,32.558244],[130.66692,32.558255],[130.666932,32.558265],[130.666984,32.558303],[130.667069,32.558371],[130.667075,32.558377],[130.667125,32.558422],[130.667126,32.558423],[130.667183,32.558499],[130.66723,32.558544],[130.667241,32.558549],[130.667393,32.558592],[130.667421,32.558614],[130.667414,32.558617],[130.66733,32.558673],[130.667329,32.558674],[130.667241,32.558726],[130.667222,32.558736],[130.667174,32.558766],[130.667143,32.558784],[130.667094,32.558814],[130.667065,32.55883],[130.667043,32.558844],[130.667034,32.558853],[130.667029,32.558862],[130.667028,32.55887],[130.667029,32.558876],[130.667032,32.558882],[130.667126,32.559073],[130.667147,32.559115],[130.667149,32.55912],[130.667169,32.559159],[130.667177,32.559177],[130.667177,32.559177],[130.667194,32.559218],[130.667193,32.559228],[130.667187,32.559279],[130.667152,32.559317],[130.66715,32.559319],[130.667729,32.559957],[130.66775,32.559948],[130.667752,32.559947],[130.667769,32.55994],[130.668227,32.559714],[130.668232,32.559712],[130.668235,32.559599],[130.668236,32.559457],[130.66824,32.55933],[130.668249,32.559268],[130.66826,32.559201],[130.668272,32.559138],[130.668297,32.55902],[130.668304,32.558984],[130.668327,32.558835],[130.668328,32.558829],[130.668332,32.558817],[130.668346,32.558766],[130.668367,32.558721],[130.668432,32.558595],[130.668486,32.558519],[130.668527,32.558478],[130.668646,32.558385],[130.668738,32.558323],[130.66892,32.558205],[130.668881,32.558138],[130.668878,32.558132],[130.668793,32.557997],[130.668766,32.557955],[130.668704,32.557857],[130.668572,32.557631],[130.668509,32.557531],[130.668483,32.557484],[130.668439,32.557393],[130.668432,32.557379],[130.66842,32.557354],[130.66841,32.557332],[130.668405,32.557319],[130.668371,32.557243],[130.668341,32.557166],[130.668294,32.557015],[130.668289,32.556991],[130.66822,32.55701],[130.667824,32.557109],[130.667439,32.557169],[130.667281,32.557206],[130.667148,32.557281],[130.667068,32.557338],[130.666988,32.557388],[130.66692,32.55743],[130.666786,32.557513],[130.66667,32.55758],[130.666593,32.557622]]]}},{"type":"Feature","properties":{"YoutoName":null,"YoutoCode":0,"DistType":"特別用途地区","DistCode":14,"Pref":"熊本県","Citycode":"43202","Cityname":"八代市","FNDate":"平成22年03月30日","INNumber":null},"geometry":{"type":"Polygon","coordinates":[[[130.640928,32.568022],[130.641313,32.568405],[130.641314,32.568405],[130.642369,32.569452],[130.642428,32.569506],[130.642995,32.570069],[130.643226,32.570298],[130.643331,32.570403],[130.643332,32.570403],[130.643866,32.570931],[130.643898,32.570963],[130.643914,32.570979],[130.644417,32.571477],[130.644122,32.571692],[130.643972,32.571795],[130.644177,32.572001],[130.644513,32.571751],[130.644572,32.571706],[130.644703,32.571837],[130.644779,32.571914],[130.644786,32.571921],[130.644995,32.571766],[130.645128,32.571903],[130.645195,32.571973],[130.645295,32.572076],[130.645295,32.572076],[130.645299,32.572074],[130.64531,32.572067],[130.645386,32.572021],[130.645423,32.571998],[130.645487,32.571959],[130.645501,32.571949],[130.645513,32.571941],[130.645574,32.571898],[130.645582,32.571892],[130.645591,32.571886],[130.645621,32.571855],[130.645661,32.571809],[130.64567,32.571797],[130.645674,32.571792],[130.645729,32.57172],[130.645738,32.571708],[130.645744,32.5717],[130.645784,32.57164],[130.645796,32.571613],[130.645798,32.571585],[130.645794,32.571556],[130.645784,32.57153],[130.645765,32.571506],[130.64571,32.571447],[130.645707,32.571444],[130.645685,32.571423],[130.645658,32.571399],[130.645642,32.571384],[130.645605,32.571348],[130.645526,32.57127],[130.645518,32.571261],[130.645566,32.571231],[130.645613,32.57121],[130.645754,32.571154],[130.645888,32.571101],[130.645974,32.571066],[130.646159,32.570992],[130.646186,32.570981],[130.646304,32.570949],[130.646358,32.570921],[130.646418,32.570896],[130.646418,32.570896],[130.646419,32.570896],[130.646419,32.570896],[130.646419,32.570896],[130.646516,32.570857],[130.646534,32.57085],[130.646616,32.570817],[130.646636,32.570809],[130.646733,32.570775],[130.646871,32.570726],[130.646819,32.570615],[130.646803,32.570618],[130.64652,32.570668],[130.646435,32.570683],[130.646423,32.570685],[130.646246,32.57073],[130.646242,32.570731],[130.646206,32.570737],[130.646157,32.570745],[130.646099,32.570757],[130.646077,32.570763],[130.646054,32.570773],[130.646043,32.570782],[130.646032,32.570793],[130.646022,32.570808],[130.646005,32.570824],[130.645984,32.570838],[130.645967,32.570847],[130.645913,32.570871],[130.645845,32.570901],[130.645765,32.570936],[130.645701,32.570964],[130.645691,32.570961],[130.645687,32.570954],[130.645679,32.570939],[130.645629,32.570842],[130.645626,32.570836],[130.645534,32.570657],[130.645412,32.570414],[130.645365,32.570373],[130.645364,32.570366],[130.645107,32.570159],[130.64496,32.570041],[130.644958,32.570039],[130.644943,32.570027],[130.644891,32.569985],[130.644735,32.569861],[130.644637,32.569783],[130.644473,32.569647],[130.644429,32.569611],[130.644422,32.569606],[130.64442,32.569604],[130.644355,32.56955],[130.644316,32.569513],[130.644184,32.569392],[130.644171,32.569379],[130.644104,32.569318],[130.64404,32.569247],[130.644004,32.569208],[130.643978,32.56918],[130.643722,32.568921],[130.643716,32.568916],[130.643698,32.5689],[130.643313,32.568574],[130.64329,32.568555],[130.643195,32.568476],[130.642982,32.568299],[130.642874,32.568206],[130.642815,32.568149],[130.642846,32.568128],[130.642913,32.5681],[130.643077,32.568032],[130.642977,32.56786],[130.642819,32.567924],[130.642679,32.567983],[130.642642,32.567999],[130.642615,32.567986],[130.642548,32.567928],[130.642479,32.567876],[130.642398,32.567819],[130.642008,32.567479],[130.641945,32.567416],[130.64194,32.567417],[130.641835,32.567446],[130.641834,32.567446],[130.641794,32.567458],[130.64161,32.567528],[130.641393,32.567639],[130.641327,32.567715],[130.641184,32.567824],[130.640928,32.568022]]]}},{"type":"Feature","properties":{"YoutoName":null,"YoutoCode":0,"DistType":"特別用途地区","DistCode":14,"Pref":"熊本県","Citycode":"43202","Cityname":"八代市","FNDate":"令和2年03月04日","INNumber":null},"geometry":{"type":"Polygon","coordinates":[[[130.652639,32.564483],[130.652983,32.56499],[130.653628,32.564689],[130.654025,32.565227],[130.653752,32.565411],[130.654219,32.565911],[130.654675,32.566424],[130.654723,32.566479],[130.654791,32.566555],[130.654934,32.56675],[130.655018,32.566866],[130.655047,32.566906],[130.655434,32.566698],[130.655574,32.566623],[130.655664,32.566575],[130.656377,32.566289],[130.656648,32.566172],[130.656508,32.565912],[130.656146,32.565401],[130.655901,32.565091],[130.65549,32.564541],[130.655175,32.564094],[130.654566,32.564311],[130.654382,32.563955],[130.652639,32.564483]]]}},{"type":"Feature","properties":{"YoutoName":null,"YoutoCode":0,"DistType":"特別用途地区","DistCode":14,"Pref":"熊本県","Citycode":"43202","Cityname":"八代市","FNDate":"令和2年03月04日","INNumber":null},"geometry":{"type":"Polygon","coordinates":[[[130.667512,32.560048],[130.668108,32.56076],[130.668156,32.560824],[130.668243,32.560942],[130.668292,32.561002],[130.668321,32.561043],[130.668387,32.561025],[130.668571,32.561229],[130.668733,32.561464],[130.668943,32.561794],[130.669202,32.562138],[130.669648,32.56258],[130.670194,32.563079],[130.670262,32.563141],[130.67062,32.563468],[130.670452,32.563596],[130.670452,32.563596],[130.670483,32.563628],[130.670705,32.563861],[130.670835,32.56409],[130.671279,32.564015],[130.671513,32.563887],[130.671412,32.563698],[130.670831,32.562879],[130.67054,32.562513],[130.670398,32.562378],[130.670174,32.562147],[130.669682,32.561774],[130.669631,32.561753],[130.66959,32.561727],[130.669583,32.561723],[130.669499,32.561673],[130.669422,32.561627],[130.669369,32.561592],[130.669304,32.561541],[130.669203,32.56146],[130.669155,32.56142],[130.669103,32.561378],[130.669034,32.561315],[130.668896,32.561171],[130.668649,32.560915],[130.668622,32.560903],[130.66875,32.560851],[130.668825,32.560815],[130.668865,32.560795],[130.66898,32.560743],[130.669082,32.560698],[130.669815,32.560369],[130.669596,32.559884],[130.669545,32.559766],[130.669489,32.559656],[130.669459,32.559667],[130.669411,32.559682],[130.669243,32.559725],[130.669097,32.559786],[130.668971,32.559836],[130.66897,32.559834],[130.668876,32.559869],[130.668783,32.559716],[130.668667,32.559729],[130.668286,32.559774],[130.668232,32.559712],[130.668227,32.559714],[130.667769,32.55994],[130.667752,32.559947],[130.66775,32.559948],[130.667729,32.559957],[130.667512,32.560048]]]}},{"type":"Feature","properties":{"YoutoName":null,"YoutoCode":0,"DistType":"特別用途地区","DistCode":14,"Pref":"熊本県","Citycode":"43202","Cityname":"八代市","FNDate":"令和2年03月04日","INNumber":null},"geometry":{"type":"Polygon","coordinates":[[[130.658832,32.570964],[130.659228,32.57181],[130.659703,32.572826],[130.659747,32.572921],[130.659352,32.573074],[130.659331,32.573099],[130.659486,32.573307],[130.659714,32.574681],[130.660169,32.574574],[130.660268,32.574811],[130.660644,32.574726],[130.660941,32.575172],[130.660964,32.575159],[130.661024,32.575244],[130.660861,32.575378],[130.660909,32.575446],[130.660943,32.575455],[130.661083,32.575402],[130.661137,32.575494],[130.661239,32.575489],[130.661275,32.575647],[130.661144,32.575699],[130.661255,32.575943],[130.661275,32.575989],[130.661325,32.576098],[130.661431,32.576343],[130.661447,32.576376],[130.661894,32.576253],[130.661922,32.576307],[130.662601,32.576102],[130.662582,32.575982],[130.66269,32.575948],[130.662585,32.575504],[130.662623,32.575502],[130.662499,32.57496],[130.662157,32.574936],[130.662123,32.574874],[130.661865,32.574849],[130.661762,32.574658],[130.661536,32.574694],[130.661521,32.574129],[130.661403,32.574072],[130.661316,32.574212],[130.661137,32.574009],[130.66099,32.574096],[130.660917,32.573934],[130.660946,32.573923],[130.66091,32.573763],[130.660951,32.573765],[130.660939,32.573542],[130.660975,32.573486],[130.66099,32.572853],[130.660727,32.57286],[130.660596,32.572545],[130.660978,32.572384],[130.660801,32.571897],[130.660868,32.571831],[130.660741,32.571638],[130.660711,32.57156],[130.660689,32.571494],[130.660678,32.571475],[130.660664,32.571455],[130.660647,32.571435],[130.660629,32.571418],[130.660597,32.571378],[130.660544,32.571398],[130.660535,32.571394],[130.660531,32.571387],[130.66053,32.571337],[130.660525,32.571295],[130.66052,32.571249],[130.660503,32.571176],[130.660475,32.571108],[130.660431,32.571009],[130.660327,32.570787],[130.660253,32.570619],[130.660229,32.570581],[130.660109,32.570429],[130.660104,32.570431],[130.660057,32.570451],[130.660023,32.570466],[130.65999,32.570479],[130.659951,32.570494],[130.659933,32.570501],[130.659918,32.570507],[130.65991,32.57051],[130.659845,32.570537],[130.659817,32.570548],[130.659746,32.570581],[130.659708,32.570597],[130.659452,32.570695],[130.659309,32.570759],[130.659021,32.570878],[130.658832,32.570964]]]}},{"type":"Feature","properties":{"YoutoName":null,"YoutoCode":0,"DistType":"特別用途地区","DistCode":14,"Pref":"熊本県","Citycode":"43202","Cityname":"八代市","FNDate":"令和2年03月04日","INNumber":null},"geometry":{"type":"Polygon","coordinates":[[[130.645908,32.571739],[130.646265,32.571868],[130.646795,32.572058],[130.64703,32.571916],[130.647385,32.572294],[130.647816,32.571994],[130.648182,32.57235],[130.649209,32.571607],[130.649534,32.571372],[130.650698,32.570531],[130.650996,32.570316],[130.651695,32.571013],[130.652983,32.570108],[130.653033,32.570074],[130.651719,32.568807],[130.651007,32.569092],[130.650974,32.569105],[130.650574,32.569266],[130.650532,32.569214],[130.650479,32.569241],[130.64999,32.569494],[130.65,32.56951],[130.649962,32.569528],[130.649945,32.569517],[130.649831,32.569576],[130.649256,32.569829],[130.649198,32.569872],[130.649025,32.569939],[130.648866,32.57],[130.648321,32.570209],[130.648278,32.570226],[130.648077,32.570298],[130.647789,32.570402],[130.647782,32.570453],[130.647782,32.570454],[130.647597,32.570525],[130.647577,32.570485],[130.647506,32.570504],[130.646871,32.570726],[130.646716,32.570781],[130.646636,32.570809],[130.646616,32.570817],[130.646534,32.57085],[130.646531,32.570851],[130.646549,32.570902],[130.646457,32.570944],[130.646419,32.570896],[130.646418,32.570896],[130.64624,32.571004],[130.646267,32.571028],[130.646148,32.571143],[130.64611,32.571127],[130.646007,32.571309],[130.645999,32.57134],[130.645991,32.571379],[130.645974,32.57146],[130.645969,32.571482],[130.645933,32.571649],[130.645919,32.571711],[130.645908,32.571739]]]}},{"type":"Feature","properties":{"YoutoName":null,"YoutoCode":0,"DistType":"特別用途地区","DistCode":14,"Pref":"熊本県","Citycode":"43202","Cityname":"八代市","FNDate":"令和2年03月04日","INNumber":null},"geometry":{"type":"Polygon","coordinates":[[[130.559086,32.514197],[130.559564,32.514979],[130.560461,32.514563],[130.560659,32.514878],[130.560766,32.514739],[130.560862,32.514629],[130.560885,32.514603],[130.561036,32.514427],[130.561385,32.514121],[130.561643,32.513942],[130.561886,32.513791],[130.562208,32.513643],[130.562369,32.513575],[130.562574,32.513501],[130.562798,32.513441],[130.563146,32.513364],[130.563449,32.513327],[130.563711,32.513315],[130.564018,32.513314],[130.564405,32.513311],[130.564573,32.513297],[130.567709,32.512193],[130.568139,32.513097],[130.571252,32.512015],[130.572081,32.511721],[130.572349,32.511626],[130.574615,32.510822],[130.576767,32.510081],[130.576868,32.510046],[130.579041,32.513369],[130.579063,32.513357],[130.579092,32.513391],[130.580028,32.512971],[130.580075,32.513134],[130.582339,32.512301],[130.584019,32.511674],[130.58414,32.512023],[130.584186,32.512146],[130.584245,32.512292],[130.584413,32.512591],[130.584538,32.512813],[130.584581,32.512896],[130.584694,32.513093],[130.584834,32.513344],[130.584903,32.513423],[130.584953,32.513433],[130.585,32.513426],[130.585044,32.513415],[130.585436,32.513287],[130.584384,32.511166],[130.584736,32.511019],[130.583663,32.508886],[130.584124,32.508711],[130.583721,32.507928],[130.583763,32.507914],[130.584723,32.507542],[130.584435,32.50702],[130.58433,32.506902],[130.583986,32.506562],[130.583863,32.506491],[130.583696,32.506435],[130.583598,32.506422],[130.583492,32.506419],[130.583493,32.506249],[130.58345,32.506018],[130.583389,32.505815],[130.583163,32.505923],[130.582991,32.506012],[130.582004,32.506146],[130.58068,32.506344],[130.579725,32.506492],[130.578611,32.506673],[130.578719,32.507041],[130.577911,32.507158],[130.578513,32.509099],[130.578518,32.509115],[130.578159,32.509105],[130.577219,32.508997],[130.576872,32.508987],[130.576703,32.509024],[130.576312,32.509139],[130.575054,32.509589],[130.574872,32.509194],[130.573609,32.509628],[130.573468,32.509351],[130.573256,32.509428],[130.573314,32.50955],[130.570512,32.510532],[130.570567,32.510657],[130.567526,32.51173],[130.567672,32.512032],[130.566888,32.512306],[130.566756,32.512019],[130.566542,32.512092],[130.566493,32.511993],[130.566307,32.512058],[130.566281,32.512006],[130.565695,32.512215],[130.56572,32.51227],[130.565573,32.512319],[130.565611,32.512411],[130.56505,32.512603],[130.565015,32.512604],[130.564798,32.512571],[130.563253,32.5124],[130.561601,32.513127],[130.559086,32.514197]]]}},{"type":"Feature","properties":{"YoutoName":null,"YoutoCode":0,"DistType":"特別用途地区","DistCode":14,"Pref":"熊本県","Citycode":"43202","Cityname":"八代市","FNDate":"令和2年03月04日","INNumber":null},"geometry":{"type":"Polygon","coordinates":[[[130.618512,32.50527],[130.618579,32.505388],[130.618606,32.505436],[130.618723,32.505612],[130.619258,32.505437],[130.619522,32.505354],[130.61974,32.505292],[130.61992,32.505231],[130.620419,32.505065],[130.620483,32.50505],[130.620574,32.505078],[130.620637,32.505036],[130.6208,32.504939],[130.620944,32.50488],[130.621152,32.504803],[130.621219,32.50469],[130.621259,32.504655],[130.621414,32.504594],[130.621538,32.50453],[130.62179,32.504374],[130.622399,32.504017],[130.622613,32.50391],[130.62286,32.503793],[130.623202,32.503669],[130.623558,32.50353],[130.6239,32.503415],[130.624005,32.503374],[130.624075,32.503342],[130.624093,32.503333],[130.6242,32.50328],[130.624394,32.503181],[130.625179,32.502777],[130.624943,32.502465],[130.625318,32.502292],[130.6255,32.502214],[130.6262,32.50187],[130.626975,32.501503],[130.627244,32.501404],[130.627287,32.501392],[130.627827,32.501614],[130.629091,32.502086],[130.62942,32.50218],[130.629866,32.502274],[130.629966,32.502295],[130.630193,32.50231],[130.630548,32.502311],[130.630852,32.502298],[130.630992,32.502288],[130.63226,32.502203],[130.632427,32.502193],[130.632427,32.502193],[130.632723,32.502169],[130.632993,32.502143],[130.633125,32.502133],[130.633186,32.502124],[130.633369,32.502119],[130.633754,32.502091],[130.634257,32.502056],[130.634445,32.502058],[130.634554,32.502064],[130.634638,32.502065],[130.634638,32.502065],[130.634932,32.502075],[130.635306,32.502134],[130.635739,32.502217],[130.635964,32.5023],[130.639329,32.503339],[130.642195,32.504239],[130.6427,32.504394],[130.643987,32.504788],[130.644959,32.505115],[130.645495,32.505392],[130.645739,32.507047],[130.64575,32.507042],[130.645846,32.506965],[130.6464,32.506632],[130.647416,32.506184],[130.647814,32.505952],[130.647968,32.505862],[130.648584,32.505501],[130.648504,32.505384],[130.648297,32.505025],[130.64799,32.504512],[130.647741,32.504189],[130.647397,32.503758],[130.646953,32.503056],[130.646827,32.502927],[130.646556,32.502729],[130.646046,32.502414],[130.645783,32.502217],[130.645483,32.501958],[130.645065,32.501684],[130.643924,32.501198],[130.643097,32.500786],[130.642227,32.500359],[130.64203,32.500297],[130.64194,32.5003],[130.641854,32.500313],[130.641757,32.500347],[130.64161,32.500396],[130.641405,32.500481],[130.641339,32.5005],[130.641146,32.50054],[130.64103,32.500557],[130.641176,32.50071],[130.641155,32.50077],[130.64112,32.500815],[130.641064,32.500845],[130.640993,32.500877],[130.640942,32.500909],[130.640924,32.500943],[130.640916,32.500997],[130.640908,32.501123],[130.640906,32.501205],[130.641269,32.501438],[130.641666,32.501741],[130.641895,32.501909],[130.642198,32.502209],[130.642186,32.502224],[130.64227,32.502325],[130.642491,32.502644],[130.642612,32.502899],[130.64273,32.503187],[130.639945,32.502339],[130.639942,32.502338],[130.636241,32.501163],[130.635828,32.501079],[130.63562,32.501014],[130.635512,32.500993],[130.635261,32.500964],[130.635261,32.500964],[130.635142,32.500949],[130.635026,32.500927],[130.63479,32.500918],[130.634628,32.500911],[130.634517,32.500915],[130.634217,32.500937],[130.630673,32.501158],[130.630585,32.501303],[130.629958,32.50096],[130.629569,32.501345],[130.629356,32.501553],[130.627823,32.500993],[130.627143,32.500817],[130.626978,32.500797],[130.626664,32.500766],[130.626138,32.500756],[130.625811,32.500819],[130.625385,32.500865],[130.624638,32.500897],[130.624271,32.500918],[130.623764,32.500882],[130.623172,32.500809],[130.622504,32.500743],[130.622214,32.500682],[130.62177,32.500552],[130.621484,32.500521],[130.621322,32.500548],[130.62093,32.500543],[130.620013,32.500503],[130.619821,32.500977],[130.619714,32.501264],[130.619675,32.50135],[130.619619,32.501423],[130.61939,32.501745],[130.61939,32.501745],[130.619633,32.501922],[130.62021,32.50187],[130.622032,32.501706],[130.622031,32.502281],[130.622007,32.502725],[130.622304,32.503071],[130.621971,32.503259],[130.62171,32.5034],[130.621093,32.503744],[130.620977,32.503814],[130.620822,32.503876],[130.620693,32.503919],[130.62053,32.503987],[130.620266,32.504117],[130.619992,32.504268],[130.619479,32.504722],[130.619163,32.505008],[130.619082,32.505077],[130.618983,32.505115],[130.618512,32.50527]]]}},{"type":"Feature","properties":{"YoutoName":null,"YoutoCode":0,"DistType":"特別用途地区","DistCode":14,"Pref":"熊本県","Citycode":"43202","Cityname":"八代市","FNDate":"令和2年03月04日","INNumber":null},"geometry":{"type":"Polygon","coordinates":[[[130.614853,32.511329],[130.615585,32.511909],[130.615811,32.51168],[130.616052,32.511494],[130.616298,32.511308],[130.616924,32.510864],[130.617561,32.51037],[130.617663,32.510282],[130.617673,32.510268],[130.617436,32.509989],[130.617254,32.509718],[130.617154,32.509536],[130.617061,32.509323],[130.616961,32.509065],[130.616914,32.508889],[130.616867,32.508618],[130.616837,32.508356],[130.616835,32.508168],[130.616852,32.507936],[130.616893,32.507687],[130.616945,32.507475],[130.616959,32.507438],[130.616784,32.507377],[130.61655,32.507874],[130.616092,32.508814],[130.615622,32.50975],[130.614919,32.511196],[130.614853,32.511329]]]}},{"type":"Feature","properties":{"YoutoName":null,"YoutoCode":0,"DistType":"特別用途地区","DistCode":14,"Pref":"熊本県","Citycode":"43202","Cityname":"八代市","FNDate":"令和2年03月04日","INNumber":null},"geometry":{"type":"Polygon","coordinates":[[[130.603239,32.467441],[130.606766,32.471576],[130.608319,32.47339],[130.608968,32.472988],[130.60899,32.473018],[130.609388,32.47356],[130.609546,32.47376],[130.609672,32.473926],[130.609783,32.474085],[130.609987,32.474406],[130.610032,32.474477],[130.610257,32.475203],[130.610268,32.475397],[130.608707,32.476335],[130.608762,32.476411],[130.608926,32.476576],[130.609056,32.476711],[130.609129,32.476761],[130.609499,32.477031],[130.6095,32.477032],[130.609695,32.477183],[130.609612,32.477412],[130.608954,32.479198],[130.608954,32.479198],[130.608601,32.479993],[130.608086,32.480278],[130.608272,32.480563],[130.607744,32.480806],[130.607837,32.480968],[130.607317,32.481215],[130.607948,32.48226],[130.607306,32.484768],[130.607232,32.485056],[130.607183,32.485249],[130.606942,32.485298],[130.606829,32.485783],[130.606764,32.486124],[130.60667,32.486817],[130.606448,32.488187],[130.605548,32.48842],[130.605812,32.488698],[130.606099,32.48892],[130.606378,32.489241],[130.606419,32.489346],[130.606442,32.489413],[130.606447,32.489437],[130.606476,32.489516],[130.606509,32.489604],[130.60655,32.48972],[130.606591,32.489826],[130.606649,32.489984],[130.606718,32.49012],[130.6068,32.490256],[130.606887,32.490367],[130.606953,32.49045],[130.607085,32.490609],[130.60721,32.490749],[130.607292,32.490845],[130.607481,32.491032],[130.607568,32.491101],[130.607789,32.491311],[130.607982,32.491465],[130.608019,32.491492],[130.608198,32.491641],[130.608437,32.49184],[130.608626,32.491992],[130.608699,32.492056],[130.609261,32.492514],[130.609316,32.49256],[130.609298,32.492602],[130.609609,32.492692],[130.610041,32.492805],[130.610082,32.492835],[130.610091,32.492861],[130.61036,32.492928],[130.610363,32.492863],[130.610298,32.492649],[130.61023,32.492449],[130.6101,32.492105],[130.610008,32.491938],[130.609974,32.491853],[130.609794,32.491599],[130.609659,32.491445],[130.609612,32.491387],[130.609466,32.491255],[130.60944,32.491235],[130.609323,32.491145],[130.608516,32.490457],[130.608458,32.490422],[130.608423,32.49039],[130.608409,32.490378],[130.608303,32.490289],[130.608241,32.490231],[130.608185,32.490183],[130.608134,32.490132],[130.608121,32.490123],[130.608059,32.49007],[130.608032,32.49004],[130.607961,32.489941],[130.607876,32.489814],[130.607785,32.489661],[130.607748,32.489609],[130.607692,32.489518],[130.607671,32.489459],[130.607645,32.489363],[130.60762,32.489276],[130.6076,32.48911],[130.607592,32.48896],[130.607581,32.488715],[130.607585,32.488552],[130.607616,32.488187],[130.60766,32.487917],[130.607715,32.487529],[130.607746,32.487353],[130.608199,32.485102],[130.609012,32.482063],[130.609557,32.480306],[130.609946,32.479335],[130.610178,32.47946],[130.610469,32.479455],[130.61094,32.47805],[130.610848,32.477844],[130.611612,32.477337],[130.612647,32.476701],[130.612265,32.475881],[130.612047,32.475515],[130.612386,32.475202],[130.612068,32.474931],[130.611672,32.474569],[130.61145,32.47435],[130.61135,32.474251],[130.610913,32.47382],[130.610588,32.473458],[130.610225,32.473035],[130.610057,32.472792],[130.60993,32.472594],[130.609408,32.471848],[130.609018,32.471266],[130.608809,32.470954],[130.608136,32.469949],[130.606767,32.467896],[130.605951,32.466408],[130.605277,32.465413],[130.605104,32.465415],[130.604545,32.465652],[130.604302,32.465799],[130.604205,32.465761],[130.603961,32.46579],[130.603533,32.466707],[130.603239,32.467441]]]}},{"type":"Feature","properties":{"YoutoName":"娯楽レクリエーション地区","YoutoCode":6,"DistType":"特別用途地区","DistCode":14,"Pref":"熊本県","Citycode":"43204","Cityname":"荒尾市","FNDate":"平成4年3月30日","INNumber":null},"geometry":{"type":"Polygon","coordinates":[[[130.460346,32.991888],[130.460387,32.991882],[130.460649,32.991903],[130.460891,32.991919],[130.461033,32.991934],[130.46113,32.991938],[130.461188,32.991938],[130.46125,32.991928],[130.461297,32.991921],[130.461345,32.991906],[130.461381,32.991888],[130.461431,32.991856],[130.46148,32.991806],[130.461509,32.99177],[130.461532,32.991733],[130.461556,32.991705],[130.461593,32.991687],[130.461627,32.99168],[130.461698,32.991669],[130.46175,32.991666],[130.461827,32.991666],[130.461874,32.99167],[130.461921,32.991679],[130.462018,32.991698],[130.462057,32.991709],[130.462132,32.991736],[130.462177,32.991765],[130.462266,32.991818],[130.462271,32.991834],[130.462329,32.992108],[130.462361,32.992126],[130.46244,32.992168],[130.462597,32.992267],[130.462644,32.992279],[130.46268,32.99228],[130.46271,32.992258],[130.462715,32.992202],[130.46273,32.992148],[130.46275,32.992131],[130.462769,32.992123],[130.462922,32.992139],[130.462943,32.992225],[130.462955,32.992246],[130.463051,32.992364],[130.463092,32.992417],[130.463111,32.992468],[130.463125,32.99254],[130.46311,32.992622],[130.46311,32.992636],[130.463155,32.992673],[130.463212,32.992705],[130.463264,32.992735],[130.463326,32.992749],[130.463356,32.992757],[130.463442,32.992755],[130.463517,32.992756],[130.463566,32.992763],[130.463605,32.992768],[130.463626,32.99272],[130.463632,32.992706],[130.463644,32.992683],[130.463653,32.992667],[130.463675,32.992638],[130.463775,32.992517],[130.463869,32.992399],[130.463895,32.992363],[130.463899,32.992355],[130.463902,32.992342],[130.463902,32.992335],[130.463902,32.992322],[130.463919,32.992294],[130.464072,32.992047],[130.464086,32.992023],[130.46413,32.992007],[130.464145,32.992001],[130.464156,32.991994],[130.464225,32.991946],[130.464267,32.991909],[130.464341,32.991859],[130.464489,32.991752],[130.464539,32.991713],[130.46467,32.99162],[130.464696,32.9916],[130.464712,32.991591],[130.464715,32.991588],[130.464735,32.991574],[130.464786,32.991529],[130.464798,32.991513],[130.4648,32.991511],[130.464804,32.991508],[130.464813,32.991501],[130.464821,32.991497],[130.464825,32.991495],[130.464833,32.991492],[130.464871,32.991488],[130.464974,32.991428],[130.465069,32.991373],[130.465253,32.991272],[130.465308,32.991243],[130.465361,32.991216],[130.465412,32.99119],[130.465467,32.991158],[130.465714,32.991064],[130.465824,32.991034],[130.465981,32.990979],[130.466041,32.990959],[130.46611,32.990939],[130.46616,32.990925],[130.466196,32.990917],[130.466242,32.990907],[130.466373,32.990884],[130.466438,32.990873],[130.466493,32.990863],[130.46658,32.990848],[130.466608,32.990844],[130.466721,32.990819],[130.466802,32.990808],[130.466867,32.990795],[130.466994,32.990766],[130.467005,32.990763],[130.46704,32.990752],[130.467078,32.990736],[130.467093,32.99073],[130.467137,32.990713],[130.467188,32.99069],[130.467298,32.990638],[130.467383,32.990596],[130.467509,32.990535],[130.467685,32.990453],[130.467782,32.990397],[130.467803,32.990387],[130.46784,32.990368],[130.467935,32.990318],[130.467949,32.990307],[130.468389,32.99005],[130.468421,32.990036],[130.468565,32.989968],[130.4686,32.989956],[130.468678,32.98994],[130.468741,32.989929],[130.468775,32.989924],[130.468827,32.98992],[130.468881,32.98992],[130.468914,32.989921],[130.468973,32.989924],[130.469089,32.989933],[130.469225,32.98994],[130.469334,32.989945],[130.469409,32.989948],[130.469476,32.989953],[130.469551,32.989957],[130.469577,32.989959],[130.469583,32.989959],[130.469627,32.989961],[130.469665,32.98996],[130.469735,32.989958],[130.469811,32.989953],[130.469949,32.989936],[130.470132,32.989908],[130.470244,32.98989],[130.470266,32.989888],[130.470389,32.989869],[130.470422,32.989864],[130.470542,32.989846],[130.470674,32.989825],[130.470856,32.989795],[130.470948,32.989773],[130.471024,32.989766],[130.471058,32.989765],[130.471085,32.989764],[130.471143,32.989763],[130.471179,32.989764],[130.471234,32.989769],[130.471289,32.989773],[130.471356,32.989784],[130.471429,32.989799],[130.471482,32.989811],[130.471683,32.989854],[130.471744,32.989866],[130.471775,32.98987],[130.471798,32.989873],[130.471824,32.989875],[130.471854,32.989875],[130.471898,32.989873],[130.471938,32.989868],[130.471977,32.989861],[130.47202,32.989853],[130.472048,32.989845],[130.472097,32.989829],[130.472245,32.989768],[130.472352,32.98972],[130.47249,32.989651],[130.472676,32.989563],[130.472928,32.989444],[130.47307,32.98938],[130.473134,32.98935],[130.473298,32.989286],[130.473354,32.989225],[130.473363,32.989055],[130.473377,32.988855],[130.473383,32.988729],[130.473396,32.988513],[130.473406,32.988299],[130.47341,32.988237],[130.473418,32.98813],[130.473423,32.988053],[130.473428,32.987967],[130.473427,32.987907],[130.473426,32.987862],[130.473421,32.9878],[130.473537,32.987794],[130.473539,32.987723],[130.47355,32.987617],[130.473563,32.987491],[130.473585,32.987296],[130.473585,32.987262],[130.473608,32.986893],[130.473621,32.986648],[130.473613,32.986648],[130.473476,32.986678],[130.47316,32.986698],[130.473069,32.98669],[130.47295,32.986701],[130.472659,32.986721],[130.472613,32.986723],[130.472573,32.986724],[130.472436,32.986759],[130.472397,32.986761],[130.472376,32.986762],[130.472333,32.986764],[130.472265,32.986768],[130.47214,32.986749],[130.472037,32.986758],[130.471884,32.986767],[130.471801,32.986774],[130.471728,32.986779],[130.471684,32.986781],[130.471574,32.986787],[130.471531,32.98679],[130.471485,32.986798],[130.471405,32.986813],[130.471393,32.986817],[130.471383,32.986824],[130.471001,32.986815],[130.470939,32.986807],[130.47093,32.986805],[130.470768,32.986794],[130.470601,32.986774],[130.47048,32.986757],[130.470306,32.986719],[130.470156,32.98669],[130.470074,32.986678],[130.470011,32.986667],[130.469894,32.986648],[130.469669,32.986613],[130.469661,32.986612],[130.469594,32.986602],[130.469492,32.986585],[130.469233,32.986542],[130.469121,32.986544],[130.468718,32.986491],[130.468694,32.986486],[130.468679,32.986484],[130.468566,32.986468],[130.468453,32.98645],[130.468182,32.986405],[130.468017,32.986369],[130.467855,32.986335],[130.467712,32.986305],[130.467667,32.986295],[130.467577,32.986279],[130.467384,32.986247],[130.46724,32.986223],[130.467145,32.986202],[130.467064,32.986183],[130.466988,32.986162],[130.466944,32.986149],[130.466898,32.986134],[130.466846,32.986115],[130.46676,32.98608],[130.466677,32.986041],[130.466551,32.985982],[130.466457,32.985931],[130.466381,32.985882],[130.466267,32.985819],[130.466191,32.985777],[130.466087,32.985724],[130.465983,32.985673],[130.46593,32.985651],[130.465893,32.985637],[130.465826,32.985612],[130.465723,32.985583],[130.465718,32.985582],[130.465659,32.985566],[130.465607,32.985552],[130.465555,32.985541],[130.465492,32.98553],[130.465464,32.985526],[130.465456,32.985525],[130.465402,32.985517],[130.465338,32.985512],[130.465265,32.985508],[130.465226,32.985507],[130.465098,32.985508],[130.465076,32.985509],[130.46501,32.985512],[130.464919,32.985518],[130.464818,32.985524],[130.464642,32.985535],[130.46459,32.985538],[130.464509,32.985544],[130.464494,32.985545],[130.464452,32.985548],[130.464368,32.985553],[130.464295,32.985559],[130.464291,32.985559],[130.464115,32.985571],[130.463875,32.985591],[130.463706,32.985606],[130.463535,32.985623],[130.463347,32.985643],[130.463144,32.985669],[130.463003,32.985689],[130.462956,32.985695],[130.462797,32.985719],[130.462758,32.985726],[130.462622,32.985756],[130.462258,32.98583],[130.462064,32.985867],[130.4618,32.985916],[130.461604,32.985958],[130.461469,32.98599],[130.461416,32.985997],[130.461186,32.986036],[130.461109,32.986046],[130.461092,32.986049],[130.461053,32.986065],[130.461027,32.986076],[130.460985,32.986095],[130.460948,32.986107],[130.460932,32.986111],[130.460909,32.986116],[130.460807,32.986135],[130.46079,32.986135],[130.460655,32.986133],[130.46063,32.986135],[130.460604,32.986139],[130.460514,32.986159],[130.460407,32.986183],[130.460229,32.986221],[130.460145,32.986239],[130.460113,32.986245],[130.460052,32.98626],[130.460041,32.986262],[130.459834,32.986312],[130.459612,32.986359],[130.459502,32.986383],[130.459568,32.986652],[130.459569,32.986655],[130.459572,32.986666],[130.459583,32.986703],[130.459623,32.98677],[130.459649,32.986813],[130.45967,32.986839],[130.459698,32.98687],[130.459728,32.98689],[130.459794,32.986912],[130.459871,32.986936],[130.459899,32.98695],[130.459948,32.986996],[130.460031,32.98709],[130.460049,32.98709],[130.460081,32.987079],[130.460113,32.987112],[130.460279,32.98735],[130.460396,32.987542],[130.460492,32.987686],[130.460507,32.987706],[130.460575,32.987764],[130.460776,32.987931],[130.460819,32.987969],[130.460831,32.988011],[130.460981,32.988408],[130.461076,32.988667],[130.461085,32.988696],[130.461103,32.988832],[130.461153,32.989147],[130.461163,32.989229],[130.461165,32.989269],[130.461179,32.989372],[130.461181,32.989386],[130.461173,32.989435],[130.461121,32.989741],[130.461106,32.989808],[130.461104,32.989831],[130.461106,32.989862],[130.461124,32.989938],[130.461088,32.989931],[130.461054,32.989914],[130.460929,32.989916],[130.460856,32.989926],[130.460751,32.989962],[130.460664,32.990003],[130.460595,32.990053],[130.460537,32.990117],[130.460483,32.990201],[130.460468,32.990247],[130.460426,32.990359],[130.460402,32.990425],[130.460391,32.990456],[130.460358,32.990559],[130.460326,32.990626],[130.460274,32.990696],[130.460196,32.990768],[130.460084,32.990842],[130.460006,32.990873],[130.459983,32.990885],[130.459901,32.990954],[130.45993,32.99107],[130.459947,32.991084],[130.459981,32.991142],[130.459998,32.991197],[130.460004,32.991242],[130.459999,32.991312],[130.459969,32.991421],[130.459934,32.991522],[130.459867,32.991603],[130.45978,32.991659],[130.459681,32.9917],[130.459606,32.991736],[130.459528,32.991785],[130.459483,32.99183],[130.45934,32.991983],[130.459364,32.991994],[130.459409,32.992041],[130.459469,32.992083],[130.459522,32.992112],[130.459565,32.992158],[130.459609,32.992219],[130.459629,32.992257],[130.459643,32.992292],[130.459675,32.992337],[130.459718,32.992377],[130.459767,32.99243],[130.459797,32.992452],[130.459816,32.992463],[130.459829,32.99249],[130.459846,32.992568],[130.459851,32.992684],[130.459845,32.992698],[130.45985,32.992888],[130.459867,32.993006],[130.459885,32.993113],[130.459919,32.993247],[130.459923,32.993265],[130.459936,32.993339],[130.459961,32.99343],[130.459986,32.993477],[130.460035,32.993546],[130.460039,32.993555],[130.460102,32.993584],[130.460127,32.993588],[130.460265,32.99359],[130.460303,32.993585],[130.460336,32.993564],[130.460368,32.993527],[130.460407,32.993493],[130.460433,32.99347],[130.460455,32.993419],[130.460455,32.993389],[130.460447,32.99335],[130.460323,32.993173],[130.4603,32.993138],[130.460289,32.993111],[130.460289,32.993084],[130.460359,32.992899],[130.460385,32.992824],[130.46043,32.992597],[130.460441,32.992574],[130.460441,32.99256],[130.460415,32.992516],[130.460405,32.992501],[130.460296,32.992385],[130.460178,32.992245],[130.460159,32.992222],[130.460132,32.992173],[130.460123,32.992131],[130.460126,32.99208],[130.460135,32.992039],[130.460158,32.991997],[130.460193,32.991959],[130.460247,32.991922],[130.460294,32.9919],[130.460346,32.991888]]]}},{"type":"Feature","properties":{"YoutoName":null,"YoutoCode":0,"DistType":"特別用途地区","DistCode":14,"Pref":"熊本県","Citycode":"43206","Cityname":"玉名市","FNDate":null,"INNumber":null},"geometry":{"type":"Polygon","coordinates":[[[130.562074,32.932253],[130.562043,32.932184],[130.561537,32.932325],[130.56115,32.932465],[130.56111,32.932474],[130.561071,32.932482],[130.560719,32.932554],[130.560442,32.932617],[130.560337,32.932651],[130.560284,32.932675],[130.560209,32.932714],[130.560043,32.932803],[130.560023,32.932811],[130.560024,32.93283],[130.560033,32.932905],[130.56005,32.933139],[130.560057,32.933447],[130.560067,32.933735],[130.560066,32.933974],[130.56007,32.934055],[130.560077,32.934229],[130.560079,32.934258],[130.560083,32.934314],[130.560091,32.934387],[130.560089,32.934389],[130.559653,32.93446],[130.559631,32.934464],[130.559669,32.934639],[130.559717,32.934853],[130.55976,32.935059],[130.559822,32.935349],[130.55986,32.935495],[130.559891,32.93561],[130.559917,32.935669],[130.559933,32.935718],[130.559979,32.935823],[130.56003,32.935913],[130.560074,32.935981],[130.560182,32.936149],[130.560335,32.936366],[130.560384,32.936441],[130.560627,32.936781],[130.560763,32.936965],[130.560849,32.937087],[130.560918,32.937216],[130.560929,32.937264],[130.560942,32.937279],[130.560959,32.937319],[130.56099,32.937311],[130.561237,32.93726],[130.561255,32.937255],[130.561718,32.937111],[130.561974,32.937056],[130.562084,32.937003],[130.562164,32.936938],[130.562225,32.936863],[130.562267,32.936778],[130.562283,32.936699],[130.562279,32.936596],[130.562239,32.936415],[130.562132,32.935948],[130.562298,32.935894],[130.562498,32.935821],[130.562968,32.935664],[130.563567,32.935433],[130.563478,32.935247],[130.563421,32.93512],[130.563362,32.93494],[130.563281,32.934691],[130.563223,32.93452],[130.563144,32.934262],[130.563013,32.933993],[130.56292,32.933799],[130.562913,32.933777],[130.562805,32.933563],[130.562776,32.933504],[130.562685,32.933388],[130.562609,32.933242],[130.562538,32.933117],[130.562451,32.93296],[130.56236,32.932802],[130.562323,32.932732],[130.562314,32.932708],[130.562229,32.932571],[130.562074,32.932253]]]}},{"type":"Feature","properties":{"YoutoName":null,"YoutoCode":0,"DistType":"特別用途地区","DistCode":14,"Pref":"熊本県","Citycode":"43208","Cityname":"山鹿市","FNDate":null,"INNumber":null},"geometry":{"type":"Polygon","coordinates":[[[130.682178,33.02506],[130.682181,33.025097],[130.682186,33.025166],[130.682191,33.025212],[130.682194,33.025238],[130.682194,33.025258],[130.682191,33.025276],[130.682186,33.025296],[130.682176,33.025324],[130.682155,33.025384],[130.682123,33.025476],[130.682073,33.025622],[130.682048,33.025689],[130.682034,33.025713],[130.682019,33.025733],[130.682,33.02576],[130.68199,33.025784],[130.681976,33.025815],[130.681933,33.025922],[130.681915,33.02597],[130.681914,33.025998],[130.681921,33.026032],[130.681938,33.026092],[130.681972,33.026186],[130.682006,33.026251],[130.682041,33.026314],[130.682057,33.026336],[130.682074,33.026353],[130.682093,33.026371],[130.682102,33.026385],[130.682105,33.0264],[130.682106,33.026418],[130.682103,33.02644],[130.682096,33.026464],[130.682081,33.0265],[130.682061,33.026533],[130.682031,33.026583],[130.682016,33.026613],[130.682004,33.026624],[130.681993,33.026634],[130.681979,33.026655],[130.681968,33.026683],[130.681967,33.026699],[130.681968,33.026717],[130.681972,33.026756],[130.681972,33.02678],[130.681971,33.026798],[130.681968,33.026818],[130.681962,33.026837],[130.681949,33.026859],[130.681928,33.026899],[130.681896,33.026982],[130.681894,33.026993],[130.681898,33.027],[130.681901,33.027013],[130.681901,33.027026],[130.681896,33.027042],[130.681887,33.027075],[130.681872,33.027145],[130.681851,33.027232],[130.681829,33.027323],[130.681826,33.027397],[130.681823,33.027422],[130.681827,33.027436],[130.681827,33.027443],[130.681827,33.027454],[130.681812,33.027486],[130.681807,33.027498],[130.681792,33.027528],[130.681773,33.027554],[130.681745,33.027586],[130.681731,33.027602],[130.681719,33.027618],[130.681711,33.027632],[130.68171,33.027635],[130.68171,33.02764],[130.68171,33.027658],[130.681715,33.027686],[130.681717,33.027699],[130.681727,33.027698],[130.681733,33.027736],[130.681754,33.027852],[130.681766,33.027908],[130.681774,33.027941],[130.681782,33.027971],[130.68179,33.02799],[130.681852,33.028111],[130.681857,33.028142],[130.681846,33.028143],[130.681851,33.028182],[130.68185,33.028242],[130.681826,33.028317],[130.681802,33.028373],[130.681751,33.028457],[130.681895,33.028581],[130.681798,33.028624],[130.681799,33.028766],[130.681758,33.028798],[130.681736,33.028824],[130.681729,33.028832],[130.681731,33.028844],[130.681732,33.028858],[130.681762,33.028895],[130.681792,33.028934],[130.681808,33.028961],[130.681811,33.028973],[130.681808,33.028982],[130.681801,33.029005],[130.681797,33.029015],[130.681773,33.029069],[130.681764,33.029094],[130.681749,33.029104],[130.681738,33.029112],[130.681673,33.029153],[130.681737,33.029356],[130.681665,33.029356],[130.681653,33.02936],[130.681651,33.029379],[130.681646,33.029404],[130.681643,33.029419],[130.681632,33.029443],[130.681632,33.029452],[130.681632,33.029466],[130.681632,33.029482],[130.681643,33.029539],[130.681657,33.029583],[130.681667,33.029604],[130.681677,33.029618],[130.681687,33.029633],[130.681695,33.029647],[130.681703,33.029681],[130.681706,33.029703],[130.681704,33.029727],[130.681703,33.029749],[130.681694,33.029774],[130.681682,33.029806],[130.681669,33.029832],[130.681665,33.029852],[130.681662,33.029865],[130.681659,33.02988],[130.681657,33.029893],[130.681656,33.029917],[130.681655,33.029933],[130.681655,33.029953],[130.681658,33.029976],[130.681668,33.030009],[130.681681,33.030038],[130.681712,33.030093],[130.68174,33.030128],[130.681758,33.030152],[130.681767,33.03017],[130.681773,33.030193],[130.681779,33.030228],[130.681784,33.030292],[130.681786,33.030421],[130.681784,33.030541],[130.681776,33.030573],[130.681762,33.030601],[130.681754,33.030617],[130.681746,33.030639],[130.681746,33.030651],[130.681751,33.030659],[130.681858,33.030667],[130.681855,33.030877],[130.681764,33.030873],[130.681757,33.030936],[130.681747,33.030982],[130.681742,33.030986],[130.681616,33.031029],[130.681579,33.031039],[130.681596,33.031066],[130.68175,33.031326],[130.681772,33.031352],[130.681754,33.031355],[130.681735,33.031364],[130.681701,33.031386],[130.681648,33.031432],[130.681483,33.031603],[130.681386,33.03169],[130.68134,33.031731],[130.681327,33.031749],[130.681325,33.031761],[130.681332,33.031769],[130.681346,33.03178],[130.681398,33.031817],[130.681443,33.031859],[130.681544,33.031969],[130.681602,33.032053],[130.681606,33.032077],[130.681605,33.032096],[130.681599,33.03212],[130.681585,33.032149],[130.681564,33.032174],[130.681544,33.032196],[130.681522,33.032212],[130.681513,33.03223],[130.681499,33.032332],[130.681505,33.032368],[130.681527,33.032392],[130.681583,33.032525],[130.681597,33.032562],[130.681602,33.032589],[130.681611,33.032613],[130.681623,33.032637],[130.681637,33.032661],[130.681652,33.032691],[130.681683,33.032773],[130.68171,33.032859],[130.681719,33.032916],[130.68173,33.032983],[130.68174,33.03305],[130.681755,33.033106],[130.681775,33.033161],[130.681792,33.033203],[130.681789,33.033258],[130.681752,33.033258],[130.681682,33.033255],[130.681604,33.033248],[130.681589,33.033372],[130.681644,33.033597],[130.681649,33.033684],[130.681633,33.033959],[130.68163,33.033981],[130.681528,33.033971],[130.681516,33.033994],[130.681527,33.034071],[130.681549,33.034274],[130.681553,33.034355],[130.681553,33.034404],[130.681551,33.03442],[130.681549,33.034447],[130.681544,33.034491],[130.681541,33.034516],[130.681536,33.034549],[130.681522,33.034632],[130.681482,33.034777],[130.681461,33.034852],[130.681442,33.034931],[130.681397,33.035094],[130.681378,33.035166],[130.681373,33.035214],[130.681379,33.035222],[130.681425,33.035224],[130.681464,33.035229],[130.681447,33.03529],[130.681439,33.035313],[130.681386,33.035523],[130.68138,33.035557],[130.681365,33.03564],[130.681356,33.035736],[130.681353,33.035805],[130.681351,33.035862],[130.681352,33.035912],[130.68136,33.035975],[130.681361,33.035979],[130.681376,33.036053],[130.681383,33.036091],[130.68139,33.036128],[130.681391,33.036132],[130.681405,33.036239],[130.68141,33.036277],[130.681417,33.03638],[130.681425,33.036448],[130.681433,33.036488],[130.68144,33.036504],[130.681442,33.036509],[130.681457,33.036518],[130.681477,33.036523],[130.681543,33.036535],[130.681599,33.036546],[130.681631,33.036554],[130.681675,33.036575],[130.681687,33.03658],[130.681982,33.036724],[130.681996,33.036731],[130.682049,33.036746],[130.682171,33.036767],[130.682288,33.036771],[130.682286,33.036513],[130.682285,33.035888],[130.682284,33.035736],[130.682283,33.03562],[130.682282,33.035551],[130.682281,33.035409],[130.682284,33.035363],[130.682276,33.035271],[130.682278,33.035163],[130.682277,33.035071],[130.682276,33.034874],[130.682276,33.034701],[130.682274,33.034518],[130.682273,33.034464],[130.682286,33.034386],[130.682278,33.034271],[130.68227,33.033988],[130.682269,33.033754],[130.682268,33.03329],[130.68227,33.033019],[130.68227,33.033004],[130.68227,33.032897],[130.68227,33.032787],[130.682269,33.032703],[130.682268,33.032605],[130.682266,33.032419],[130.682264,33.032149],[130.682261,33.031717],[130.682261,33.031651],[130.682257,33.031171],[130.682248,33.031123],[130.682246,33.031005],[130.682239,33.030643],[130.68224,33.030632],[130.682309,33.030626],[130.682368,33.030626],[130.68241,33.030623],[130.682475,33.03063],[130.682537,33.030638],[130.68258,33.030647],[130.682646,33.030667],[130.682691,33.030685],[130.682763,33.030709],[130.682821,33.03073],[130.682871,33.030719],[130.68294,33.030698],[130.682997,33.030686],[130.683083,33.030671],[130.683179,33.030657],[130.683271,33.030648],[130.683159,33.030406],[130.68308,33.030426],[130.682991,33.030452],[130.682917,33.030582],[130.682656,33.030592],[130.682577,33.030402],[130.682566,33.030361],[130.682561,33.030337],[130.682556,33.030306],[130.682556,33.030265],[130.682558,33.030201],[130.682501,33.03015],[130.682496,33.030137],[130.682497,33.030095],[130.682502,33.030061],[130.682507,33.029977],[130.682504,33.029853],[130.682503,33.029829],[130.682503,33.029814],[130.682503,33.02981],[130.682503,33.029804],[130.682501,33.029798],[130.6825,33.029791],[130.682496,33.029783],[130.682483,33.029769],[130.68247,33.029755],[130.682451,33.029742],[130.682435,33.029736],[130.682409,33.029727],[130.682387,33.02972],[130.682367,33.029715],[130.682385,33.029579],[130.68239,33.029555],[130.682402,33.029537],[130.682411,33.02953],[130.68242,33.029524],[130.682432,33.02952],[130.682449,33.029521],[130.68248,33.029523],[130.682525,33.029532],[130.682565,33.029541],[130.682581,33.029542],[130.682594,33.029541],[130.682613,33.029534],[130.682625,33.02952],[130.682692,33.029413],[130.682639,33.029389],[130.682577,33.02935],[130.682536,33.029312],[130.682555,33.029222],[130.682571,33.029166],[130.682577,33.029104],[130.682581,33.02904],[130.682583,33.028999],[130.682574,33.028959],[130.682586,33.028882],[130.682603,33.028897],[130.682633,33.028919],[130.68267,33.028946],[130.682663,33.028952],[130.68268,33.028968],[130.682699,33.029004],[130.682712,33.029028],[130.682749,33.029093],[130.682762,33.029117],[130.682775,33.029132],[130.682786,33.02914],[130.682798,33.029147],[130.682813,33.029153],[130.68305,33.02883],[130.683081,33.028784],[130.683124,33.028678],[130.683183,33.028526],[130.683223,33.028414],[130.683264,33.028359],[130.683291,33.028333],[130.683306,33.028313],[130.683334,33.02824],[130.683541,33.02789],[130.683576,33.027842],[130.683604,33.027834],[130.683568,33.027784],[130.683517,33.027729],[130.68343,33.027664],[130.683437,33.027656],[130.683466,33.02762],[130.683519,33.027543],[130.683589,33.027438],[130.683604,33.027419],[130.68361,33.027408],[130.683687,33.02726],[130.683697,33.027244],[130.683862,33.026996],[130.684199,33.026485],[130.684308,33.02633],[130.684409,33.026179],[130.684452,33.026201],[130.68446,33.026193],[130.68455,33.026133],[130.684662,33.026053],[130.684693,33.02603],[130.684684,33.025937],[130.684673,33.025802],[130.684672,33.02564],[130.684722,33.025573],[130.68478,33.025494],[130.684838,33.025417],[130.684853,33.025396],[130.684897,33.025358],[130.684983,33.025365],[130.685229,33.025188],[130.685255,33.025185],[130.685293,33.025179],[130.685335,33.025169],[130.685378,33.02515],[130.68543,33.025118],[130.685485,33.025098],[130.685666,33.025052],[130.685668,33.025003],[130.685676,33.02496],[130.685689,33.024925],[130.68571,33.024887],[130.685744,33.024851],[130.685798,33.024806],[130.685823,33.02478],[130.685836,33.024754],[130.685856,33.024698],[130.68588,33.024591],[130.68589,33.024515],[130.685892,33.024469],[130.685887,33.024431],[130.685867,33.02437],[130.685883,33.024363],[130.686046,33.024315],[130.686074,33.024304],[130.686108,33.02429],[130.686152,33.024278],[130.68622,33.024255],[130.686228,33.024252],[130.686209,33.024237],[130.686195,33.024211],[130.686183,33.024188],[130.68617,33.024165],[130.686155,33.024146],[130.686142,33.024133],[130.686079,33.024088],[130.686037,33.024059],[130.686011,33.02404],[130.685978,33.024015],[130.685961,33.023999],[130.685937,33.023967],[130.685924,33.023951],[130.685889,33.023898],[130.685871,33.023879],[130.685854,33.023865],[130.685828,33.023856],[130.685807,33.02385],[130.685765,33.023846],[130.685673,33.02384],[130.685571,33.023976],[130.685358,33.02428],[130.685285,33.024304],[130.685243,33.024317],[130.685163,33.024346],[130.685085,33.024371],[130.684965,33.024399],[130.684956,33.024402],[130.684896,33.024419],[130.684885,33.024423],[130.684869,33.024428],[130.684807,33.024447],[130.684715,33.024477],[130.684652,33.024493],[130.684612,33.024501],[130.684574,33.024509],[130.684558,33.024509],[130.684533,33.024525],[130.684519,33.024532],[130.684048,33.024686],[130.683984,33.024703],[130.683946,33.024713],[130.683908,33.02472],[130.68382,33.02473],[130.683799,33.024734],[130.683798,33.024697],[130.683798,33.024676],[130.68343,33.024844],[130.683381,33.02489],[130.683306,33.024932],[130.68329,33.02493],[130.683275,33.02493],[130.683258,33.02493],[130.683232,33.024935],[130.683213,33.02494],[130.683178,33.024949],[130.683115,33.024974],[130.68304,33.025],[130.683023,33.025006],[130.683,33.02461],[130.683015,33.024382],[130.68303,33.024226],[130.683077,33.023989],[130.68317,33.023482],[130.683194,33.023342],[130.683228,33.023145],[130.683306,33.022739],[130.683376,33.022375],[130.683405,33.022198],[130.683449,33.021944],[130.683517,33.021595],[130.683575,33.021434],[130.683658,33.021214],[130.683757,33.020977],[130.683871,33.020699],[130.683933,33.020532],[130.683798,33.02038],[130.683778,33.02039],[130.683566,33.020507],[130.683463,33.020562],[130.683397,33.020594],[130.683278,33.020641],[130.683153,33.020683],[130.683058,33.020711],[130.68294,33.020735],[130.682763,33.020764],[130.682555,33.020794],[130.682545,33.020848],[130.682547,33.020907],[130.682548,33.020999],[130.682544,33.021039],[130.682542,33.021058],[130.682537,33.021074],[130.682519,33.021094],[130.682461,33.021149],[130.682438,33.021174],[130.682404,33.021227],[130.682343,33.021349],[130.682313,33.021401],[130.682274,33.021454],[130.682169,33.02161],[130.682141,33.021656],[130.682134,33.021678],[130.682136,33.0217],[130.682141,33.021722],[130.682156,33.021746],[130.682195,33.021785],[130.682235,33.021832],[130.682258,33.021865],[130.682273,33.021897],[130.68228,33.021921],[130.682294,33.021989],[130.682306,33.022105],[130.682308,33.02215],[130.682308,33.022168],[130.682301,33.022191],[130.682286,33.022243],[130.682273,33.022284],[130.682264,33.022332],[130.68226,33.022361],[130.682265,33.022391],[130.682277,33.02248],[130.682286,33.022554],[130.682283,33.022582],[130.682269,33.022634],[130.682258,33.022697],[130.682248,33.022758],[130.682237,33.022791],[130.682228,33.022826],[130.68223,33.022863],[130.682246,33.02296],[130.68228,33.023099],[130.682288,33.023144],[130.68229,33.02321],[130.682282,33.023282],[130.68228,33.023291],[130.682286,33.023433],[130.682286,33.02347],[130.68229,33.023528],[130.682297,33.023563],[130.682311,33.023601],[130.682329,33.023671],[130.682333,33.023684],[130.682334,33.023699],[130.682334,33.023716],[130.68233,33.023735],[130.682317,33.023781],[130.682317,33.023791],[130.682318,33.023812],[130.682319,33.023839],[130.682321,33.023858],[130.682321,33.023881],[130.682314,33.023917],[130.682286,33.023971],[130.682259,33.024009],[130.682232,33.024039],[130.682175,33.02407],[130.682146,33.024087],[130.682131,33.024103],[130.682124,33.024131],[130.682119,33.024245],[130.68212,33.02431],[130.682125,33.024344],[130.682133,33.024405],[130.682126,33.024405],[130.68213,33.024441],[130.682129,33.024473],[130.682127,33.024497],[130.682123,33.024542],[130.682122,33.024583],[130.682122,33.024615],[130.682122,33.02467],[130.682125,33.024756],[130.682126,33.024845],[130.682127,33.024894],[130.682131,33.024912],[130.682155,33.024971],[130.682171,33.02501],[130.682178,33.02506]]]}},{"type":"Feature","properties":{"YoutoName":null,"YoutoCode":0,"DistType":"特別用途地区","DistCode":14,"Pref":"熊本県","Citycode":"43208","Cityname":"山鹿市","FNDate":null,"INNumber":null},"geometry":{"type":"Polygon","coordinates":[[[130.688605,33.020104],[130.688843,33.020028],[130.688823,33.020065],[130.688679,33.020335],[130.688624,33.020426],[130.688523,33.020573],[130.688565,33.020566],[130.688651,33.020552],[130.688776,33.020542],[130.688812,33.020538],[130.688847,33.020534],[130.689027,33.020526],[130.689091,33.020522],[130.689142,33.020518],[130.689175,33.020514],[130.689378,33.020487],[130.689543,33.020442],[130.689675,33.020405],[130.689763,33.020378],[130.68979,33.020372],[130.689863,33.020371],[130.690005,33.020367],[130.690009,33.020367],[130.690149,33.020382],[130.690229,33.020392],[130.690263,33.020397],[130.690344,33.020409],[130.690509,33.020432],[130.690709,33.020458],[130.69075,33.020326],[130.690775,33.020259],[130.690779,33.020205],[130.69079,33.020119],[130.690793,33.020054],[130.690797,33.020046],[130.690803,33.020032],[130.690806,33.019946],[130.690806,33.019885],[130.690806,33.019835],[130.690811,33.019765],[130.690814,33.0197],[130.690817,33.019643],[130.690817,33.019533],[130.691009,33.01951],[130.691037,33.01951],[130.691139,33.019507],[130.691481,33.019503],[130.691562,33.019503],[130.69157,33.019503],[130.691627,33.019501],[130.691716,33.019498],[130.691741,33.019497],[130.691946,33.01949],[130.692069,33.019484],[130.692073,33.019484],[130.692104,33.019483],[130.692373,33.019471],[130.692383,33.019216],[130.692259,33.019211],[130.692127,33.019206],[130.692115,33.019204],[130.692105,33.019257],[130.692091,33.019258],[130.692059,33.019259],[130.692059,33.019259],[130.691933,33.019264],[130.691719,33.019272],[130.691719,33.019272],[130.691705,33.019273],[130.691557,33.019278],[130.691443,33.019277],[130.691279,33.019277],[130.691166,33.019281],[130.69113,33.019282],[130.691032,33.019285],[130.69099,33.019285],[130.690779,33.01931],[130.690557,33.019333],[130.690251,33.019365],[130.690233,33.019338],[130.690195,33.019281],[130.690171,33.019248],[130.69015,33.019228],[130.690134,33.019214],[130.690108,33.019197],[130.69009,33.01919],[130.690075,33.019187],[130.690044,33.019183],[130.69004,33.019183],[130.690036,33.019182],[130.690023,33.019183],[130.690009,33.019184],[130.689984,33.019185],[130.689926,33.019189],[130.689909,33.019189],[130.689892,33.019189],[130.689879,33.019189],[130.68986,33.019189],[130.689837,33.019186],[130.689815,33.019181],[130.689795,33.019178],[130.68977,33.019176],[130.689659,33.019123],[130.689551,33.019105],[130.689475,33.019096],[130.689378,33.019084],[130.689341,33.019165],[130.689174,33.01943],[130.689064,33.01943],[130.689013,33.019427],[130.688908,33.019419],[130.688818,33.019411],[130.688654,33.019401],[130.688408,33.01938],[130.688199,33.019365],[130.687949,33.019341],[130.687642,33.019316],[130.687567,33.019309],[130.687244,33.019279],[130.687189,33.019274],[130.686881,33.019247],[130.68672,33.019233],[130.68666,33.019228],[130.686597,33.019222],[130.686532,33.019215],[130.68647,33.019209],[130.686169,33.019184],[130.686022,33.019171],[130.6858,33.019152],[130.685616,33.019138],[130.685393,33.019122],[130.685104,33.019106],[130.685051,33.019103],[130.684949,33.019096],[130.684869,33.019091],[130.684797,33.019088],[130.684714,33.019086],[130.68464,33.019086],[130.684579,33.019088],[130.68452,33.019091],[130.684465,33.019095],[130.684419,33.0191],[130.68438,33.019104],[130.684296,33.019113],[130.684238,33.019121],[130.684211,33.019124],[130.684129,33.019139],[130.684061,33.019152],[130.683991,33.019168],[130.683947,33.019182],[130.683972,33.019134],[130.683998,33.019076],[130.684061,33.01892],[130.684081,33.018871],[130.684094,33.018843],[130.684115,33.018818],[130.684135,33.018805],[130.684226,33.018741],[130.684588,33.01849],[130.684743,33.018385],[130.684875,33.018299],[130.684604,33.018019],[130.684467,33.018105],[130.684375,33.018163],[130.684396,33.018061],[130.684554,33.017558],[130.684778,33.016825],[130.684911,33.016422],[130.684993,33.01619],[130.685024,33.016074],[130.685152,33.015677],[130.685355,33.015042],[130.685563,33.01438],[130.685629,33.014176],[130.68577,33.013741],[130.685919,33.013277],[130.686069,33.012812],[130.686303,33.012069],[130.686444,33.012073],[130.686424,33.012007],[130.686359,33.011776],[130.686351,33.011749],[130.685957,33.011661],[130.685956,33.011635],[130.685903,33.011624],[130.68573,33.011598],[130.685679,33.011595],[130.685655,33.011585],[130.685668,33.011515],[130.685675,33.01143],[130.685676,33.011375],[130.685676,33.011302],[130.685674,33.01119],[130.685665,33.010962],[130.685654,33.010908],[130.685567,33.010913],[130.685499,33.010914],[130.685474,33.010914],[130.685452,33.010914],[130.685424,33.01091],[130.685387,33.010904],[130.685355,33.010899],[130.685322,33.010895],[130.685296,33.010895],[130.685219,33.010895],[130.685171,33.010897],[130.685181,33.010984],[130.685182,33.011083],[130.685173,33.011105],[130.685178,33.01141],[130.685086,33.011961],[130.685073,33.012031],[130.684896,33.012581],[130.684591,33.013525],[130.684458,33.013936],[130.684278,33.014508],[130.684066,33.015183],[130.68386,33.01581],[130.683605,33.016617],[130.683429,33.017163],[130.683259,33.017676],[130.681966,33.017386],[130.681806,33.017864],[130.681525,33.017798],[130.681388,33.017918],[130.681248,33.018041],[130.681304,33.018139],[130.681334,33.018201],[130.681386,33.018298],[130.681434,33.018385],[130.681474,33.018475],[130.681492,33.01853],[130.681511,33.018596],[130.681528,33.018656],[130.681565,33.018735],[130.681619,33.018851],[130.681669,33.018996],[130.681701,33.019101],[130.681735,33.01924],[130.681765,33.019384],[130.681793,33.019563],[130.681822,33.019737],[130.681829,33.01978],[130.681838,33.019821],[130.68186,33.019863],[130.681891,33.019904],[130.68191,33.019919],[130.681955,33.019961],[130.682053,33.020038],[130.682105,33.020071],[130.682163,33.020103],[130.682223,33.020125],[130.682296,33.020146],[130.682373,33.020158],[130.682452,33.020168],[130.682515,33.02017],[130.682578,33.020169],[130.682634,33.020166],[130.682726,33.020153],[130.682826,33.020134],[130.682934,33.020108],[130.683043,33.020069],[130.683159,33.02002],[130.683361,33.019928],[130.683407,33.019909],[130.683458,33.019883],[130.683515,33.019851],[130.683572,33.019813],[130.683625,33.019771],[130.683699,33.019715],[130.683746,33.019682],[130.683797,33.019656],[130.683837,33.019636],[130.683877,33.019609],[130.683904,33.019581],[130.684136,33.019457],[130.684228,33.019423],[130.684336,33.019393],[130.684425,33.019374],[130.684477,33.019368],[130.684518,33.01937],[130.684561,33.019384],[130.68459,33.019402],[130.684659,33.019452],[130.684711,33.019486],[130.684764,33.019504],[130.684879,33.019537],[130.685022,33.019572],[130.68513,33.019637],[130.685174,33.019675],[130.68537,33.019688],[130.685482,33.019695],[130.685515,33.019696],[130.685579,33.019699],[130.685898,33.019723],[130.68597,33.019727],[130.686399,33.019764],[130.686429,33.019769],[130.686473,33.019782],[130.686512,33.019798],[130.686589,33.019822],[130.686705,33.019851],[130.686854,33.019893],[130.686894,33.019904],[130.687057,33.019941],[130.687142,33.019965],[130.687255,33.020004],[130.687377,33.020047],[130.687394,33.020055],[130.687445,33.020076],[130.687553,33.020131],[130.687669,33.020193],[130.687767,33.020239],[130.687842,33.020271],[130.687898,33.020284],[130.687948,33.020288],[130.687982,33.020289],[130.688012,33.020287],[130.688063,33.020274],[130.688134,33.02025],[130.688186,33.020232],[130.688376,33.020176],[130.688472,33.020146],[130.688568,33.020116],[130.688605,33.020104]]]}},{"type":"Feature","properties":{"YoutoName":null,"YoutoCode":0,"DistType":"特別用途地区","DistCode":14,"Pref":"熊本県","Citycode":"43208","Cityname":"山鹿市","FNDate":null,"INNumber":null},"geometry":{"type":"Polygon","coordinates":[[[130.703549,33.01122],[130.70349,33.011189],[130.703427,33.011151],[130.703363,33.011116],[130.703306,33.011098],[130.70324,33.011077],[130.7032,33.011065],[130.703163,33.011054],[130.703084,33.011037],[130.703031,33.011019],[130.703,33.011003],[130.702964,33.010986],[130.702907,33.010946],[130.702859,33.010895],[130.702803,33.010817],[130.702774,33.010779],[130.702751,33.010761],[130.702729,33.010752],[130.702703,33.010749],[130.702665,33.010752],[130.702588,33.010766],[130.702549,33.010772],[130.702501,33.010775],[130.702467,33.01077],[130.70244,33.01076],[130.702431,33.010776],[130.702394,33.010787],[130.702339,33.010861],[130.702159,33.01095],[130.70208,33.011077],[130.701982,33.011115],[130.701944,33.011135],[130.702152,33.011473],[130.702268,33.011648],[130.70247,33.01196],[130.702553,33.012074],[130.702725,33.011939],[130.702988,33.01171],[130.703137,33.01158],[130.703322,33.011419],[130.703549,33.01122]]]}},{"type":"Feature","properties":{"YoutoName":null,"YoutoCode":0,"DistType":"特別用途地区","DistCode":14,"Pref":"熊本県","Citycode":"43208","Cityname":"山鹿市","FNDate":null,"INNumber":null},"geometry":{"type":"Polygon","coordinates":[[[130.691573,33.018091],[130.69162,33.018103],[130.691676,33.017821],[130.69178,33.017399],[130.691816,33.017252],[130.691874,33.016984],[130.691935,33.016749],[130.691943,33.016731],[130.691946,33.016715],[130.691946,33.016701],[130.691945,33.016694],[130.691939,33.016678],[130.691937,33.016674],[130.69193,33.016667],[130.691921,33.016663],[130.691914,33.016659],[130.691831,33.016603],[130.691824,33.016598],[130.691819,33.016592],[130.691814,33.016585],[130.691811,33.016577],[130.691809,33.016569],[130.691808,33.016561],[130.69181,33.016553],[130.691824,33.016493],[130.691826,33.016475],[130.691825,33.016457],[130.69182,33.016439],[130.691812,33.016422],[130.691801,33.016406],[130.691787,33.016393],[130.69177,33.016381],[130.691751,33.016372],[130.691731,33.016365],[130.691552,33.016322],[130.691322,33.016267],[130.691293,33.016261],[130.691264,33.016259],[130.691234,33.016259],[130.691106,33.016268],[130.691083,33.016273],[130.691076,33.016277],[130.691037,33.016277],[130.691037,33.016283],[130.691021,33.016351],[130.690992,33.016402],[130.690811,33.016662],[130.690859,33.01668],[130.691,33.016745],[130.690974,33.016785],[130.690904,33.01689],[130.690891,33.01691],[130.690853,33.016966],[130.690839,33.016987],[130.690792,33.01706],[130.690783,33.017074],[130.690836,33.017164],[130.690841,33.017173],[130.690762,33.017291],[130.690726,33.017341],[130.690712,33.017361],[130.690648,33.017461],[130.690584,33.017556],[130.690561,33.017594],[130.690553,33.017611],[130.690552,33.017612],[130.690525,33.017682],[130.690519,33.017705],[130.690506,33.017755],[130.690503,33.017764],[130.690487,33.017811],[130.690508,33.017816],[130.690593,33.017838],[130.690743,33.01788],[130.69085,33.01791],[130.690944,33.017937],[130.691017,33.017955],[130.691079,33.01797],[130.691147,33.017987],[130.691189,33.017998],[130.691258,33.018011],[130.691326,33.018024],[130.691389,33.018042],[130.691404,33.018045],[130.691468,33.01806],[130.691522,33.018077],[130.691566,33.01809],[130.691573,33.018091]]]}},{"type":"Feature","properties":{"YoutoName":null,"YoutoCode":0,"DistType":"特別用途地区","DistCode":14,"Pref":"熊本県","Citycode":"43208","Cityname":"山鹿市","FNDate":null,"INNumber":null},"geometry":{"type":"Polygon","coordinates":[[[130.684278,33.014508],[130.684458,33.013936],[130.684591,33.013525],[130.683433,33.013261],[130.68206,33.012944],[130.682104,33.012884],[130.682193,33.01276],[130.682277,33.012663],[130.682364,33.012578],[130.682446,33.012499],[130.682543,33.012417],[130.682634,33.012349],[130.682703,33.012302],[130.682798,33.012246],[130.682887,33.0122],[130.682968,33.012164],[130.682584,33.011835],[130.68256,33.011862],[130.682317,33.012008],[130.682163,33.012106],[130.682009,33.012214],[130.681801,33.012367],[130.68154,33.012581],[130.681402,33.012717],[130.681131,33.013034],[130.680966,33.013242],[130.680724,33.013697],[130.681753,33.013931],[130.682315,33.014063],[130.682109,33.014739],[130.681903,33.015359],[130.681631,33.016212],[130.681453,33.01677],[130.682776,33.017065],[130.68298,33.01643],[130.683224,33.015672],[130.683469,33.014912],[130.683645,33.014361],[130.684278,33.014508]]]}},{"type":"Feature","properties":{"YoutoName":null,"YoutoCode":0,"DistType":"特別用途地区","DistCode":14,"Pref":"熊本県","Citycode":"43210","Cityname":"菊池市","FNDate":null,"INNumber":null},"geometry":{"type":"Polygon","coordinates":[[[130.800522,32.968533],[130.801025,32.969444],[130.801228,32.969805],[130.801372,32.970069],[130.801433,32.970194],[130.801503,32.970381],[130.801531,32.970457],[130.801568,32.970581],[130.801609,32.970748],[130.801624,32.970832],[130.801629,32.970865],[130.801633,32.970933],[130.801338,32.970992],[130.801356,32.971512],[130.801392,32.972677],[130.801402,32.973053],[130.801883,32.97306],[130.801902,32.973126],[130.802014,32.974244],[130.802075,32.974748],[130.802085,32.974831],[130.802084,32.974893],[130.802104,32.974956],[130.802189,32.974967],[130.802223,32.975311],[130.802228,32.975668],[130.802627,32.975775],[130.802602,32.975251],[130.803215,32.975352],[130.803246,32.975339],[130.803269,32.975075],[130.802572,32.974931],[130.802374,32.97305],[130.80229,32.972131],[130.802236,32.971821],[130.802185,32.971527],[130.802185,32.971524],[130.802118,32.970893],[130.802107,32.970834],[130.801988,32.970322],[130.801804,32.969897],[130.801873,32.969343],[130.801438,32.969224],[130.801119,32.968653],[130.801032,32.968631],[130.801014,32.968627],[130.800964,32.968614],[130.800877,32.968592],[130.800756,32.968573],[130.800522,32.968533]]]}},{"type":"Feature","properties":{"YoutoName":null,"YoutoCode":0,"DistType":"特別用途地区","DistCode":14,"Pref":"熊本県","Citycode":"43210","Cityname":"菊池市","FNDate":null,"INNumber":null},"geometry":{"type":"Polygon","coordinates":[[[130.79414,32.976611],[130.794206,32.976627],[130.794664,32.976809],[130.794865,32.976865],[130.794973,32.976893],[130.795036,32.976906],[130.795462,32.977041],[130.79613,32.977183],[130.798191,32.976992],[130.798206,32.977084],[130.798211,32.977135],[130.798211,32.977233],[130.798208,32.977269],[130.798205,32.977315],[130.798205,32.977351],[130.798207,32.97739],[130.79821,32.977431],[130.798217,32.977481],[130.798221,32.977505],[130.798243,32.97758],[130.79824,32.977644],[130.798259,32.977708],[130.798395,32.978528],[130.798686,32.978664],[130.798876,32.978851],[130.799014,32.978876],[130.79907,32.978862],[130.799421,32.978796],[130.799548,32.978791],[130.799797,32.978759],[130.800107,32.978857],[130.800284,32.978891],[130.800402,32.9787],[130.800519,32.978468],[130.80101,32.978705],[130.801883,32.979094],[130.802365,32.979308],[130.802376,32.979312],[130.80283,32.979567],[130.803059,32.9791],[130.80266,32.978896],[130.802915,32.978486],[130.802556,32.978332],[130.802538,32.978321],[130.802349,32.978217],[130.801967,32.977982],[130.801925,32.977958],[130.801603,32.977766],[130.801385,32.977636],[130.801337,32.977615],[130.801278,32.97759],[130.801086,32.977498],[130.80093,32.977379],[130.801113,32.976973],[130.801228,32.976712],[130.801296,32.976609],[130.801441,32.976278],[130.801579,32.975948],[130.801738,32.975641],[130.800888,32.975551],[130.800268,32.975498],[130.799756,32.975421],[130.799616,32.975387],[130.799098,32.975374],[130.798606,32.97535],[130.798501,32.975333],[130.798308,32.975267],[130.798195,32.975234],[130.798177,32.975344],[130.798148,32.97553],[130.798119,32.975714],[130.798104,32.975862],[130.798095,32.975889],[130.798073,32.976342],[130.79715,32.976441],[130.795289,32.97662],[130.795058,32.976632],[130.794962,32.976608],[130.794784,32.976557],[130.794192,32.976325],[130.79414,32.976611]]]}},{"type":"Feature","properties":{"YoutoName":null,"YoutoCode":0,"DistType":"特別用途地区","DistCode":14,"Pref":"熊本県","Citycode":"43210","Cityname":"菊池市","FNDate":null,"INNumber":null},"geometry":{"type":"Polygon","coordinates":[[[130.808484,32.979362],[130.808566,32.979412],[130.809274,32.979714],[130.809957,32.980006],[130.810062,32.980054],[130.810273,32.980141],[130.810311,32.980157],[130.810578,32.98027],[130.81088,32.980399],[130.810963,32.980426],[130.811814,32.98079],[130.812058,32.9809],[130.812286,32.980997],[130.812322,32.981012],[130.812913,32.981263],[130.812942,32.981276],[130.813466,32.981499],[130.813626,32.981567],[130.813723,32.981608],[130.814042,32.981743],[130.814248,32.981831],[130.814282,32.981846],[130.814635,32.981996],[130.814682,32.982016],[130.814863,32.982093],[130.814895,32.982107],[130.81532,32.982287],[130.815395,32.982305],[130.815418,32.982309],[130.815455,32.982331],[130.81557,32.982351],[130.815735,32.982122],[130.815935,32.9819],[130.816914,32.980534],[130.816993,32.980394],[130.817235,32.980047],[130.817224,32.979971],[130.817003,32.979769],[130.816985,32.979751],[130.816738,32.979491],[130.816445,32.979227],[130.816395,32.979182],[130.816015,32.978841],[130.815969,32.978799],[130.815821,32.978667],[130.815676,32.978542],[130.815561,32.978448],[130.815317,32.978271],[130.815216,32.978204],[130.814945,32.978039],[130.814535,32.977828],[130.814293,32.977737],[130.813968,32.977584],[130.813654,32.977435],[130.81294,32.977057],[130.812787,32.976982],[130.81235,32.97677],[130.811121,32.976176],[130.81083,32.976035],[130.810528,32.975889],[130.810435,32.975845],[130.810422,32.975874],[130.810378,32.975958],[130.810351,32.976009],[130.810189,32.976312],[130.810135,32.97641],[130.810071,32.976527],[130.809989,32.976676],[130.809888,32.976867],[130.809811,32.977012],[130.809612,32.97738],[130.809472,32.977637],[130.809456,32.97768],[130.809392,32.977848],[130.809345,32.977932],[130.809343,32.977937],[130.809324,32.977978],[130.809295,32.978043],[130.809268,32.97809],[130.809249,32.978124],[130.809214,32.978186],[130.809152,32.978289],[130.80912,32.978332],[130.809108,32.978347],[130.808915,32.978647],[130.808905,32.978668],[130.808775,32.97889],[130.80876,32.978909],[130.80863,32.979123],[130.808617,32.979145],[130.808484,32.979362]]]}},{"type":"Feature","properties":{"YoutoName":null,"YoutoCode":0,"DistType":"特別用途地区","DistCode":14,"Pref":"熊本県","Citycode":"43210","Cityname":"菊池市","FNDate":null,"INNumber":null},"geometry":{"type":"Polygon","coordinates":[[[130.803275,32.978158],[130.803436,32.978496],[130.803538,32.978672],[130.803551,32.9787],[130.803585,32.978771],[130.803595,32.978792],[130.803615,32.978788],[130.803625,32.978785],[130.803638,32.978784],[130.803659,32.978786],[130.803678,32.97879],[130.803842,32.978868],[130.803876,32.978889],[130.803885,32.9789],[130.803892,32.978915],[130.803894,32.978953],[130.8039,32.978972],[130.803928,32.97901],[130.803975,32.979035],[130.804085,32.979079],[130.804146,32.9791],[130.804227,32.979113],[130.804366,32.97915],[130.804408,32.979164],[130.804505,32.979202],[130.804607,32.979253],[130.804703,32.979296],[130.804783,32.979328],[130.80483,32.979349],[130.80462,32.979581],[130.804382,32.979885],[130.804201,32.979787],[130.804129,32.979798],[130.803991,32.979993],[130.805447,32.980789],[130.80627,32.98128],[130.806875,32.981612],[130.80748,32.981944],[130.807502,32.981906],[130.807546,32.981832],[130.807608,32.981726],[130.807761,32.98151],[130.809484,32.982443],[130.808802,32.983476],[130.811633,32.985023],[130.811707,32.9849],[130.811767,32.984794],[130.81189,32.984578],[130.812058,32.984282],[130.812182,32.984064],[130.812379,32.984155],[130.812623,32.984265],[130.812697,32.984299],[130.81285,32.98437],[130.812898,32.984394],[130.813003,32.984448],[130.813195,32.984553],[130.813251,32.984584],[130.813325,32.984624],[130.813439,32.984688],[130.813535,32.98474],[130.813743,32.98486],[130.814123,32.985062],[130.814359,32.985154],[130.81442,32.985186],[130.814715,32.9853],[130.815079,32.985443],[130.815231,32.985503],[130.815255,32.98547],[130.815284,32.985437],[130.815301,32.985413],[130.815482,32.985104],[130.815569,32.985138],[130.815601,32.985155],[130.815694,32.98519],[130.815714,32.985189],[130.815767,32.985213],[130.81593,32.985308],[130.816149,32.985436],[130.816317,32.985537],[130.816396,32.985588],[130.81646,32.985632],[130.8165,32.985658],[130.81659,32.985719],[130.816618,32.985738],[130.816878,32.985455],[130.816984,32.985368],[130.817013,32.985219],[130.81695,32.984939],[130.81747,32.984959],[130.817579,32.984914],[130.817176,32.984629],[130.816656,32.984134],[130.816402,32.983909],[130.816792,32.983558],[130.817138,32.983842],[130.818057,32.98325],[130.818267,32.983036],[130.818433,32.982832],[130.818506,32.982856],[130.818768,32.98274],[130.818844,32.982555],[130.818774,32.982547],[130.818373,32.982535],[130.818186,32.982535],[130.817758,32.982545],[130.817552,32.98254],[130.817499,32.982537],[130.817107,32.982525],[130.816893,32.982519],[130.816572,32.982524],[130.815696,32.982562],[130.815471,32.982481],[130.814966,32.982266],[130.814945,32.982257],[130.81399,32.98185],[130.813978,32.981845],[130.81372,32.981735],[130.811788,32.98091],[130.810931,32.980545],[130.810819,32.980495],[130.810302,32.980274],[130.810272,32.980281],[130.810011,32.980811],[130.80997,32.980904],[130.809601,32.980752],[130.809104,32.981502],[130.807795,32.980796],[130.807714,32.980945],[130.807612,32.981191],[130.807565,32.981258],[130.806609,32.980717],[130.805739,32.980198],[130.806143,32.979448],[130.806205,32.979333],[130.806114,32.9793],[130.80568,32.979039],[130.805634,32.979012],[130.8056,32.978992],[130.805544,32.978961],[130.805497,32.978936],[130.805433,32.978905],[130.805384,32.978882],[130.805103,32.978779],[130.804909,32.978712],[130.804865,32.978697],[130.804801,32.978674],[130.804666,32.978628],[130.804571,32.978596],[130.804414,32.978542],[130.804303,32.978505],[130.804019,32.978412],[130.803275,32.978158]]]}},{"type":"Feature","properties":{"YoutoName":null,"YoutoCode":0,"DistType":"特別用途地区","DistCode":14,"Pref":"熊本県","Citycode":"43443","Cityname":"益城町","FNDate":null,"INNumber":null},"geometry":{"type":"Polygon","coordinates":[[[130.826972,32.790229],[130.826918,32.790208],[130.82688,32.790193],[130.82686,32.790186],[130.826822,32.790171],[130.826773,32.790152],[130.826624,32.790098],[130.82658,32.790082],[130.826417,32.790023],[130.826397,32.790015],[130.825844,32.789815],[130.825359,32.789636],[130.825347,32.789632],[130.825338,32.789628],[130.825329,32.789626],[130.825208,32.789587],[130.82519,32.789617],[130.825183,32.789628],[130.825,32.789926],[130.824999,32.789927],[130.824893,32.7901],[130.824888,32.790107],[130.824865,32.790146],[130.824844,32.79018],[130.824819,32.79022],[130.8248,32.790213],[130.824799,32.790214],[130.824789,32.790231],[130.824642,32.790474],[130.824636,32.790484],[130.824636,32.790485],[130.824627,32.790496],[130.824725,32.790558],[130.825258,32.790768],[130.825273,32.790773],[130.825705,32.790943],[130.825739,32.790959],[130.82578,32.790987],[130.825827,32.791018],[130.825856,32.791036],[130.825989,32.791105],[130.82599,32.791105],[130.826044,32.791133],[130.826075,32.791149],[130.826142,32.791191],[130.826236,32.79125],[130.826283,32.79128],[130.826384,32.791348],[130.826559,32.791431],[130.826797,32.791545],[130.826838,32.791563],[130.826838,32.791563],[130.826863,32.791577],[130.827224,32.790842],[130.827263,32.790774],[130.827441,32.790458],[130.827454,32.790435],[130.827456,32.790431],[130.827456,32.790425],[130.827452,32.790418],[130.827444,32.790413],[130.827439,32.790411],[130.827076,32.79027],[130.827038,32.790255],[130.826972,32.790229]]]}},{"type":"Feature","properties":{"YoutoName":null,"YoutoCode":0,"DistType":"特別用途地区","DistCode":14,"Pref":"熊本県","Citycode":"43443","Cityname":"益城町","FNDate":null,"INNumber":null},"geometry":{"type":"Polygon","coordinates":[[[130.817679,32.791624],[130.81768,32.791623],[130.817854,32.791667],[130.817889,32.791676],[130.818002,32.791705],[130.818011,32.791679],[130.818053,32.791563],[130.81819,32.791181],[130.818206,32.791163],[130.81821,32.791158],[130.818216,32.791139],[130.818335,32.79081],[130.818361,32.790737],[130.818365,32.790727],[130.818441,32.790748],[130.818574,32.790785],[130.819375,32.790991],[130.820149,32.791106],[130.82015,32.791106],[130.820153,32.791039],[130.820153,32.790969],[130.820153,32.790929],[130.820156,32.790686],[130.820158,32.790669],[130.820167,32.790574],[130.820171,32.790535],[130.820201,32.790285],[130.820303,32.790293],[130.820306,32.790293],[130.820353,32.790296],[130.82039,32.790224],[130.820416,32.790174],[130.820418,32.79017],[130.820541,32.789952],[130.820545,32.78994],[130.82055,32.789925],[130.820555,32.78991],[130.820557,32.789905],[130.820559,32.789899],[130.820559,32.789897],[130.82056,32.789895],[130.820564,32.78988],[130.820568,32.789864],[130.820571,32.789849],[130.820575,32.789834],[130.820577,32.789818],[130.82058,32.789803],[130.820582,32.789787],[130.820584,32.789771],[130.820585,32.789756],[130.820586,32.78974],[130.820586,32.789724],[130.820587,32.789709],[130.820586,32.789693],[130.820586,32.789677],[130.820585,32.789662],[130.820584,32.789646],[130.820582,32.78963],[130.82058,32.789616],[130.82058,32.789615],[130.820577,32.789599],[130.820575,32.789584],[130.820572,32.789568],[130.820568,32.789553],[130.820565,32.789539],[130.820561,32.789524],[130.820556,32.789509],[130.820551,32.789493],[130.820546,32.789478],[130.82054,32.789463],[130.820534,32.789449],[130.820531,32.789442],[130.820528,32.789434],[130.820525,32.789427],[130.820521,32.789419],[130.820514,32.789405],[130.820507,32.78939],[130.820505,32.789386],[130.820499,32.789376],[130.820491,32.789362],[130.820483,32.789348],[130.820474,32.789334],[130.820465,32.78932],[130.820417,32.78925],[130.820405,32.789231],[130.820383,32.789203],[130.820306,32.789104],[130.820298,32.789094],[130.820258,32.789054],[130.820147,32.788923],[130.820088,32.788854],[130.820083,32.788846],[130.820067,32.788822],[130.820018,32.788749],[130.81996,32.788773],[130.819943,32.788781],[130.819942,32.788783],[130.819832,32.789184],[130.819828,32.7892],[130.819826,32.789207],[130.819824,32.789215],[130.819741,32.789189],[130.819716,32.789181],[130.819713,32.78918],[130.819711,32.789185],[130.819597,32.789441],[130.819523,32.78961],[130.819521,32.789609],[130.819295,32.789556],[130.81919,32.789532],[130.819052,32.789499],[130.819042,32.789497],[130.819055,32.789585],[130.819061,32.789629],[130.81851,32.789501],[130.818578,32.789293],[130.818614,32.78918],[130.81864,32.7891],[130.81859,32.789088],[130.818596,32.789067],[130.818643,32.788907],[130.818644,32.788903],[130.818645,32.7889],[130.818645,32.788897],[130.818685,32.788734],[130.818686,32.788732],[130.818686,32.78873],[130.818687,32.788729],[130.818687,32.788727],[130.818687,32.788724],[130.818721,32.78856],[130.818721,32.78856],[130.818721,32.788557],[130.818722,32.788553],[130.818722,32.788552],[130.818722,32.78855],[130.818748,32.788385],[130.818749,32.788382],[130.818749,32.78838],[130.818749,32.788379],[130.818749,32.788377],[130.818754,32.788342],[130.818758,32.788311],[130.818787,32.788099],[130.818818,32.787877],[130.818818,32.787876],[130.818818,32.787875],[130.818818,32.787875],[130.818818,32.787874],[130.818851,32.787617],[130.818891,32.787336],[130.818891,32.787336],[130.818891,32.787335],[130.818891,32.787335],[130.818892,32.787335],[130.818928,32.787069],[130.818928,32.787068],[130.818928,32.787068],[130.818928,32.787068],[130.818967,32.78678],[130.81899,32.786624],[130.818994,32.786594],[130.818933,32.786588],[130.818793,32.786567],[130.818741,32.78656],[130.818679,32.78655],[130.818679,32.78655],[130.81864,32.786546],[130.818602,32.786543],[130.818593,32.78661],[130.818584,32.786667],[130.818507,32.786658],[130.818502,32.786656],[130.81838,32.786611],[130.818319,32.786588],[130.818226,32.786562],[130.818219,32.786559],[130.818202,32.786554],[130.818201,32.786562],[130.8182,32.786572],[130.818187,32.786672],[130.818187,32.786672],[130.818168,32.786812],[130.818138,32.787023],[130.818134,32.787055],[130.818134,32.787055],[130.818134,32.787056],[130.818133,32.787063],[130.818133,32.787063],[130.818133,32.787063],[130.818133,32.787063],[130.818089,32.787383],[130.818076,32.787482],[130.818059,32.787599],[130.818059,32.787599],[130.818059,32.7876],[130.818059,32.7876],[130.818059,32.787601],[130.818036,32.787779],[130.818019,32.787901],[130.818006,32.787986],[130.818006,32.787987],[130.818006,32.787987],[130.818006,32.787987],[130.818006,32.787988],[130.81798,32.788174],[130.817948,32.788398],[130.817939,32.788457],[130.817915,32.788577],[130.817896,32.788576],[130.817893,32.788576],[130.81787,32.78857],[130.817836,32.788562],[130.817798,32.788554],[130.81779,32.788552],[130.817702,32.788824],[130.817693,32.788851],[130.817558,32.78912],[130.81736,32.789074],[130.816941,32.788976],[130.81656,32.788888],[130.816593,32.788787],[130.816635,32.788659],[130.815596,32.788418],[130.815533,32.788573],[130.815462,32.788752],[130.815459,32.788751],[130.815453,32.78875],[130.815247,32.78872],[130.815228,32.788718],[130.815199,32.78872],[130.815064,32.788729],[130.815064,32.788729],[130.815063,32.78873],[130.814948,32.78878],[130.814944,32.788782],[130.81494,32.788783],[130.814932,32.788786],[130.814774,32.7889],[130.814757,32.788912],[130.814756,32.788911],[130.814729,32.788898],[130.814689,32.788879],[130.814572,32.788738],[130.814548,32.788708],[130.814536,32.788706],[130.813811,32.788571],[130.813806,32.788571],[130.813806,32.788571],[130.8138,32.788583],[130.813799,32.788585],[130.813792,32.7886],[130.813784,32.788612],[130.813781,32.788615],[130.813772,32.788629],[130.813771,32.788633],[130.813763,32.788658],[130.813762,32.788665],[130.813742,32.788716],[130.813734,32.788743],[130.813732,32.788742],[130.813725,32.788771],[130.813706,32.788828],[130.813689,32.788877],[130.813609,32.789106],[130.813556,32.78926],[130.813536,32.789317],[130.813535,32.789321],[130.813535,32.789322],[130.813536,32.789322],[130.81354,32.789322],[130.813544,32.789323],[130.813546,32.789324],[130.813548,32.789324],[130.813551,32.789325],[130.813553,32.789325],[130.813556,32.789326],[130.813557,32.789326],[130.813557,32.789326],[130.813557,32.789326],[130.813558,32.789326],[130.813558,32.789326],[130.813559,32.789326],[130.813562,32.789327],[130.813566,32.789328],[130.813568,32.789328],[130.813571,32.789329],[130.813573,32.789329],[130.813575,32.789329],[130.813576,32.78933],[130.81358,32.78933],[130.813582,32.789331],[130.813584,32.789331],[130.813587,32.789332],[130.813588,32.789332],[130.813588,32.789332],[130.813588,32.789332],[130.813588,32.789332],[130.81359,32.789332],[130.813592,32.789333],[130.813594,32.789333],[130.813596,32.789333],[130.813597,32.789334],[130.813598,32.789334],[130.8136,32.789334],[130.813603,32.789335],[130.813606,32.789335],[130.813607,32.789335],[130.813607,32.789335],[130.813607,32.789336],[130.813609,32.789336],[130.813611,32.789336],[130.813614,32.789337],[130.813616,32.789337],[130.813617,32.789338],[130.813619,32.789338],[130.813621,32.789338],[130.813623,32.789339],[130.813624,32.789339],[130.813625,32.789339],[130.813627,32.789339],[130.813629,32.78934],[130.813632,32.78934],[130.813633,32.789341],[130.813634,32.789341],[130.813636,32.789341],[130.813639,32.789342],[130.813642,32.789342],[130.813646,32.789343],[130.813647,32.789343],[130.813649,32.789344],[130.813652,32.789344],[130.813655,32.789345],[130.81366,32.789346],[130.813661,32.789346],[130.813663,32.789346],[130.813666,32.789347],[130.813669,32.789347],[130.813673,32.789348],[130.813678,32.789349],[130.813679,32.789349],[130.813681,32.78935],[130.813683,32.78935],[130.813686,32.789351],[130.8137,32.789353],[130.813701,32.789353],[130.813703,32.789354],[130.813706,32.789354],[130.813709,32.789355],[130.813727,32.789358],[130.813728,32.789358],[130.81373,32.789359],[130.813733,32.789359],[130.813735,32.78936],[130.813753,32.789363],[130.813757,32.789364],[130.813757,32.789364],[130.813757,32.789364],[130.813758,32.789364],[130.813775,32.789367],[130.813779,32.789368],[130.813779,32.789368],[130.813779,32.789368],[130.81378,32.789368],[130.813781,32.789368],[130.813782,32.789368],[130.813784,32.789369],[130.813786,32.789369],[130.813788,32.789369],[130.814017,32.789412],[130.814018,32.789412],[130.814018,32.789412],[130.814019,32.789412],[130.814024,32.789413],[130.814226,32.78945],[130.814555,32.789511],[130.815057,32.789607],[130.815359,32.789668],[130.815556,32.789709],[130.815558,32.789709],[130.815558,32.789709],[130.815737,32.789748],[130.815898,32.789783],[130.815915,32.789807],[130.81592,32.789814],[130.815908,32.789855],[130.815885,32.789937],[130.815897,32.78997],[130.815899,32.789977],[130.815899,32.789977],[130.815905,32.789994],[130.81605,32.79011],[130.816057,32.790131],[130.816062,32.790133],[130.816694,32.790295],[130.816745,32.790308],[130.816752,32.79031],[130.81658,32.791005],[130.816577,32.791005],[130.816312,32.790937],[130.816213,32.791073],[130.816112,32.791212],[130.81605,32.791287],[130.816007,32.791339],[130.81597,32.791406],[130.81574,32.791834],[130.815708,32.791881],[130.815639,32.791984],[130.815648,32.791993],[130.815714,32.792061],[130.81576,32.792105],[130.81577,32.792116],[130.815788,32.79213],[130.815859,32.792186],[130.815893,32.792213],[130.815895,32.792215],[130.815962,32.792259],[130.815964,32.79226],[130.815966,32.792261],[130.815983,32.792271],[130.815996,32.792279],[130.815997,32.792279],[130.816011,32.792287],[130.816033,32.7923],[130.81644,32.792517],[130.81645,32.792522],[130.816574,32.792586],[130.8167,32.792646],[130.816816,32.792697],[130.816829,32.792703],[130.81687,32.79272],[130.816875,32.792722],[130.817024,32.792785],[130.817026,32.792786],[130.817041,32.792792],[130.81714,32.79283],[130.817236,32.792861],[130.817241,32.792848],[130.817241,32.792848],[130.817241,32.792848],[130.817242,32.792845],[130.817251,32.792818],[130.817282,32.79273],[130.817293,32.792701],[130.817293,32.7927],[130.817293,32.7927],[130.817303,32.792671],[130.817314,32.792641],[130.817314,32.792641],[130.817324,32.792612],[130.817345,32.792553],[130.817345,32.792552],[130.817345,32.792552],[130.817356,32.792523],[130.817365,32.792496],[130.817377,32.792464],[130.817382,32.792449],[130.817387,32.792435],[130.817387,32.792434],[130.817389,32.792429],[130.817389,32.792429],[130.817389,32.792428],[130.81739,32.792428],[130.81739,32.792428],[130.81739,32.792428],[130.81739,32.792428],[130.81739,32.792428],[130.81739,32.792427],[130.817398,32.792405],[130.817408,32.792376],[130.817419,32.792346],[130.817419,32.792346],[130.81743,32.792317],[130.81744,32.792287],[130.81744,32.792287],[130.81744,32.792287],[130.817451,32.792257],[130.817461,32.792228],[130.817472,32.792199],[130.817472,32.792199],[130.817493,32.79214],[130.817504,32.79211],[130.817504,32.79211],[130.817514,32.792081],[130.817679,32.791624]]]}},{"type":"Feature","properties":{"YoutoName":null,"YoutoCode":0,"DistType":"特別用途地区","DistCode":14,"Pref":"熊本県","Citycode":"43443","Cityname":"益城町","FNDate":null,"INNumber":null},"geometry":{"type":"Polygon","coordinates":[[[130.804663,32.78481],[130.804662,32.784809],[130.804555,32.784751],[130.804476,32.784709],[130.804476,32.784709],[130.804034,32.78447],[130.804034,32.78447],[130.804032,32.784469],[130.803827,32.784359],[130.803613,32.78423],[130.803316,32.784047],[130.803062,32.783883],[130.802582,32.783563],[130.80258,32.783562],[130.802577,32.78356],[130.802573,32.783557],[130.802081,32.783244],[130.802076,32.78324],[130.802069,32.783236],[130.802062,32.783232],[130.801566,32.782945],[130.801562,32.782942],[130.801557,32.78294],[130.801551,32.782936],[130.801044,32.782663],[130.801043,32.782663],[130.800159,32.782189],[130.800145,32.782182],[130.800129,32.782174],[130.800112,32.782167],[130.799971,32.782107],[130.799967,32.782105],[130.799961,32.782103],[130.799955,32.7821],[130.799661,32.781985],[130.799659,32.781984],[130.799657,32.781984],[130.799654,32.781982],[130.799434,32.781899],[130.799416,32.781893],[130.799398,32.781887],[130.799379,32.781882],[130.799193,32.781831],[130.799193,32.781831],[130.799191,32.781831],[130.799189,32.78183],[130.798792,32.781726],[130.798791,32.781726],[130.798789,32.781725],[130.798786,32.781724],[130.798166,32.781568],[130.7981,32.781742],[130.798094,32.781768],[130.798092,32.781795],[130.798097,32.781818],[130.798104,32.781844],[130.798088,32.781922],[130.798039,32.78212],[130.797991,32.782107],[130.797909,32.782424],[130.797929,32.782429],[130.79798,32.782453],[130.79784,32.782676],[130.797841,32.782677],[130.797992,32.782716],[130.798346,32.782805],[130.798656,32.782885],[130.798876,32.782944],[130.799043,32.783002],[130.799152,32.783049],[130.799328,32.783138],[130.799873,32.78342],[130.800021,32.7835],[130.800282,32.78364],[130.800888,32.783969],[130.800893,32.783972],[130.800899,32.783975],[130.800906,32.783979],[130.801222,32.784136],[130.801408,32.784248],[130.801576,32.784349],[130.8019,32.784564],[130.802255,32.784802],[130.802257,32.784803],[130.80226,32.784805],[130.802264,32.784808],[130.802498,32.784957],[130.802499,32.784958],[130.802501,32.784959],[130.802504,32.784961],[130.802726,32.785099],[130.802728,32.7851],[130.802732,32.785103],[130.802736,32.785105],[130.802904,32.785204],[130.803069,32.785305],[130.803074,32.785307],[130.803079,32.785311],[130.803086,32.785314],[130.803419,32.785501],[130.803423,32.785503],[130.803428,32.785506],[130.803434,32.785509],[130.803704,32.785649],[130.804226,32.785927],[130.804495,32.786075],[130.804585,32.786124],[130.804597,32.786039],[130.804627,32.785848],[130.804641,32.78577],[130.804623,32.785594],[130.804619,32.785489],[130.80463,32.785392],[130.804612,32.785344],[130.804658,32.785081],[130.804645,32.785027],[130.804642,32.784981],[130.804652,32.784919],[130.804663,32.78481]]]}},{"type":"Feature","properties":{"YoutoName":null,"YoutoCode":0,"DistType":"特別用途地区","DistCode":14,"Pref":"熊本県","Citycode":"43443","Cityname":"益城町","FNDate":null,"INNumber":null},"geometry":{"type":"Polygon","coordinates":[[[130.813535,32.789321],[130.813556,32.78926],[130.813689,32.788877],[130.813706,32.788828],[130.813725,32.788771],[130.813732,32.788742],[130.813734,32.788743],[130.813742,32.788716],[130.813762,32.788665],[130.813763,32.788658],[130.813771,32.788633],[130.813772,32.788629],[130.813781,32.788615],[130.813784,32.788612],[130.813792,32.7886],[130.813799,32.788585],[130.813806,32.788571],[130.813806,32.788571],[130.813806,32.788571],[130.813813,32.788556],[130.813826,32.78853],[130.813838,32.788504],[130.813839,32.788502],[130.813846,32.788476],[130.813849,32.788465],[130.813854,32.788448],[130.813856,32.788438],[130.813863,32.788395],[130.813863,32.788395],[130.813853,32.788393],[130.81384,32.788391],[130.81383,32.788389],[130.813819,32.788387],[130.81381,32.788385],[130.8138,32.788383],[130.81379,32.788381],[130.813777,32.788378],[130.813766,32.788376],[130.813757,32.788374],[130.813747,32.788372],[130.813734,32.788369],[130.813724,32.788367],[130.813714,32.788364],[130.813704,32.788362],[130.813694,32.78836],[130.813684,32.788358],[130.813678,32.788356],[130.813671,32.788355],[130.813661,32.788353],[130.813655,32.788351],[130.813648,32.78835],[130.813638,32.788347],[130.813632,32.788346],[130.813626,32.788344],[130.813615,32.788342],[130.813605,32.788339],[130.813596,32.788337],[130.813594,32.788337],[130.813583,32.788334],[130.813573,32.788331],[130.813563,32.788329],[130.81355,32.788326],[130.813541,32.788323],[130.813527,32.78832],[130.81352,32.788318],[130.813515,32.788317],[130.813505,32.788314],[130.813495,32.788312],[130.813485,32.788309],[130.813478,32.788307],[130.813469,32.788305],[130.813459,32.788302],[130.813453,32.788301],[130.813443,32.788298],[130.813438,32.788296],[130.813434,32.788295],[130.813429,32.788294],[130.813424,32.788292],[130.81342,32.788291],[130.813416,32.78829],[130.813412,32.788289],[130.813407,32.788287],[130.813402,32.788286],[130.813398,32.788284],[130.813394,32.788283],[130.81339,32.788282],[130.813385,32.78828],[130.81338,32.788279],[130.813376,32.788278],[130.813372,32.788276],[130.813367,32.788275],[130.813363,32.788273],[130.813359,32.788272],[130.813354,32.78827],[130.81335,32.788269],[130.813345,32.788267],[130.813341,32.788266],[130.813337,32.788265],[130.813332,32.788263],[130.813328,32.788262],[130.813324,32.78826],[130.813319,32.788259],[130.813315,32.788257],[130.81331,32.788256],[130.813306,32.788254],[130.813302,32.788253],[130.813297,32.788251],[130.813293,32.78825],[130.813289,32.788248],[130.813284,32.788246],[130.81328,32.788245],[130.813275,32.788243],[130.813272,32.788242],[130.813267,32.78824],[130.813258,32.788237],[130.813254,32.788235],[130.81325,32.788234],[130.813246,32.788232],[130.813241,32.78823],[130.813237,32.788229],[130.813233,32.788227],[130.813229,32.788226],[130.81322,32.788222],[130.813216,32.78822],[130.813211,32.788219],[130.813208,32.788217],[130.813203,32.788215],[130.813199,32.788214],[130.813195,32.788212],[130.81319,32.78821],[130.813186,32.788208],[130.813182,32.788207],[130.813178,32.788205],[130.813173,32.788203],[130.813169,32.788201],[130.813165,32.7882],[130.813161,32.788198],[130.813157,32.788196],[130.813152,32.788194],[130.813148,32.788193],[130.813144,32.788191],[130.81314,32.788189],[130.813135,32.788187],[130.813131,32.788185],[130.813127,32.788184],[130.813123,32.788182],[130.813119,32.78818],[130.813114,32.788178],[130.813111,32.788176],[130.813102,32.788172],[130.813098,32.788171],[130.813094,32.788169],[130.813089,32.788167],[130.813086,32.788165],[130.813081,32.788163],[130.813077,32.788161],[130.813073,32.788159],[130.813069,32.788157],[130.813065,32.788155],[130.813056,32.788151],[130.813053,32.78815],[130.813049,32.788147],[130.81304,32.788143],[130.813036,32.788142],[130.813033,32.78814],[130.813024,32.788135],[130.81302,32.788134],[130.813016,32.788131],[130.813012,32.78813],[130.813004,32.788125],[130.813,32.788123],[130.812996,32.788121],[130.812992,32.788119],[130.812988,32.788117],[130.812984,32.788115],[130.812976,32.788111],[130.812972,32.788109],[130.812968,32.788107],[130.81296,32.788102],[130.812956,32.7881],[130.812952,32.788098],[130.812948,32.788096],[130.812944,32.788094],[130.812936,32.788089],[130.812932,32.788087],[130.812924,32.788083],[130.812916,32.788079],[130.812913,32.788077],[130.812905,32.788072],[130.812901,32.78807],[130.812897,32.788068],[130.812893,32.788066],[130.812889,32.788063],[130.812885,32.788061],[130.812881,32.788059],[130.812878,32.788056],[130.812874,32.788054],[130.812866,32.78805],[130.812858,32.788045],[130.812855,32.788043],[130.812851,32.788041],[130.812847,32.788038],[130.812839,32.788033],[130.812836,32.788031],[130.812827,32.788026],[130.812824,32.788024],[130.812816,32.788019],[130.812813,32.788017],[130.812805,32.788012],[130.812797,32.788007],[130.812794,32.788005],[130.812786,32.788],[130.812779,32.787995],[130.812775,32.787993],[130.812768,32.787988],[130.812764,32.787986],[130.812757,32.787981],[130.812749,32.787976],[130.812742,32.787971],[130.812738,32.787968],[130.812735,32.787966],[130.812727,32.787961],[130.81272,32.787956],[130.812715,32.787952],[130.812711,32.787949],[130.812706,32.787945],[130.8127,32.787941],[130.812694,32.787936],[130.812688,32.787931],[130.812682,32.787927],[130.812676,32.787922],[130.81267,32.787918],[130.812661,32.787911],[130.812655,32.787907],[130.812643,32.787897],[130.812637,32.787893],[130.812632,32.787888],[130.812625,32.787884],[130.81262,32.787879],[130.812613,32.787874],[130.812605,32.787868],[130.812596,32.78786],[130.812591,32.787856],[130.812581,32.787849],[130.812576,32.787844],[130.812567,32.787838],[130.812561,32.787833],[130.812552,32.787826],[130.812547,32.787821],[130.812538,32.787814],[130.812532,32.78781],[130.812523,32.787802],[130.812518,32.787798],[130.812511,32.787793],[130.812506,32.787789],[130.812497,32.787781],[130.812492,32.787777],[130.812483,32.787769],[130.812477,32.787765],[130.812469,32.787758],[130.812463,32.787753],[130.812451,32.787743],[130.812443,32.787736],[130.812437,32.787732],[130.812426,32.787722],[130.812417,32.787714],[130.812412,32.78771],[130.812403,32.787703],[130.812398,32.787698],[130.812392,32.787693],[130.812384,32.787686],[130.812372,32.787676],[130.812361,32.787667],[130.81235,32.787657],[130.812339,32.787647],[130.812328,32.787637],[130.812319,32.78763],[130.812314,32.787625],[130.812303,32.787615],[130.812295,32.787608],[130.812289,32.787603],[130.812278,32.787593],[130.81227,32.787586],[130.812265,32.787581],[130.812256,32.787573],[130.812246,32.787563],[130.812237,32.787556],[130.812232,32.787551],[130.812224,32.787543],[130.812218,32.787538],[130.812207,32.787528],[130.812203,32.787524],[130.81219,32.787512],[130.812189,32.787512],[130.812179,32.787502],[130.812178,32.787502],[130.812168,32.787493],[130.812167,32.787492],[130.812154,32.78748],[130.812154,32.78748],[130.812143,32.787471],[130.812143,32.78747],[130.812132,32.787461],[130.812132,32.78746],[130.812121,32.787451],[130.812121,32.787451],[130.81211,32.787441],[130.81211,32.787441],[130.812099,32.787432],[130.812099,32.787431],[130.812088,32.787422],[130.812088,32.787421],[130.812075,32.78741],[130.812074,32.787409],[130.812063,32.7874],[130.812063,32.7874],[130.812055,32.787393],[130.812054,32.787393],[130.812049,32.787388],[130.812049,32.787388],[130.812038,32.787379],[130.812038,32.787378],[130.812024,32.787367],[130.812024,32.787366],[130.81201,32.787355],[130.81201,32.787354],[130.812005,32.78735],[130.812004,32.787349],[130.811996,32.787343],[130.811996,32.787342],[130.811996,32.787342],[130.811985,32.787333],[130.811984,32.787333],[130.811971,32.787321],[130.81197,32.787321],[130.811957,32.787309],[130.811956,32.787309],[130.811943,32.787298],[130.811942,32.787297],[130.811931,32.787288],[130.81193,32.787288],[130.811917,32.787276],[130.811916,32.787276],[130.811906,32.787267],[130.811905,32.787266],[130.811891,32.787255],[130.811891,32.787255],[130.81188,32.787246],[130.811879,32.787245],[130.811871,32.787239],[130.811871,32.787238],[130.811863,32.787232],[130.811862,32.787231],[130.811848,32.78722],[130.811848,32.78722],[130.81184,32.787213],[130.811839,32.787213],[130.811834,32.787208],[130.811833,32.787208],[130.81182,32.787197],[130.811819,32.787196],[130.811811,32.78719],[130.81181,32.787189],[130.811802,32.787183],[130.811802,32.787183],[130.811793,32.787176],[130.811793,32.787176],[130.811788,32.787171],[130.811787,32.787171],[130.811776,32.787162],[130.811775,32.787162],[130.811762,32.787151],[130.811761,32.78715],[130.81175,32.787142],[130.811749,32.787141],[130.811744,32.787137],[130.811743,32.787136],[130.811732,32.787128],[130.811732,32.787127],[130.811726,32.787123],[130.811726,32.787123],[130.811712,32.787112],[130.811711,32.787111],[130.811703,32.787105],[130.811702,32.787105],[130.811694,32.787098],[130.81169,32.787095],[130.811681,32.787088],[130.81168,32.787088],[130.811676,32.787084],[130.811675,32.787084],[130.811667,32.787077],[130.811666,32.787077],[130.811661,32.787073],[130.811661,32.787073],[130.811652,32.787066],[130.811651,32.787066],[130.811647,32.787062],[130.811646,32.787062],[130.811642,32.787059],[130.811641,32.787058],[130.811632,32.787052],[130.811631,32.787051],[130.811627,32.787048],[130.811626,32.787047],[130.811617,32.787041],[130.811616,32.78704],[130.811607,32.787033],[130.811606,32.787033],[130.811583,32.787009],[130.811571,32.787028],[130.811529,32.787103],[130.811484,32.787176],[130.811479,32.787184],[130.811475,32.787189],[130.811444,32.78724],[130.811325,32.787432],[130.811423,32.787656],[130.811353,32.787813],[130.811298,32.787991],[130.811266,32.788092],[130.811219,32.788244],[130.811189,32.788282],[130.811191,32.788287],[130.811195,32.788291],[130.811202,32.788297],[130.811216,32.788309],[130.811218,32.788311],[130.811218,32.788312],[130.811234,32.788325],[130.811253,32.788343],[130.811314,32.788396],[130.811314,32.788396],[130.811326,32.788408],[130.811327,32.788408],[130.811342,32.788422],[130.811343,32.788422],[130.811352,32.788431],[130.811352,32.788431],[130.811362,32.788439],[130.811362,32.788439],[130.811372,32.788448],[130.811372,32.788448],[130.811388,32.788462],[130.811389,32.788463],[130.811405,32.788477],[130.811405,32.788477],[130.811415,32.788486],[130.811415,32.788486],[130.811425,32.788495],[130.811425,32.788495],[130.811432,32.788501],[130.811432,32.788501],[130.811439,32.788507],[130.811439,32.788507],[130.811449,32.788515],[130.811449,32.788516],[130.811459,32.788524],[130.811459,32.788525],[130.811466,32.78853],[130.811466,32.788531],[130.811476,32.788539],[130.811477,32.78854],[130.811483,32.788545],[130.811484,32.788546],[130.811497,32.788557],[130.811498,32.788558],[130.811508,32.788566],[130.811508,32.788567],[130.811515,32.788572],[130.811515,32.788573],[130.811522,32.788578],[130.811522,32.788579],[130.811523,32.788579],[130.811529,32.788584],[130.81153,32.788585],[130.811536,32.788591],[130.811537,32.788591],[130.811543,32.788597],[130.811544,32.788597],[130.811554,32.788606],[130.811555,32.788606],[130.811562,32.788612],[130.811562,32.788612],[130.811569,32.788618],[130.81157,32.788618],[130.811576,32.788624],[130.811577,32.788625],[130.811587,32.788633],[130.811588,32.788634],[130.811595,32.788639],[130.811595,32.78864],[130.811602,32.788645],[130.811603,32.788646],[130.81161,32.788651],[130.81161,32.788652],[130.811617,32.788657],[130.811618,32.788658],[130.811625,32.788664],[130.811625,32.788664],[130.811632,32.78867],[130.811633,32.78867],[130.81164,32.788676],[130.811641,32.788676],[130.811648,32.788682],[130.811648,32.788683],[130.811655,32.788688],[130.811656,32.788689],[130.811663,32.788694],[130.811664,32.788695],[130.811671,32.7887],[130.811672,32.788701],[130.811678,32.788706],[130.811679,32.788707],[130.811686,32.788713],[130.811687,32.788713],[130.811694,32.788719],[130.811695,32.788719],[130.811702,32.788725],[130.811703,32.788726],[130.81171,32.788731],[130.811711,32.788732],[130.811718,32.788737],[130.811719,32.788738],[130.811726,32.788743],[130.811727,32.788744],[130.811734,32.788749],[130.811735,32.78875],[130.811742,32.788755],[130.811743,32.788756],[130.81175,32.788762],[130.811751,32.788762],[130.811758,32.788768],[130.81176,32.788769],[130.811767,32.788774],[130.811767,32.788774],[130.811768,32.788775],[130.811775,32.78878],[130.811776,32.788781],[130.811783,32.788786],[130.811784,32.788787],[130.811792,32.788792],[130.811792,32.788793],[130.811796,32.788795],[130.811797,32.788796],[130.811804,32.788801],[130.811805,32.788802],[130.811813,32.788807],[130.811814,32.788808],[130.811821,32.788814],[130.811822,32.788814],[130.81183,32.78882],[130.81183,32.78882],[130.811834,32.788823],[130.811835,32.788824],[130.811842,32.788829],[130.811843,32.788829],[130.811848,32.788833],[130.811849,32.788833],[130.811854,32.788837],[130.811855,32.788837],[130.81186,32.788841],[130.811861,32.788841],[130.811865,32.788845],[130.811866,32.788845],[130.811871,32.788849],[130.811872,32.788849],[130.811877,32.788853],[130.811878,32.788853],[130.811883,32.788857],[130.811884,32.788857],[130.811889,32.788861],[130.811889,32.788861],[130.811894,32.788865],[130.811895,32.788865],[130.8119,32.788869],[130.811901,32.788869],[130.811906,32.788873],[130.811907,32.788873],[130.811912,32.788876],[130.811913,32.788877],[130.811918,32.78888],[130.811918,32.788881],[130.811923,32.788884],[130.811924,32.788885],[130.811929,32.788888],[130.81193,32.788889],[130.811935,32.788892],[130.811936,32.788893],[130.811941,32.788896],[130.811942,32.788896],[130.811947,32.7889],[130.811948,32.7889],[130.811953,32.788904],[130.811953,32.788904],[130.811954,32.788904],[130.811959,32.788907],[130.811959,32.788908],[130.811964,32.788911],[130.811966,32.788912],[130.811976,32.788919],[130.811977,32.788919],[130.811982,32.788923],[130.811983,32.788923],[130.811988,32.788926],[130.811989,32.788927],[130.811994,32.78893],[130.811995,32.788931],[130.812,32.788934],[130.812001,32.788934],[130.812006,32.788938],[130.812007,32.788938],[130.812012,32.788941],[130.812013,32.788942],[130.812018,32.788945],[130.812019,32.788946],[130.812024,32.788949],[130.812025,32.788949],[130.81203,32.788953],[130.812031,32.788953],[130.812036,32.788956],[130.812037,32.788957],[130.812042,32.78896],[130.812043,32.78896],[130.812048,32.788964],[130.812049,32.788964],[130.812054,32.788967],[130.812055,32.788968],[130.812066,32.788974],[130.812067,32.788975],[130.812078,32.788982],[130.812079,32.788982],[130.812084,32.788985],[130.812086,32.788986],[130.812096,32.788992],[130.812097,32.788993],[130.812103,32.788996],[130.812104,32.788997],[130.812114,32.789003],[130.812116,32.789004],[130.812121,32.789007],[130.812122,32.789007],[130.812127,32.78901],[130.812128,32.789011],[130.812133,32.789014],[130.812135,32.789015],[130.812145,32.789021],[130.812146,32.789022],[130.812152,32.789025],[130.812152,32.789025],[130.812153,32.789025],[130.812158,32.789028],[130.812159,32.789029],[130.812164,32.789032],[130.812165,32.789032],[130.81217,32.789035],[130.812171,32.789035],[130.812176,32.789038],[130.812177,32.789039],[130.812183,32.789042],[130.812184,32.789042],[130.812189,32.789045],[130.81219,32.789046],[130.812195,32.789049],[130.812196,32.789049],[130.812207,32.789055],[130.812209,32.789056],[130.81222,32.789062],[130.812221,32.789063],[130.812226,32.789066],[130.812227,32.789066],[130.812233,32.789069],[130.812234,32.78907],[130.812239,32.789072],[130.81224,32.789073],[130.812245,32.789076],[130.812246,32.789076],[130.812251,32.789079],[130.812253,32.78908],[130.812264,32.789085],[130.812265,32.789086],[130.81227,32.789089],[130.812271,32.78909],[130.812277,32.789092],[130.812278,32.789093],[130.812283,32.789096],[130.812284,32.789096],[130.812289,32.789099],[130.81229,32.789099],[130.812296,32.789102],[130.812297,32.789103],[130.812302,32.789105],[130.812303,32.789106],[130.812308,32.789109],[130.812309,32.789109],[130.812314,32.789111],[130.812315,32.789112],[130.812316,32.789112],[130.812321,32.789115],[130.812322,32.789115],[130.812328,32.789118],[130.812329,32.789119],[130.812334,32.789121],[130.812335,32.789122],[130.812341,32.789125],[130.812341,32.789125],[130.812347,32.789128],[130.812348,32.789128],[130.812353,32.789131],[130.812354,32.789131],[130.812354,32.789131],[130.81236,32.789134],[130.812361,32.789134],[130.812363,32.789136],[130.812366,32.789137],[130.812367,32.789138],[130.812373,32.78914],[130.812374,32.789141],[130.812379,32.789143],[130.81238,32.789144],[130.812385,32.789146],[130.812386,32.789146],[130.812386,32.789147],[130.812392,32.78915],[130.812393,32.78915],[130.812399,32.789153],[130.812399,32.789153],[130.812405,32.789156],[130.812406,32.789156],[130.812411,32.789159],[130.812412,32.789159],[130.812418,32.789162],[130.812419,32.789162],[130.812424,32.789165],[130.812425,32.789165],[130.812431,32.789168],[130.812432,32.789168],[130.812438,32.789171],[130.812438,32.789171],[130.812444,32.789174],[130.812445,32.789174],[130.812451,32.789177],[130.812452,32.789177],[130.812457,32.78918],[130.812458,32.78918],[130.812464,32.789183],[130.812465,32.789183],[130.81247,32.789186],[130.812471,32.789186],[130.812477,32.789189],[130.812478,32.789189],[130.812483,32.789192],[130.812484,32.789192],[130.81249,32.789195],[130.812491,32.789195],[130.812497,32.789197],[130.812497,32.789198],[130.812503,32.7892],[130.812504,32.789201],[130.81251,32.789203],[130.812511,32.789204],[130.812516,32.789206],[130.812517,32.789207],[130.812523,32.789209],[130.812524,32.789209],[130.81253,32.789212],[130.812531,32.789212],[130.812536,32.789215],[130.812537,32.789215],[130.812543,32.789218],[130.812544,32.789218],[130.812549,32.78922],[130.81255,32.789221],[130.812556,32.789223],[130.812557,32.789224],[130.812563,32.789226],[130.812564,32.789226],[130.812564,32.789226],[130.812569,32.789229],[130.81257,32.789229],[130.812576,32.789232],[130.812577,32.789232],[130.812583,32.789234],[130.812584,32.789235],[130.812589,32.789237],[130.81259,32.789237],[130.812596,32.78924],[130.812597,32.78924],[130.812603,32.789242],[130.812604,32.789243],[130.812609,32.789245],[130.81261,32.789246],[130.812616,32.789248],[130.812617,32.789248],[130.812623,32.789251],[130.812624,32.789251],[130.81263,32.789253],[130.812631,32.789254],[130.812636,32.789256],[130.812637,32.789256],[130.812643,32.789259],[130.812644,32.789259],[130.81265,32.789261],[130.812651,32.789262],[130.812657,32.789264],[130.812658,32.789264],[130.812663,32.789267],[130.812664,32.789267],[130.81267,32.789269],[130.812671,32.78927],[130.812677,32.789272],[130.812678,32.789272],[130.812684,32.789274],[130.812685,32.789275],[130.81269,32.789277],[130.812691,32.789277],[130.812697,32.78928],[130.812698,32.78928],[130.812704,32.789282],[130.812705,32.789282],[130.812711,32.789285],[130.812712,32.789285],[130.812718,32.789287],[130.812719,32.789288],[130.812724,32.78929],[130.812725,32.78929],[130.812731,32.789292],[130.812732,32.789293],[130.812738,32.789295],[130.812739,32.789295],[130.812745,32.789297],[130.812746,32.789298],[130.812752,32.7893],[130.812753,32.7893],[130.812758,32.789302],[130.812759,32.789302],[130.812765,32.789305],[130.812766,32.789305],[130.812772,32.789307],[130.812773,32.789307],[130.812779,32.789309],[130.81278,32.78931],[130.812786,32.789312],[130.812786,32.789312],[130.812787,32.789312],[130.812793,32.789314],[130.812794,32.789315],[130.8128,32.789317],[130.812801,32.789317],[130.812807,32.789319],[130.812808,32.789319],[130.812813,32.789321],[130.812814,32.789322],[130.81282,32.789324],[130.812821,32.789324],[130.812827,32.789326],[130.812828,32.789326],[130.812834,32.789328],[130.812835,32.789329],[130.812841,32.789331],[130.812842,32.789331],[130.812848,32.789333],[130.812849,32.789333],[130.812855,32.789335],[130.812856,32.789336],[130.812862,32.789338],[130.812863,32.789338],[130.812869,32.78934],[130.81287,32.78934],[130.812876,32.789342],[130.812876,32.789342],[130.812882,32.789344],[130.812883,32.789345],[130.812889,32.789347],[130.81289,32.789347],[130.812896,32.789349],[130.812897,32.789349],[130.812903,32.789351],[130.812904,32.789351],[130.81291,32.789353],[130.812911,32.789354],[130.812917,32.789355],[130.812918,32.789356],[130.812924,32.789358],[130.812925,32.789358],[130.812931,32.78936],[130.812932,32.78936],[130.812938,32.789362],[130.812939,32.789362],[130.812945,32.789364],[130.812946,32.789364],[130.812952,32.789366],[130.812953,32.789367],[130.812959,32.789368],[130.81296,32.789369],[130.812966,32.78937],[130.812967,32.789371],[130.812973,32.789373],[130.812974,32.789373],[130.81298,32.789375],[130.812981,32.789375],[130.812987,32.789377],[130.812988,32.789377],[130.812994,32.789379],[130.812995,32.789379],[130.813001,32.789381],[130.813003,32.789381],[130.813011,32.789384],[130.813023,32.789387],[130.813024,32.789387],[130.813039,32.789391],[130.81304,32.789391],[130.813047,32.789393],[130.813048,32.789394],[130.813055,32.789396],[130.813056,32.789396],[130.813072,32.7894],[130.813073,32.7894],[130.813084,32.789403],[130.813085,32.789403],[130.813096,32.789406],[130.813097,32.789407],[130.813109,32.78941],[130.81311,32.78941],[130.813121,32.789413],[130.813122,32.789413],[130.813133,32.789416],[130.813134,32.789416],[130.813146,32.789419],[130.813147,32.789419],[130.813158,32.789422],[130.813159,32.789422],[130.81317,32.789425],[130.813171,32.789425],[130.813183,32.789428],[130.813183,32.789428],[130.813191,32.78943],[130.813192,32.789431],[130.813199,32.789432],[130.8132,32.789433],[130.813208,32.789434],[130.813208,32.789435],[130.81322,32.789437],[130.813221,32.789438],[130.813232,32.78944],[130.813233,32.789441],[130.813244,32.789443],[130.813245,32.789444],[130.813253,32.789445],[130.813254,32.789446],[130.813265,32.789448],[130.813266,32.789448],[130.813278,32.789451],[130.813278,32.789451],[130.813286,32.789453],[130.813287,32.789453],[130.813294,32.789455],[130.813295,32.789455],[130.813303,32.789457],[130.813303,32.789457],[130.813315,32.78946],[130.813316,32.78946],[130.813327,32.789463],[130.813328,32.789463],[130.813336,32.789465],[130.813336,32.789465],[130.813344,32.789466],[130.813345,32.789467],[130.813352,32.789468],[130.813353,32.789468],[130.813365,32.789471],[130.813365,32.789471],[130.813373,32.789473],[130.813374,32.789473],[130.813385,32.789476],[130.813386,32.789476],[130.813398,32.789478],[130.813399,32.789479],[130.81341,32.789481],[130.813411,32.789481],[130.813423,32.789484],[130.813424,32.789484],[130.813435,32.789486],[130.813436,32.789487],[130.813448,32.789489],[130.813449,32.789489],[130.81346,32.789492],[130.813461,32.789492],[130.813469,32.789493],[130.81347,32.789494],[130.813475,32.789495],[130.81351,32.789396],[130.813535,32.789321]]]}}]}