{"type":"FeatureCollection","features":[{"type":"Feature","properties":{"DistName":null,"DistType":"特定用途制限地域","DistCode":15,"Pref":"熊本県","Citycode":"43202","Cityname":"八代市","FNDate":null},"geometry":{"type":"Polygon","coordinates":[[[130.627545,32.517362],[130.627658,32.517509],[130.627709,32.517577],[130.627724,32.517598],[130.627748,32.51763],[130.627823,32.517731],[130.627857,32.517775],[130.627968,32.517919],[130.628065,32.518062],[130.628151,32.51819],[130.628243,32.518311],[130.628375,32.518481],[130.628489,32.518622],[130.628548,32.518694],[130.628555,32.518703],[130.628632,32.518798],[130.628742,32.51892],[130.628846,32.51904],[130.628973,32.519201],[130.628999,32.519233],[130.629001,32.519235],[130.629024,32.519264],[130.629081,32.519331],[130.629088,32.51934],[130.629138,32.519402],[130.629195,32.519473],[130.629211,32.519494],[130.629221,32.519511],[130.629231,32.519532],[130.629239,32.519553],[130.629244,32.519575],[130.629246,32.519597],[130.629247,32.519618],[130.629245,32.519645],[130.629244,32.519661],[130.629243,32.519667],[130.629244,32.519685],[130.629249,32.519706],[130.629254,32.519721],[130.629258,32.519729],[130.629262,32.519738],[130.629273,32.519756],[130.629284,32.519773],[130.629309,32.519806],[130.629348,32.519854],[130.62938,32.519909],[130.629429,32.519971],[130.629435,32.519979],[130.62951,32.520072],[130.629671,32.520275],[130.629742,32.520359],[130.629862,32.520509],[130.629865,32.520514],[130.629897,32.520548],[130.629897,32.520549],[130.629972,32.52063],[130.629999,32.520659],[130.630004,32.520664],[130.630014,32.520674],[130.630095,32.520768],[130.630125,32.520802],[130.630143,32.520826],[130.630172,32.520864],[130.630196,32.520899],[130.630225,32.520945],[130.630259,32.521],[130.630365,32.521145],[130.630391,32.521173],[130.630488,32.521302],[130.630534,32.521366],[130.630598,32.521453],[130.63079,32.521732],[130.631159,32.522261],[130.631243,32.522382],[130.631392,32.522601],[130.6314,32.522611],[130.631468,32.522711],[130.631557,32.522852],[130.631683,32.523051],[130.631736,32.523135],[130.631736,32.523136],[130.631956,32.523464],[130.632138,32.523724],[130.632141,32.523729],[130.632142,32.523731],[130.632156,32.523751],[130.632181,32.523786],[130.632204,32.523817],[130.632207,32.52382],[130.632231,32.523844],[130.632259,32.523863],[130.632287,32.523879],[130.632331,32.523903],[130.632374,32.52393],[130.632393,32.523942],[130.632396,32.523944],[130.632399,32.523946],[130.632424,32.523967],[130.632428,32.52397],[130.632506,32.524096],[130.632532,32.524148],[130.632546,32.524172],[130.632591,32.524251],[130.632594,32.524257],[130.632708,32.524459],[130.63271,32.524463],[130.632731,32.524495],[130.632942,32.524409],[130.632986,32.524386],[130.633037,32.52436],[130.633098,32.524329],[130.633218,32.524279],[130.633276,32.524249],[130.633406,32.52419],[130.633511,32.524139],[130.633555,32.524118],[130.633687,32.524053],[130.633715,32.524039],[130.633742,32.524025],[130.633784,32.524004],[130.633972,32.523912],[130.634157,32.52382],[130.634162,32.523817],[130.634272,32.523756],[130.634474,32.523656],[130.634548,32.523619],[130.634703,32.523541],[130.634931,32.523429],[130.635124,32.52333],[130.635242,32.523258],[130.635298,32.523226],[130.635432,32.523149],[130.635453,32.523137],[130.635456,32.523135],[130.635656,32.523021],[130.635822,32.522921],[130.635959,32.522842],[130.636347,32.522622],[130.636359,32.522615],[130.636517,32.522523],[130.636519,32.522522],[130.636605,32.522471],[130.636811,32.522351],[130.63684,32.522335],[130.637129,32.52217],[130.637132,32.522168],[130.637347,32.52208],[130.637365,32.522099],[130.637399,32.522143],[130.63748,32.522099],[130.637508,32.522086],[130.637525,32.522077],[130.637838,32.521899],[130.637931,32.521846],[130.638559,32.521489],[130.638579,32.521478],[130.638601,32.521465],[130.638807,32.521349],[130.639238,32.521102],[130.63949,32.520959],[130.639728,32.520823],[130.639801,32.520781],[130.639861,32.520746],[130.639955,32.520692],[130.640155,32.520577],[130.64018,32.520563],[130.640383,32.520448],[130.640389,32.520445],[130.64069,32.520272],[130.640725,32.520252],[130.640752,32.520236],[130.640768,32.520227],[130.640886,32.52016],[130.64095,32.520123],[130.641068,32.520052],[130.64114,32.520015],[130.641243,32.519957],[130.641359,32.51989],[130.641394,32.51987],[130.641451,32.519838],[130.641447,32.51983],[130.641437,32.519806],[130.641437,32.519806],[130.641397,32.519707],[130.641367,32.519629],[130.64129,32.51946],[130.641236,32.519336],[130.641202,32.519269],[130.641191,32.519247],[130.641188,32.519242],[130.641151,32.51918],[130.641136,32.519152],[130.641097,32.519082],[130.641045,32.518978],[130.64101,32.518915],[130.640929,32.518787],[130.640916,32.518766],[130.640897,32.51873],[130.640862,32.518666],[130.640839,32.518623],[130.640686,32.518339],[130.640673,32.518315],[130.64065,32.51828],[130.640577,32.518179],[130.64057,32.518169],[130.640495,32.518038],[130.640125,32.517538],[130.640107,32.517515],[130.640093,32.517496],[130.639917,32.517259],[130.63956,32.516779],[130.639471,32.51666],[130.639377,32.516533],[130.639295,32.516417],[130.639285,32.516403],[130.639259,32.516367],[130.638885,32.515859],[130.638868,32.515836],[130.638403,32.515211],[130.638395,32.515201],[130.638331,32.515114],[130.638184,32.514916],[130.63809,32.514773],[130.637646,32.514174],[130.637523,32.514008],[130.637479,32.51395],[130.637176,32.513551],[130.637171,32.513545],[130.636961,32.513269],[130.636964,32.513239],[130.637277,32.513055],[130.637291,32.513047],[130.637474,32.512939],[130.637458,32.512873],[130.637443,32.512828],[130.63737,32.512606],[130.637303,32.512402],[130.637263,32.512279],[130.637184,32.512041],[130.637181,32.51203],[130.637155,32.511945],[130.63707,32.511988],[130.637065,32.511992],[130.637059,32.511996],[130.636916,32.512084],[130.636846,32.512128],[130.636662,32.512249],[130.636559,32.512333],[130.636479,32.512396],[130.636447,32.51242],[130.636397,32.51245],[130.636201,32.51256],[130.63613,32.512599],[130.636091,32.512619],[130.636058,32.512633],[130.635772,32.512739],[130.635701,32.512766],[130.635676,32.512778],[130.635553,32.512847],[130.635518,32.512866],[130.635475,32.512891],[130.635435,32.512915],[130.635118,32.513092],[130.634992,32.513166],[130.634887,32.513226],[130.634744,32.513301],[130.634708,32.513323],[130.634629,32.513367],[130.634559,32.513406],[130.634458,32.513463],[130.634197,32.513611],[130.634045,32.513696],[130.634012,32.513716],[130.633819,32.513827],[130.633791,32.513842],[130.633734,32.513872],[130.633725,32.513878],[130.63364,32.513925],[130.633622,32.513935],[130.633558,32.513971],[130.633493,32.514008],[130.633467,32.514023],[130.633254,32.514142],[130.633183,32.514182],[130.633076,32.514242],[130.632945,32.514317],[130.632881,32.514352],[130.63269,32.51446],[130.632598,32.514511],[130.632545,32.514544],[130.632415,32.514616],[130.63238,32.514637],[130.632289,32.514687],[130.632237,32.514716],[130.632227,32.514721],[130.632028,32.514834],[130.632019,32.514838],[130.631948,32.514879],[130.631827,32.514947],[130.631723,32.515006],[130.631704,32.515016],[130.631563,32.515096],[130.631549,32.515103],[130.631213,32.515294],[130.630955,32.515439],[130.630662,32.515604],[130.630336,32.515787],[130.630252,32.515834],[130.630144,32.515895],[130.629888,32.516039],[130.629642,32.516177],[130.629266,32.51639],[130.629193,32.516431],[130.62907,32.516499],[130.628585,32.516773],[130.628537,32.5168],[130.627993,32.517107],[130.627636,32.517307],[130.627545,32.517362]]]}},{"type":"Feature","properties":{"DistName":null,"DistType":"特定用途制限地域","DistCode":15,"Pref":"熊本県","Citycode":"43204","Cityname":"荒尾市","FNDate":null},"geometry":{"type":"Polygon","coordinates":[[[130.51695,33.012167],[130.517,33.01205],[130.517004,33.012011],[130.516995,33.011982],[130.516924,33.011849],[130.516917,33.011819],[130.516926,33.011618],[130.516941,33.011445],[130.51695,33.011377],[130.516966,33.011328],[130.517003,33.011259],[130.517075,33.011158],[130.517156,33.011045],[130.516924,33.010968],[130.516792,33.010916],[130.516578,33.010822],[130.516463,33.010769],[130.516376,33.010713],[130.516271,33.010627],[130.516205,33.010568],[130.51614,33.010495],[130.516071,33.01043],[130.516033,33.010404],[130.516006,33.010391],[130.515959,33.010386],[130.515909,33.010388],[130.515836,33.010404],[130.515803,33.010408],[130.515893,33.010287],[130.515954,33.010224],[130.515977,33.010207],[130.516142,33.01017],[130.516729,33.010078],[130.517163,33.010017],[130.517638,33.009939],[130.517663,33.009852],[130.517672,33.009796],[130.517674,33.009744],[130.51767,33.009705],[130.517661,33.00967],[130.517646,33.009637],[130.517624,33.0096],[130.517593,33.009563],[130.517929,33.009345],[130.518242,33.009159],[130.518388,33.009094],[130.518629,33.009016],[130.518584,33.008589],[130.518557,33.00838],[130.51854,33.008327],[130.518468,33.008234],[130.518382,33.0078],[130.518092,33.007612],[130.517809,33.007427],[130.517633,33.007319],[130.51747,33.007131],[130.517728,33.006952],[130.517715,33.006792],[130.517691,33.006364],[130.517857,33.00618],[130.51804,33.006106],[130.518167,33.006057],[130.5184,33.005967],[130.518497,33.005928],[130.518538,33.0059],[130.51857,33.005872],[130.518609,33.005825],[130.518644,33.005765],[130.518689,33.005653],[130.51871,33.005575],[130.518724,33.005471],[130.518721,33.005423],[130.518715,33.005389],[130.518664,33.005287],[130.518652,33.005259],[130.518632,33.005186],[130.518612,33.005099],[130.518595,33.005031],[130.51857,33.004945],[130.518564,33.004913],[130.518566,33.004881],[130.518582,33.004822],[130.518621,33.004727],[130.518664,33.004648],[130.518779,33.004433],[130.518903,33.004226],[130.518947,33.004138],[130.518972,33.00406],[130.518997,33.003924],[130.519017,33.003834],[130.51903,33.003785],[130.519053,33.003746],[130.519087,33.003714],[130.519117,33.003697],[130.519167,33.003683],[130.519246,33.003672],[130.519361,33.003644],[130.519451,33.003626],[130.519539,33.003606],[130.519614,33.003575],[130.519686,33.003534],[130.519753,33.003489],[130.519824,33.003426],[130.519962,33.003324],[130.520067,33.003242],[130.520151,33.0032],[130.52027,33.003138],[130.520317,33.003103],[130.520371,33.003028],[130.520403,33.002972],[130.520464,33.002858],[130.520487,33.002827],[130.520507,33.002808],[130.520544,33.002781],[130.520555,33.002762],[130.520562,33.002732],[130.52056,33.002692],[130.520525,33.002578],[130.520483,33.002466],[130.520468,33.002433],[130.520387,33.002339],[130.520354,33.002274],[130.520331,33.002215],[130.520325,33.002176],[130.520328,33.002163],[130.520339,33.002146],[130.520388,33.002108],[130.520494,33.00204],[130.520573,33.001989],[130.520626,33.001949],[130.520652,33.001918],[130.520661,33.001893],[130.520663,33.001866],[130.520657,33.001836],[130.520642,33.001789],[130.520587,33.001698],[130.520504,33.001585],[130.520473,33.001539],[130.520455,33.001499],[130.520453,33.001477],[130.520455,33.001451],[130.520467,33.001415],[130.520524,33.001332],[130.520621,33.001248],[130.520694,33.001178],[130.520779,33.001088],[130.520884,33.000994],[130.521012,33.000907],[130.521067,33.000851],[130.521111,33.000798],[130.521173,33.000727],[130.521237,33.000678],[130.521307,33.000626],[130.521351,33.0006],[130.521367,33.000587],[130.521369,33.000576],[130.521364,33.000559],[130.521352,33.000545],[130.521314,33.000517],[130.521238,33.000475],[130.52117,33.000449],[130.521033,33.000415],[130.520983,33.000402],[130.520953,33.000392],[130.520917,33.000361],[130.520895,33.000334],[130.52088,33.000309],[130.520872,33.000277],[130.520874,33.000246],[130.520878,33.00023],[130.520888,33.000211],[130.520915,33.000187],[130.520959,33.000163],[130.521067,33.000124],[130.521072,33.000077],[130.521071,33.000052],[130.521064,33.000018],[130.521044,32.999961],[130.520997,32.999869],[130.520965,32.999806],[130.520965,32.999796],[130.521031,32.99972],[130.521043,32.999696],[130.521053,32.999652],[130.521073,32.999584],[130.521092,32.999533],[130.521113,32.999498],[130.521126,32.999471],[130.52113,32.99945],[130.521132,32.999388],[130.521126,32.999285],[130.521125,32.999217],[130.521119,32.999133],[130.521112,32.999104],[130.521101,32.999081],[130.521099,32.999076],[130.521039,32.998993],[130.521034,32.998977],[130.521032,32.998952],[130.521038,32.998887],[130.521058,32.998801],[130.521095,32.998684],[130.521159,32.998555],[130.521232,32.998436],[130.521282,32.998335],[130.521318,32.998248],[130.521334,32.998179],[130.521339,32.998108],[130.521337,32.998065],[130.521325,32.998032],[130.521304,32.998001],[130.521262,32.997951],[130.521242,32.997923],[130.521203,32.997825],[130.52117,32.99772],[130.521145,32.997611],[130.521102,32.997428],[130.521072,32.997321],[130.521046,32.997252],[130.521009,32.997177],[130.520962,32.997097],[130.520901,32.997028],[130.520831,32.996956],[130.520681,32.996836],[130.520548,32.996719],[130.520492,32.996664],[130.520476,32.996639],[130.520473,32.996627],[130.520472,32.996608],[130.520474,32.996583],[130.520482,32.996553],[130.520499,32.996522],[130.520533,32.99647],[130.520598,32.99641],[130.520657,32.996364],[130.520773,32.996297],[130.520808,32.996266],[130.520826,32.996246],[130.520834,32.996224],[130.520837,32.996185],[130.520835,32.996111],[130.520833,32.996052],[130.520848,32.995968],[130.520868,32.995913],[130.520872,32.995888],[130.520871,32.995858],[130.52086,32.995781],[130.520857,32.995742],[130.52085,32.995662],[130.520846,32.99557],[130.520845,32.995473],[130.520841,32.995353],[130.520842,32.995284],[130.520848,32.995226],[130.520859,32.995187],[130.520872,32.995154],[130.520893,32.995116],[130.520912,32.995091],[130.520938,32.995064],[130.520995,32.995023],[130.521121,32.994944],[130.521214,32.994878],[130.521292,32.994816],[130.521405,32.994712],[130.521484,32.994637],[130.521581,32.994562],[130.521622,32.994529],[130.521647,32.994499],[130.521676,32.994457],[130.5217,32.994414],[130.521772,32.994304],[130.521783,32.994286],[130.521792,32.99427],[130.521806,32.994228],[130.521822,32.99418],[130.521851,32.994098],[130.521876,32.994027],[130.521897,32.993982],[130.521951,32.993877],[130.521981,32.993819],[130.522034,32.993746],[130.522084,32.99369],[130.522156,32.993627],[130.522224,32.993574],[130.522297,32.993516],[130.522343,32.993468],[130.522391,32.993394],[130.522436,32.993298],[130.522485,32.993198],[130.522526,32.993089],[130.522536,32.993063],[130.522606,32.99294],[130.522776,32.992681],[130.522908,32.992478],[130.523021,32.992298],[130.523062,32.992225],[130.523097,32.992133],[130.523121,32.992096],[130.523142,32.992069],[130.523187,32.992032],[130.523275,32.991981],[130.523464,32.991885],[130.523654,32.991803],[130.523787,32.991751],[130.52392,32.991711],[130.524066,32.991679],[130.524136,32.991656],[130.524386,32.99154],[130.524565,32.991451],[130.52465,32.991402],[130.524717,32.991348],[130.524778,32.99129],[130.524848,32.99118],[130.524922,32.991042],[130.524995,32.990929],[130.525035,32.990882],[130.525077,32.990855],[130.525169,32.99081],[130.525253,32.990778],[130.525388,32.990739],[130.525514,32.990714],[130.525712,32.990671],[130.525888,32.990624],[130.526022,32.990565],[130.526149,32.9905],[130.526277,32.990421],[130.526419,32.990329],[130.526513,32.990261],[130.526568,32.99021],[130.526614,32.990159],[130.526661,32.990094],[130.526681,32.990045],[130.526709,32.989967],[130.526748,32.989849],[130.526799,32.989715],[130.526874,32.989551],[130.526914,32.989473],[130.527004,32.98934],[130.527042,32.989285],[130.527105,32.98922],[130.527171,32.989165],[130.527266,32.989094],[130.527339,32.989033],[130.527381,32.988977],[130.527415,32.988908],[130.527445,32.98883],[130.527485,32.98872],[130.527524,32.988618],[130.527552,32.988546],[130.527586,32.988501],[130.527623,32.988469],[130.527649,32.988456],[130.527725,32.988438],[130.527819,32.98841],[130.52786,32.988397],[130.527898,32.988312],[130.527929,32.988248],[130.527955,32.988194],[130.52797,32.988154],[130.528023,32.98801],[130.528044,32.987936],[130.528068,32.987854],[130.528109,32.987741],[130.528127,32.987667],[130.528137,32.987593],[130.528142,32.987541],[130.528143,32.987495],[130.528134,32.987446],[130.528121,32.987404],[130.528108,32.987357],[130.528099,32.987306],[130.528092,32.987267],[130.528081,32.98722],[130.528069,32.987195],[130.528047,32.987163],[130.528021,32.987135],[130.527978,32.987095],[130.527947,32.987061],[130.527927,32.987018],[130.527893,32.986942],[130.52785,32.986865],[130.527822,32.986818],[130.527801,32.986789],[130.527783,32.986768],[130.527755,32.98675],[130.527723,32.986728],[130.527677,32.9867],[130.527636,32.986666],[130.527606,32.986629],[130.527568,32.986569],[130.527547,32.986525],[130.527524,32.986489],[130.527503,32.986463],[130.527479,32.986443],[130.527453,32.986428],[130.527413,32.986411],[130.52733,32.986391],[130.527285,32.986386],[130.527249,32.986389],[130.527208,32.986399],[130.527168,32.986404],[130.527135,32.986403],[130.527098,32.986389],[130.527072,32.986374],[130.52705,32.986357],[130.52699,32.986291],[130.526961,32.986265],[130.526952,32.986243],[130.526952,32.986219],[130.526965,32.986189],[130.526992,32.986113],[130.52702,32.986022],[130.527137,32.985783],[130.527158,32.985742],[130.527168,32.985729],[130.52719,32.985717],[130.527251,32.98569],[130.527346,32.985635],[130.527402,32.985596],[130.527427,32.985579],[130.527434,32.985575],[130.527456,32.985556],[130.527501,32.985513],[130.527521,32.985478],[130.527553,32.985425],[130.527557,32.9854],[130.527555,32.985379],[130.527547,32.985357],[130.527507,32.985289],[130.527468,32.985194],[130.52743,32.985047],[130.5274,32.984918],[130.527382,32.98479],[130.527381,32.984776],[130.527387,32.98476],[130.527438,32.984708],[130.527473,32.984664],[130.527492,32.984632],[130.527511,32.984592],[130.527523,32.984549],[130.527536,32.984516],[130.527563,32.984478],[130.52761,32.984442],[130.527687,32.98439],[130.527712,32.984368],[130.527722,32.984352],[130.527729,32.984323],[130.527733,32.984288],[130.527735,32.984268],[130.52774,32.984257],[130.527752,32.984246],[130.527775,32.984229],[130.527787,32.984215],[130.527798,32.984198],[130.527808,32.984174],[130.527823,32.984124],[130.527838,32.984084],[130.527858,32.984052],[130.527897,32.984002],[130.527925,32.983968],[130.52795,32.983936],[130.528003,32.983882],[130.528033,32.983847],[130.528047,32.983818],[130.528072,32.983736],[130.528093,32.983657],[130.528114,32.983562],[130.528117,32.983496],[130.528126,32.98338],[130.528131,32.98333],[130.52814,32.983281],[130.528158,32.983243],[130.528206,32.983156],[130.528299,32.982959],[130.528328,32.982888],[130.528387,32.982787],[130.528428,32.982717],[130.528463,32.982673],[130.528522,32.982615],[130.52854,32.982593],[130.528549,32.982572],[130.528561,32.982518],[130.528574,32.982465],[130.528642,32.982243],[130.528681,32.982127],[130.528685,32.982091],[130.528679,32.982044],[130.528648,32.981927],[130.528637,32.981882],[130.528625,32.981854],[130.528602,32.981822],[130.528574,32.981781],[130.528553,32.981732],[130.52853,32.981664],[130.528515,32.981646],[130.528496,32.981636],[130.52845,32.981626],[130.528359,32.981614],[130.528286,32.981601],[130.528226,32.981583],[130.52818,32.981561],[130.528144,32.981529],[130.528129,32.98151],[130.528101,32.981468],[130.528079,32.981437],[130.528057,32.981421],[130.528033,32.981408],[130.527999,32.981403],[130.5279,32.981398],[130.527778,32.981395],[130.527713,32.981395],[130.527664,32.9814],[130.527633,32.981407],[130.527617,32.981406],[130.527607,32.981405],[130.527598,32.981399],[130.527589,32.981386],[130.527582,32.98138],[130.527574,32.981378],[130.527558,32.981378],[130.527549,32.981377],[130.527543,32.981372],[130.52754,32.981365],[130.527541,32.981355],[130.527545,32.981337],[130.527553,32.98131],[130.527556,32.981274],[130.527542,32.981225],[130.527524,32.981173],[130.527518,32.981142],[130.527511,32.981007],[130.527521,32.980924],[130.527529,32.980885],[130.527576,32.980735],[130.527601,32.980639],[130.527609,32.980587],[130.527611,32.980544],[130.527614,32.980514],[130.527618,32.980502],[130.527629,32.980483],[130.527659,32.980428],[130.527669,32.980389],[130.527681,32.980338],[130.527694,32.980288],[130.527694,32.980228],[130.527696,32.980191],[130.527703,32.980147],[130.527721,32.980062],[130.52772,32.980044],[130.527693,32.979988],[130.52769,32.979977],[130.527692,32.979968],[130.527702,32.979943],[130.527704,32.979932],[130.527704,32.979926],[130.527701,32.97992],[130.527651,32.979876],[130.527642,32.979866],[130.527642,32.979859],[130.527648,32.979854],[130.527695,32.979834],[130.527703,32.979828],[130.527706,32.979817],[130.527703,32.979806],[130.52767,32.979779],[130.527625,32.979736],[130.527579,32.979687],[130.527576,32.979674],[130.527579,32.979666],[130.527596,32.97965],[130.52761,32.979635],[130.527612,32.979622],[130.527611,32.979609],[130.527614,32.979603],[130.52762,32.979602],[130.527668,32.979604],[130.52776,32.979606],[130.527802,32.9796],[130.527844,32.979589],[130.527885,32.979576],[130.527971,32.979537],[130.528036,32.979508],[130.528174,32.979437],[130.528236,32.979406],[130.528293,32.979385],[130.528484,32.979321],[130.528593,32.979289],[130.528663,32.979258],[130.528719,32.979224],[130.52877,32.979185],[130.528806,32.979155],[130.528868,32.97911],[130.528923,32.979074],[130.528954,32.979036],[130.528978,32.979007],[130.529014,32.978955],[130.529114,32.978794],[130.529168,32.978718],[130.529219,32.978673],[130.529245,32.978649],[130.529298,32.978598],[130.529364,32.978537],[130.529432,32.978474],[130.529438,32.978463],[130.529442,32.978438],[130.52944,32.978391],[130.529444,32.97837],[130.529448,32.97836],[130.529502,32.97832],[130.529544,32.978293],[130.529588,32.978263],[130.529623,32.978236],[130.529647,32.978226],[130.529699,32.978212],[130.529771,32.978197],[130.529855,32.97817],[130.529914,32.978148],[130.529948,32.978126],[130.529978,32.978103],[130.530009,32.978067],[130.53003,32.978047],[130.530078,32.978022],[130.530148,32.977991],[130.530235,32.977964],[130.530258,32.977956],[130.530279,32.977942],[130.530304,32.977923],[130.530329,32.977912],[130.530356,32.977903],[130.530396,32.977893],[130.530446,32.977874],[130.530526,32.977837],[130.530575,32.977814],[130.530602,32.977789],[130.530624,32.977749],[130.530652,32.977672],[130.530661,32.977628],[130.530667,32.977568],[130.530669,32.977546],[130.530678,32.977518],[130.530695,32.97747],[130.530703,32.977443],[130.530723,32.977413],[130.530759,32.977376],[130.530772,32.977352],[130.530777,32.977308],[130.53078,32.977244],[130.530793,32.977167],[130.530816,32.977064],[130.530825,32.976996],[130.53082,32.976958],[130.530808,32.976913],[130.530785,32.976854],[130.530711,32.976706],[130.530567,32.976408],[130.530451,32.976181],[130.530343,32.975991],[130.530289,32.9759],[130.530253,32.975847],[130.530215,32.975806],[130.530107,32.975702],[130.530086,32.975678],[130.530076,32.975655],[130.530073,32.975635],[130.530075,32.975619],[130.530083,32.975595],[130.530098,32.975547],[130.530109,32.975485],[130.530121,32.975437],[130.530132,32.97541],[130.530157,32.975367],[130.530176,32.975333],[130.530192,32.975288],[130.530216,32.975217],[130.530236,32.975154],[130.530241,32.975115],[130.530235,32.975091],[130.530219,32.97507],[130.53019,32.975052],[130.530133,32.975014],[130.530079,32.974962],[130.530017,32.974903],[130.529983,32.97485],[130.529968,32.974817],[130.529962,32.974791],[130.529955,32.974742],[130.529949,32.974696],[130.529942,32.974668],[130.529914,32.974585],[130.529898,32.974549],[130.529888,32.97453],[130.52987,32.974514],[130.529856,32.974505],[130.529831,32.974497],[130.529789,32.974493],[130.529731,32.974491],[130.529677,32.974484],[130.529633,32.974472],[130.529584,32.974448],[130.529525,32.974414],[130.529477,32.974381],[130.529444,32.974349],[130.529412,32.974314],[130.529384,32.974275],[130.529371,32.974257],[130.529357,32.97424],[130.529342,32.97423],[130.529322,32.974219],[130.529288,32.974201],[130.529268,32.974191],[130.529261,32.974187],[130.529207,32.974149],[130.529179,32.974117],[130.529151,32.974096],[130.52912,32.974075],[130.529093,32.97405],[130.52905,32.974005],[130.529023,32.973981],[130.528995,32.973962],[130.528953,32.973938],[130.528906,32.973908],[130.528832,32.973847],[130.528771,32.973805],[130.52868,32.973736],[130.528609,32.973683],[130.528551,32.973643],[130.528531,32.973628],[130.528512,32.973605],[130.528492,32.973577],[130.528471,32.97354],[130.528451,32.973504],[130.528423,32.973472],[130.528392,32.973441],[130.528362,32.973412],[130.528334,32.973386],[130.528309,32.973351],[130.528289,32.973313],[130.528269,32.973292],[130.528235,32.973269],[130.528184,32.973242],[130.528157,32.973223],[130.528121,32.973187],[130.528085,32.973143],[130.528056,32.973106],[130.527992,32.973038],[130.527938,32.97299],[130.527911,32.972964],[130.527866,32.972932],[130.527806,32.972899],[130.527777,32.972875],[130.527737,32.972824],[130.527666,32.972755],[130.527559,32.972672],[130.527491,32.972601],[130.527424,32.972532],[130.527366,32.972461],[130.527275,32.972383],[130.527146,32.972259],[130.527074,32.972198],[130.52701,32.972162],[130.526922,32.972124],[130.526846,32.972099],[130.526751,32.972087],[130.526677,32.972078],[130.526601,32.972059],[130.526577,32.97205],[130.526491,32.972014],[130.526343,32.971947],[130.526306,32.971924],[130.526295,32.971911],[130.526287,32.971892],[130.52628,32.971758],[130.526265,32.971714],[130.526207,32.971622],[130.526175,32.971569],[130.526119,32.971415],[130.526103,32.971381],[130.526002,32.97127],[130.525977,32.971246],[130.52581,32.97111],[130.525718,32.971033],[130.525635,32.970949],[130.525538,32.970844],[130.525485,32.970796],[130.525436,32.970758],[130.525367,32.970717],[130.525262,32.970644],[130.52523,32.970615],[130.525169,32.970536],[130.52507,32.970433],[130.524979,32.970332],[130.524959,32.970299],[130.524949,32.970272],[130.524943,32.970243],[130.524942,32.970171],[130.52495,32.970106],[130.524965,32.970036],[130.525,32.969927],[130.525006,32.969892],[130.525007,32.96987],[130.525001,32.969851],[130.524985,32.969822],[130.524961,32.969799],[130.524939,32.969789],[130.524886,32.969783],[130.524836,32.969778],[130.524807,32.969773],[130.524777,32.969762],[130.524758,32.969745],[130.524735,32.969696],[130.524676,32.969596],[130.524613,32.969493],[130.52459,32.96942],[130.524566,32.969359],[130.524538,32.969337],[130.524438,32.969274],[130.524371,32.969245],[130.524336,32.969235],[130.524256,32.969227],[130.524187,32.969218],[130.52417,32.969213],[130.524166,32.969208],[130.524168,32.969201],[130.524182,32.969196],[130.524228,32.969192],[130.524323,32.969181],[130.524434,32.969184],[130.524564,32.969194],[130.524653,32.969199],[130.524727,32.969193],[130.52481,32.969184],[130.524867,32.969173],[130.524901,32.969168],[130.524955,32.96917],[130.52501,32.969174],[130.525109,32.969186],[130.525218,32.969194],[130.525349,32.969207],[130.525397,32.969217],[130.525474,32.969241],[130.525546,32.969259],[130.525618,32.969291],[130.525656,32.969313],[130.525691,32.969326],[130.525727,32.969332],[130.525791,32.969335],[130.525829,32.969339],[130.525882,32.969354],[130.525934,32.969365],[130.525968,32.969369],[130.525999,32.969364],[130.526041,32.969356],[130.526073,32.969355],[130.526112,32.969359],[130.526169,32.969373],[130.526222,32.969389],[130.526256,32.969394],[130.52635,32.969406],[130.52642,32.969417],[130.526466,32.969427],[130.526504,32.969442],[130.52655,32.969466],[130.526567,32.969472],[130.526594,32.969475],[130.526657,32.969466],[130.526774,32.969441],[130.526889,32.969418],[130.526944,32.969397],[130.527034,32.969339],[130.526951,32.96921],[130.526813,32.968945],[130.526679,32.968658],[130.526622,32.968539],[130.526572,32.968462],[130.526469,32.968289],[130.5263,32.968001],[130.526119,32.967686],[130.525987,32.967472],[130.52588,32.967279],[130.525783,32.967103],[130.525708,32.966967],[130.525629,32.96684],[130.525516,32.966669],[130.525432,32.966556],[130.525319,32.966402],[130.525178,32.966235],[130.524972,32.965996],[130.524782,32.965808],[130.524674,32.96572],[130.524582,32.965629],[130.524414,32.965455],[130.524311,32.96535],[130.524167,32.965197],[130.523895,32.964904],[130.523605,32.964588],[130.523392,32.96436],[130.523174,32.964133],[130.522996,32.963954],[130.522836,32.963798],[130.522679,32.963641],[130.522506,32.963462],[130.522241,32.963211],[130.521937,32.962941],[130.521673,32.962683],[130.521524,32.962544],[130.521396,32.962418],[130.521291,32.962301],[130.521107,32.96211],[130.521079,32.962023],[130.521024,32.961854],[130.520974,32.961702],[130.520915,32.961548],[130.520809,32.961283],[130.520735,32.961078],[130.520661,32.960877],[130.520575,32.960635],[130.520452,32.960264],[130.520356,32.959985],[130.520279,32.959745],[130.520206,32.959694],[130.520094,32.959627],[130.519946,32.959737],[130.519864,32.959813],[130.51964,32.960041],[130.519414,32.960242],[130.519235,32.960388],[130.519103,32.96049],[130.518973,32.960566],[130.51887,32.960612],[130.518837,32.960617],[130.518734,32.960604],[130.51866,32.960603],[130.518596,32.960614],[130.518439,32.960675],[130.518071,32.960245],[130.517833,32.959934],[130.517656,32.959709],[130.517418,32.959495],[130.516979,32.959144],[130.516751,32.95899],[130.516493,32.95885],[130.516264,32.958725],[130.516453,32.958484],[130.516502,32.958423],[130.516391,32.958307],[130.516262,32.958169],[130.516111,32.957998],[130.51591,32.957766],[130.515773,32.957544],[130.515693,32.957441],[130.515643,32.957401],[130.515584,32.957363],[130.515561,32.957356],[130.515536,32.957358],[130.515489,32.957371],[130.515463,32.957376],[130.515431,32.957375],[130.515406,32.957367],[130.515352,32.957328],[130.51514,32.957164],[130.514833,32.956895],[130.514722,32.956797],[130.514586,32.956697],[130.514362,32.956529],[130.514175,32.956403],[130.514086,32.956343],[130.51404,32.956299],[130.513997,32.956245],[130.51394,32.956141],[130.51385,32.955964],[130.513747,32.955784],[130.513655,32.955644],[130.513503,32.955425],[130.513363,32.955231],[130.513216,32.955036],[130.51303,32.954823],[130.512803,32.954636],[130.512606,32.954446],[130.512407,32.954237],[130.512271,32.954068],[130.512207,32.953968],[130.512127,32.953798],[130.511975,32.953391],[130.51193,32.953232],[130.5119,32.953005],[130.51189,32.952926],[130.51185,32.952792],[130.511746,32.952432],[130.511707,32.952322],[130.511609,32.951992],[130.511546,32.951659],[130.511524,32.951413],[130.511539,32.951233],[130.511474,32.951155],[130.511344,32.950996],[130.511264,32.950876],[130.511159,32.950659],[130.511103,32.95052],[130.511007,32.950249],[130.510696,32.950253],[130.510374,32.950265],[130.510196,32.950263],[130.510157,32.950257],[130.510135,32.950244],[130.510024,32.950046],[130.510052,32.949988],[130.510095,32.94989],[130.510132,32.949821],[130.510305,32.949636],[130.510452,32.949451],[130.510603,32.949279],[130.510859,32.948993],[130.511052,32.948787],[130.511209,32.948617],[130.511161,32.948535],[130.511155,32.948513],[130.511158,32.948494],[130.511199,32.948441],[130.511288,32.948334],[130.511378,32.948242],[130.511385,32.94821],[130.511389,32.948076],[130.511383,32.947823],[130.511383,32.947733],[130.511388,32.947679],[130.511396,32.947653],[130.511414,32.947626],[130.511517,32.947512],[130.511581,32.947447],[130.511602,32.947406],[130.511607,32.947374],[130.511604,32.947346],[130.511591,32.947322],[130.511557,32.947282],[130.511296,32.947082],[130.511227,32.947038],[130.51119,32.947033],[130.511166,32.947036],[130.511142,32.947046],[130.511113,32.94708],[130.51108,32.947144],[130.511054,32.947181],[130.511041,32.94719],[130.511011,32.947198],[130.510967,32.947205],[130.510921,32.947206],[130.51085,32.947194],[130.51077,32.947167],[130.510689,32.94713],[130.510627,32.947089],[130.510557,32.94702],[130.510476,32.946942],[130.510436,32.946917],[130.510356,32.946877],[130.51027,32.946843],[130.510212,32.946828],[130.510162,32.946821],[130.510101,32.946813],[130.510042,32.946798],[130.509989,32.946778],[130.509947,32.946754],[130.509903,32.946717],[130.509838,32.946644],[130.50977,32.946545],[130.50974,32.946513],[130.50969,32.946472],[130.509594,32.946432],[130.50942,32.946334],[130.509345,32.9463],[130.509237,32.946262],[130.509172,32.946251],[130.509142,32.946252],[130.509104,32.946265],[130.509051,32.946288],[130.509,32.946295],[130.508855,32.946298],[130.508767,32.946293],[130.508707,32.94628],[130.508654,32.946257],[130.508588,32.946205],[130.50857,32.946186],[130.508564,32.946162],[130.508564,32.94614],[130.508578,32.946116],[130.50862,32.946071],[130.508659,32.946024],[130.508669,32.945965],[130.508664,32.945864],[130.508645,32.945773],[130.508625,32.945725],[130.508552,32.945616],[130.508522,32.945564],[130.508455,32.945424],[130.508357,32.945189],[130.508343,32.945138],[130.508343,32.945103],[130.508349,32.945076],[130.50837,32.945048],[130.50843,32.944996],[130.508504,32.944929],[130.508505,32.944927],[130.508521,32.9449],[130.508526,32.944871],[130.508523,32.944832],[130.508512,32.944769],[130.508495,32.944643],[130.508487,32.944574],[130.508476,32.944539],[130.508463,32.944516],[130.508438,32.944492],[130.508407,32.94447],[130.50836,32.944447],[130.508293,32.94442],[130.508258,32.9444],[130.508217,32.944368],[130.508146,32.944295],[130.508059,32.944159],[130.508038,32.944136],[130.507995,32.944087],[130.507844,32.94413],[130.507716,32.943984],[130.507627,32.943909],[130.507531,32.943845],[130.507486,32.943823],[130.50745,32.943814],[130.507364,32.943808],[130.507139,32.943803],[130.507119,32.943791],[130.507075,32.943749],[130.507052,32.943711],[130.507046,32.943685],[130.507047,32.943671],[130.507061,32.943652],[130.507107,32.943604],[130.507245,32.943504],[130.507214,32.943478],[130.507176,32.943443],[130.50715,32.943399],[130.507103,32.943308],[130.507085,32.94329],[130.507054,32.943277],[130.506998,32.943268],[130.506817,32.943269],[130.50678,32.943263],[130.506739,32.943234],[130.506647,32.943162],[130.506596,32.94314],[130.506489,32.94311],[130.506428,32.943099],[130.506368,32.943099],[130.506249,32.943124],[130.506087,32.943149],[130.506024,32.943099],[130.505876,32.943011],[130.505751,32.942912],[130.505686,32.942946],[130.505535,32.942784],[130.505499,32.942653],[130.50545,32.942479],[130.505445,32.942401],[130.505458,32.942307],[130.505483,32.942214],[130.505505,32.942159],[130.505588,32.942013],[130.505587,32.942002],[130.505536,32.941977],[130.505505,32.941957],[130.505484,32.941937],[130.505471,32.941917],[130.505456,32.941853],[130.505448,32.941793],[130.505444,32.94175],[130.505436,32.941707],[130.505437,32.941688],[130.505472,32.941563],[130.505533,32.94132],[130.505575,32.941155],[130.505581,32.941101],[130.505563,32.940991],[130.505521,32.940863],[130.505479,32.940775],[130.505368,32.940617],[130.505348,32.940602],[130.505328,32.940603],[130.505285,32.940635],[130.505217,32.940668],[130.505148,32.940685],[130.505059,32.940687],[130.505178,32.94047],[130.505225,32.940372],[130.505223,32.940362],[130.505131,32.940343],[130.50511,32.940336],[130.505096,32.94032],[130.505075,32.940257],[130.505042,32.940163],[130.505004,32.940088],[130.504982,32.940069],[130.504962,32.940066],[130.504945,32.940075],[130.504915,32.940233],[130.504875,32.940467],[130.504852,32.940525],[130.504837,32.940548],[130.504783,32.940585],[130.504741,32.940603],[130.504693,32.940602],[130.504478,32.940567],[130.504386,32.940558],[130.504339,32.94056],[130.504296,32.940565],[130.504265,32.940576],[130.504234,32.940593],[130.504204,32.940619],[130.504185,32.940648],[130.504177,32.940678],[130.504172,32.940734],[130.504177,32.94079],[130.504161,32.940813],[130.504141,32.940819],[130.503926,32.94078],[130.503875,32.94078],[130.503845,32.940794],[130.503768,32.940912],[130.503702,32.940991],[130.503686,32.941],[130.503676,32.940997],[130.503672,32.940989],[130.503682,32.940927],[130.503713,32.940773],[130.503706,32.940763],[130.50349,32.9407],[130.503356,32.940681],[130.503257,32.940664],[130.503034,32.94058],[130.502947,32.940567],[130.5028,32.940593],[130.502472,32.940664],[130.502284,32.9407],[130.502257,32.940648],[130.50214,32.940631],[130.501934,32.940616],[130.501483,32.940621],[130.501193,32.940593],[130.500926,32.94059],[130.500783,32.940597],[130.500633,32.940611],[130.50048,32.940633],[130.500267,32.940681],[130.500027,32.940741],[130.4999,32.940707],[130.499569,32.940839],[130.499534,32.940848],[130.499275,32.940851],[130.499097,32.94086],[130.499062,32.940856],[130.499042,32.940846],[130.499035,32.940829],[130.499041,32.940722],[130.499078,32.940457],[130.499106,32.940308],[130.499132,32.94016],[130.499168,32.939997],[130.499173,32.939908],[130.499168,32.939873],[130.499158,32.939839],[130.499119,32.939748],[130.499067,32.939642],[130.499055,32.93959],[130.499047,32.939526],[130.499038,32.939448],[130.499012,32.939322],[130.498972,32.939166],[130.498937,32.939056],[130.498891,32.93894],[130.498852,32.938845],[130.498831,32.938779],[130.498826,32.938733],[130.498832,32.93868],[130.498841,32.938616],[130.498843,32.938563],[130.498836,32.938521],[130.4988,32.938445],[130.498759,32.938369],[130.498662,32.938275],[130.498596,32.938179],[130.498572,32.938158],[130.498527,32.938138],[130.498442,32.938086],[130.49835,32.938009],[130.498299,32.937952],[130.498245,32.937866],[130.498213,32.937786],[130.49818,32.937729],[130.498139,32.937695],[130.498068,32.937656],[130.497838,32.937549],[130.497802,32.937513],[130.497746,32.937372],[130.497722,32.937324],[130.497601,32.937213],[130.497579,32.937185],[130.497527,32.937047],[130.497435,32.936895],[130.497355,32.936806],[130.497234,32.936643],[130.497187,32.936586],[130.497155,32.936571],[130.496995,32.93657],[130.496973,32.936642],[130.49695,32.936675],[130.49689,32.936754],[130.4968,32.936843],[130.496786,32.936852],[130.496743,32.936855],[130.49673,32.936856],[130.49672,32.936867],[130.496694,32.936999],[130.49668,32.937026],[130.496659,32.937043],[130.496534,32.937092],[130.496511,32.937104],[130.496507,32.937112],[130.496543,32.937259],[130.496549,32.937314],[130.496547,32.937347],[130.496525,32.937415],[130.496467,32.937584],[130.496428,32.937687],[130.496407,32.937725],[130.49638,32.937754],[130.496235,32.937886],[130.49607,32.93803],[130.495866,32.938229],[130.495801,32.938303],[130.49578,32.938336],[130.495767,32.93839],[130.495754,32.938535],[130.495748,32.938561],[130.495738,32.938578],[130.495559,32.938671],[130.495568,32.93885],[130.495482,32.938879],[130.495382,32.938905],[130.495112,32.938937],[130.495082,32.938936],[130.495064,32.938925],[130.494989,32.93885],[130.494972,32.938844],[130.494821,32.938842],[130.494678,32.938846],[130.494568,32.938855],[130.494515,32.938863],[130.494401,32.938896],[130.494277,32.93894],[130.494033,32.939031],[130.493833,32.939104],[130.493781,32.939119],[130.49376,32.939122],[130.49363,32.939114],[130.493553,32.939109],[130.493473,32.939093],[130.493361,32.939052],[130.49328,32.939012],[130.493128,32.938919],[130.493054,32.938885],[130.493023,32.938871],[130.492994,32.938869],[130.492923,32.938874],[130.492849,32.938888],[130.492771,32.938915],[130.49262,32.938985],[130.492575,32.939018],[130.492493,32.939115],[130.492375,32.939255],[130.492312,32.939365],[130.492278,32.939406],[130.49226,32.939421],[130.492221,32.939439],[130.491927,32.93957],[130.491811,32.939629],[130.491792,32.939643],[130.49179,32.939658],[130.491901,32.939953],[130.491917,32.94002],[130.49191,32.940031],[130.491721,32.940076],[130.491696,32.940089],[130.491686,32.940107],[130.491687,32.94013],[130.491724,32.940181],[130.491874,32.940326],[130.491896,32.940358],[130.491925,32.940462],[130.491928,32.940491],[130.491919,32.940503],[130.491654,32.940588],[130.491603,32.94061],[130.491577,32.940628],[130.491554,32.940663],[130.491544,32.940695],[130.491545,32.940715],[130.491563,32.940751],[130.491601,32.940847],[130.491598,32.940869],[130.49159,32.940886],[130.491536,32.940932],[130.4915,32.940964],[130.491489,32.94099],[130.491492,32.941016],[130.491552,32.941128],[130.491641,32.941248],[130.491731,32.941363],[130.491826,32.941459],[130.491929,32.941576],[130.492007,32.941656],[130.492086,32.941723],[130.492118,32.941747],[130.49222,32.941798],[130.492324,32.941846],[130.492337,32.941862],[130.492342,32.941885],[130.492346,32.941944],[130.492351,32.941973],[130.492361,32.941995],[130.4924,32.942038],[130.492595,32.942229],[130.49271,32.942344],[130.492751,32.942375],[130.492826,32.942418],[130.492926,32.942477],[130.493043,32.942568],[130.493124,32.94264],[130.493206,32.942696],[130.493373,32.942817],[130.49341,32.942834],[130.493446,32.942836],[130.493565,32.942818],[130.493715,32.942933],[130.493752,32.943023],[130.493781,32.943085],[130.493897,32.943257],[130.494013,32.943497],[130.494115,32.943722],[130.494157,32.943844],[130.494186,32.943957],[130.49422,32.944163],[130.494229,32.944203],[130.49424,32.944221],[130.494281,32.944263],[130.494398,32.944382],[130.494537,32.944661],[130.494603,32.944769],[130.494664,32.944835],[130.494708,32.944872],[130.49472,32.944882],[130.494822,32.944944],[130.495064,32.945076],[130.495662,32.94541],[130.495988,32.945606],[130.496551,32.94582],[130.497449,32.946149],[130.497333,32.946368],[130.497159,32.946568],[130.496831,32.946644],[130.496762,32.946737],[130.496721,32.946778],[130.4966,32.94686],[130.496607,32.946894],[130.496606,32.946936],[130.496594,32.946967],[130.496539,32.947059],[130.496493,32.947159],[130.496457,32.94728],[130.496453,32.947329],[130.496455,32.947402],[130.496465,32.947509],[130.496465,32.947552],[130.496457,32.947606],[130.496435,32.947675],[130.496425,32.94769],[130.496308,32.947782],[130.496265,32.947819],[130.496241,32.947853],[130.496158,32.947995],[130.496131,32.948027],[130.496087,32.948058],[130.496024,32.948086],[130.496014,32.948103],[130.496018,32.948222],[130.496015,32.948283],[130.496003,32.948333],[130.495985,32.948372],[130.495958,32.948413],[130.495939,32.948444],[130.495934,32.94847],[130.495937,32.948499],[130.495945,32.948561],[130.495942,32.948658],[130.495926,32.948738],[130.495888,32.948885],[130.495864,32.948947],[130.495836,32.948993],[130.495792,32.949044],[130.495739,32.949101],[130.495715,32.94914],[130.495705,32.949177],[130.495702,32.949254],[130.495705,32.949339],[130.495701,32.949371],[130.49569,32.949407],[130.495662,32.949468],[130.495652,32.949496],[130.495647,32.949535],[130.495653,32.949603],[130.495653,32.949671],[130.495639,32.949739],[130.495621,32.949794],[130.495581,32.94988],[130.4955,32.950006],[130.495333,32.950258],[130.495232,32.950434],[130.495165,32.950558],[130.495123,32.950677],[130.495103,32.950774],[130.495101,32.950882],[130.495109,32.950966],[130.495135,32.951097],[130.495198,32.951354],[130.495282,32.951689],[130.495333,32.951918],[130.495338,32.952025],[130.495332,32.952083],[130.495319,32.952118],[130.495216,32.952298],[130.495168,32.952413],[130.495152,32.952479],[130.495158,32.95271],[130.495026,32.952682],[130.494665,32.952583],[130.494568,32.952548],[130.49442,32.952478],[130.494241,32.952405],[130.494099,32.952355],[130.493874,32.952289],[130.493794,32.952255],[130.493734,32.95222],[130.493689,32.95218],[130.493661,32.952137],[130.493645,32.952087],[130.493615,32.951941],[130.49356,32.951681],[130.493533,32.95159],[130.493505,32.951531],[130.493479,32.951485],[130.493425,32.951422],[130.493295,32.951284],[130.493023,32.951009],[130.492937,32.950928],[130.492846,32.950846],[130.492788,32.950803],[130.492633,32.950724],[130.492443,32.950629],[130.492354,32.95058],[130.4923,32.950536],[130.492268,32.950499],[130.492245,32.950456],[130.492193,32.950302],[130.492127,32.950027],[130.492114,32.949922],[130.49209,32.94978],[130.492078,32.949727],[130.492045,32.949658],[130.49198,32.94957],[130.491923,32.949511],[130.491852,32.949463],[130.491771,32.949419],[130.491616,32.94935],[130.491491,32.949292],[130.491345,32.949198],[130.491067,32.949009],[130.490877,32.948909],[130.490759,32.948857],[130.490678,32.948828],[130.490631,32.948822],[130.490591,32.948823],[130.490542,32.948831],[130.490477,32.948856],[130.490281,32.948937],[130.490096,32.949023],[130.489778,32.949174],[130.489681,32.949201],[130.489622,32.949207],[130.489545,32.949206],[130.488996,32.949164],[130.48851,32.949129],[130.488324,32.949111],[130.488206,32.949093],[130.488078,32.949064],[130.487911,32.949009],[130.487745,32.948947],[130.487442,32.948835],[130.48732,32.948793],[130.487249,32.94878],[130.487171,32.948775],[130.487027,32.948778],[130.486959,32.94884],[130.486848,32.948985],[130.486751,32.949132],[130.486669,32.949291],[130.486637,32.949357],[130.486618,32.949413],[130.486571,32.949551],[130.486355,32.949641],[130.486189,32.949721],[130.486127,32.949736],[130.486078,32.949741],[130.486023,32.949742],[130.485957,32.949739],[130.485907,32.949732],[130.485763,32.949703],[130.485633,32.949672],[130.485418,32.949622],[130.485144,32.949582],[130.484982,32.949566],[130.484848,32.949563],[130.484724,32.949569],[130.484662,32.949565],[130.484496,32.94953],[130.484336,32.949498],[130.484267,32.949498],[130.484225,32.949492],[130.484145,32.949465],[130.484104,32.949456],[130.484057,32.949454],[130.483993,32.949459],[130.483923,32.949468],[130.483878,32.949469],[130.483811,32.949462],[130.483726,32.949455],[130.483672,32.949461],[130.483568,32.949482],[130.483345,32.949542],[130.483254,32.949572],[130.483016,32.949773],[130.482715,32.950004],[130.482558,32.950064],[130.482465,32.950133],[130.48234,32.950249],[130.482264,32.950345],[130.482159,32.95048],[130.482103,32.950474],[130.482058,32.950464],[130.481984,32.95043],[130.481814,32.95033],[130.481648,32.950235],[130.481584,32.950192],[130.481538,32.950148],[130.481433,32.950015],[130.481372,32.949932],[130.481314,32.949826],[130.481297,32.94978],[130.481286,32.949713],[130.481197,32.949657],[130.481093,32.94961],[130.480854,32.949528],[130.480671,32.949462],[130.48055,32.949424],[130.480412,32.949398],[130.480356,32.949363],[130.480311,32.949348],[130.480261,32.949341],[130.480241,32.949333],[130.480167,32.949268],[130.480122,32.949244],[130.480036,32.949216],[130.479964,32.949342],[130.479893,32.949328],[130.479775,32.949316],[130.479733,32.949376],[130.479544,32.94928],[130.479412,32.949222],[130.479332,32.949194],[130.479296,32.949192],[130.479154,32.9492],[130.479064,32.949193],[130.47897,32.949169],[130.478642,32.949062],[130.478547,32.949002],[130.478414,32.948996],[130.478301,32.948968],[130.478031,32.948878],[130.477753,32.948781],[130.477618,32.948733],[130.477554,32.948733],[130.477511,32.948744],[130.477328,32.948825],[130.477139,32.948882],[130.476909,32.948985],[130.47676,32.949043],[130.476928,32.949741],[130.476993,32.949953],[130.477036,32.950061],[130.477133,32.950262],[130.477259,32.950494],[130.477274,32.950545],[130.477309,32.950718],[130.477322,32.950808],[130.477325,32.950918],[130.477334,32.95103],[130.477326,32.951105],[130.477293,32.951306],[130.477258,32.951561],[130.477242,32.951707],[130.47723,32.951874],[130.477021,32.951867],[130.476793,32.951781],[130.476566,32.951694],[130.476419,32.951622],[130.476344,32.951577],[130.476247,32.951491],[130.476167,32.951416],[130.476085,32.951334],[130.476055,32.951314],[130.475782,32.951384],[130.475706,32.951271],[130.475608,32.951117],[130.475486,32.950922],[130.475352,32.950775],[130.475198,32.950617],[130.47514,32.950573],[130.475001,32.950477],[130.474852,32.950359],[130.474785,32.950294],[130.474739,32.950239],[130.474655,32.950107],[130.474516,32.949905],[130.474458,32.949826],[130.474412,32.949788],[130.474345,32.949754],[130.474214,32.949721],[130.474109,32.949642],[130.473953,32.94955],[130.473865,32.949481],[130.473798,32.949418],[130.473681,32.949269],[130.473659,32.949242],[130.47365,32.949212],[130.473647,32.949179],[130.473655,32.949111],[130.473658,32.949055],[130.473651,32.949011],[130.473627,32.948973],[130.473552,32.948879],[130.47341,32.948699],[130.473271,32.948529],[130.473085,32.948309],[130.472943,32.948139],[130.472747,32.947911],[130.472506,32.947632],[130.472326,32.947436],[130.472166,32.947243],[130.472069,32.947137],[130.471995,32.947059],[130.471883,32.946961],[130.47162,32.946746],[130.471502,32.946669],[130.471301,32.946495],[130.471161,32.94635],[130.471034,32.946205],[130.47085,32.945976],[130.470449,32.9455],[130.470282,32.945581],[130.470261,32.945591],[130.470205,32.945602],[130.47002,32.94563],[130.469952,32.945644],[130.469861,32.945689],[130.469778,32.945757],[130.469767,32.945716],[130.469784,32.94563],[130.468839,32.945542],[130.468825,32.945666],[130.468783,32.945979],[130.468754,32.946206],[130.468215,32.94616],[130.467681,32.946116],[130.467234,32.946069],[130.467013,32.946042],[130.466933,32.946068],[130.466885,32.946099],[130.466864,32.946102],[130.466829,32.946096],[130.466717,32.946055],[130.466635,32.946034],[130.466525,32.946018],[130.466494,32.946011],[130.466481,32.945996],[130.466478,32.945976],[130.466538,32.945843],[130.4666,32.945683],[130.46662,32.945641],[130.466647,32.945603],[130.466683,32.945563],[130.466698,32.945533],[130.466719,32.945456],[130.46673,32.945429],[130.466778,32.945344],[130.466823,32.945269],[130.466865,32.945159],[130.466871,32.94512],[130.466869,32.94503],[130.466879,32.944896],[130.466902,32.944756],[130.466905,32.944737],[130.466917,32.944654],[130.466928,32.944605],[130.466941,32.944562],[130.466972,32.944478],[130.466981,32.944441],[130.466987,32.944339],[130.466999,32.944239],[130.467026,32.944162],[130.467072,32.944085],[130.467162,32.943981],[130.46723,32.94392],[130.467318,32.943866],[130.467459,32.943805],[130.467563,32.943743],[130.467638,32.94368],[130.467709,32.943591],[130.4678,32.943441],[130.46786,32.943329],[130.467907,32.943228],[130.467915,32.943184],[130.467917,32.94313],[130.46793,32.943039],[130.467943,32.942996],[130.467968,32.942938],[130.468034,32.942822],[130.468072,32.942712],[130.468093,32.942611],[130.468096,32.942523],[130.468085,32.94246],[130.468063,32.942399],[130.468036,32.942344],[130.467988,32.942279],[130.46789,32.942158],[130.467733,32.941977],[130.467487,32.941709],[130.467364,32.941568],[130.467322,32.941504],[130.467281,32.941431],[130.46724,32.941309],[130.467202,32.941218],[130.467159,32.941166],[130.466858,32.940988],[130.466621,32.940861],[130.466358,32.940745],[130.466104,32.940647],[130.466051,32.940617],[130.466005,32.940573],[130.465845,32.940349],[130.465793,32.940241],[130.465767,32.939938],[130.465782,32.939779],[130.465846,32.939499],[130.465611,32.939427],[130.465505,32.939382],[130.465422,32.939332],[130.465377,32.939285],[130.465289,32.939141],[130.465249,32.939075],[130.465213,32.939077],[130.46508,32.939109],[130.465103,32.939172],[130.465105,32.939191],[130.465112,32.939217],[130.465113,32.939239],[130.465117,32.939267],[130.465121,32.939285],[130.46514,32.939333],[130.465229,32.939548],[130.465286,32.939675],[130.465426,32.940014],[130.465456,32.940074],[130.465463,32.940104],[130.465586,32.940397],[130.46565,32.940544],[130.465681,32.940597],[130.465706,32.940633],[130.465735,32.94067],[130.465771,32.940705],[130.465821,32.940741],[130.465905,32.940798],[130.466063,32.940896],[130.466181,32.940966],[130.466195,32.940952],[130.466201,32.940951],[130.466206,32.940952],[130.46621,32.940953],[130.466547,32.941151],[130.466999,32.94142],[130.467187,32.941575],[130.467373,32.941768],[130.467664,32.942248],[130.467678,32.942306],[130.467684,32.942594],[130.467675,32.943013],[130.467646,32.943137],[130.467637,32.943181],[130.46762,32.943235],[130.467574,32.943336],[130.467531,32.943424],[130.467463,32.943511],[130.467358,32.94362],[130.466995,32.94393],[130.466891,32.944057],[130.466845,32.944125],[130.466789,32.944224],[130.466757,32.94433],[130.466703,32.944603],[130.466663,32.944755],[130.466582,32.945173],[130.466476,32.945611],[130.466443,32.945758],[130.466407,32.945893],[130.466258,32.946299],[130.466194,32.946449],[130.466185,32.946479],[130.466183,32.946515],[130.466186,32.946553],[130.466192,32.946586],[130.466209,32.946648],[130.466221,32.946684],[130.466371,32.946986],[130.466477,32.947217],[130.466506,32.947301],[130.466526,32.947397],[130.466535,32.947511],[130.466539,32.947795],[130.466535,32.947913],[130.466528,32.948168],[130.466497,32.948174],[130.46651,32.948406],[130.466535,32.948602],[130.466557,32.948737],[130.46661,32.948956],[130.466699,32.949233],[130.466712,32.949231],[130.466741,32.949324],[130.46679,32.949458],[130.4668,32.949494],[130.466801,32.949614],[130.466792,32.949729],[130.466779,32.949817],[130.466767,32.94985],[130.466716,32.94999],[130.466687,32.950058],[130.46666,32.950091],[130.466587,32.950162],[130.466578,32.950171],[130.466527,32.950198],[130.466471,32.950256],[130.466432,32.950297],[130.46635,32.950369],[130.4663,32.950412],[130.466267,32.950438],[130.466244,32.950455],[130.466212,32.950478],[130.466026,32.950604],[130.466005,32.950617],[130.465895,32.950675],[130.465876,32.950686],[130.465863,32.950695],[130.4658,32.950754],[130.465779,32.95077],[130.46576,32.95078],[130.465606,32.950853],[130.46559,32.950858],[130.465573,32.95086],[130.465562,32.95086],[130.46554,32.950857],[130.465525,32.950854],[130.465506,32.950847],[130.465501,32.950844],[130.465495,32.950839],[130.465479,32.95082],[130.465336,32.950633],[130.465315,32.950606],[130.465283,32.950567],[130.46528,32.950563],[130.465211,32.950513],[130.465157,32.950474],[130.46511,32.950439],[130.465075,32.950404],[130.465038,32.950364],[130.464993,32.950308],[130.464945,32.950241],[130.464947,32.949893],[130.464941,32.949888],[130.464772,32.950041],[130.46476,32.950045],[130.464422,32.949744],[130.464177,32.949532],[130.464034,32.9494],[130.463997,32.949365],[130.463992,32.949352],[130.46398,32.949336],[130.463968,32.949323],[130.463953,32.949311],[130.463934,32.949297],[130.46389,32.949268],[130.463865,32.949252],[130.463844,32.949234],[130.463818,32.949214],[130.463742,32.949153],[130.463714,32.949135],[130.463664,32.949108],[130.463593,32.949069],[130.463518,32.949033],[130.463423,32.948989],[130.463329,32.948945],[130.46324,32.948903],[130.463103,32.948841],[130.462931,32.948761],[130.462887,32.948737],[130.462858,32.948721],[130.462806,32.948695],[130.462802,32.948693],[130.462723,32.948635],[130.462705,32.948626],[130.46266,32.948491],[130.46265,32.948454],[130.462654,32.948418],[130.462698,32.948343],[130.46274,32.948319],[130.462852,32.948244],[130.462914,32.948209],[130.462993,32.948162],[130.463089,32.948065],[130.463168,32.948011],[130.463237,32.947975],[130.463328,32.947945],[130.463395,32.947913],[130.46343,32.947871],[130.463474,32.947805],[130.46351,32.947784],[130.463587,32.947655],[130.463591,32.947629],[130.463583,32.947571],[130.463571,32.947487],[130.463569,32.947471],[130.463446,32.947366],[130.463279,32.947208],[130.46312,32.947066],[130.462984,32.946938],[130.462877,32.946834],[130.462809,32.946762],[130.462644,32.946606],[130.462531,32.946506],[130.462486,32.946444],[130.462485,32.946436],[130.462479,32.946419],[130.462475,32.946396],[130.462476,32.946362],[130.462482,32.946335],[130.462494,32.946319],[130.462509,32.94631],[130.462537,32.946301],[130.462558,32.94629],[130.462612,32.946254],[130.462634,32.946243],[130.462702,32.946207],[130.462733,32.946193],[130.462779,32.946177],[130.462851,32.946159],[130.462983,32.946132],[130.463105,32.94615],[130.463113,32.946151],[130.463163,32.946155],[130.463177,32.946148],[130.463177,32.946124],[130.463157,32.945989],[130.463141,32.945957],[130.463142,32.945906],[130.463138,32.945843],[130.463136,32.945743],[130.463135,32.945632],[130.463133,32.945602],[130.463117,32.945542],[130.463115,32.945514],[130.463122,32.945435],[130.463124,32.945418],[130.463168,32.945336],[130.463191,32.945289],[130.463231,32.945206],[130.463273,32.945124],[130.463306,32.945078],[130.463387,32.945011],[130.463498,32.944938],[130.463537,32.944899],[130.463552,32.944873],[130.463559,32.944706],[130.463558,32.944641],[130.463568,32.944622],[130.46361,32.94455],[130.463646,32.94447],[130.463664,32.944403],[130.463699,32.944269],[130.463698,32.944229],[130.463698,32.94421],[130.463694,32.944156],[130.463687,32.944122],[130.463679,32.944094],[130.463667,32.944062],[130.463654,32.944036],[130.463621,32.94398],[130.463593,32.943926],[130.463565,32.943835],[130.463543,32.943784],[130.463533,32.943766],[130.463523,32.943751],[130.463508,32.943731],[130.4635,32.943721],[130.463433,32.943675],[130.463328,32.943561],[130.46331,32.943544],[130.463295,32.943553],[130.463196,32.94361],[130.463188,32.94361],[130.463176,32.943589],[130.463131,32.943619],[130.463083,32.94364],[130.463074,32.943643],[130.462951,32.943522],[130.462938,32.94351],[130.462923,32.943503],[130.462906,32.943502],[130.462788,32.943518],[130.462765,32.943522],[130.46275,32.943497],[130.462757,32.94349],[130.462762,32.943481],[130.462765,32.943473],[130.462766,32.943463],[130.462793,32.943109],[130.462727,32.943132],[130.462652,32.943165],[130.462599,32.943179],[130.462549,32.943195],[130.46249,32.943204],[130.462414,32.943203],[130.462345,32.943199],[130.462269,32.943185],[130.462198,32.943167],[130.46214,32.943131],[130.462106,32.943128],[130.462066,32.943131],[130.462016,32.943143],[130.461976,32.943159],[130.46193,32.943191],[130.461847,32.94325],[130.461723,32.943354],[130.461639,32.943426],[130.461567,32.94349],[130.461514,32.943525],[130.461464,32.943551],[130.461369,32.94359],[130.461268,32.943628],[130.461194,32.943658],[130.461096,32.943684],[130.461035,32.943693],[130.460999,32.943693],[130.460957,32.943687],[130.460907,32.943671],[130.460823,32.943632],[130.46075,32.943594],[130.460629,32.943507],[130.46057,32.943477],[130.460499,32.943452],[130.460424,32.943423],[130.460398,32.943417],[130.46034,32.943412],[130.460164,32.943409],[130.460084,32.943408],[130.459949,32.943566],[130.459939,32.943582],[130.459917,32.943571],[130.459875,32.943617],[130.459812,32.943631],[130.459776,32.94359],[130.459726,32.943317],[130.459654,32.94296],[130.459626,32.942821],[130.459639,32.942819],[130.459622,32.942787],[130.459582,32.942626],[130.459601,32.942577],[130.4596,32.942559],[130.459602,32.942455],[130.459604,32.942423],[130.459607,32.942405],[130.459611,32.942384],[130.459617,32.942363],[130.459628,32.942338],[130.459711,32.942201],[130.459796,32.942083],[130.459749,32.941927],[130.459738,32.941918],[130.459724,32.94192],[130.459681,32.941951],[130.459643,32.941974],[130.459601,32.941983],[130.459555,32.941974],[130.45952,32.941951],[130.459509,32.941919],[130.459552,32.941811],[130.459569,32.941804],[130.459688,32.941817],[130.459733,32.941808],[130.459768,32.941798],[130.459802,32.941773],[130.459808,32.941752],[130.459802,32.941734],[130.459799,32.941724],[130.459773,32.941715],[130.459711,32.941693],[130.459697,32.941685],[130.459662,32.941658],[130.459645,32.941646],[130.459477,32.94153],[130.459464,32.941524],[130.459455,32.94152],[130.459443,32.941517],[130.459429,32.941514],[130.459415,32.941511],[130.459385,32.94151],[130.459362,32.941511],[130.459341,32.941513],[130.459251,32.941242],[130.459267,32.941238],[130.459342,32.941202],[130.459357,32.941236],[130.459437,32.941305],[130.45947,32.941343],[130.459487,32.941376],[130.459493,32.941402],[130.459487,32.941429],[130.459803,32.941435],[130.459942,32.941432],[130.459963,32.941426],[130.460009,32.941411],[130.460007,32.941392],[130.459998,32.941313],[130.459995,32.941279],[130.459994,32.941249],[130.459993,32.941221],[130.459995,32.941196],[130.459997,32.941153],[130.459996,32.940964],[130.459998,32.940713],[130.459999,32.940658],[130.46,32.940576],[130.460001,32.940553],[130.460002,32.940471],[130.460001,32.940448],[130.459999,32.940431],[130.459996,32.940412],[130.459991,32.940395],[130.459973,32.940358],[130.459959,32.940315],[130.459941,32.94027],[130.459922,32.940225],[130.459904,32.940188],[130.459852,32.940095],[130.459829,32.940048],[130.459822,32.94003],[130.459815,32.940007],[130.459811,32.939983],[130.45981,32.939962],[130.459811,32.939948],[130.459816,32.93988],[130.459819,32.939847],[130.459827,32.939763],[130.459835,32.939692],[130.459859,32.939624],[130.459425,32.939621],[130.459363,32.939633],[130.459292,32.939662],[130.459223,32.939703],[130.45907,32.939625],[130.459006,32.939659],[130.458895,32.939713],[130.45882,32.939744],[130.458787,32.939752],[130.458714,32.939748],[130.458641,32.939854],[130.458504,32.939825],[130.458444,32.939986],[130.458288,32.939961],[130.458258,32.940212],[130.458382,32.940292],[130.45839,32.940304],[130.458388,32.940318],[130.458335,32.94038],[130.458159,32.940558],[130.458054,32.940728],[130.457983,32.940816],[130.457411,32.94066],[130.457175,32.940877],[130.457389,32.94105],[130.457506,32.941139],[130.457557,32.941171],[130.457644,32.941213],[130.45783,32.941302],[130.457724,32.94139],[130.457711,32.941418],[130.457706,32.941463],[130.457702,32.941508],[130.457685,32.94156],[130.457759,32.941618],[130.457824,32.941688],[130.45792,32.941787],[130.458021,32.941917],[130.457942,32.941968],[130.458008,32.942064],[130.457857,32.942418],[130.457922,32.942439],[130.457884,32.942536],[130.457723,32.942485],[130.457409,32.943309],[130.457193,32.943114],[130.457144,32.943101],[130.457093,32.943097],[130.457068,32.94318],[130.45697,32.943195],[130.456933,32.943216],[130.456896,32.943263],[130.456797,32.943438],[130.456766,32.943479],[130.456736,32.943507],[130.456686,32.943539],[130.456652,32.943563],[130.456624,32.943596],[130.456566,32.943698],[130.456535,32.943749],[130.456515,32.94377],[130.456434,32.943824],[130.456363,32.943884],[130.456276,32.943966],[130.456172,32.944037],[130.456066,32.944101],[130.455943,32.94418],[130.455735,32.944319],[130.455695,32.944358],[130.455679,32.944385],[130.45567,32.944447],[130.455656,32.944577],[130.455468,32.944563],[130.455465,32.944421],[130.455366,32.944383],[130.455164,32.944497],[130.455024,32.944391],[130.455164,32.944311],[130.455376,32.944201],[130.455441,32.944168],[130.455549,32.944117],[130.455641,32.944069],[130.45567,32.944048],[130.455689,32.944026],[130.455705,32.943987],[130.455726,32.943931],[130.455747,32.943886],[130.455796,32.943813],[130.455839,32.943767],[130.455898,32.943716],[130.455964,32.943673],[130.456045,32.943621],[130.456088,32.94358],[130.456096,32.943568],[130.456139,32.943506],[130.456153,32.943471],[130.456158,32.943427],[130.456164,32.943402],[130.456309,32.943226],[130.456391,32.943104],[130.456403,32.943036],[130.456443,32.942956],[130.456486,32.942842],[130.456502,32.942729],[130.456495,32.942681],[130.456471,32.942661],[130.456108,32.942661],[130.45593,32.942638],[130.455839,32.942643],[130.45567,32.942674],[130.455571,32.942694],[130.455493,32.942719],[130.455433,32.942749],[130.455373,32.942796],[130.455315,32.942868],[130.455264,32.942922],[130.455168,32.943014],[130.455156,32.943045],[130.455161,32.943072],[130.45519,32.943102],[130.455216,32.943115],[130.45533,32.943139],[130.455302,32.943575],[130.45509,32.943638],[130.454885,32.943453],[130.454783,32.943374],[130.454699,32.943316],[130.454577,32.943271],[130.454536,32.943257],[130.454505,32.943256],[130.454473,32.94327],[130.45442,32.943309],[130.454312,32.943394],[130.454251,32.943452],[130.454239,32.943475],[130.45424,32.9435],[130.454265,32.943537],[130.454334,32.943605],[130.454386,32.943645],[130.454439,32.943671],[130.454509,32.943704],[130.454554,32.943742],[130.454603,32.943791],[130.45464,32.943836],[130.454683,32.943895],[130.454753,32.943978],[130.454797,32.944015],[130.454817,32.94402],[130.454914,32.943972],[130.454976,32.94395],[130.455003,32.943954],[130.455078,32.944038],[130.45508,32.944065],[130.455072,32.944094],[130.455018,32.944179],[130.454995,32.944205],[130.454961,32.944219],[130.454915,32.944228],[130.454813,32.944238],[130.454753,32.944251],[130.454695,32.944269],[130.454658,32.944288],[130.454528,32.944363],[130.454477,32.944391],[130.454449,32.944397],[130.454419,32.944395],[130.454381,32.944386],[130.454347,32.944385],[130.454323,32.944392],[130.454181,32.944514],[130.454318,32.944614],[130.454413,32.944522],[130.454634,32.944704],[130.45465,32.944717],[130.45465,32.944864],[130.454642,32.94492],[130.454627,32.944947],[130.454491,32.945085],[130.45454,32.945157],[130.454506,32.945221],[130.454496,32.945261],[130.454496,32.945292],[130.454505,32.945327],[130.454506,32.945373],[130.454497,32.945423],[130.454475,32.945468],[130.454445,32.945502],[130.454318,32.945596],[130.454193,32.945677],[130.454128,32.945707],[130.454071,32.945727],[130.453938,32.94576],[130.453787,32.945788],[130.453658,32.945808],[130.453542,32.94582],[130.453383,32.945822],[130.453325,32.945829],[130.453285,32.945839],[130.453252,32.945851],[130.453199,32.945879],[130.453061,32.945959],[130.452973,32.946004],[130.4529,32.946024],[130.452828,32.94603],[130.452764,32.94603],[130.452675,32.946023],[130.452576,32.946008],[130.452434,32.945974],[130.452343,32.945943],[130.452258,32.945913],[130.452201,32.945886],[130.45212,32.945839],[130.452056,32.94581],[130.451977,32.945794],[130.451862,32.945782],[130.451736,32.94578],[130.451655,32.945783],[130.451509,32.9458],[130.451423,32.9458],[130.451389,32.945797],[130.451262,32.94577],[130.451114,32.945744],[130.45096,32.945729],[130.450908,32.94573],[130.450856,32.94574],[130.450672,32.945795],[130.450532,32.94583],[130.450449,32.945839],[130.450387,32.945838],[130.450344,32.945833],[130.450298,32.94582],[130.450253,32.945794],[130.450201,32.945756],[130.450128,32.945669],[130.449994,32.945531],[130.44989,32.945448],[130.449764,32.945387],[130.449674,32.945337],[130.449522,32.945308],[130.449421,32.945286],[130.449282,32.94529],[130.449213,32.945336],[130.449108,32.945389],[130.449027,32.945409],[130.448977,32.945265],[130.449084,32.945226],[130.449147,32.945171],[130.449153,32.945094],[130.448753,32.945062],[130.448327,32.945371],[130.447978,32.945628],[130.447138,32.945619],[130.44592,32.94559],[130.444475,32.945552],[130.443861,32.945534],[130.443536,32.945525],[130.443535,32.945482],[130.443077,32.945471],[130.443083,32.944779],[130.442135,32.94475],[130.442135,32.944648],[130.442136,32.944446],[130.442158,32.944047],[130.441688,32.944044],[130.441583,32.944036],[130.441471,32.944018],[130.441345,32.943999],[130.441269,32.943997],[130.441187,32.944006],[130.441271,32.943901],[130.441355,32.943747],[130.441417,32.943629],[130.441474,32.943416],[130.441485,32.943318],[130.441413,32.943264],[130.441335,32.94317],[130.441303,32.943117],[130.441014,32.943121],[130.440864,32.943108],[130.440715,32.943091],[130.440682,32.943085],[130.440676,32.9431],[130.440667,32.94312],[130.440648,32.943157],[130.440641,32.94317],[130.440629,32.943188],[130.440618,32.943204],[130.440597,32.943227],[130.44059,32.943232],[130.440583,32.943236],[130.440583,32.943244],[130.440606,32.943417],[130.440536,32.943633],[130.440462,32.943691],[130.440469,32.943894],[130.440272,32.943907],[130.440271,32.944082],[130.440277,32.944093],[130.440391,32.944103],[130.440381,32.944225],[130.440357,32.944224],[130.440263,32.944213],[130.440251,32.944229],[130.440193,32.944307],[130.44019,32.94436],[130.440156,32.944549],[130.439959,32.94453],[130.439937,32.944534],[130.439913,32.944638],[130.439892,32.94473],[130.439882,32.944781],[130.440044,32.944794],[130.440078,32.944796],[130.440078,32.944816],[130.440077,32.944911],[130.440162,32.944916],[130.440154,32.945063],[130.440137,32.945064],[130.440059,32.94507],[130.439887,32.94508],[130.439855,32.945082],[130.43986,32.945115],[130.439866,32.945182],[130.439868,32.945225],[130.43987,32.945293],[130.439871,32.945385],[130.439868,32.9455],[130.439868,32.945551],[130.439867,32.94561],[130.439855,32.945722],[130.43985,32.945761],[130.439849,32.945895],[130.439852,32.945921],[130.439854,32.945942],[130.439869,32.945952],[130.439905,32.945949],[130.44008,32.945945],[130.44012,32.94593],[130.440132,32.945927],[130.440139,32.945939],[130.440155,32.945967],[130.440163,32.945997],[130.440185,32.946049],[130.440186,32.946234],[130.440153,32.946552],[130.44013,32.94655],[130.440117,32.946637],[130.439944,32.946628],[130.439939,32.946739],[130.439926,32.947001],[130.439941,32.947061],[130.439941,32.947095],[130.439939,32.947297],[130.439741,32.947292],[130.439395,32.947297],[130.439387,32.947381],[130.439369,32.94756],[130.439364,32.94761],[130.439362,32.947634],[130.439371,32.947634],[130.439568,32.947647],[130.439579,32.947658],[130.439584,32.947682],[130.439601,32.947682],[130.43962,32.947686],[130.439622,32.947698],[130.439661,32.9477],[130.439685,32.947702],[130.439674,32.947801],[130.439509,32.947778],[130.439468,32.947775],[130.439351,32.94775],[130.439346,32.947808],[130.439339,32.947936],[130.439337,32.947968],[130.439342,32.947969],[130.43964,32.947974],[130.439651,32.947984],[130.439654,32.947988],[130.439651,32.948047],[130.43965,32.948186],[130.439327,32.948183],[130.439326,32.948247],[130.439325,32.948292],[130.439317,32.948424],[130.439314,32.948454],[130.439313,32.948459],[130.439328,32.948459],[130.439399,32.94846],[130.439404,32.948487],[130.439601,32.948484],[130.439924,32.948471],[130.439935,32.948471],[130.439935,32.948458],[130.439931,32.948381],[130.44007,32.948381],[130.440074,32.948445],[130.440075,32.948456],[130.440085,32.948468],[130.440308,32.948496],[130.440305,32.948566],[130.440304,32.948603],[130.440293,32.948621],[130.440242,32.948706],[130.440266,32.948704],[130.440322,32.948694],[130.44039,32.94867],[130.440445,32.948644],[130.440491,32.948625],[130.440514,32.948617],[130.440544,32.94861],[130.440571,32.948606],[130.440628,32.948606],[130.440726,32.948617],[130.440757,32.948624],[130.440753,32.948676],[130.440751,32.948691],[130.440748,32.948735],[130.440747,32.948847],[130.440751,32.949073],[130.440753,32.949181],[130.440748,32.949242],[130.440739,32.949285],[130.440714,32.949361],[130.440709,32.949376],[130.440703,32.949396],[130.440689,32.949444],[130.440614,32.949631],[130.440573,32.949743],[130.44056,32.9498],[130.440536,32.949994],[130.440524,32.950253],[130.440523,32.950269],[130.440522,32.950301],[130.440519,32.950391],[130.440529,32.950472],[130.440548,32.950586],[130.440591,32.950794],[130.440621,32.95096],[130.440624,32.950985],[130.44062,32.951049],[130.440603,32.951191],[130.440598,32.951221],[130.440591,32.951246],[130.440561,32.951355],[130.440552,32.951381],[130.440493,32.9515],[130.440362,32.951548],[130.439938,32.951644],[130.439906,32.951651],[130.439834,32.951637],[130.439812,32.951637],[130.439814,32.95165],[130.439843,32.951662],[130.439973,32.951725],[130.439995,32.95173],[130.440058,32.951833],[130.440003,32.95182],[130.439953,32.951818],[130.439929,32.951821],[130.439625,32.951995],[130.439623,32.952005],[130.439634,32.952194],[130.439646,32.952483],[130.439644,32.952511],[130.439623,32.952611],[130.439601,32.952729],[130.439547,32.952727],[130.439469,32.952727],[130.439419,32.952731],[130.43933,32.952765],[130.43933,32.952798],[130.439325,32.952807],[130.439325,32.952854],[130.439322,32.952942],[130.439313,32.952957],[130.439301,32.952977],[130.439291,32.952997],[130.439265,32.953021],[130.439235,32.953026],[130.439199,32.953022],[130.439188,32.953078],[130.439186,32.953103],[130.439188,32.953109],[130.439181,32.953129],[130.439179,32.953154],[130.439174,32.953211],[130.439164,32.953262],[130.439143,32.953342],[130.439132,32.953383],[130.43912,32.953439],[130.439116,32.953472],[130.439113,32.953526],[130.43912,32.953627],[130.439122,32.953693],[130.439124,32.953771],[130.439124,32.953816],[130.439123,32.953844],[130.439119,32.953878],[130.439111,32.953927],[130.439103,32.953964],[130.439098,32.953978],[130.43909,32.953996],[130.439082,32.954015],[130.439064,32.954061],[130.439057,32.954088],[130.439058,32.954143],[130.439058,32.954186],[130.439057,32.954205],[130.439053,32.954292],[130.439051,32.95436],[130.43905,32.954461],[130.439057,32.954539],[130.439069,32.954631],[130.439075,32.954709],[130.439081,32.954795],[130.439087,32.954912],[130.439098,32.955032],[130.439102,32.955059],[130.439134,32.95505],[130.43932,32.955001],[130.439473,32.954961],[130.439499,32.954955],[130.439523,32.95495],[130.439519,32.954984],[130.439499,32.955091],[130.439485,32.955169],[130.439471,32.955256],[130.439459,32.955368],[130.43945,32.955472],[130.439442,32.955564],[130.439435,32.955675],[130.439426,32.955781],[130.439416,32.955881],[130.439403,32.955964],[130.439392,32.956047],[130.439371,32.956172],[130.439349,32.956293],[130.439318,32.956447],[130.439307,32.956572],[130.439301,32.956608],[130.439301,32.956612],[130.439306,32.956618],[130.439308,32.956623],[130.439313,32.956623],[130.439291,32.956784],[130.439291,32.956788],[130.439289,32.95679],[130.439215,32.95685],[130.439066,32.956851],[130.43901,32.95714],[130.438999,32.957144],[130.438994,32.957147],[130.43899,32.957152],[130.438985,32.957171],[130.438981,32.957185],[130.438982,32.957194],[130.438983,32.957202],[130.438933,32.957306],[130.43883,32.9575],[130.438958,32.957532],[130.439119,32.957572],[130.439115,32.957574],[130.439081,32.957614],[130.438997,32.957725],[130.438865,32.957874],[130.438859,32.957886],[130.438858,32.957891],[130.438858,32.957896],[130.438862,32.957904],[130.438851,32.95792],[130.438892,32.957937],[130.438931,32.957955],[130.438955,32.957969],[130.439004,32.957998],[130.439041,32.95802],[130.439091,32.958048],[130.439128,32.958065],[130.439146,32.958073],[130.439209,32.958096],[130.439223,32.9581],[130.439239,32.958104],[130.439231,32.958162],[130.439179,32.958414],[130.439299,32.958436],[130.439311,32.958442],[130.439315,32.958449],[130.439314,32.95849],[130.439318,32.958496],[130.43932,32.958514],[130.439314,32.958539],[130.439292,32.958574],[130.439181,32.958604],[130.439134,32.95883],[130.439138,32.958845],[130.439184,32.958874],[130.439297,32.958929],[130.439299,32.958935],[130.439323,32.958937],[130.439467,32.958941],[130.439515,32.959083],[130.439521,32.959092],[130.439674,32.959133],[130.43969,32.959131],[130.439688,32.959172],[130.439702,32.959177],[130.439858,32.959191],[130.439833,32.959375],[130.439824,32.959444],[130.439803,32.959671],[130.439705,32.959725],[130.439689,32.959737],[130.439676,32.959816],[130.43966,32.959897],[130.439726,32.959909],[130.439744,32.959909],[130.439777,32.959948],[130.439765,32.959975],[130.439741,32.960031],[130.439697,32.96004],[130.439576,32.96007],[130.439532,32.960087],[130.439508,32.960114],[130.439502,32.960137],[130.439492,32.960201],[130.439491,32.96023],[130.439503,32.960335],[130.439504,32.96038],[130.439502,32.960406],[130.43951,32.960471],[130.439517,32.960559],[130.439527,32.960568],[130.439597,32.960581],[130.439647,32.960588],[130.439733,32.960604],[130.439815,32.960626],[130.439877,32.960655],[130.439899,32.960676],[130.439903,32.960699],[130.439894,32.960721],[130.43986,32.960743],[130.43978,32.960791],[130.439848,32.96081],[130.439872,32.960817],[130.43992,32.960843],[130.439934,32.960853],[130.439956,32.960884],[130.439973,32.960901],[130.439997,32.960944],[130.440038,32.960997],[130.440042,32.961012],[130.440036,32.961093],[130.440037,32.96118],[130.440042,32.961328],[130.44004,32.961357],[130.440031,32.961387],[130.440008,32.961427],[130.439988,32.961473],[130.439977,32.961519],[130.439972,32.961581],[130.440014,32.961926],[130.440014,32.961954],[130.440007,32.961975],[130.439985,32.961998],[130.439916,32.962051],[130.439902,32.962075],[130.439901,32.962041],[130.439897,32.962022],[130.439888,32.962013],[130.439859,32.962005],[130.439832,32.961992],[130.439672,32.961969],[130.439656,32.961967],[130.439651,32.962001],[130.43962,32.962193],[130.439566,32.962414],[130.439559,32.96245],[130.439535,32.962588],[130.439511,32.962676],[130.439504,32.962695],[130.43952,32.962697],[130.439529,32.962698],[130.439537,32.962698],[130.439665,32.96266],[130.439671,32.962672],[130.439676,32.96267],[130.439684,32.962673],[130.439697,32.962678],[130.439713,32.962688],[130.439725,32.962699],[130.439733,32.962712],[130.439737,32.962724],[130.439782,32.962774],[130.439801,32.962791],[130.439872,32.962828],[130.440016,32.962806],[130.440039,32.962803],[130.44006,32.962801],[130.440014,32.962875],[130.439976,32.962935],[130.439948,32.962982],[130.439929,32.963023],[130.439924,32.963039],[130.439923,32.963056],[130.439927,32.96307],[130.439958,32.963133],[130.439962,32.963147],[130.439951,32.963148],[130.439878,32.963157],[130.43973,32.963146],[130.43958,32.963116],[130.439532,32.963255],[130.439455,32.963237],[130.439433,32.963227],[130.439413,32.963214],[130.439378,32.963225],[130.439355,32.963226],[130.439374,32.96328],[130.439386,32.963323],[130.439398,32.96338],[130.43941,32.963464],[130.439417,32.963524],[130.439422,32.963556],[130.43943,32.963732],[130.439435,32.963798],[130.43928,32.963796],[130.43926,32.9638],[130.439249,32.963906],[130.439235,32.963905],[130.439236,32.963918],[130.439202,32.964129],[130.439252,32.96414],[130.43966,32.964241],[130.43969,32.964246],[130.439717,32.964257],[130.439736,32.96427],[130.439755,32.96429],[130.439772,32.964305],[130.43979,32.964315],[130.439813,32.964319],[130.439831,32.964321],[130.439847,32.964319],[130.439926,32.964298],[130.440012,32.964276],[130.440115,32.964259],[130.440125,32.964258],[130.440161,32.964253],[130.440189,32.964251],[130.440349,32.964262],[130.44035,32.964257],[130.440725,32.964315],[130.440642,32.964363],[130.440615,32.964386],[130.440593,32.964412],[130.440562,32.96447],[130.440482,32.964688],[130.440453,32.96475],[130.440428,32.964793],[130.440401,32.964825],[130.440445,32.964846],[130.440505,32.964867],[130.440614,32.964919],[130.440623,32.964907],[130.440633,32.964893],[130.440654,32.964879],[130.440686,32.964873],[130.440723,32.964867],[130.440756,32.964879],[130.440785,32.9649],[130.440838,32.964963],[130.440865,32.965004],[130.440892,32.965027],[130.440923,32.965043],[130.440942,32.96506],[130.440961,32.965111],[130.440966,32.96514],[130.440949,32.965181],[130.440876,32.965238],[130.440688,32.965337],[130.440593,32.965369],[130.44042,32.965426],[130.44034,32.965456],[130.440311,32.965456],[130.440289,32.965466],[130.440255,32.965485],[130.440216,32.965523],[130.440203,32.965552],[130.440213,32.965632],[130.440216,32.965663],[130.440238,32.965691],[130.440299,32.96576],[130.44044,32.965887],[130.440566,32.965992],[130.440613,32.966028],[130.440641,32.966061],[130.440675,32.966107],[130.440712,32.966164],[130.440671,32.966188],[130.440567,32.966298],[130.440524,32.966283],[130.440524,32.966279],[130.440518,32.966272],[130.440414,32.966178],[130.440262,32.966025],[130.44025,32.966012],[130.440244,32.966004],[130.440122,32.966127],[130.439987,32.966058],[130.439958,32.966036],[130.439967,32.966009],[130.439992,32.96596],[130.439997,32.965938],[130.439988,32.965913],[130.439944,32.96588],[130.439813,32.965849],[130.43974,32.965838],[130.439667,32.965834],[130.439596,32.96584],[130.439546,32.965844],[130.439451,32.966245],[130.439382,32.966521],[130.438836,32.966451],[130.438826,32.966455],[130.438562,32.967005],[130.438314,32.966984],[130.438325,32.967021],[130.43831,32.967138],[130.43827,32.967394],[130.43827,32.9674],[130.438271,32.967412],[130.438305,32.967772],[130.43832,32.967997],[130.43832,32.968016],[130.438333,32.968018],[130.438349,32.968072],[130.438366,32.968102],[130.438419,32.968162],[130.438526,32.968263],[130.43856,32.968261],[130.438729,32.968236],[130.438728,32.968249],[130.438831,32.968237],[130.4389,32.968223],[130.438932,32.96822],[130.438957,32.968416],[130.438957,32.968423],[130.438914,32.968448],[130.43887,32.968475],[130.438875,32.968486],[130.43892,32.968589],[130.438929,32.968601],[130.438943,32.968609],[130.438957,32.968612],[130.438958,32.968615],[130.439174,32.968681],[130.439254,32.968665],[130.439282,32.968778],[130.439217,32.968802],[130.439214,32.96881],[130.439283,32.969097],[130.43933,32.969302],[130.439351,32.969431],[130.439358,32.969443],[130.439363,32.969452],[130.439508,32.969495],[130.439705,32.969611],[130.439657,32.969719],[130.439648,32.969738],[130.43973,32.969766],[130.439775,32.969783],[130.439829,32.96981],[130.439862,32.96983],[130.439904,32.969865],[130.439941,32.969902],[130.439963,32.969928],[130.440102,32.970138],[130.440417,32.970616],[130.440474,32.970708],[130.440505,32.970682],[130.440505,32.97067],[130.440505,32.970656],[130.440509,32.970621],[130.440531,32.970567],[130.440544,32.970545],[130.44056,32.970527],[130.44058,32.970512],[130.440613,32.970475],[130.440649,32.970445],[130.440689,32.970409],[130.440725,32.970406],[130.440738,32.970404],[130.440736,32.97038],[130.440768,32.970371],[130.440787,32.970361],[130.440794,32.970357],[130.44088,32.970288],[130.440916,32.970264],[130.440953,32.970245],[130.441005,32.970225],[130.441046,32.970217],[130.441074,32.970216],[130.441626,32.970189],[130.441639,32.970343],[130.441658,32.97035],[130.441685,32.97037],[130.441709,32.970399],[130.441742,32.970446],[130.441759,32.970478],[130.441766,32.970491],[130.441878,32.97047],[130.441889,32.970473],[130.4419,32.97048],[130.441967,32.970617],[130.441973,32.970635],[130.442053,32.970628],[130.44239,32.970601],[130.442536,32.970594],[130.442604,32.97059],[130.442765,32.970595],[130.442791,32.970591],[130.442831,32.970583],[130.442857,32.970574],[130.442865,32.970569],[130.442866,32.970565],[130.442867,32.970562],[130.442872,32.97056],[130.442947,32.970558],[130.442961,32.970564],[130.442972,32.970577],[130.442979,32.970612],[130.442999,32.970653],[130.443053,32.970721],[130.443095,32.970777],[130.44311,32.97083],[130.443124,32.970974],[130.443132,32.971008],[130.443142,32.971059],[130.443138,32.971209],[130.443129,32.971264],[130.443119,32.971299],[130.443051,32.971461],[130.443045,32.971465],[130.44304,32.971468],[130.443033,32.971469],[130.443024,32.97147],[130.443004,32.971491],[130.442957,32.971514],[130.442863,32.971546],[130.442818,32.971579],[130.442751,32.971644],[130.442727,32.971676],[130.44268,32.971773],[130.442611,32.971874],[130.442544,32.97194],[130.442475,32.971985],[130.442445,32.972005],[130.44249,32.971997],[130.442546,32.97199],[130.442586,32.971986],[130.442697,32.971985],[130.442728,32.971985],[130.442776,32.971986],[130.442783,32.971986],[130.442761,32.972034],[130.442654,32.972171],[130.44257,32.972292],[130.44248,32.972379],[130.44239,32.972452],[130.442385,32.972482],[130.44233,32.972551],[130.44215,32.972769],[130.442197,32.972819],[130.442279,32.972895],[130.442156,32.972997],[130.442045,32.972965],[130.442019,32.972959],[130.441983,32.972997],[130.441881,32.973113],[130.441738,32.973039],[130.44167,32.973111],[130.441659,32.973135],[130.441608,32.973212],[130.441438,32.973461],[130.441418,32.973494],[130.441403,32.973515],[130.441387,32.973538],[130.44136,32.973586],[130.441351,32.973601],[130.441339,32.973631],[130.441333,32.973651],[130.441322,32.973719],[130.441305,32.97384],[130.441293,32.973907],[130.441287,32.973944],[130.441286,32.973961],[130.441249,32.97396],[130.441132,32.973957],[130.441116,32.974127],[130.441105,32.974139],[130.441087,32.974155],[130.441041,32.974172],[130.440924,32.974211],[130.44081,32.974244],[130.440781,32.974255],[130.440746,32.974269],[130.440714,32.974283],[130.440666,32.974307],[130.440657,32.974315],[130.44065,32.974322],[130.440645,32.974329],[130.44064,32.974342],[130.440637,32.974356],[130.440638,32.974376],[130.440638,32.974433],[130.440635,32.974507],[130.440782,32.974519],[130.440781,32.974525],[130.440804,32.974526],[130.440804,32.974533],[130.440799,32.97457],[130.440794,32.974652],[130.440873,32.974656],[130.440872,32.974663],[130.440869,32.974678],[130.440867,32.97469],[130.440806,32.974862],[130.440823,32.974872],[130.440844,32.974891],[130.440861,32.974924],[130.440868,32.97501],[130.440888,32.975083],[130.440914,32.975116],[130.440902,32.975148],[130.440893,32.975178],[130.440887,32.975203],[130.440881,32.975234],[130.440878,32.975259],[130.440876,32.975282],[130.440876,32.975302],[130.440879,32.975322],[130.440884,32.975342],[130.440794,32.975356],[130.440775,32.975354],[130.440712,32.975375],[130.44066,32.975405],[130.44062,32.975436],[130.440568,32.975481],[130.440558,32.975486],[130.440435,32.975594],[130.440385,32.97563],[130.440391,32.975638],[130.440543,32.975843],[130.440627,32.975893],[130.440636,32.975899],[130.440633,32.975902],[130.44057,32.975983],[130.440553,32.976022],[130.44052,32.976097],[130.440496,32.976134],[130.440447,32.976209],[130.440367,32.976294],[130.440282,32.976462],[130.440222,32.976603],[130.440184,32.976712],[130.440149,32.976826],[130.440122,32.976937],[130.440078,32.977131],[130.440045,32.977283],[130.440037,32.977318],[130.439985,32.977571],[130.439938,32.977793],[130.439849,32.978215],[130.43983,32.978212],[130.43982,32.978283],[130.439766,32.978543],[130.439768,32.978621],[130.439764,32.978627],[130.439755,32.978658],[130.439703,32.978846],[130.439648,32.979117],[130.439821,32.979176],[130.43981,32.97922],[130.43981,32.97925],[130.439816,32.979301],[130.439851,32.979386],[130.439804,32.979408],[130.439783,32.979412],[130.439734,32.979433],[130.439567,32.979514],[130.439556,32.979563],[130.439504,32.979796],[130.439461,32.979984],[130.439403,32.980254],[130.439343,32.980533],[130.439306,32.9807],[130.43926,32.980927],[130.439257,32.98096],[130.439212,32.98118],[130.439225,32.981202],[130.439441,32.981242],[130.439453,32.981252],[130.439455,32.98127],[130.439406,32.981426],[130.439387,32.981433],[130.439357,32.981514],[130.439344,32.981544],[130.439334,32.981568],[130.439331,32.981578],[130.439329,32.981585],[130.439357,32.981624],[130.439363,32.981633],[130.439369,32.981642],[130.43935,32.981771],[130.439347,32.981868],[130.439345,32.981886],[130.439371,32.981972],[130.439466,32.981975],[130.439506,32.981932],[130.439558,32.981897],[130.43963,32.981876],[130.439676,32.981871],[130.439745,32.981875],[130.440002,32.981885],[130.440073,32.98193],[130.440078,32.981938],[130.440072,32.98211],[130.440265,32.982146],[130.440269,32.982127],[130.440397,32.982125],[130.44046,32.982036],[130.440471,32.98202],[130.440594,32.982109],[130.440636,32.98215],[130.440639,32.982179],[130.440655,32.982222],[130.440659,32.982232],[130.440659,32.982242],[130.44066,32.982292],[130.440679,32.982323],[130.440757,32.982455],[130.440776,32.982517],[130.440805,32.982593],[130.440819,32.982665],[130.440835,32.982843],[130.440841,32.982869],[130.440849,32.982915],[130.440863,32.982929],[130.440945,32.983013],[130.441009,32.982915],[130.441128,32.982723],[130.441146,32.982694],[130.4412,32.982582],[130.441268,32.98243],[130.441287,32.982392],[130.441299,32.982364],[130.441403,32.982348],[130.441577,32.982322],[130.441632,32.982314],[130.441632,32.982325],[130.441648,32.982357],[130.441664,32.982393],[130.441721,32.982529],[130.44174,32.982573],[130.441764,32.982665],[130.441773,32.982697],[130.441826,32.982854],[130.441863,32.982949],[130.441899,32.983079],[130.441935,32.98319],[130.44194,32.983222],[130.441951,32.983381],[130.44196,32.983514],[130.441982,32.983513],[130.442169,32.983499],[130.442352,32.983509],[130.442921,32.983529],[130.442945,32.98354],[130.44297,32.983551],[130.443001,32.98355],[130.443151,32.983588],[130.443171,32.983598],[130.443227,32.983619],[130.443328,32.983659],[130.443398,32.983576],[130.443409,32.98357],[130.443496,32.983636],[130.443533,32.983655],[130.443622,32.983686],[130.443664,32.983701],[130.443861,32.983763],[130.443991,32.983808],[130.444124,32.983851],[130.444145,32.983856],[130.444161,32.983821],[130.444319,32.983881],[130.444396,32.983952],[130.444388,32.983959],[130.444414,32.983982],[130.444477,32.98404],[130.444433,32.98407],[130.444431,32.984078],[130.444431,32.984086],[130.444434,32.984091],[130.444626,32.984207],[130.444767,32.984308],[130.444809,32.984351],[130.444869,32.984398],[130.444911,32.984429],[130.444934,32.984443],[130.444949,32.984452],[130.444976,32.98446],[130.445001,32.984465],[130.445134,32.984496],[130.445142,32.984495],[130.44515,32.984494],[130.445156,32.984495],[130.445161,32.984496],[130.445183,32.984508],[130.445194,32.984513],[130.445209,32.984521],[130.44523,32.984531],[130.445271,32.984556],[130.445325,32.984591],[130.445372,32.984618],[130.445432,32.984644],[130.445492,32.984669],[130.445529,32.984687],[130.445623,32.984734],[130.44563,32.984741],[130.445633,32.98475],[130.445634,32.984763],[130.445713,32.984782],[130.445853,32.984814],[130.446126,32.984878],[130.446226,32.984901],[130.446258,32.984909],[130.446717,32.985016],[130.446856,32.985049],[130.446962,32.985073],[130.447001,32.985083],[130.447051,32.984948],[130.447054,32.984937],[130.447058,32.98492],[130.447068,32.984849],[130.447071,32.984841],[130.447094,32.984783],[130.447138,32.984671],[130.44716,32.984615],[130.447164,32.984605],[130.44718,32.984579],[130.447185,32.984572],[130.447214,32.98453],[130.44724,32.984477],[130.447263,32.984456],[130.447281,32.984399],[130.447338,32.984235],[130.44721,32.984176],[130.447243,32.984135],[130.447252,32.984109],[130.447262,32.984051],[130.447261,32.983973],[130.447301,32.983895],[130.447342,32.983763],[130.447307,32.983746],[130.447291,32.983738],[130.44727,32.983632],[130.44722,32.983564],[130.447229,32.983556],[130.447286,32.983501],[130.447347,32.983435],[130.447363,32.983413],[130.447361,32.98339],[130.447361,32.983362],[130.447356,32.983361],[130.447381,32.983339],[130.44741,32.983314],[130.447457,32.983307],[130.447486,32.983309],[130.447526,32.983316],[130.447589,32.983282],[130.44765,32.98321],[130.447686,32.983145],[130.447649,32.983014],[130.447711,32.982981],[130.447747,32.982995],[130.447761,32.982976],[130.447708,32.982883],[130.447731,32.982865],[130.447746,32.982853],[130.447801,32.982808],[130.447809,32.982814],[130.447823,32.982796],[130.447827,32.982798],[130.447839,32.982804],[130.447853,32.98281],[130.447874,32.982817],[130.447883,32.982819],[130.447898,32.982822],[130.447908,32.982824],[130.447917,32.982825],[130.447923,32.982825],[130.447942,32.982825],[130.447974,32.982823],[130.448016,32.982822],[130.44805,32.982822],[130.448081,32.982822],[130.448095,32.982827],[130.448126,32.982855],[130.448168,32.982864],[130.448212,32.982877],[130.448264,32.982893],[130.448317,32.982904],[130.448351,32.98291],[130.448401,32.982918],[130.448434,32.982923],[130.44847,32.98293],[130.448504,32.982939],[130.448533,32.982948],[130.448562,32.982958],[130.448591,32.982969],[130.448616,32.982979],[130.448655,32.982997],[130.448698,32.983022],[130.448751,32.98305],[130.448781,32.983067],[130.448805,32.983076],[130.448833,32.983083],[130.44887,32.983088],[130.448908,32.983091],[130.448935,32.983092],[130.449001,32.983093],[130.449126,32.983072],[130.449145,32.983066],[130.449159,32.98306],[130.449174,32.98305],[130.449183,32.983041],[130.449192,32.983028],[130.449195,32.983018],[130.449198,32.983005],[130.4492,32.982986],[130.449202,32.982941],[130.449211,32.982895],[130.449218,32.982877],[130.449229,32.982863],[130.449237,32.982854],[130.449251,32.982846],[130.449261,32.982843],[130.449279,32.982842],[130.449309,32.982844],[130.449325,32.982848],[130.449339,32.982852],[130.449352,32.982858],[130.449361,32.982864],[130.449383,32.982889],[130.449402,32.982921],[130.449431,32.982967],[130.449529,32.983113],[130.449569,32.983121],[130.449606,32.98313],[130.449652,32.983144],[130.449739,32.98318],[130.449848,32.983229],[130.449855,32.983231],[130.449867,32.983233],[130.44989,32.983234],[130.450011,32.983234],[130.450164,32.98323],[130.450309,32.983231],[130.45034,32.98323],[130.450401,32.983228],[130.450462,32.983223],[130.450509,32.983218],[130.450599,32.983205],[130.450685,32.983189],[130.450732,32.983184],[130.450769,32.98318],[130.450865,32.983176],[130.451031,32.983168],[130.451061,32.98317],[130.451094,32.983161],[130.45117,32.983142],[130.451184,32.983139],[130.451249,32.983127],[130.451299,32.983116],[130.451311,32.983112],[130.451373,32.983093],[130.451409,32.983075],[130.451414,32.983073],[130.451495,32.983028],[130.451531,32.982991],[130.451565,32.982942],[130.451578,32.982716],[130.4516,32.982606],[130.451634,32.98253],[130.45167,32.98247],[130.451759,32.98226],[130.451801,32.982163],[130.451815,32.982137],[130.451832,32.982111],[130.451839,32.982101],[130.45177,32.9821],[130.451736,32.982094],[130.451402,32.981972],[130.451388,32.981949],[130.451399,32.98188],[130.451417,32.981713],[130.451418,32.981603],[130.451381,32.981499],[130.45133,32.981395],[130.4513,32.981341],[130.45128,32.981234],[130.45128,32.981179],[130.451305,32.981133],[130.45139,32.981108],[130.451452,32.981114],[130.45153,32.98114],[130.451833,32.981285],[130.451953,32.98134],[130.452062,32.981384],[130.45213,32.98139],[130.452192,32.981373],[130.45223,32.981339],[130.452261,32.981287],[130.452261,32.981192],[130.452258,32.981071],[130.452222,32.981005],[130.452177,32.980908],[130.452168,32.980887],[130.452112,32.980658],[130.452078,32.980512],[130.452071,32.980485],[130.452033,32.980344],[130.452034,32.980326],[130.452028,32.980305],[130.451994,32.980198],[130.451983,32.980165],[130.451936,32.980026],[130.451911,32.979934],[130.451925,32.979927],[130.45192,32.979916],[130.451876,32.979809],[130.451831,32.979734],[130.451761,32.979595],[130.451729,32.979533],[130.451706,32.979493],[130.451677,32.979449],[130.451644,32.9794],[130.451618,32.97937],[130.45157,32.979316],[130.451456,32.97918],[130.451208,32.978904],[130.451066,32.978739],[130.450937,32.978592],[130.450859,32.978504],[130.450769,32.978393],[130.450718,32.978331],[130.450663,32.978265],[130.450599,32.978196],[130.450557,32.978156],[130.450517,32.978118],[130.45049,32.978092],[130.450458,32.978065],[130.450415,32.978038],[130.450366,32.978013],[130.450311,32.977991],[130.450284,32.977983],[130.450253,32.977976],[130.45024,32.977973],[130.450206,32.977965],[130.450047,32.977932],[130.44998,32.977911],[130.449716,32.977868],[130.449648,32.977859],[130.449574,32.977854],[130.449517,32.977852],[130.449486,32.977852],[130.449462,32.977853],[130.44943,32.977858],[130.449392,32.977865],[130.449356,32.977873],[130.449313,32.977883],[130.449276,32.977893],[130.449231,32.977904],[130.449163,32.977923],[130.449087,32.977945],[130.449006,32.977974],[130.448907,32.978],[130.448728,32.978044],[130.448607,32.978074],[130.448527,32.978093],[130.448501,32.978099],[130.448458,32.978108],[130.448432,32.978112],[130.448394,32.978117],[130.448357,32.97812],[130.448305,32.978122],[130.448251,32.97812],[130.44822,32.978118],[130.448196,32.978116],[130.448172,32.978114],[130.448113,32.978103],[130.448079,32.978096],[130.44799,32.978073],[130.44791,32.978056],[130.447834,32.978048],[130.44779,32.978046],[130.44776,32.978045],[130.447726,32.978046],[130.447641,32.97805],[130.447519,32.978055],[130.447512,32.978056],[130.447504,32.977797],[130.4475,32.977707],[130.447498,32.977674],[130.44749,32.97765],[130.447446,32.977567],[130.447417,32.977514],[130.447336,32.977365],[130.447259,32.977254],[130.447257,32.977241],[130.447315,32.977156],[130.447332,32.977134],[130.447355,32.977036],[130.447371,32.977013],[130.447639,32.976697],[130.44772,32.976599],[130.447746,32.976586],[130.447787,32.976555],[130.447872,32.976483],[130.44788,32.976452],[130.447915,32.976355],[130.447922,32.976337],[130.447922,32.976332],[130.447923,32.976307],[130.447928,32.976286],[130.447945,32.976226],[130.448004,32.976055],[130.448011,32.976036],[130.44803,32.975979],[130.448018,32.975987],[130.44796,32.976024],[130.447861,32.976084],[130.447825,32.976106],[130.447766,32.976135],[130.447563,32.976226],[130.447416,32.976301],[130.447344,32.976337],[130.447051,32.976486],[130.446645,32.976692],[130.446449,32.976781],[130.446357,32.976815],[130.446208,32.976871],[130.446141,32.976901],[130.445957,32.976969],[130.445925,32.976983],[130.445838,32.977017],[130.445758,32.977056],[130.44574,32.977067],[130.445695,32.977089],[130.445652,32.977126],[130.445531,32.977145],[130.445506,32.977153],[130.445485,32.977153],[130.445454,32.977161],[130.445405,32.977174],[130.445358,32.977155],[130.445335,32.977153],[130.445314,32.977153],[130.445293,32.977156],[130.445169,32.977225],[130.445156,32.977232],[130.445091,32.977278],[130.445065,32.977303],[130.44506,32.977311],[130.445052,32.977325],[130.444999,32.977414],[130.444968,32.977448],[130.444948,32.977464],[130.444893,32.977505],[130.444884,32.97754],[130.444804,32.977575],[130.444801,32.97758],[130.444794,32.97759],[130.444792,32.977648],[130.444789,32.977663],[130.444765,32.977739],[130.444765,32.977752],[130.444784,32.977836],[130.444727,32.977833],[130.444715,32.977835],[130.444704,32.977839],[130.444695,32.977846],[130.444684,32.977861],[130.444656,32.977902],[130.444622,32.977929],[130.444578,32.977906],[130.44441,32.977802],[130.444405,32.977809],[130.444395,32.977824],[130.444376,32.977855],[130.444359,32.977888],[130.444328,32.977955],[130.444312,32.977988],[130.444265,32.978089],[130.444226,32.978179],[130.444213,32.978209],[130.444204,32.978231],[130.444177,32.978316],[130.444157,32.978383],[130.444152,32.978393],[130.444146,32.978403],[130.444078,32.978633],[130.444051,32.978629],[130.444029,32.978628],[130.443993,32.978639],[130.443808,32.978778],[130.443801,32.978784],[130.443809,32.978792],[130.443822,32.978804],[130.443867,32.978839],[130.443887,32.978853],[130.443901,32.978865],[130.44391,32.978873],[130.443918,32.978887],[130.443912,32.978898],[130.443899,32.978903],[130.443882,32.978911],[130.443866,32.97892],[130.44383,32.978942],[130.443814,32.978953],[130.443796,32.978966],[130.443782,32.978974],[130.443769,32.97898],[130.44375,32.978988],[130.443728,32.978997],[130.443706,32.979005],[130.44365,32.979017],[130.44363,32.97902],[130.443599,32.979025],[130.443588,32.979026],[130.443561,32.97903],[130.443539,32.979035],[130.443519,32.979042],[130.443504,32.97905],[130.443462,32.979087],[130.443445,32.979101],[130.44343,32.979112],[130.443416,32.979119],[130.443404,32.979125],[130.443381,32.979136],[130.443356,32.979145],[130.443324,32.979157],[130.443301,32.979166],[130.44327,32.979181],[130.443233,32.979198],[130.443203,32.979216],[130.44316,32.979241],[130.443055,32.979293],[130.442911,32.979367],[130.442865,32.979394],[130.442725,32.979492],[130.442696,32.979506],[130.442664,32.97952],[130.442649,32.979534],[130.442636,32.979548],[130.442614,32.979573],[130.442605,32.979586],[130.442594,32.979603],[130.442586,32.979619],[130.442578,32.979639],[130.442566,32.979666],[130.442562,32.979676],[130.442557,32.979685],[130.442549,32.979696],[130.442527,32.979724],[130.442496,32.97976],[130.442484,32.979786],[130.442443,32.979837],[130.442401,32.979866],[130.44233,32.979877],[130.442294,32.979881],[130.442213,32.979878],[130.442161,32.979879],[130.442119,32.979885],[130.442071,32.979905],[130.441977,32.979919],[130.441952,32.979923],[130.441936,32.979922],[130.441905,32.979914],[130.44188,32.9799],[130.441885,32.979839],[130.441887,32.979808],[130.441902,32.979674],[130.441937,32.979513],[130.441996,32.979203],[130.442007,32.979143],[130.442011,32.979121],[130.442044,32.978988],[130.442069,32.978838],[130.442114,32.978619],[130.442149,32.978448],[130.442152,32.978432],[130.442139,32.978258],[130.442152,32.978193],[130.442156,32.978172],[130.442176,32.978038],[130.442188,32.97796],[130.442209,32.977861],[130.442226,32.97778],[130.442302,32.977416],[130.442305,32.977401],[130.442323,32.977308],[130.442383,32.977013],[130.44248,32.976503],[130.442492,32.976439],[130.442531,32.976232],[130.442601,32.975871],[130.442628,32.975747],[130.44267,32.975592],[130.442697,32.975515],[130.442722,32.97546],[130.44276,32.975381],[130.442768,32.975351],[130.442833,32.975234],[130.442861,32.975185],[130.44291,32.975111],[130.442981,32.975023],[130.443029,32.974968],[130.443111,32.974882],[130.443192,32.974801],[130.443303,32.974699],[130.443308,32.97469],[130.443316,32.974673],[130.443317,32.974657],[130.44331,32.974408],[130.443295,32.974407],[130.443156,32.974393],[130.443157,32.974276],[130.443133,32.974273],[130.443134,32.974251],[130.443146,32.974112],[130.443157,32.97398],[130.443159,32.973964],[130.443406,32.973915],[130.443454,32.973667],[130.443448,32.973649],[130.443447,32.973646],[130.443335,32.973591],[130.443429,32.973409],[130.443432,32.973387],[130.443423,32.973268],[130.443566,32.973268],[130.443566,32.973341],[130.443573,32.973339],[130.44358,32.973334],[130.443582,32.973331],[130.443593,32.973361],[130.443614,32.973379],[130.44362,32.973379],[130.443676,32.973192],[130.443741,32.972942],[130.443927,32.97295],[130.444159,32.972954],[130.44418,32.972948],[130.444174,32.972916],[130.444174,32.972905],[130.444182,32.972814],[130.444183,32.972792],[130.44419,32.972772],[130.444204,32.97274],[130.444236,32.972702],[130.44424,32.972689],[130.44426,32.972644],[130.444276,32.972596],[130.444285,32.972568],[130.444294,32.972531],[130.4443,32.97249],[130.444314,32.9724],[130.444329,32.972286],[130.444356,32.972163],[130.444369,32.972106],[130.444381,32.972109],[130.444469,32.972151],[130.444491,32.972161],[130.444533,32.972177],[130.444587,32.972197],[130.444635,32.972215],[130.444707,32.972243],[130.444718,32.972243],[130.444728,32.97224],[130.444735,32.972235],[130.444742,32.97223],[130.444783,32.972156],[130.444833,32.972069],[130.444844,32.97205],[130.444855,32.97203],[130.44487,32.972005],[130.444893,32.971964],[130.444918,32.971921],[130.444976,32.971818],[130.445014,32.971751],[130.445022,32.971754],[130.445045,32.971714],[130.445076,32.971659],[130.445159,32.971513],[130.445139,32.971513],[130.444919,32.971514],[130.444918,32.971508],[130.444889,32.971333],[130.445223,32.971354],[130.445231,32.97135],[130.445234,32.971349],[130.445345,32.971152],[130.445385,32.97112],[130.445436,32.971033],[130.44543,32.971022],[130.445425,32.971014],[130.445377,32.970979],[130.445352,32.970939],[130.445339,32.970911],[130.445336,32.970836],[130.445336,32.970802],[130.44534,32.970797],[130.445341,32.97079],[130.44534,32.97071],[130.445332,32.970588],[130.445331,32.970579],[130.445364,32.970579],[130.445384,32.970577],[130.445665,32.970554],[130.445692,32.970561],[130.445706,32.970537],[130.445839,32.970303],[130.445823,32.97016],[130.445817,32.970121],[130.445668,32.969652],[130.445689,32.969636],[130.4458,32.969587],[130.445914,32.969536],[130.445933,32.969518],[130.445961,32.96949],[130.446022,32.96944],[130.446039,32.969387],[130.446105,32.969323],[130.446143,32.969279],[130.44614,32.969224],[130.446091,32.96917],[130.446083,32.969158],[130.446092,32.96909],[130.446094,32.969075],[130.446106,32.969074],[130.44613,32.969071],[130.446215,32.969054],[130.44623,32.969051],[130.446287,32.969034],[130.446302,32.96903],[130.446309,32.969028],[130.44639,32.969018],[130.446435,32.969009],[130.446465,32.968999],[130.446472,32.968997],[130.446512,32.968837],[130.446541,32.968724],[130.446544,32.968712],[130.446525,32.968711],[130.446519,32.968702],[130.446504,32.968613],[130.446505,32.968462],[130.446503,32.968455],[130.446489,32.968453],[130.446483,32.968259],[130.446473,32.968244],[130.446458,32.968203],[130.446465,32.968145],[130.446301,32.968163],[130.446291,32.968163],[130.446245,32.968144],[130.446245,32.968137],[130.446313,32.968039],[130.446344,32.968004],[130.446547,32.967809],[130.446629,32.967615],[130.446633,32.967597],[130.446627,32.967512],[130.446634,32.967498],[130.446685,32.967425],[130.446687,32.967411],[130.44669,32.966886],[130.446691,32.966832],[130.446873,32.966805],[130.446879,32.966792],[130.446855,32.966648],[130.446822,32.966453],[130.44676,32.966465],[130.446731,32.966469],[130.446683,32.966476],[130.446669,32.966478],[130.44661,32.96649],[130.446522,32.966509],[130.446488,32.966518],[130.446471,32.966519],[130.446453,32.966516],[130.446443,32.966511],[130.446421,32.966495],[130.446413,32.966485],[130.446408,32.966474],[130.446404,32.96646],[130.446403,32.966444],[130.446406,32.966427],[130.446422,32.96636],[130.446442,32.966286],[130.446455,32.966281],[130.446471,32.966219],[130.446477,32.966194],[130.446608,32.966204],[130.446657,32.966213],[130.446678,32.966209],[130.446731,32.966181],[130.446746,32.96616],[130.446878,32.965892],[130.446899,32.965895],[130.447133,32.965943],[130.447144,32.965935],[130.447202,32.965815],[130.447238,32.965806],[130.44728,32.965815],[130.44728,32.965787],[130.447339,32.965567],[130.44735,32.965527],[130.44744,32.965596],[130.447662,32.965781],[130.447696,32.96581],[130.447799,32.965901],[130.447799,32.965912],[130.447773,32.966018],[130.447777,32.966022],[130.447863,32.966042],[130.447866,32.966061],[130.447896,32.966075],[130.447914,32.966095],[130.44792,32.966111],[130.447932,32.966162],[130.447951,32.966173],[130.448108,32.966222],[130.448153,32.966245],[130.448185,32.966273],[130.448211,32.966303],[130.448235,32.966346],[130.448234,32.966355],[130.44823,32.966375],[130.448224,32.966393],[130.448217,32.966405],[130.4482,32.966426],[130.448185,32.966447],[130.448166,32.966474],[130.448166,32.966491],[130.448166,32.966497],[130.448274,32.966773],[130.448041,32.966896],[130.448036,32.966921],[130.448027,32.966941],[130.448014,32.96696],[130.448004,32.966973],[130.447972,32.966996],[130.44798,32.966996],[130.447986,32.966997],[130.448005,32.967004],[130.448054,32.967022],[130.448095,32.967036],[130.448126,32.967051],[130.448239,32.967119],[130.448269,32.967141],[130.448319,32.967175],[130.448342,32.967188],[130.448365,32.967195],[130.448387,32.967199],[130.448415,32.967201],[130.448507,32.967197],[130.448547,32.967197],[130.448576,32.967195],[130.448608,32.96719],[130.448705,32.967164],[130.448739,32.967156],[130.448768,32.967155],[130.4488,32.96716],[130.448818,32.967164],[130.448838,32.967172],[130.448874,32.967187],[130.448918,32.967211],[130.448963,32.967239],[130.448989,32.967263],[130.448993,32.96727],[130.448996,32.96728],[130.448997,32.967287],[130.448996,32.967293],[130.448986,32.967334],[130.448983,32.967356],[130.448983,32.967376],[130.448991,32.9674],[130.449003,32.967422],[130.449022,32.96744],[130.449048,32.967457],[130.449071,32.967464],[130.4491,32.967467],[130.449133,32.967468],[130.449296,32.967461],[130.449306,32.967462],[130.449314,32.967467],[130.449318,32.967472],[130.449323,32.9675],[130.449339,32.967682],[130.44934,32.96771],[130.449364,32.967703],[130.449367,32.967838],[130.449369,32.967889],[130.449405,32.967956],[130.449423,32.967985],[130.44945,32.968],[130.44952,32.96804],[130.449503,32.968122],[130.449564,32.968239],[130.449538,32.968288],[130.449479,32.968339],[130.449468,32.968358],[130.449457,32.968387],[130.449456,32.968415],[130.449461,32.968428],[130.449483,32.968436],[130.449519,32.968438],[130.449527,32.968436],[130.449532,32.968435],[130.449691,32.968385],[130.449722,32.968448],[130.449783,32.968575],[130.450017,32.968524],[130.450027,32.968537],[130.450036,32.968549],[130.450066,32.968692],[130.450069,32.968709],[130.450067,32.968899],[130.450072,32.968911],[130.450152,32.969033],[130.450161,32.969046],[130.450064,32.969084],[130.450036,32.969095],[130.450144,32.969293],[130.450024,32.969339],[130.450012,32.969343],[130.450018,32.969354],[130.450049,32.969405],[130.450043,32.969427],[130.450033,32.969426],[130.449992,32.969409],[130.44993,32.969374],[130.449913,32.969364],[130.449908,32.969358],[130.449888,32.969351],[130.449867,32.969359],[130.449826,32.96938],[130.4498,32.969395],[130.449781,32.969406],[130.449776,32.969417],[130.44976,32.969445],[130.449729,32.969473],[130.449717,32.969479],[130.449675,32.969498],[130.449645,32.969508],[130.449605,32.969519],[130.449536,32.969535],[130.449498,32.969541],[130.449424,32.96955],[130.449241,32.969565],[130.449149,32.969571],[130.449111,32.969575],[130.449073,32.96958],[130.449018,32.969594],[130.448987,32.969606],[130.448963,32.969616],[130.448945,32.969628],[130.448924,32.969644],[130.448906,32.96966],[130.448914,32.969667],[130.448895,32.969695],[130.448886,32.969724],[130.448886,32.969748],[130.448904,32.96979],[130.44891,32.969834],[130.448912,32.969876],[130.448908,32.969901],[130.448905,32.969948],[130.448898,32.969979],[130.448893,32.970019],[130.448884,32.970038],[130.448837,32.970081],[130.448762,32.970134],[130.448691,32.970191],[130.448662,32.970223],[130.448653,32.970248],[130.448641,32.970269],[130.448609,32.970286],[130.448553,32.970295],[130.448518,32.970304],[130.448478,32.970312],[130.448432,32.970318],[130.448401,32.970316],[130.448355,32.970311],[130.448316,32.970304],[130.448278,32.970301],[130.448225,32.970297],[130.448189,32.970302],[130.44813,32.970312],[130.448088,32.970317],[130.448034,32.970325],[130.448007,32.970326],[130.447995,32.970325],[130.447998,32.97033],[130.447998,32.97034],[130.447991,32.970411],[130.447974,32.970504],[130.44795,32.970611],[130.447945,32.970663],[130.44794,32.970762],[130.447938,32.970807],[130.447937,32.970897],[130.447941,32.970938],[130.447945,32.970958],[130.447954,32.970973],[130.447967,32.970985],[130.447989,32.970999],[130.447996,32.971033],[130.448032,32.97105],[130.448071,32.971078],[130.448117,32.971125],[130.448152,32.971172],[130.448199,32.971235],[130.448263,32.971313],[130.448371,32.971442],[130.448431,32.97153],[130.448495,32.971646],[130.448519,32.971691],[130.44854,32.97172],[130.448548,32.97173],[130.448588,32.971761],[130.4486,32.971773],[130.44861,32.971789],[130.448615,32.971802],[130.448616,32.971814],[130.448612,32.971837],[130.448608,32.971847],[130.448604,32.971856],[130.448598,32.971864],[130.448574,32.971886],[130.448338,32.971988],[130.448323,32.971993],[130.448336,32.972005],[130.448352,32.972019],[130.448369,32.972033],[130.448404,32.972059],[130.448422,32.97207],[130.448469,32.972096],[130.448486,32.972104],[130.448504,32.97211],[130.448533,32.972119],[130.448556,32.972123],[130.448581,32.972128],[130.448606,32.972132],[130.448626,32.972135],[130.44868,32.972143],[130.448699,32.972144],[130.448711,32.972142],[130.448749,32.972129],[130.448767,32.972121],[130.448793,32.972111],[130.448824,32.972095],[130.448847,32.972085],[130.448874,32.972075],[130.448914,32.972059],[130.449017,32.972022],[130.449066,32.972005],[130.449085,32.971998],[130.4491,32.97199],[130.449108,32.971983],[130.449119,32.97197],[130.449124,32.971961],[130.449128,32.971948],[130.449135,32.971905],[130.449145,32.971856],[130.449168,32.971732],[130.449199,32.971572],[130.44921,32.971546],[130.449219,32.971535],[130.449229,32.971527],[130.449248,32.971518],[130.449462,32.971449],[130.449724,32.971348],[130.449753,32.971332],[130.449885,32.971254],[130.450041,32.971144],[130.4501,32.971108],[130.450149,32.971089],[130.450196,32.971077],[130.450244,32.971073],[130.450576,32.971016],[130.450683,32.97099],[130.450967,32.970896],[130.451211,32.970831],[130.451273,32.970818],[130.451318,32.970813],[130.451374,32.970814],[130.451417,32.970818],[130.451461,32.970828],[130.451754,32.970935],[130.451805,32.970963],[130.452002,32.971089],[130.452076,32.971137],[130.452094,32.97115],[130.45223,32.971275],[130.452352,32.971377],[130.452385,32.9714],[130.452403,32.97141],[130.452432,32.97142],[130.452463,32.971425],[130.452491,32.971428],[130.452521,32.971426],[130.452663,32.9714],[130.452692,32.971398],[130.452729,32.9714],[130.452778,32.971408],[130.452915,32.971433],[130.453124,32.971466],[130.453275,32.971487],[130.453413,32.971501],[130.453524,32.971511],[130.453628,32.971517],[130.453766,32.971517],[130.453805,32.971523],[130.453876,32.971526],[130.454015,32.971536],[130.45422,32.971555],[130.454349,32.971581],[130.454408,32.971611],[130.45449,32.971633],[130.454533,32.971635],[130.454743,32.971639],[130.455029,32.971646],[130.455181,32.971646],[130.455304,32.971642],[130.455403,32.971629],[130.455552,32.971606],[130.455655,32.97159],[130.45592,32.971541],[130.456036,32.971519],[130.456131,32.971502],[130.456179,32.971496],[130.456271,32.971494],[130.456524,32.971495],[130.456729,32.97151],[130.457431,32.971554],[130.458149,32.971607],[130.458238,32.971617],[130.458342,32.971627],[130.458479,32.971652],[130.458593,32.971675],[130.458961,32.971749],[130.45929,32.971814],[130.459447,32.971847],[130.459568,32.971871],[130.459685,32.971897],[130.459767,32.971917],[130.459904,32.97194],[130.460182,32.971955],[130.460278,32.971958],[130.460338,32.97196],[130.460424,32.971968],[130.460509,32.971978],[130.460605,32.971993],[130.460692,32.972013],[130.460738,32.972025],[130.460815,32.972046],[130.460887,32.972067],[130.460986,32.972097],[130.46104,32.972111],[130.461135,32.972142],[130.461207,32.972165],[130.4613,32.972197],[130.461349,32.972216],[130.461403,32.972236],[130.461474,32.972267],[130.461559,32.97231],[130.46165,32.972359],[130.461712,32.972393],[130.461795,32.972439],[130.461827,32.972458],[130.461853,32.972456],[130.462082,32.972437],[130.462119,32.972401],[130.462225,32.972341],[130.462238,32.972345],[130.462251,32.972347],[130.462271,32.972347],[130.4623,32.972345],[130.462339,32.972338],[130.46237,32.972331],[130.462394,32.972322],[130.46242,32.972312],[130.462449,32.972298],[130.46247,32.972287],[130.462511,32.972262],[130.462535,32.972244],[130.462546,32.972235],[130.462709,32.972108],[130.462762,32.972062],[130.462789,32.972038],[130.462802,32.972025],[130.462811,32.972013],[130.462825,32.971993],[130.462854,32.971939],[130.46286,32.971928],[130.462902,32.971844],[130.463006,32.971761],[130.463143,32.971679],[130.463239,32.971593],[130.463291,32.971549],[130.463356,32.971489],[130.463467,32.971396],[130.463496,32.971363],[130.463596,32.97123],[130.46375,32.971001],[130.46374,32.970993],[130.46371,32.970967],[130.463658,32.970939],[130.463601,32.970911],[130.46355,32.970825],[130.463517,32.970763],[130.463507,32.970722],[130.463293,32.970607],[130.463234,32.970572],[130.463127,32.970578],[130.46306,32.970449],[130.463043,32.970418],[130.463028,32.970385],[130.462982,32.97036],[130.462906,32.970309],[130.462895,32.970275],[130.462887,32.970242],[130.462835,32.970155],[130.462811,32.970126],[130.462792,32.97008],[130.462709,32.97002],[130.462657,32.969996],[130.462683,32.969985],[130.462484,32.96989],[130.46227,32.969791],[130.462139,32.969733],[130.462015,32.96967],[130.462001,32.969625],[130.462027,32.969596],[130.461921,32.969529],[130.46176,32.969432],[130.461666,32.969382],[130.461542,32.969297],[130.461468,32.969247],[130.461398,32.969199],[130.461346,32.969163],[130.461599,32.968945],[130.461801,32.968764],[130.461877,32.968722],[130.462002,32.968667],[130.462094,32.968641],[130.462324,32.968554],[130.462506,32.968483],[130.4626,32.96845],[130.462605,32.968428],[130.46259,32.968402],[130.462564,32.968387],[130.462544,32.96838],[130.462431,32.968313],[130.462374,32.968287],[130.46235,32.968293],[130.462324,32.968309],[130.462254,32.968333],[130.462241,32.968303],[130.462179,32.968327],[130.462096,32.968361],[130.46203,32.968381],[130.461899,32.968425],[130.461884,32.968418],[130.461683,32.968374],[130.461616,32.968249],[130.461612,32.96824],[130.461688,32.967811],[130.461686,32.967798],[130.461658,32.967742],[130.461658,32.967726],[130.46171,32.96749],[130.461773,32.967186],[130.461789,32.967111],[130.461805,32.967013],[130.461801,32.966921],[130.461804,32.966759],[130.461802,32.966693],[130.461802,32.966677],[130.461717,32.966735],[130.461629,32.966728],[130.461581,32.966725],[130.46134,32.966707],[130.461232,32.966692],[130.461213,32.966467],[130.461206,32.966414],[130.461033,32.96638],[130.460764,32.96619],[130.460732,32.966188],[130.460437,32.966171],[130.460417,32.966177],[130.460327,32.966173],[130.460284,32.966179],[130.460218,32.966201],[130.460142,32.966233],[130.460086,32.966255],[130.460069,32.966273],[130.459668,32.966587],[130.459636,32.966612],[130.459613,32.96663],[130.459585,32.966687],[130.459569,32.966704],[130.459505,32.966738],[130.459488,32.96675],[130.45943,32.966822],[130.459387,32.966856],[130.459373,32.966872],[130.459369,32.966882],[130.459366,32.966907],[130.459331,32.967197],[130.459336,32.967233],[130.459343,32.967246],[130.459411,32.967276],[130.45943,32.967285],[130.459439,32.967295],[130.459443,32.967308],[130.459438,32.967423],[130.459448,32.96744],[130.459507,32.96746],[130.459524,32.967472],[130.459542,32.96749],[130.459564,32.967536],[130.459521,32.967537],[130.459525,32.967556],[130.459529,32.96759],[130.459526,32.967629],[130.4595,32.967724],[130.459558,32.967787],[130.459576,32.967891],[130.459592,32.968004],[130.459606,32.96809],[130.459606,32.968114],[130.459601,32.968134],[130.459591,32.968156],[130.459574,32.968175],[130.459551,32.968187],[130.459494,32.968207],[130.459435,32.968219],[130.459335,32.968234],[130.459202,32.968249],[130.459102,32.968259],[130.45895,32.968268],[130.458942,32.968267],[130.458876,32.96832],[130.458808,32.968378],[130.458747,32.968414],[130.458688,32.968435],[130.458627,32.968451],[130.458489,32.968464],[130.458473,32.968471],[130.45844,32.968478],[130.458429,32.96848],[130.458415,32.968484],[130.458402,32.968488],[130.458382,32.968496],[130.458338,32.968515],[130.458319,32.968519],[130.458201,32.968526],[130.458179,32.968524],[130.45816,32.968519],[130.458128,32.968506],[130.458008,32.968465],[130.457843,32.968411],[130.457789,32.968389],[130.457768,32.968376],[130.457606,32.968256],[130.457569,32.96822],[130.45746,32.968118],[130.457433,32.968097],[130.457405,32.968086],[130.457368,32.968077],[130.457164,32.968048],[130.457085,32.968041],[130.45709,32.968023],[130.456966,32.968015],[130.456915,32.968001],[130.456875,32.96798],[130.456832,32.967937],[130.456755,32.967844],[130.456702,32.967854],[130.45668,32.967854],[130.456586,32.967821],[130.456462,32.967798],[130.456226,32.967761],[130.456011,32.967719],[130.455905,32.967695],[130.455814,32.967676],[130.455755,32.967656],[130.455688,32.967627],[130.455582,32.967565],[130.455493,32.967523],[130.455452,32.967511],[130.455428,32.96749],[130.455398,32.967466],[130.455381,32.967447],[130.455341,32.967383],[130.455301,32.967337],[130.455258,32.967306],[130.455226,32.967289],[130.455167,32.967273],[130.455128,32.967268],[130.455085,32.967274],[130.454994,32.967294],[130.454947,32.967296],[130.4549,32.967289],[130.454845,32.967275],[130.454711,32.967257],[130.45465,32.96725],[130.454615,32.967245],[130.454568,32.967226],[130.454502,32.967181],[130.454408,32.967115],[130.454366,32.967093],[130.454313,32.96708],[130.454197,32.96707],[130.454132,32.967071],[130.454097,32.967064],[130.453987,32.967021],[130.453884,32.96696],[130.45378,32.966906],[130.453752,32.966898],[130.453665,32.966885],[130.453585,32.966868],[130.45353,32.966847],[130.453482,32.966824],[130.453426,32.966789],[130.453401,32.966776],[130.453381,32.966769],[130.453358,32.966764],[130.453245,32.966752],[130.453203,32.966745],[130.453166,32.966737],[130.453133,32.96673],[130.453118,32.966725],[130.453115,32.966723],[130.453114,32.96672],[130.453018,32.966664],[130.452908,32.96662],[130.452761,32.966557],[130.452643,32.9665],[130.45261,32.966488],[130.452573,32.966479],[130.452524,32.966463],[130.452491,32.966446],[130.452457,32.966419],[130.452439,32.966398],[130.452405,32.966339],[130.452382,32.966289],[130.452373,32.966248],[130.452374,32.966202],[130.452374,32.966168],[130.452372,32.966146],[130.452365,32.966112],[130.452334,32.966016],[130.452324,32.965993],[130.452304,32.965968],[130.452271,32.96594],[130.452222,32.965914],[130.452126,32.96586],[130.452017,32.965774],[130.451945,32.965716],[130.451983,32.965679],[130.45195,32.965491],[130.451915,32.965289],[130.451815,32.965047],[130.451769,32.965016],[130.451739,32.964969],[130.451636,32.964777],[130.451583,32.964719],[130.451579,32.964712],[130.45168,32.964569],[130.451828,32.964341],[130.451924,32.964202],[130.451978,32.964119],[130.451987,32.964106],[130.452047,32.964136],[130.452223,32.964221],[130.452343,32.96428],[130.452422,32.964315],[130.452494,32.964344],[130.452571,32.964374],[130.452578,32.964377],[130.452621,32.964393],[130.452741,32.964401],[130.452779,32.964397],[130.453115,32.964407],[130.453238,32.964438],[130.453313,32.964472],[130.45343,32.964536],[130.453463,32.964544],[130.45361,32.964546],[130.453631,32.964543],[130.453712,32.964536],[130.453809,32.964527],[130.453845,32.964523],[130.453886,32.964504],[130.453926,32.964481],[130.45394,32.96447],[130.453978,32.964438],[130.454064,32.964367],[130.454101,32.96434],[130.454141,32.964319],[130.454178,32.964308],[130.454416,32.964266],[130.454453,32.964264],[130.454481,32.964265],[130.454506,32.964269],[130.454542,32.96428],[130.454622,32.964309],[130.45465,32.964317],[130.454672,32.964321],[130.454694,32.964321],[130.454723,32.964318],[130.454751,32.964312],[130.454776,32.964306],[130.454801,32.964298],[130.454821,32.964289],[130.454901,32.964251],[130.454946,32.964235],[130.454991,32.964222],[130.455075,32.964202],[130.455153,32.964162],[130.455172,32.96416],[130.455214,32.964156],[130.455284,32.96415],[130.455324,32.964148],[130.455362,32.96415],[130.455506,32.964162],[130.455666,32.964176],[130.455704,32.964182],[130.455733,32.96419],[130.455821,32.964211],[130.45586,32.964218],[130.455907,32.964221],[130.455965,32.964223],[130.456086,32.964217],[130.4562,32.964211],[130.456235,32.964211],[130.456264,32.964214],[130.456301,32.964221],[130.456498,32.964272],[130.456517,32.964276],[130.456573,32.96429],[130.456593,32.964302],[130.456674,32.964347],[130.45669,32.964321],[130.457116,32.964412],[130.457118,32.964423],[130.457091,32.964538],[130.4571,32.964539],[130.457133,32.96454],[130.457153,32.964543],[130.457197,32.964556],[130.457225,32.96456],[130.457255,32.96456],[130.457309,32.964556],[130.457377,32.964546],[130.457442,32.964531],[130.457542,32.964504],[130.457621,32.96449],[130.45765,32.964488],[130.457679,32.96449],[130.457709,32.964496],[130.457732,32.964505],[130.457776,32.964531],[130.457829,32.964564],[130.457876,32.964587],[130.457905,32.964598],[130.457934,32.964606],[130.457969,32.96461],[130.458129,32.964623],[130.458169,32.964627],[130.458204,32.964633],[130.458238,32.964643],[130.458275,32.964658],[130.458349,32.964686],[130.458369,32.964698],[130.458388,32.964716],[130.458394,32.964735],[130.458394,32.964755],[130.458381,32.964845],[130.4584,32.964861],[130.458493,32.964853],[130.458832,32.964824],[130.458996,32.964808],[130.45915,32.964795],[130.459216,32.96479],[130.459231,32.964778],[130.459279,32.964452],[130.459343,32.964381],[130.459592,32.964201],[130.459612,32.964185],[130.459624,32.964168],[130.459629,32.964151],[130.459693,32.963765],[130.459712,32.963607],[130.459711,32.963569],[130.459531,32.963602],[130.459527,32.96359],[130.459505,32.963585],[130.459455,32.963503],[130.459457,32.963486],[130.459428,32.963422],[130.459411,32.963406],[130.458946,32.963079],[130.458929,32.963069],[130.458787,32.963012],[130.459206,32.962706],[130.459309,32.962636],[130.45933,32.962615],[130.459475,32.962449],[130.459479,32.962452],[130.459519,32.962537],[130.459808,32.962722],[130.459823,32.962722],[130.460021,32.962514],[130.460148,32.962278],[130.460176,32.962294],[130.460304,32.962367],[130.460426,32.962406],[130.460435,32.962398],[130.460756,32.962284],[130.460762,32.962282],[130.460782,32.962275],[130.460856,32.962249],[130.460863,32.962226],[130.460952,32.961909],[130.460945,32.961896],[130.460865,32.961803],[130.460819,32.961751],[130.460772,32.961696],[130.460741,32.961649],[130.460704,32.961626],[130.460679,32.961603],[130.460613,32.961539],[130.460571,32.961483],[130.460531,32.961433],[130.460491,32.961368],[130.460476,32.961319],[130.460467,32.961251],[130.460454,32.961223],[130.460439,32.961189],[130.460388,32.961136],[130.460339,32.961085],[130.460312,32.961049],[130.460288,32.961021],[130.460275,32.960998],[130.460273,32.960976],[130.460275,32.960951],[130.460293,32.960923],[130.460401,32.960818],[130.460423,32.96079],[130.460439,32.960771],[130.460208,32.960387],[130.460058,32.960142],[130.459882,32.960047],[130.460353,32.960041],[130.460587,32.960016],[130.46072,32.959995],[130.460788,32.960186],[130.46083,32.960301],[130.46085,32.960347],[130.460905,32.960437],[130.460927,32.960471],[130.460942,32.960496],[130.460975,32.960554],[130.461024,32.960629],[130.461044,32.960665],[130.461099,32.960735],[130.461139,32.960789],[130.461181,32.960844],[130.461234,32.960912],[130.461261,32.960948],[130.46128,32.961004],[130.461316,32.961057],[130.46124,32.961106],[130.461232,32.961117],[130.46125,32.96114],[130.461364,32.961261],[130.461482,32.961413],[130.461572,32.961545],[130.461606,32.961602],[130.461623,32.961643],[130.461637,32.961684],[130.461641,32.961716],[130.461648,32.961781],[130.46166,32.961938],[130.461662,32.961997],[130.461675,32.962081],[130.461726,32.962285],[130.461746,32.962355],[130.46176,32.96239],[130.461771,32.962413],[130.461784,32.96243],[130.461796,32.962443],[130.461808,32.962453],[130.46182,32.96246],[130.461828,32.962463],[130.461856,32.962513],[130.461906,32.962586],[130.46197,32.962697],[130.462043,32.962822],[130.462101,32.962916],[130.462184,32.96308],[130.462281,32.963276],[130.462345,32.963423],[130.462389,32.963536],[130.46242,32.963588],[130.462431,32.963603],[130.462535,32.963709],[130.462587,32.963753],[130.462703,32.963633],[130.462759,32.963581],[130.462752,32.963575],[130.462811,32.963481],[130.462957,32.963284],[130.463006,32.963217],[130.463093,32.963259],[130.463253,32.963349],[130.463411,32.963433],[130.463431,32.963454],[130.463497,32.963522],[130.463555,32.963569],[130.463602,32.963599],[130.463668,32.963631],[130.463668,32.963704],[130.463667,32.96384],[130.463668,32.964056],[130.463668,32.964081],[130.463667,32.964265],[130.46367,32.964419],[130.46367,32.964552],[130.463616,32.964577],[130.463608,32.964582],[130.463561,32.964599],[130.463387,32.964656],[130.463195,32.964717],[130.463172,32.964724],[130.463119,32.964734],[130.463094,32.96474],[130.463058,32.964751],[130.463067,32.964781],[130.463152,32.964918],[130.463268,32.965111],[130.463405,32.965335],[130.463516,32.965521],[130.463622,32.965692],[130.463746,32.965897],[130.463813,32.966009],[130.463838,32.966052],[130.463891,32.966141],[130.464013,32.966344],[130.464024,32.966336],[130.464126,32.966451],[130.464217,32.966549],[130.464295,32.966627],[130.46435,32.966702],[130.464363,32.96674],[130.464416,32.966842],[130.464443,32.966902],[130.464469,32.966979],[130.464471,32.967011],[130.464471,32.967069],[130.464452,32.967248],[130.464447,32.967351],[130.464446,32.967366],[130.464453,32.967378],[130.4646,32.96761],[130.464683,32.967768],[130.464708,32.967816],[130.464738,32.967883],[130.464772,32.96796],[130.464797,32.968043],[130.464813,32.96811],[130.464827,32.968189],[130.464836,32.968271],[130.464839,32.968376],[130.464979,32.968647],[130.465076,32.968764],[130.465111,32.968808],[130.465148,32.968853],[130.465184,32.968899],[130.465223,32.968943],[130.465263,32.96899],[130.465294,32.969019],[130.465322,32.96904],[130.465358,32.969069],[130.465407,32.9691],[130.465429,32.969114],[130.465441,32.969122],[130.465613,32.969214],[130.465687,32.969254],[130.465877,32.969356],[130.466035,32.969449],[130.466096,32.969489],[130.466158,32.969539],[130.466209,32.96958],[130.466254,32.969616],[130.466316,32.969674],[130.466365,32.96972],[130.466452,32.969823],[130.466563,32.969967],[130.46669,32.970123],[130.466724,32.970162],[130.46675,32.970186],[130.466777,32.97021],[130.4668,32.970227],[130.466831,32.970249],[130.466876,32.970276],[130.466903,32.97029],[130.466934,32.970303],[130.466963,32.970312],[130.467373,32.970408],[130.467447,32.970436],[130.467515,32.970461],[130.46754,32.970474],[130.467631,32.970521],[130.46766,32.970537],[130.467673,32.970543],[130.467954,32.97071],[130.468049,32.970775],[130.468089,32.970807],[130.468178,32.970889],[130.468207,32.970919],[130.468242,32.970959],[130.468251,32.970972],[130.46845,32.970811],[130.468312,32.970603],[130.468306,32.970558],[130.468302,32.970505],[130.468309,32.970494],[130.46851,32.970376],[130.468862,32.970158],[130.468917,32.970173],[130.46905,32.970128],[130.469176,32.970109],[130.469216,32.970111],[130.469344,32.97014],[130.469393,32.970155],[130.469434,32.970182],[130.469477,32.970217],[130.469486,32.970246],[130.469475,32.970258],[130.46963,32.970324],[130.469751,32.970377],[130.469797,32.9704],[130.469817,32.97041],[130.469831,32.970419],[130.46984,32.970426],[130.469862,32.970445],[130.469877,32.970462],[130.469896,32.970489],[130.469913,32.970518],[130.469942,32.970582],[130.469964,32.970645],[130.469982,32.970696],[130.469987,32.970703],[130.469994,32.970712],[130.470003,32.970719],[130.470013,32.970721],[130.470023,32.970722],[130.470009,32.970827],[130.470008,32.970833],[130.470014,32.970866],[130.470067,32.970967],[130.470103,32.971041],[130.470095,32.971116],[130.470086,32.971166],[130.470063,32.971219],[130.470022,32.971276],[130.469997,32.971312],[130.469997,32.971323],[130.469933,32.971395],[130.469838,32.971477],[130.469725,32.971562],[130.469614,32.971653],[130.469364,32.971849],[130.469237,32.971949],[130.469078,32.972074],[130.46906,32.972088],[130.469008,32.972069],[130.46899,32.97206],[130.468958,32.972084],[130.468985,32.972106],[130.469023,32.972133],[130.469058,32.972157],[130.46911,32.972184],[130.469309,32.97228],[130.46935,32.972298],[130.469601,32.972412],[130.469773,32.972491],[130.469781,32.972493],[130.46979,32.972494],[130.46985,32.972523],[130.469856,32.972529],[130.469861,32.972532],[130.469888,32.972547],[130.46984,32.972596],[130.46973,32.972711],[130.469528,32.97292],[130.469471,32.972975],[130.4694,32.973057],[130.469382,32.973078],[130.469338,32.97313],[130.469275,32.973201],[130.469295,32.973214],[130.469304,32.973228],[130.469324,32.973254],[130.46935,32.973272],[130.46938,32.973286],[130.469424,32.973282],[130.469455,32.973271],[130.469516,32.973271],[130.469542,32.973286],[130.469557,32.973307],[130.46956,32.97336],[130.469459,32.973504],[130.469435,32.973534],[130.469427,32.973568],[130.46937,32.973738],[130.469235,32.973953],[130.469204,32.973943],[130.469186,32.973978],[130.46914,32.974055],[130.469004,32.974105],[130.468994,32.974117],[130.468934,32.974196],[130.468847,32.97431],[130.468655,32.974568],[130.468669,32.974679],[130.468684,32.974851],[130.468694,32.974966],[130.468853,32.975034],[130.469139,32.975017],[130.469175,32.975047],[130.469657,32.975153],[130.469683,32.975179],[130.469613,32.97519],[130.469562,32.975224],[130.469633,32.97534],[130.469585,32.975402],[130.469579,32.975411],[130.469587,32.975468],[130.469578,32.975504],[130.469543,32.975627],[130.469532,32.97567],[130.469523,32.975787],[130.469506,32.975976],[130.469506,32.975988],[130.469506,32.976024],[130.469608,32.976062],[130.469578,32.976237],[130.469567,32.97631],[130.469512,32.976506],[130.469469,32.976631],[130.469488,32.976651],[130.469567,32.976714],[130.469628,32.976752],[130.469686,32.976765],[130.469735,32.976782],[130.469786,32.976793],[130.469809,32.976793],[130.470077,32.976853],[130.470116,32.976861],[130.470115,32.976864],[130.470112,32.97691],[130.470106,32.976938],[130.470095,32.976963],[130.470084,32.976984],[130.470072,32.976999],[130.470054,32.977015],[130.470033,32.977033],[130.469888,32.977122],[130.469685,32.97725],[130.469619,32.977303],[130.469582,32.977337],[130.469711,32.977328],[130.469771,32.977324],[130.469945,32.977314],[130.470061,32.977308],[130.470171,32.977305],[130.470224,32.977301],[130.470296,32.977294],[130.470375,32.977283],[130.470412,32.977277],[130.470495,32.977259],[130.470615,32.977224],[130.470717,32.977198],[130.47078,32.977173],[130.470844,32.977134],[130.470799,32.977261],[130.470742,32.977271],[130.470712,32.977284],[130.470695,32.977304],[130.470686,32.977334],[130.470683,32.977365],[130.470671,32.977393],[130.470648,32.97744],[130.470612,32.977481],[130.470536,32.977531],[130.470499,32.977549],[130.470493,32.977568],[130.470444,32.977653],[130.470421,32.977694],[130.470375,32.977787],[130.470349,32.977827],[130.470231,32.977877],[130.470125,32.978015],[130.470115,32.978007],[130.470113,32.978009],[130.470074,32.978077],[130.470041,32.97813],[130.470026,32.97817],[130.470015,32.978228],[130.470009,32.978278],[130.470013,32.978339],[130.470025,32.978401],[130.470029,32.978445],[130.47001,32.978491],[130.469973,32.978538],[130.469913,32.978594],[130.469832,32.978677],[130.469752,32.978754],[130.469719,32.978791],[130.469708,32.978822],[130.469702,32.97888],[130.469689,32.978912],[130.469673,32.978939],[130.469609,32.978968],[130.469556,32.978997],[130.469516,32.979034],[130.469483,32.979073],[130.469452,32.979121],[130.469407,32.979206],[130.469361,32.979301],[130.46949,32.979289],[130.469511,32.979288],[130.469757,32.979311],[130.469887,32.979165],[130.469988,32.979226],[130.470012,32.979242],[130.470079,32.979288],[130.470145,32.979333],[130.470083,32.979417],[130.470182,32.979479],[130.469835,32.979893],[130.469925,32.979948],[130.469954,32.979967],[130.469964,32.980076],[130.469965,32.980085],[130.470241,32.980114],[130.470305,32.980127],[130.470488,32.980186],[130.470515,32.980191],[130.470537,32.980194],[130.470565,32.980195],[130.470587,32.980195],[130.470698,32.980154],[130.47083,32.980108],[130.470855,32.9801],[130.470874,32.980097],[130.470899,32.9801],[130.470918,32.980103],[130.470933,32.980106],[130.470946,32.98011],[130.471014,32.980141],[130.471159,32.980168],[130.471277,32.980195],[130.471285,32.980225],[130.47136,32.980246],[130.471543,32.980298],[130.47163,32.98032],[130.471674,32.98033],[130.471712,32.980337],[130.471745,32.98034],[130.471786,32.980339],[130.471815,32.980338],[130.471966,32.980321],[130.472136,32.980298],[130.472164,32.980294],[130.472207,32.980293],[130.472247,32.980298],[130.47252,32.980353],[130.472614,32.980365],[130.472776,32.980382],[130.472892,32.980401],[130.472931,32.980404],[130.473071,32.980394],[130.473113,32.980392],[130.473146,32.980393],[130.473171,32.980395],[130.473203,32.980402],[130.473216,32.980407],[130.473219,32.980416],[130.47324,32.980457],[130.473326,32.980638],[130.473329,32.980643],[130.473385,32.980829],[130.473447,32.981045],[130.473362,32.98137],[130.473372,32.981372],[130.473314,32.981596],[130.473292,32.981645],[130.47327,32.981724],[130.473214,32.981904],[130.473438,32.981955],[130.473816,32.982033],[130.473778,32.98216],[130.47377,32.982189],[130.473735,32.982317],[130.473812,32.982328],[130.473929,32.982348],[130.473918,32.982464],[130.473928,32.982473],[130.474086,32.982479],[130.474101,32.982486],[130.474136,32.982523],[130.474132,32.982572],[130.47413,32.982598],[130.474367,32.982578],[130.474378,32.982583],[130.474417,32.982654],[130.474418,32.982761],[130.474418,32.982863],[130.474411,32.982949],[130.474352,32.983017],[130.474325,32.983059],[130.474308,32.983085],[130.474563,32.983158],[130.474665,32.983174],[130.474706,32.983179],[130.474779,32.983182],[130.474825,32.983179],[130.474855,32.983174],[130.475013,32.983143],[130.475323,32.983084],[130.475356,32.983077],[130.475371,32.983122],[130.475279,32.983167],[130.475164,32.983316],[130.475076,32.983499],[130.475091,32.983503],[130.475114,32.983533],[130.475162,32.983558],[130.475187,32.98357],[130.475193,32.98359],[130.475191,32.983609],[130.475178,32.983642],[130.475182,32.983676],[130.475196,32.983702],[130.475221,32.983722],[130.475242,32.983729],[130.47529,32.983768],[130.475275,32.983785],[130.475254,32.983831],[130.47521,32.983816],[130.475162,32.983783],[130.475127,32.983765],[130.47505,32.983726],[130.474975,32.983689],[130.474953,32.983671],[130.474946,32.983655],[130.474911,32.983516],[130.474855,32.983516],[130.474785,32.983515],[130.474677,32.983511],[130.474513,32.983518],[130.474441,32.983522],[130.474443,32.983504],[130.474378,32.983544],[130.474372,32.983894],[130.474371,32.983925],[130.474536,32.983996],[130.474618,32.984018],[130.474703,32.984064],[130.47483,32.984175],[130.474992,32.984244],[130.475186,32.984276],[130.475314,32.984318],[130.475384,32.984324],[130.475399,32.984309],[130.475487,32.984302],[130.47568,32.984367],[130.47576,32.984405],[130.475831,32.984454],[130.475891,32.984512],[130.475915,32.984531],[130.475951,32.984541],[130.476058,32.984571],[130.476129,32.984585],[130.476215,32.984606],[130.476314,32.984659],[130.476378,32.984705],[130.476422,32.984742],[130.476499,32.984819],[130.476589,32.984934],[130.476707,32.985084],[130.476741,32.985144],[130.476755,32.985157],[130.476773,32.985162],[130.47684,32.985159],[130.476878,32.985161],[130.476916,32.985177],[130.476951,32.985197],[130.476983,32.985206],[130.477025,32.985214],[130.477055,32.98522],[130.477104,32.985245],[130.47714,32.985266],[130.477182,32.985275],[130.477247,32.985295],[130.477343,32.985337],[130.477432,32.985357],[130.477448,32.98534],[130.477468,32.985329],[130.477511,32.985303],[130.477545,32.985285],[130.477604,32.985258],[130.477651,32.985253],[130.477679,32.985256],[130.477771,32.985296],[130.47785,32.985325],[130.47789,32.985325],[130.477927,32.985313],[130.477945,32.985298],[130.477959,32.985271],[130.47798,32.985227],[130.477994,32.985193],[130.47801,32.985176],[130.478039,32.985157],[130.478063,32.985154],[130.478097,32.985158],[130.478156,32.985165],[130.478184,32.985175],[130.478222,32.985187],[130.478258,32.985191],[130.478329,32.985191],[130.478369,32.985198],[130.47841,32.985213],[130.478444,32.985241],[130.478462,32.985272],[130.478474,32.985316],[130.478484,32.985338],[130.478512,32.985362],[130.478576,32.985403],[130.478606,32.985444],[130.478636,32.985493],[130.478642,32.985531],[130.478642,32.985551],[130.478656,32.98557],[130.47868,32.985582],[130.478714,32.985592],[130.47875,32.985603],[130.478799,32.985623],[130.478843,32.985661],[130.478893,32.985707],[130.478933,32.985757],[130.478963,32.985815],[130.478995,32.985854],[130.479029,32.985891],[130.479059,32.985914],[130.479094,32.985931],[130.479136,32.985953],[130.479216,32.985984],[130.479279,32.986006],[130.479339,32.986037],[130.479379,32.986061],[130.479408,32.986068],[130.479444,32.986075],[130.479442,32.986092],[130.479434,32.986115],[130.479473,32.986118],[130.479488,32.986118],[130.479498,32.986118],[130.479505,32.986119],[130.479572,32.986117],[130.47958,32.986117],[130.479597,32.986117],[130.479604,32.986127],[130.479643,32.986214],[130.47968,32.986325],[130.479731,32.986423],[130.47975,32.986474],[130.479758,32.986507],[130.479762,32.986574],[130.479801,32.986671],[130.479832,32.986754],[130.479834,32.986799],[130.479844,32.986811],[130.479861,32.986801],[130.479892,32.986721],[130.479918,32.986641],[130.479936,32.986553],[130.479967,32.986453],[130.480007,32.986369],[130.480041,32.986329],[130.480074,32.986318],[130.480118,32.986321],[130.480148,32.986333],[130.480179,32.986352],[130.480201,32.986387],[130.480226,32.986419],[130.480272,32.986451],[130.480317,32.986468],[130.480343,32.986483],[130.480386,32.98651],[130.480461,32.986558],[130.48056,32.986605],[130.480619,32.986627],[130.480681,32.986648],[130.480708,32.986671],[130.48072,32.986705],[130.480714,32.986751],[130.480694,32.986805],[130.480693,32.986836],[130.480707,32.986853],[130.480737,32.986862],[130.480759,32.986853],[130.480781,32.986825],[130.480799,32.986808],[130.480818,32.9868],[130.480852,32.9868],[130.480888,32.986804],[130.480919,32.986809],[130.481054,32.986841],[130.481171,32.986872],[130.481186,32.986892],[130.48122,32.986907],[130.481252,32.986921],[130.481329,32.986958],[130.481382,32.98697],[130.481422,32.986965],[130.48144,32.986945],[130.481446,32.986903],[130.481395,32.986851],[130.481359,32.986806],[130.481334,32.986771],[130.481332,32.986742],[130.481336,32.986716],[130.481358,32.986696],[130.481416,32.986652],[130.481477,32.986621],[130.481483,32.986629],[130.481569,32.986572],[130.481684,32.986641],[130.481743,32.986672],[130.48179,32.986697],[130.481898,32.986746],[130.481976,32.986782],[130.482073,32.986839],[130.482235,32.986926],[130.482276,32.986947],[130.482237,32.987031],[130.482214,32.987079],[130.482209,32.98711],[130.482199,32.987167],[130.482183,32.987208],[130.482184,32.987227],[130.482156,32.987273],[130.482124,32.987329],[130.482075,32.987413],[130.482052,32.98745],[130.482069,32.987462],[130.482201,32.987552],[130.482194,32.987582],[130.482176,32.987637],[130.48212,32.987776],[130.482082,32.987843],[130.482076,32.987855],[130.48207,32.987876],[130.482067,32.987896],[130.482059,32.987949],[130.482047,32.988012],[130.48203,32.988067],[130.482007,32.988134],[130.481979,32.988202],[130.48194,32.988274],[130.481887,32.988397],[130.481899,32.988512],[130.481902,32.988584],[130.481901,32.988667],[130.481903,32.988707],[130.481918,32.988766],[130.481944,32.988874],[130.481955,32.98892],[130.481955,32.988935],[130.481954,32.98894],[130.481949,32.988943],[130.481928,32.988948],[130.481936,32.98898],[130.481949,32.989025],[130.481973,32.989106],[130.482008,32.989221],[130.482045,32.989243],[130.482088,32.989269],[130.482118,32.989275],[130.482169,32.989287],[130.482242,32.989303],[130.482308,32.989316],[130.482351,32.989331],[130.482401,32.989362],[130.482444,32.989404],[130.482477,32.98944],[130.482509,32.989469],[130.482535,32.98949],[130.48257,32.989518],[130.482681,32.989597],[130.482703,32.989552],[130.482785,32.98936],[130.482805,32.989332],[130.482867,32.98923],[130.482917,32.989172],[130.482923,32.989058],[130.482654,32.989037],[130.482654,32.989014],[130.482634,32.989005],[130.482609,32.988993],[130.482585,32.988975],[130.482571,32.988947],[130.482576,32.988825],[130.482649,32.988825],[130.482672,32.988762],[130.482697,32.988722],[130.48273,32.988645],[130.482758,32.988605],[130.482807,32.988587],[130.482883,32.988584],[130.482924,32.988584],[130.482992,32.988578],[130.483028,32.988473],[130.48305,32.988398],[130.483062,32.988316],[130.48308,32.988272],[130.48311,32.988232],[130.483144,32.988208],[130.483182,32.988179],[130.483212,32.988153],[130.483256,32.988138],[130.483339,32.988122],[130.483383,32.988122],[130.483422,32.98814],[130.483454,32.988144],[130.483493,32.988147],[130.483527,32.988159],[130.483557,32.988186],[130.483616,32.988216],[130.483768,32.98826],[130.483976,32.988316],[130.48414,32.988372],[130.484172,32.988382],[130.484326,32.988401],[130.484376,32.988408],[130.484407,32.98841],[130.484704,32.988464],[130.484765,32.988478],[130.484799,32.988502],[130.485174,32.98877],[130.485198,32.988777],[130.485453,32.988776],[130.485467,32.988768],[130.485484,32.988533],[130.485493,32.988321],[130.485494,32.988302],[130.485427,32.988199],[130.485307,32.98808],[130.485257,32.988023],[130.48507,32.987883],[130.484942,32.987809],[130.484651,32.987671],[130.48458,32.987651],[130.484503,32.987625],[130.484333,32.987571],[130.484326,32.987663],[130.484142,32.987637],[130.484134,32.987631],[130.484135,32.987539],[130.484066,32.98752],[130.483947,32.987478],[130.483913,32.987463],[130.483852,32.987397],[130.483817,32.98735],[130.483815,32.987309],[130.483821,32.98725],[130.483836,32.987208],[130.483885,32.987177],[130.483963,32.987139],[130.48401,32.987139],[130.484044,32.987146],[130.484163,32.987073],[130.48418,32.986939],[130.484006,32.986845],[130.483969,32.986808],[130.483945,32.986756],[130.483947,32.98673],[130.483989,32.986695],[130.484035,32.986667],[130.484198,32.986604],[130.484372,32.986625],[130.484499,32.986642],[130.484633,32.986656],[130.48472,32.986664],[130.484788,32.986681],[130.4849,32.98672],[130.484964,32.986741],[130.485033,32.986751],[130.485128,32.986756],[130.485215,32.98675],[130.485287,32.986745],[130.485348,32.986735],[130.485419,32.986724],[130.485459,32.986709],[130.485571,32.986633],[130.485619,32.986488],[130.485908,32.986546],[130.48592,32.986548],[130.485918,32.986558],[130.485907,32.986605],[130.485893,32.986659],[130.485871,32.986752],[130.485851,32.986833],[130.485838,32.986901],[130.48583,32.986942],[130.485827,32.986986],[130.48578,32.987023],[130.485772,32.987075],[130.485768,32.987158],[130.485773,32.987186],[130.485787,32.987285],[130.485911,32.987336],[130.485964,32.98731],[130.486153,32.987262],[130.486265,32.987229],[130.486337,32.987368],[130.486382,32.98747],[130.486398,32.987507],[130.486431,32.987584],[130.486427,32.987602],[130.486401,32.98765],[130.486409,32.987682],[130.486428,32.98771],[130.486464,32.987745],[130.486503,32.987769],[130.486531,32.987834],[130.486564,32.987841],[130.486605,32.987945],[130.486617,32.987955],[130.486649,32.987955],[130.486698,32.988064],[130.486722,32.98813],[130.486763,32.988221],[130.486781,32.988217],[130.486847,32.988334],[130.486844,32.988335],[130.486858,32.988363],[130.486882,32.988395],[130.48692,32.988423],[130.486977,32.988445],[130.486976,32.988616],[130.486982,32.988646],[130.486997,32.988705],[130.486998,32.988711],[130.487019,32.988707],[130.487045,32.988838],[130.487014,32.988842],[130.487017,32.988866],[130.487053,32.988861],[130.487077,32.989007],[130.487101,32.989066],[130.487099,32.989091],[130.487102,32.989131],[130.487121,32.989259],[130.48713,32.989323],[130.487131,32.989333],[130.487131,32.989349],[130.487128,32.989358],[130.487124,32.989366],[130.487117,32.989378],[130.487107,32.989389],[130.487096,32.989397],[130.48707,32.989409],[130.486982,32.989438],[130.48689,32.989482],[130.486849,32.989506],[130.486803,32.989545],[130.486767,32.989603],[130.486738,32.989649],[130.486711,32.989714],[130.486691,32.989764],[130.48667,32.989821],[130.486653,32.989878],[130.486639,32.989934],[130.486625,32.989986],[130.48655,32.990043],[130.486502,32.990083],[130.486392,32.990208],[130.486368,32.990243],[130.486322,32.99036],[130.486197,32.990393],[130.48615,32.990332],[130.486142,32.990287],[130.486136,32.990267],[130.486149,32.990185],[130.485984,32.9902],[130.485712,32.990225],[130.485711,32.990231],[130.485706,32.990247],[130.485701,32.990255],[130.485691,32.990259],[130.485681,32.990262],[130.485583,32.990291],[130.485554,32.990298],[130.485525,32.990303],[130.485378,32.990321],[130.485233,32.990329],[130.48519,32.990332],[130.485179,32.990334],[130.485191,32.990292],[130.485208,32.990206],[130.485225,32.990204],[130.485236,32.99],[130.485076,32.989964],[130.484909,32.989921],[130.484785,32.989892],[130.484753,32.989886],[130.48474,32.989964],[130.484737,32.990026],[130.484711,32.990171],[130.484693,32.990338],[130.484471,32.990329],[130.484448,32.990167],[130.484403,32.990167],[130.484359,32.990171],[130.484264,32.990185],[130.48417,32.990201],[130.484098,32.990222],[130.484092,32.990214],[130.484082,32.990207],[130.484061,32.990201],[130.484041,32.990193],[130.484033,32.990186],[130.484027,32.990168],[130.484004,32.990169],[130.484,32.990179],[130.483859,32.990185],[130.483712,32.990182],[130.483643,32.990183],[130.483534,32.990177],[130.483418,32.990187],[130.483411,32.99019],[130.483412,32.990272],[130.48342,32.990286],[130.483444,32.990287],[130.483432,32.990471],[130.483374,32.990472],[130.483192,32.990474],[130.483171,32.990474],[130.483157,32.990477],[130.483083,32.99049],[130.483074,32.990497],[130.483071,32.990503],[130.48303,32.99052],[130.483038,32.990553],[130.483063,32.990647],[130.483019,32.990678],[130.482991,32.990682],[130.482934,32.9907],[130.482874,32.990715],[130.482787,32.990719],[130.482745,32.990721],[130.48273,32.990694],[130.482734,32.990664],[130.48275,32.99059],[130.48279,32.990473],[130.482792,32.990467],[130.482797,32.99043],[130.482763,32.99034],[130.482756,32.99031],[130.482726,32.990236],[130.482621,32.990261],[130.482655,32.99033],[130.482361,32.990325],[130.482342,32.990293],[130.482136,32.990281],[130.482124,32.990302],[130.481963,32.990297],[130.481953,32.99029],[130.48193,32.990205],[130.481809,32.990201],[130.481629,32.990197],[130.481595,32.990196],[130.481342,32.990191],[130.481334,32.990197],[130.481333,32.990244],[130.481217,32.990244],[130.481147,32.990244],[130.481121,32.990244],[130.48088,32.990237],[130.480864,32.990238],[130.480858,32.99024],[130.480855,32.990244],[130.480902,32.990043],[130.480965,32.990042],[130.480929,32.990023],[130.480893,32.990003],[130.480812,32.989962],[130.480673,32.989931],[130.480666,32.989934],[130.480627,32.990002],[130.480538,32.990009],[130.480537,32.990012],[130.480494,32.990178],[130.480491,32.990188],[130.480482,32.990243],[130.480479,32.990262],[130.48047,32.99033],[130.480287,32.99033],[130.480261,32.990321],[130.480123,32.990326],[130.480106,32.990163],[130.48008,32.989946],[130.480069,32.989872],[130.480064,32.989842],[130.480062,32.989813],[130.480063,32.989789],[130.480064,32.989757],[130.480054,32.989758],[130.480033,32.989757],[130.479878,32.989741],[130.479646,32.989711],[130.479638,32.989755],[130.47963,32.989809],[130.479628,32.989829],[130.479621,32.989906],[130.47958,32.989904],[130.479563,32.989901],[130.479554,32.989897],[130.479534,32.989889],[130.479502,32.989873],[130.479479,32.989862],[130.479437,32.989848],[130.479398,32.989838],[130.479319,32.989821],[130.479281,32.989817],[130.479225,32.989807],[130.479162,32.989792],[130.479129,32.98978],[130.479078,32.989758],[130.479041,32.989734],[130.479023,32.989719],[130.479017,32.989706],[130.479015,32.989691],[130.479,32.989627],[130.478975,32.98963],[130.478944,32.989633],[130.478905,32.989639],[130.478849,32.989649],[130.478811,32.989653],[130.478729,32.989665],[130.478709,32.989668],[130.47869,32.989671],[130.478653,32.989683],[130.478633,32.98969],[130.4786,32.989711],[130.478589,32.989723],[130.478566,32.989745],[130.478532,32.989776],[130.478509,32.989799],[130.478486,32.989818],[130.478467,32.989837],[130.478444,32.989867],[130.478403,32.989918],[130.478377,32.989957],[130.478312,32.990042],[130.478245,32.990124],[130.478174,32.990221],[130.478147,32.990252],[130.478123,32.99028],[130.478102,32.990306],[130.478099,32.990309],[130.47804,32.990387],[130.478009,32.990431],[130.477988,32.99046],[130.477958,32.990503],[130.477912,32.990582],[130.477882,32.990638],[130.477849,32.990701],[130.477833,32.990731],[130.477816,32.990762],[130.477791,32.990808],[130.477739,32.99091],[130.477693,32.990994],[130.477671,32.991034],[130.477653,32.991068],[130.477587,32.991184],[130.47758,32.991194],[130.477517,32.991292],[130.477503,32.991315],[130.477504,32.991323],[130.477513,32.991336],[130.477541,32.991372],[130.477556,32.991388],[130.477565,32.991399],[130.47758,32.991419],[130.477588,32.99143],[130.477596,32.991445],[130.477623,32.991504],[130.477649,32.991567],[130.477692,32.991754],[130.477693,32.99176],[130.477705,32.991828],[130.477713,32.991888],[130.477718,32.991924],[130.477718,32.991937],[130.477716,32.991951],[130.477712,32.991961],[130.477703,32.991965],[130.477694,32.991969],[130.477686,32.991978],[130.477678,32.991988],[130.477659,32.992018],[130.477613,32.992103],[130.477528,32.992219],[130.47749,32.992272],[130.477676,32.992303],[130.477715,32.992313],[130.47771,32.992517],[130.477692,32.992543],[130.477646,32.992626],[130.47762,32.992636],[130.477771,32.99283],[130.477787,32.992851],[130.477929,32.993038],[130.477943,32.993069],[130.47795,32.99315],[130.47796,32.993184],[130.477974,32.993202],[130.478011,32.993214],[130.478092,32.993229],[130.478118,32.993245],[130.47814,32.993266],[130.478149,32.9933],[130.478155,32.993323],[130.478185,32.993348],[130.478214,32.99336],[130.478246,32.993362],[130.47826,32.993444],[130.478269,32.993451],[130.478323,32.993443],[130.478351,32.993448],[130.478392,32.993459],[130.478436,32.993461],[130.478479,32.993452],[130.478491,32.993437],[130.478486,32.993366],[130.478496,32.993356],[130.478557,32.993343],[130.478571,32.993347],[130.478632,32.993382],[130.478845,32.993298],[130.478897,32.993337],[130.478893,32.993346],[130.478847,32.993399],[130.478822,32.993442],[130.478797,32.993507],[130.478781,32.993556],[130.478778,32.99358],[130.478786,32.993609],[130.478793,32.993624],[130.478805,32.99364],[130.478829,32.993656],[130.47895,32.993714],[130.479013,32.993756],[130.47903,32.993772],[130.479035,32.99379],[130.479035,32.993812],[130.479038,32.993873],[130.479041,32.993931],[130.478996,32.993935],[130.478897,32.993944],[130.478815,32.993952],[130.478781,32.993955],[130.47872,32.993986],[130.478707,32.993993],[130.478704,32.993997],[130.478677,32.993998],[130.478659,32.993998],[130.478515,32.994026],[130.478349,32.994064],[130.478269,32.994088],[130.478291,32.994149],[130.478308,32.994227],[130.478316,32.994275],[130.478321,32.994284],[130.47833,32.994287],[130.478312,32.994292],[130.47829,32.994294],[130.47824,32.994297],[130.478017,32.994301],[130.477979,32.994302],[130.477997,32.99435],[130.477965,32.994371],[130.47793,32.994391],[130.477887,32.994411],[130.477845,32.994423],[130.477766,32.994444],[130.477697,32.994471],[130.477685,32.994476],[130.477625,32.994499],[130.477614,32.994506],[130.477609,32.994495],[130.477576,32.994418],[130.477463,32.994526],[130.477293,32.99446],[130.47728,32.994455],[130.47726,32.994383],[130.477257,32.994371],[130.477259,32.994368],[130.477313,32.994315],[130.477367,32.994302],[130.477444,32.99428],[130.477474,32.994271],[130.47748,32.994266],[130.477389,32.994098],[130.477387,32.994095],[130.477378,32.994079],[130.477375,32.994073],[130.477341,32.994009],[130.477337,32.993991],[130.477258,32.993911],[130.477325,32.993887],[130.477424,32.993852],[130.477488,32.993831],[130.477485,32.993815],[130.477464,32.993734],[130.477409,32.993492],[130.477316,32.993515],[130.4773,32.993513],[130.477247,32.99338],[130.477305,32.993375],[130.477444,32.993362],[130.477448,32.993359],[130.477346,32.993181],[130.477342,32.993174],[130.477314,32.993187],[130.477259,32.993211],[130.477228,32.993221],[130.477135,32.993239],[130.477116,32.993243],[130.477041,32.993016],[130.477039,32.99301],[130.477037,32.993001],[130.477053,32.992996],[130.477122,32.992975],[130.47714,32.99297],[130.477146,32.992968],[130.477146,32.992965],[130.477148,32.992952],[130.477147,32.992939],[130.477144,32.992927],[130.477143,32.992913],[130.477141,32.992907],[130.477131,32.992901],[130.477127,32.992899],[130.477099,32.992886],[130.477043,32.992864],[130.476928,32.992819],[130.476917,32.992815],[130.476898,32.99281],[130.476816,32.992784],[130.476729,32.992759],[130.476723,32.992774],[130.476697,32.992839],[130.476652,32.992939],[130.47663,32.992986],[130.476601,32.993039],[130.476576,32.993087],[130.476555,32.993129],[130.47655,32.993139],[130.476526,32.993193],[130.476502,32.993238],[130.476498,32.993242],[130.476484,32.993287],[130.476477,32.993321],[130.476468,32.993365],[130.476462,32.993407],[130.476463,32.993428],[130.476463,32.993432],[130.476346,32.99343],[130.476218,32.993429],[130.476166,32.993429],[130.476159,32.993433],[130.476125,32.993418],[130.476103,32.993405],[130.476084,32.99339],[130.476037,32.993342],[130.476014,32.993314],[130.47598,32.993277],[130.475955,32.993256],[130.475936,32.993241],[130.475878,32.993195],[130.475839,32.993168],[130.475778,32.993129],[130.475751,32.993107],[130.47574,32.993096],[130.475717,32.993058],[130.475696,32.993026],[130.47569,32.993017],[130.47567,32.992982],[130.47566,32.992966],[130.475619,32.992925],[130.475596,32.992904],[130.475557,32.992868],[130.47551,32.99283],[130.475499,32.992817],[130.47548,32.992797],[130.47544,32.992753],[130.475378,32.992685],[130.475361,32.992663],[130.475346,32.992644],[130.475246,32.992645],[130.475154,32.99264],[130.475114,32.992638],[130.475072,32.992634],[130.475034,32.992629],[130.474989,32.992623],[130.474955,32.992618],[130.474931,32.992615],[130.474874,32.992611],[130.474768,32.992606],[130.474679,32.992598],[130.474584,32.99259],[130.474584,32.992572],[130.474586,32.992456],[130.474582,32.992449],[130.474578,32.992445],[130.474609,32.992441],[130.474673,32.992436],[130.474728,32.992436],[130.474864,32.99243],[130.474901,32.992426],[130.474909,32.99242],[130.474912,32.992288],[130.475048,32.992292],[130.475145,32.992394],[130.475218,32.992394],[130.475225,32.992206],[130.475229,32.992197],[130.475316,32.992203],[130.475342,32.992201],[130.475349,32.992128],[130.475359,32.992113],[130.475376,32.992108],[130.475454,32.992135],[130.475513,32.992145],[130.475517,32.992153],[130.475503,32.992225],[130.475518,32.992235],[130.475675,32.992227],[130.475703,32.992223],[130.475713,32.992169],[130.475731,32.992164],[130.475784,32.992161],[130.475794,32.992143],[130.475811,32.992044],[130.475869,32.992032],[130.476119,32.992017],[130.476129,32.992064],[130.476128,32.992143],[130.476127,32.992171],[130.476287,32.992194],[130.476273,32.992361],[130.476302,32.992364],[130.476354,32.992369],[130.476438,32.992377],[130.476439,32.992373],[130.476445,32.992313],[130.476445,32.992287],[130.476452,32.992194],[130.476476,32.992195],[130.476513,32.992198],[130.476531,32.992144],[130.476587,32.992146],[130.47665,32.992136],[130.476653,32.992036],[130.476625,32.992031],[130.476605,32.992016],[130.476598,32.991999],[130.476581,32.991849],[130.476598,32.991848],[130.476596,32.991818],[130.476583,32.99169],[130.476582,32.991678],[130.476573,32.991572],[130.476568,32.991507],[130.476563,32.991447],[130.476563,32.991437],[130.476569,32.991212],[130.47657,32.991182],[130.476463,32.991196],[130.476452,32.991192],[130.476434,32.991185],[130.476373,32.991033],[130.476278,32.991034],[130.476187,32.990996],[130.476207,32.990956],[130.476232,32.990889],[130.476234,32.990834],[130.47623,32.990789],[130.476221,32.99074],[130.476231,32.99073],[130.476377,32.990677],[130.47637,32.990667],[130.476261,32.99064],[130.476141,32.990444],[130.475989,32.990427],[130.4758,32.990197],[130.475838,32.990102],[130.47583,32.990092],[130.47577,32.990122],[130.475676,32.990052],[130.475538,32.989968],[130.475538,32.989963],[130.475543,32.989817],[130.47533,32.989933],[130.475321,32.989944],[130.475221,32.990369],[130.475221,32.990383],[130.475159,32.990419],[130.475148,32.990431],[130.475128,32.990539],[130.475118,32.990548],[130.474677,32.99048],[130.474588,32.990467],[130.474564,32.990456],[130.474469,32.990448],[130.474423,32.990609],[130.474403,32.990687],[130.474397,32.990692],[130.474303,32.990683],[130.474286,32.990679],[130.474074,32.990649],[130.474005,32.990638],[130.473429,32.99056],[130.473101,32.990514],[130.472937,32.990496],[130.472929,32.990497],[130.472883,32.990677],[130.472839,32.990847],[130.472735,32.99125],[130.472659,32.991542],[130.472659,32.991562],[130.472648,32.991571],[130.472282,32.991507],[130.471393,32.991367],[130.470633,32.991247],[130.470616,32.991247],[130.470564,32.991354],[130.470428,32.991368],[130.470365,32.9915],[130.470335,32.991579],[130.470324,32.991595],[130.470294,32.991638],[130.470247,32.991717],[130.470223,32.991747],[130.470126,32.991724],[130.470081,32.991713],[130.469902,32.991667],[130.469841,32.99166],[130.469671,32.99163],[130.469664,32.991632],[130.469542,32.992087],[130.469534,32.992096],[130.469129,32.992035],[130.469117,32.992033],[130.469092,32.992161],[130.469037,32.992159],[130.469024,32.992159],[130.468957,32.992322],[130.468879,32.992314],[130.468832,32.992336],[130.468763,32.992351],[130.468708,32.992358],[130.46854,32.992338],[130.468397,32.992319],[130.468371,32.99238],[130.468341,32.992409],[130.468303,32.992427],[130.468256,32.992437],[130.468209,32.992439],[130.468177,32.99243],[130.467997,32.99235],[130.46795,32.992321],[130.467846,32.992294],[130.468017,32.992634],[130.468032,32.992661],[130.467952,32.992686],[130.46791,32.992699],[130.467857,32.992715],[130.46781,32.99273],[130.467755,32.992753],[130.46769,32.992786],[130.467639,32.992812],[130.4676,32.992833],[130.467545,32.992866],[130.467516,32.9929],[130.467512,32.992914],[130.467487,32.992911],[130.467465,32.992908],[130.467361,32.992893],[130.467329,32.992889],[130.467305,32.992879],[130.467287,32.992862],[130.467271,32.992853],[130.467243,32.992852],[130.46716,32.992861],[130.466933,32.992872],[130.466882,32.992869],[130.466851,32.992863],[130.466816,32.992852],[130.466791,32.992843],[130.466662,32.992792],[130.46664,32.992779],[130.46663,32.992772],[130.466592,32.992743],[130.466281,32.992577],[130.466072,32.99244],[130.465992,32.992368],[130.465824,32.99219],[130.465746,32.992136],[130.465658,32.992087],[130.465567,32.992055],[130.465473,32.992031],[130.465386,32.992031],[130.465292,32.992045],[130.465263,32.992054],[130.465216,32.992003],[130.465098,32.992024],[130.465083,32.992031],[130.464843,32.992314],[130.464922,32.992366],[130.464898,32.992387],[130.464873,32.992408],[130.464852,32.992426],[130.464835,32.992443],[130.464814,32.992474],[130.464783,32.992526],[130.464728,32.992566],[130.464677,32.992584],[130.464632,32.992595],[130.464594,32.992599],[130.464559,32.992601],[130.464513,32.992605],[130.46447,32.992608],[130.46442,32.992612],[130.464372,32.992616],[130.464316,32.992621],[130.464267,32.992626],[130.464224,32.992631],[130.464177,32.992636],[130.464126,32.992642],[130.46406,32.992649],[130.463973,32.992657],[130.463932,32.992658],[130.463896,32.992681],[130.463829,32.992713],[130.463752,32.992704],[130.463693,32.99274],[130.463644,32.992772],[130.463566,32.992763],[130.463517,32.992756],[130.463442,32.992755],[130.463356,32.992757],[130.463326,32.992749],[130.463264,32.992735],[130.463212,32.992705],[130.463155,32.992673],[130.46311,32.992636],[130.46311,32.992622],[130.463125,32.99254],[130.463111,32.992468],[130.463092,32.992417],[130.463051,32.992364],[130.462955,32.992246],[130.462943,32.992225],[130.462922,32.992139],[130.462769,32.992123],[130.46275,32.992131],[130.46273,32.992148],[130.462715,32.992202],[130.46271,32.992258],[130.46268,32.99228],[130.462644,32.992279],[130.462597,32.992267],[130.46244,32.992168],[130.462361,32.992126],[130.462329,32.992108],[130.462271,32.991834],[130.462266,32.991818],[130.462177,32.991765],[130.462132,32.991736],[130.462057,32.991709],[130.462018,32.991698],[130.461921,32.991679],[130.461874,32.99167],[130.461827,32.991666],[130.46175,32.991666],[130.461698,32.991669],[130.461627,32.99168],[130.461593,32.991687],[130.461556,32.991705],[130.461532,32.991733],[130.461509,32.99177],[130.46148,32.991806],[130.461431,32.991856],[130.461381,32.991888],[130.461345,32.991906],[130.461297,32.991921],[130.46125,32.991928],[130.461188,32.991938],[130.46113,32.991938],[130.461033,32.991934],[130.460891,32.991919],[130.460649,32.991903],[130.460387,32.991882],[130.460346,32.991888],[130.460294,32.9919],[130.460247,32.991922],[130.460193,32.991959],[130.460158,32.991997],[130.460135,32.992039],[130.460126,32.99208],[130.460123,32.992131],[130.460132,32.992173],[130.460159,32.992222],[130.460178,32.992245],[130.460296,32.992385],[130.460405,32.992501],[130.460415,32.992516],[130.460441,32.99256],[130.460441,32.992574],[130.46043,32.992597],[130.460385,32.992824],[130.460359,32.992899],[130.460289,32.993084],[130.460289,32.993111],[130.4603,32.993138],[130.460323,32.993173],[130.460447,32.99335],[130.460455,32.993389],[130.460455,32.993419],[130.460433,32.99347],[130.460407,32.993493],[130.460368,32.993527],[130.460336,32.993564],[130.460303,32.993585],[130.460265,32.99359],[130.460127,32.993588],[130.460102,32.993584],[130.460039,32.993555],[130.460035,32.993546],[130.459986,32.993477],[130.459961,32.99343],[130.459936,32.993339],[130.459923,32.993265],[130.459919,32.993247],[130.459885,32.993113],[130.459867,32.993006],[130.45985,32.992888],[130.459845,32.992698],[130.459851,32.992684],[130.459846,32.992568],[130.459829,32.99249],[130.459816,32.992463],[130.459797,32.992452],[130.459767,32.99243],[130.459718,32.992377],[130.459675,32.992337],[130.459643,32.992292],[130.459629,32.992257],[130.459609,32.992219],[130.459565,32.992158],[130.459522,32.992112],[130.459469,32.992083],[130.459409,32.992041],[130.459364,32.991994],[130.45934,32.991983],[130.459483,32.99183],[130.459528,32.991785],[130.459606,32.991736],[130.459681,32.9917],[130.45978,32.991659],[130.459867,32.991603],[130.459934,32.991522],[130.459969,32.991421],[130.459999,32.991312],[130.460004,32.991242],[130.459998,32.991197],[130.459981,32.991142],[130.459947,32.991084],[130.45993,32.99107],[130.459901,32.990954],[130.459983,32.990885],[130.460006,32.990873],[130.460084,32.990842],[130.460196,32.990768],[130.460274,32.990696],[130.460326,32.990626],[130.460358,32.990559],[130.460391,32.990456],[130.460402,32.990425],[130.460426,32.990359],[130.460468,32.990247],[130.460483,32.990201],[130.460537,32.990117],[130.460595,32.990053],[130.460664,32.990003],[130.460751,32.989962],[130.460856,32.989926],[130.460929,32.989916],[130.461054,32.989914],[130.461088,32.989931],[130.461124,32.989938],[130.461106,32.989862],[130.461104,32.989831],[130.461106,32.989808],[130.461121,32.989741],[130.461173,32.989435],[130.461181,32.989386],[130.461179,32.989372],[130.461165,32.989269],[130.461163,32.989229],[130.461153,32.989147],[130.461103,32.988832],[130.461085,32.988696],[130.461076,32.988667],[130.460981,32.988408],[130.460831,32.988011],[130.460819,32.987969],[130.460776,32.987931],[130.460575,32.987764],[130.460507,32.987706],[130.460492,32.987686],[130.460396,32.987542],[130.460279,32.98735],[130.460113,32.987112],[130.460081,32.987079],[130.460049,32.98709],[130.460031,32.98709],[130.459948,32.986996],[130.459899,32.98695],[130.459871,32.986936],[130.459794,32.986912],[130.459728,32.98689],[130.459698,32.98687],[130.45967,32.986839],[130.459649,32.986813],[130.459623,32.98677],[130.459583,32.986703],[130.459572,32.986666],[130.459568,32.986652],[130.459521,32.986648],[130.459379,32.986644],[130.459336,32.986649],[130.45916,32.986674],[130.459149,32.986674],[130.459076,32.986641],[130.45873,32.986719],[130.458051,32.986873],[130.457575,32.986983],[130.45733,32.987039],[130.457208,32.987056],[130.457124,32.98707],[130.457042,32.987081],[130.456896,32.9871],[130.456715,32.987117],[130.456587,32.987128],[130.456518,32.987131],[130.456363,32.987134],[130.456286,32.98713],[130.456219,32.987124],[130.456179,32.987117],[130.455994,32.987094],[130.455827,32.987072],[130.455573,32.987036],[130.454998,32.98696],[130.454453,32.986881],[130.453825,32.986795],[130.453737,32.986782],[130.4537,32.98678],[130.453659,32.986776],[130.453335,32.986755],[130.453125,32.986745],[130.452653,32.986729],[130.452187,32.986708],[130.451918,32.986695],[130.45188,32.986694],[130.451534,32.986693],[130.451141,32.986691],[130.450941,32.986687],[130.450672,32.986758],[130.449887,32.986944],[130.449532,32.98703],[130.449492,32.987037],[130.449493,32.987025],[130.44949,32.986942],[130.4495,32.986741],[130.449525,32.98654],[130.449538,32.986441],[130.449545,32.98636],[130.449565,32.986218],[130.449585,32.986059],[130.449604,32.985941],[130.449615,32.985872],[130.449636,32.985741],[130.449616,32.985741],[130.449499,32.98574],[130.449413,32.98575],[130.449063,32.985775],[130.448695,32.985799],[130.448526,32.98581],[130.448439,32.985816],[130.448132,32.985839],[130.447914,32.985855],[130.447843,32.98586],[130.447778,32.985863],[130.447671,32.985867],[130.447496,32.985879],[130.447472,32.985879],[130.447211,32.985871],[130.447176,32.98587],[130.447171,32.98587],[130.447114,32.985857],[130.446844,32.985816],[130.446552,32.985767],[130.446363,32.98573],[130.446045,32.98568],[130.445815,32.985643],[130.445559,32.985601],[130.445426,32.985579],[130.445379,32.985568],[130.445317,32.985553],[130.445227,32.985524],[130.445184,32.985506],[130.445107,32.985469],[130.44506,32.985441],[130.444954,32.985364],[130.444863,32.985278],[130.444833,32.985249],[130.444823,32.985239],[130.444714,32.985121],[130.444707,32.985112],[130.444628,32.985024],[130.44457,32.984962],[130.444541,32.984935],[130.444505,32.984901],[130.444432,32.984842],[130.444383,32.984807],[130.444278,32.984746],[130.444237,32.984726],[130.444178,32.984696],[130.444169,32.984692],[130.444085,32.984659],[130.444031,32.984642],[130.443973,32.984625],[130.443882,32.984606],[130.443851,32.984599],[130.443837,32.984596],[130.443617,32.984553],[130.443453,32.98452],[130.443106,32.984446],[130.442702,32.984365],[130.442517,32.984326],[130.442523,32.984369],[130.442526,32.984373],[130.442535,32.984381],[130.442592,32.984414],[130.442644,32.984452],[130.442662,32.984468],[130.442685,32.984485],[130.442697,32.984496],[130.44271,32.984507],[130.442724,32.98452],[130.442736,32.984535],[130.442793,32.984604],[130.442845,32.984673],[130.442889,32.98474],[130.442904,32.984764],[130.442917,32.98479],[130.442937,32.984837],[130.442949,32.984865],[130.442958,32.984882],[130.442964,32.984892],[130.442974,32.984905],[130.442983,32.984915],[130.442995,32.984925],[130.443011,32.984938],[130.443025,32.984945],[130.443044,32.984954],[130.443068,32.984962],[130.443093,32.98497],[130.443155,32.984983],[130.44318,32.98499],[130.443207,32.984999],[130.443234,32.985009],[130.443257,32.985021],[130.443286,32.985037],[130.443315,32.985056],[130.443344,32.985077],[130.443357,32.985088],[130.443372,32.985104],[130.443392,32.985129],[130.44346,32.985227],[130.443465,32.985234],[130.443482,32.985254],[130.443521,32.985288],[130.443567,32.98533],[130.443579,32.985342],[130.443612,32.985376],[130.443641,32.985398],[130.443697,32.985432],[130.44374,32.985463],[130.443799,32.98551],[130.443883,32.985577],[130.443952,32.985639],[130.444017,32.98572],[130.444093,32.98581],[130.444159,32.985884],[130.444188,32.985916],[130.444204,32.985952],[130.444209,32.985968],[130.444219,32.986],[130.444239,32.986029],[130.444311,32.986123],[130.444373,32.986201],[130.444396,32.986222],[130.444409,32.986236],[130.444538,32.986299],[130.444635,32.986355],[130.444679,32.986379],[130.444699,32.986386],[130.444799,32.98639],[130.444805,32.986391],[130.44483,32.986393],[130.444824,32.986424],[130.444774,32.986704],[130.444803,32.986696],[130.444788,32.986735],[130.444785,32.986758],[130.444819,32.986805],[130.444719,32.986868],[130.444902,32.987025],[130.444967,32.986951],[130.445006,32.987004],[130.445071,32.987094],[130.445207,32.987288],[130.445224,32.987313],[130.445226,32.987315],[130.445181,32.987332],[130.445138,32.987352],[130.445138,32.98736],[130.444991,32.987436],[130.4449,32.987487],[130.444893,32.987491],[130.444838,32.987533],[130.444731,32.987612],[130.444699,32.987635],[130.444697,32.987638],[130.444681,32.987657],[130.444618,32.98773],[130.444608,32.987718],[130.444557,32.987665],[130.444444,32.987543],[130.444377,32.987463],[130.444333,32.98741],[130.444253,32.987323],[130.444234,32.987303],[130.444224,32.987292],[130.444143,32.987198],[130.444059,32.987099],[130.44405,32.987088],[130.443991,32.987015],[130.443946,32.986957],[130.443936,32.986944],[130.443834,32.987006],[130.44375,32.987055],[130.443631,32.987124],[130.443527,32.987184],[130.443452,32.987228],[130.443328,32.987303],[130.443217,32.98737],[130.443142,32.987416],[130.443097,32.987442],[130.443095,32.987444],[130.443095,32.987432],[130.443098,32.987364],[130.443099,32.987352],[130.443103,32.987254],[130.443095,32.987245],[130.442906,32.987066],[130.442892,32.987056],[130.442864,32.987033],[130.442832,32.986997],[130.442778,32.986921],[130.442752,32.986895],[130.44273,32.986884],[130.442558,32.986784],[130.442517,32.986756],[130.442489,32.986722],[130.44248,32.986685],[130.442471,32.98652],[130.442461,32.986476],[130.442446,32.986432],[130.442432,32.986414],[130.442381,32.986369],[130.442351,32.986343],[130.4422,32.986277],[130.442107,32.986236],[130.44211,32.986229],[130.442156,32.986138],[130.442181,32.986104],[130.442216,32.986062],[130.442234,32.986029],[130.44225,32.985978],[130.442271,32.985948],[130.442298,32.985906],[130.44232,32.985888],[130.44235,32.985859],[130.44238,32.985837],[130.44242,32.985812],[130.442433,32.985784],[130.442435,32.985755],[130.442424,32.985719],[130.442398,32.985694],[130.442403,32.98551],[130.442279,32.985466],[130.442106,32.985245],[130.442112,32.985243],[130.442117,32.985227],[130.44212,32.985222],[130.442105,32.985204],[130.442043,32.985157],[130.442002,32.985125],[130.44198,32.985104],[130.441954,32.985084],[130.441929,32.985066],[130.441893,32.985037],[130.441846,32.985006],[130.441831,32.984997],[130.441814,32.984988],[130.441792,32.984977],[130.441767,32.984964],[130.441668,32.984909],[130.441653,32.984897],[130.441643,32.984886],[130.441626,32.984862],[130.441579,32.984781],[130.441433,32.984598],[130.441359,32.984523],[130.441345,32.984516],[130.441337,32.984513],[130.441283,32.9845],[130.441275,32.984497],[130.441266,32.984491],[130.441235,32.984462],[130.441221,32.98445],[130.441155,32.984392],[130.441137,32.984375],[130.441094,32.984336],[130.441079,32.984339],[130.441049,32.984343],[130.440565,32.984409],[130.44021,32.984456],[130.440011,32.98448],[130.43999,32.984482],[130.439978,32.984484],[130.439905,32.984495],[130.439874,32.98454],[130.439725,32.984758],[130.439701,32.984806],[130.439641,32.984893],[130.439535,32.985051],[130.439428,32.985215],[130.43929,32.985408],[130.439196,32.985538],[130.439113,32.985637],[130.439059,32.985687],[130.43887,32.985911],[130.43848,32.986283],[130.438161,32.986559],[130.438021,32.98668],[130.437975,32.986797],[130.437966,32.986821],[130.437936,32.9869],[130.437922,32.986937],[130.437914,32.98696],[130.437889,32.987026],[130.437814,32.987163],[130.437768,32.987233],[130.437711,32.987313],[130.437611,32.987446],[130.437595,32.987464],[130.437612,32.987476],[130.437599,32.987492],[130.4376,32.987511],[130.437611,32.987529],[130.437795,32.987725],[130.43787,32.987726],[130.437896,32.98775],[130.437912,32.987764],[130.437937,32.987788],[130.438088,32.987927],[130.438091,32.987931],[130.438101,32.987924],[130.438146,32.98797],[130.438375,32.98813],[130.438438,32.988179],[130.438464,32.988235],[130.438481,32.988256],[130.438487,32.988263],[130.438522,32.98829],[130.438567,32.988309],[130.438641,32.988306],[130.438625,32.988348],[130.43866,32.988337],[130.438678,32.988345],[130.438696,32.988362],[130.438711,32.988382],[130.438724,32.988404],[130.438734,32.988427],[130.438737,32.988434],[130.438744,32.988457],[130.43875,32.988479],[130.438754,32.9885],[130.438758,32.988522],[130.438759,32.98853],[130.438763,32.988553],[130.438766,32.988575],[130.438769,32.988598],[130.438806,32.988624],[130.438842,32.988648],[130.438856,32.988661],[130.4389,32.988663],[130.438932,32.988671],[130.43897,32.988694],[130.439356,32.989003],[130.439367,32.989038],[130.439387,32.989064],[130.43973,32.989327],[130.439825,32.989337],[130.439948,32.989268],[130.440047,32.989323],[130.440023,32.989595],[130.440615,32.99013],[130.440289,32.990464],[130.440349,32.990796],[130.440278,32.990828],[130.440194,32.990875],[130.440099,32.990933],[130.440021,32.990994],[130.439925,32.991077],[130.439842,32.991151],[130.439741,32.991241],[130.439649,32.991327],[130.439585,32.991388],[130.439424,32.991384],[130.439246,32.991384],[130.439101,32.991414],[130.439026,32.991471],[130.439019,32.991476],[130.439021,32.99148],[130.439024,32.991489],[130.439027,32.991495],[130.439031,32.991503],[130.439039,32.991515],[130.439048,32.991526],[130.439061,32.99154],[130.439075,32.991552],[130.439088,32.991561],[130.439117,32.991587],[130.439137,32.991606],[130.439235,32.991721],[130.439271,32.991766],[130.439313,32.991823],[130.439327,32.991851],[130.439329,32.991856],[130.43932,32.991861],[130.439127,32.991989],[130.438944,32.991819],[130.438755,32.991646],[130.438729,32.991612],[130.438713,32.991606],[130.438598,32.991503],[130.438559,32.991464],[130.438521,32.991436],[130.438472,32.99141],[130.43843,32.991392],[130.4384,32.991377],[130.438348,32.99134],[130.438343,32.991337],[130.438319,32.991313],[130.438285,32.991279],[130.438183,32.991151],[130.438149,32.991089],[130.438131,32.991096],[130.438105,32.991043],[130.438102,32.991031],[130.438102,32.991023],[130.438103,32.991013],[130.438054,32.990993],[130.438031,32.990977],[130.438019,32.990964],[130.438015,32.990958],[130.438009,32.990935],[130.438008,32.990873],[130.438008,32.99087],[130.437983,32.990851],[130.437714,32.990647],[130.437514,32.990499],[130.437323,32.990356],[130.437248,32.990366],[130.437223,32.990388],[130.437184,32.990388],[130.437121,32.990365],[130.437042,32.990371],[130.436666,32.990111],[130.436677,32.990084],[130.436571,32.990023],[130.436549,32.990045],[130.436486,32.990048],[130.43634,32.990035],[130.43628,32.990005],[130.436256,32.989987],[130.436218,32.989925],[130.436206,32.989903],[130.436184,32.989871],[130.436043,32.989755],[130.436008,32.989719],[130.435992,32.989703],[130.435956,32.989631],[130.435944,32.989605],[130.435915,32.989568],[130.435882,32.989532],[130.435853,32.989498],[130.435801,32.989437],[130.435734,32.989354],[130.435725,32.989326],[130.435702,32.989408],[130.435698,32.989422],[130.435673,32.989414],[130.435652,32.98942],[130.4356,32.989442],[130.435525,32.98945],[130.435491,32.98945],[130.43545,32.98943],[130.435372,32.989375],[130.435318,32.989345],[130.435248,32.989336],[130.435189,32.989346],[130.435114,32.989385],[130.435021,32.989463],[130.434939,32.989526],[130.434869,32.989561],[130.434869,32.989593],[130.434972,32.989609],[130.43499,32.989631],[130.43499,32.989662],[130.434945,32.989775],[130.43501,32.989784],[130.435147,32.9898],[130.435157,32.989809],[130.435157,32.989843],[130.435171,32.990173],[130.435142,32.990203],[130.435113,32.990216],[130.434942,32.990244],[130.434792,32.990252],[130.434712,32.990287],[130.434687,32.990319],[130.434681,32.990363],[130.434678,32.990458],[130.434672,32.99056],[130.434682,32.990615],[130.434733,32.990791],[130.434697,32.9908],[130.434719,32.99086],[130.434754,32.990956],[130.43476,32.990954],[130.434769,32.990952],[130.43478,32.990952],[130.434792,32.990955],[130.434808,32.990957],[130.434821,32.990958],[130.434854,32.990895],[130.434863,32.990881],[130.434893,32.99086],[130.4349,32.990824],[130.434941,32.990858],[130.434983,32.990813],[130.435108,32.990854],[130.435111,32.990856],[130.435036,32.991022],[130.435066,32.99106],[130.435116,32.991145],[130.435091,32.991226],[130.435116,32.991243],[130.435115,32.991269],[130.435115,32.991288],[130.435091,32.991308],[130.435021,32.99133],[130.435005,32.991356],[130.435005,32.991383],[130.435092,32.991426],[130.435137,32.991431],[130.43516,32.991426],[130.435227,32.991307],[130.43524,32.991283],[130.435254,32.991286],[130.435264,32.991289],[130.435288,32.991299],[130.435293,32.991302],[130.435315,32.991316],[130.435319,32.991322],[130.435321,32.991343],[130.435318,32.991366],[130.435315,32.991389],[130.435312,32.991411],[130.43531,32.991433],[130.435311,32.991456],[130.435314,32.991472],[130.435326,32.991494],[130.43534,32.991506],[130.435366,32.991511],[130.435393,32.991513],[130.43542,32.991516],[130.435447,32.991518],[130.435473,32.991521],[130.4355,32.991525],[130.435526,32.991528],[130.435551,32.991533],[130.435562,32.991536],[130.435587,32.991544],[130.435611,32.991553],[130.435635,32.991565],[130.435654,32.991577],[130.435675,32.991593],[130.435695,32.991611],[130.435714,32.99163],[130.435734,32.991648],[130.435754,32.991662],[130.435776,32.991673],[130.435796,32.991675],[130.435819,32.991669],[130.435843,32.991655],[130.435864,32.99164],[130.435885,32.991626],[130.435899,32.99162],[130.43592,32.99162],[130.435942,32.991625],[130.435964,32.991635],[130.435987,32.991648],[130.436009,32.991662],[130.436032,32.991677],[130.436055,32.991692],[130.436077,32.991708],[130.4361,32.991723],[130.436123,32.991739],[130.436146,32.991754],[130.436165,32.991765],[130.436188,32.991778],[130.436193,32.991781],[130.436232,32.991786],[130.436286,32.991811],[130.436355,32.991855],[130.436444,32.991945],[130.436462,32.991964],[130.436501,32.992024],[130.436524,32.992064],[130.436536,32.992074],[130.436541,32.992076],[130.436544,32.992079],[130.436549,32.992082],[130.436584,32.992121],[130.436624,32.992236],[130.436632,32.992249],[130.436645,32.992267],[130.43667,32.992282],[130.436728,32.992305],[130.4369,32.992373],[130.437141,32.992492],[130.437271,32.992444],[130.437284,32.99244],[130.437362,32.992467],[130.437416,32.99249],[130.437522,32.992567],[130.437558,32.992563],[130.437559,32.992576],[130.437561,32.992594],[130.437594,32.99264],[130.437653,32.992692],[130.437757,32.992784],[130.437756,32.992802],[130.437759,32.992868],[130.437844,32.992946],[130.4379,32.99298],[130.437945,32.992998],[130.437998,32.993011],[130.438072,32.993014],[130.438145,32.993015],[130.438162,32.993021],[130.438251,32.99305],[130.438358,32.993082],[130.438445,32.993103],[130.438509,32.993113],[130.438539,32.993121],[130.438562,32.993126],[130.4386,32.993128],[130.438673,32.993146],[130.438743,32.993167],[130.438807,32.993194],[130.438869,32.993234],[130.438955,32.993297],[130.439023,32.993342],[130.439036,32.993348],[130.439063,32.99335],[130.439126,32.993351],[130.439129,32.993315],[130.439132,32.993269],[130.43915,32.993196],[130.439235,32.992961],[130.439827,32.992981],[130.439834,32.992976],[130.439842,32.992972],[130.439867,32.992964],[130.439878,32.992961],[130.43989,32.992958],[130.439904,32.992955],[130.439921,32.992952],[130.439929,32.992951],[130.439944,32.992949],[130.439977,32.992943],[130.439998,32.992944],[130.440018,32.992946],[130.440044,32.99295],[130.440061,32.992955],[130.440083,32.992963],[130.440096,32.992968],[130.440106,32.992971],[130.440141,32.992977],[130.440276,32.992995],[130.440287,32.992995],[130.440296,32.992995],[130.440341,32.992981],[130.440352,32.992977],[130.440357,32.992974],[130.440369,32.992963],[130.440383,32.992952],[130.440393,32.992946],[130.440406,32.992939],[130.440418,32.992934],[130.440427,32.992931],[130.44044,32.992928],[130.440458,32.992926],[130.440541,32.992915],[130.44061,32.992906],[130.44062,32.992915],[130.440668,32.992949],[130.440736,32.993001],[130.440807,32.993055],[130.44086,32.993095],[130.44093,32.993148],[130.441023,32.99322],[130.441105,32.993283],[130.441158,32.993324],[130.441156,32.993327],[130.441062,32.993508],[130.44106,32.993511],[130.440976,32.993563],[130.440978,32.9936],[130.441055,32.993721],[130.441076,32.993757],[130.441089,32.993786],[130.441094,32.993844],[130.441094,32.993961],[130.44108,32.994043],[130.441061,32.99409],[130.441023,32.994171],[130.440988,32.994233],[130.440905,32.99435],[130.440838,32.994425],[130.440769,32.994519],[130.440744,32.99455],[130.440667,32.994615],[130.440549,32.994686],[130.440443,32.994755],[130.440312,32.994829],[130.440224,32.994848],[130.440214,32.994866],[130.440228,32.994866],[130.440271,32.994874],[130.440283,32.994876],[130.440313,32.994882],[130.440372,32.9949],[130.440467,32.99493],[130.440811,32.995066],[130.440906,32.995102],[130.441023,32.995147],[130.441225,32.995225],[130.441272,32.995244],[130.44138,32.995286],[130.441419,32.995302],[130.441448,32.995311],[130.441459,32.995313],[130.441478,32.995314],[130.441482,32.995314],[130.441509,32.995202],[130.441559,32.99518],[130.441565,32.995081],[130.441569,32.995025],[130.441569,32.995012],[130.441566,32.994787],[130.441568,32.994764],[130.441571,32.99474],[130.441577,32.994716],[130.44159,32.994672],[130.441612,32.994621],[130.44166,32.994526],[130.441727,32.994401],[130.441774,32.994317],[130.441778,32.994309],[130.441779,32.994304],[130.441815,32.994278],[130.441832,32.994249],[130.441843,32.994232],[130.441857,32.994216],[130.441872,32.994199],[130.441892,32.994181],[130.44191,32.994165],[130.441937,32.994147],[130.442024,32.9941],[130.442152,32.994034],[130.44218,32.99402],[130.442196,32.994009],[130.442203,32.994001],[130.442322,32.99391],[130.442314,32.993905],[130.442304,32.9939],[130.442289,32.993889],[130.44217,32.993783],[130.442137,32.993756],[130.442111,32.993733],[130.442093,32.993714],[130.442082,32.993699],[130.442067,32.993679],[130.442058,32.993668],[130.442047,32.99366],[130.442032,32.993653],[130.441972,32.993634],[130.441935,32.993625],[130.442102,32.993536],[130.44217,32.993503],[130.442248,32.993464],[130.442368,32.993403],[130.442491,32.993342],[130.442587,32.993291],[130.442644,32.993256],[130.442691,32.99323],[130.442761,32.993183],[130.442846,32.993128],[130.442905,32.993083],[130.442853,32.992967],[130.442789,32.992802],[130.442658,32.992453],[130.442651,32.992427],[130.442557,32.992427],[130.442567,32.992389],[130.442565,32.992359],[130.442553,32.992306],[130.442533,32.992263],[130.44246,32.992152],[130.442432,32.992105],[130.442425,32.992082],[130.442398,32.991992],[130.44239,32.991963],[130.442353,32.991849],[130.442258,32.99172],[130.442229,32.991681],[130.442224,32.991668],[130.442213,32.991631],[130.442201,32.99156],[130.442204,32.9915],[130.442209,32.991451],[130.442219,32.991411],[130.442243,32.991366],[130.442307,32.991244],[130.442352,32.991149],[130.442385,32.991064],[130.4424,32.990961],[130.442412,32.990914],[130.442413,32.99088],[130.442405,32.990845],[130.442388,32.990828],[130.442323,32.990771],[130.442273,32.990734],[130.442225,32.990695],[130.442201,32.990659],[130.44219,32.990635],[130.442166,32.99058],[130.44216,32.990532],[130.442165,32.990491],[130.442168,32.990456],[130.442182,32.990405],[130.442212,32.990348],[130.442297,32.990248],[130.442384,32.990153],[130.442415,32.990123],[130.442452,32.99009],[130.442518,32.99004],[130.4427,32.989921],[130.442829,32.989834],[130.443013,32.989712],[130.443117,32.989642],[130.443211,32.98963],[130.443224,32.989629],[130.443281,32.989685],[130.443473,32.989892],[130.443546,32.989964],[130.443602,32.99002],[130.443642,32.990058],[130.4437,32.990109],[130.443717,32.990123],[130.443752,32.990151],[130.443808,32.990192],[130.443932,32.990271],[130.443967,32.990289],[130.443972,32.990291],[130.444023,32.990317],[130.444046,32.990328],[130.444148,32.99038],[130.444263,32.990429],[130.444351,32.990475],[130.444482,32.990557],[130.444508,32.990573],[130.444575,32.990621],[130.444635,32.990661],[130.444649,32.99067],[130.444921,32.990835],[130.445083,32.990937],[130.445107,32.991052],[130.44512,32.991112],[130.445127,32.991152],[130.445129,32.991165],[130.445139,32.991193],[130.445169,32.991256],[130.445178,32.991269],[130.445216,32.991322],[130.445278,32.991399],[130.44532,32.991437],[130.445344,32.991457],[130.445378,32.991485],[130.445402,32.991509],[130.445407,32.991513],[130.445447,32.991553],[130.445309,32.991627],[130.445102,32.991749],[130.445068,32.991773],[130.444933,32.991857],[130.444927,32.99186],[130.444689,32.992005],[130.444519,32.99211],[130.444449,32.992153],[130.444079,32.992382],[130.443967,32.992465],[130.443916,32.992502],[130.443864,32.992547],[130.443819,32.992593],[130.443754,32.992661],[130.443638,32.992785],[130.443565,32.992866],[130.443457,32.99298],[130.443423,32.993021],[130.443394,32.993055],[130.443379,32.993075],[130.443363,32.993097],[130.443347,32.993122],[130.443334,32.993141],[130.443316,32.99317],[130.443289,32.993219],[130.443282,32.993235],[130.44328,32.993243],[130.443278,32.993248],[130.443267,32.993292],[130.443206,32.993537],[130.443208,32.993548],[130.443211,32.993556],[130.443215,32.993561],[130.44322,32.993566],[130.443337,32.993628],[130.443489,32.993703],[130.443559,32.993738],[130.443614,32.993763],[130.443684,32.993798],[130.443697,32.993804],[130.443743,32.993826],[130.443925,32.993914],[130.443973,32.993943],[130.443984,32.993949],[130.444012,32.993972],[130.44403,32.99399],[130.444049,32.994012],[130.44408,32.994054],[130.444095,32.994077],[130.444105,32.9941],[130.444108,32.994117],[130.444109,32.994133],[130.444106,32.994225],[130.444101,32.994274],[130.4441,32.994299],[130.444094,32.994444],[130.444087,32.994573],[130.444084,32.994641],[130.44408,32.994739],[130.444073,32.994818],[130.444019,32.99498],[130.443981,32.99507],[130.443922,32.9952],[130.443891,32.995267],[130.443882,32.995295],[130.443861,32.995371],[130.44384,32.995447],[130.443825,32.995475],[130.443819,32.995485],[130.443798,32.99552],[130.443723,32.995648],[130.443678,32.995713],[130.44361,32.995807],[130.443577,32.995852],[130.443532,32.995847],[130.443472,32.99584],[130.4434,32.995849],[130.443322,32.995861],[130.443224,32.995877],[130.443144,32.995889],[130.443002,32.995911],[130.442897,32.995928],[130.442781,32.995955],[130.442756,32.995958],[130.442734,32.996044],[130.442738,32.996067],[130.442684,32.996125],[130.442636,32.996138],[130.44238,32.996217],[130.442265,32.996248],[130.442232,32.996293],[130.442227,32.9963],[130.442141,32.996262],[130.44209,32.996336],[130.442083,32.996347],[130.44208,32.996355],[130.442078,32.996364],[130.442076,32.996374],[130.442073,32.99639],[130.442073,32.996405],[130.442071,32.996419],[130.442069,32.996447],[130.442066,32.996468],[130.44206,32.996496],[130.442056,32.996508],[130.442052,32.99652],[130.442046,32.996536],[130.442041,32.996547],[130.442028,32.996575],[130.441999,32.99664],[130.441988,32.996662],[130.441975,32.996687],[130.441952,32.996681],[130.442005,32.996726],[130.442039,32.996769],[130.442059,32.996787],[130.442083,32.996807],[130.442261,32.996897],[130.442283,32.996917],[130.442294,32.996933],[130.442303,32.996953],[130.44231,32.996979],[130.442313,32.997043],[130.442307,32.997108],[130.44229,32.997175],[130.44234,32.997192],[130.442337,32.997232],[130.442312,32.997345],[130.442467,32.997472],[130.442469,32.997484],[130.4424,32.99755],[130.442378,32.997588],[130.442373,32.997617],[130.442377,32.997674],[130.442418,32.997725],[130.44246,32.997748],[130.442437,32.997773],[130.442426,32.997835],[130.442408,32.997902],[130.442373,32.997963],[130.442297,32.998051],[130.44223,32.998136],[130.4422,32.998192],[130.44215,32.998287],[130.442151,32.998293],[130.442153,32.998298],[130.442161,32.998302],[130.442385,32.998352],[130.442403,32.998362],[130.442409,32.998369],[130.442416,32.998377],[130.442418,32.998382],[130.442419,32.998389],[130.442418,32.998398],[130.442413,32.99841],[130.442446,32.998415],[130.442505,32.998424],[130.442518,32.998424],[130.442549,32.998392],[130.442617,32.998294],[130.442624,32.998289],[130.442635,32.998279],[130.442651,32.998272],[130.442671,32.99827],[130.442698,32.998263],[130.442804,32.998356],[130.442827,32.998375],[130.442843,32.998385],[130.442859,32.998391],[130.442887,32.998389],[130.442976,32.998373],[130.442988,32.99835],[130.443006,32.998315],[130.443047,32.998263],[130.443075,32.998235],[130.443078,32.998217],[130.443063,32.998213],[130.443019,32.99822],[130.443008,32.998215],[130.443,32.998198],[130.443015,32.998146],[130.443031,32.998064],[130.443038,32.998038],[130.443066,32.997969],[130.443102,32.997863],[130.443115,32.997796],[130.443126,32.997752],[130.443239,32.99774],[130.44333,32.997735],[130.443466,32.997733],[130.443494,32.997728],[130.443594,32.997685],[130.44367,32.997663],[130.443798,32.997647],[130.443888,32.997645],[130.443901,32.997639],[130.443933,32.997621],[130.443959,32.99761],[130.444026,32.997608],[130.444201,32.997607],[130.444212,32.997584],[130.444245,32.997553],[130.444289,32.997514],[130.444337,32.997484],[130.444387,32.997459],[130.444473,32.997421],[130.444521,32.997402],[130.444559,32.997386],[130.444604,32.997365],[130.444653,32.99734],[130.444726,32.9973],[130.444759,32.997279],[130.444803,32.997246],[130.444853,32.997207],[130.444858,32.997204],[130.444873,32.997192],[130.44489,32.997179],[130.444904,32.997168],[130.444957,32.997116],[130.445035,32.997042],[130.445075,32.997005],[130.445096,32.996985],[130.445116,32.996967],[130.445151,32.996934],[130.44517,32.996917],[130.445211,32.996881],[130.445253,32.996853],[130.445306,32.996824],[130.445377,32.996789],[130.445405,32.996777],[130.445549,32.996754],[130.44564,32.996737],[130.445685,32.996731],[130.445764,32.996731],[130.445848,32.996736],[130.445925,32.996752],[130.445981,32.99677],[130.446038,32.996789],[130.446064,32.996802],[130.446095,32.996827],[130.446114,32.996853],[130.446129,32.996889],[130.446143,32.996955],[130.446158,32.996987],[130.446198,32.997058],[130.446249,32.997147],[130.446286,32.997195],[130.446349,32.997254],[130.446404,32.997293],[130.446472,32.997329],[130.446566,32.997378],[130.446674,32.997459],[130.446723,32.997513],[130.446759,32.99756],[130.446766,32.997573],[130.446774,32.997591],[130.446776,32.99761],[130.446777,32.997638],[130.44673,32.99769],[130.446649,32.997783],[130.446611,32.997827],[130.446559,32.997845],[130.446549,32.997857],[130.446539,32.997869],[130.446524,32.997883],[130.446496,32.997901],[130.446347,32.997958],[130.446314,32.997962],[130.446182,32.99798],[130.446176,32.997981],[130.445972,32.997992],[130.445883,32.997997],[130.445762,32.99801],[130.445479,32.998061],[130.44535,32.998077],[130.445221,32.998086],[130.44498,32.998109],[130.444913,32.998122],[130.444875,32.998141],[130.444786,32.998163],[130.444541,32.998205],[130.444396,32.998234],[130.444222,32.998273],[130.444153,32.998291],[130.444115,32.99831],[130.444052,32.998355],[130.443998,32.998398],[130.443901,32.998428],[130.443898,32.998484],[130.443892,32.998491],[130.443873,32.998508],[130.443858,32.998515],[130.443907,32.998522],[130.443922,32.998516],[130.443948,32.998508],[130.44402,32.998519],[130.444153,32.998534],[130.444241,32.998552],[130.444284,32.998566],[130.444301,32.998577],[130.444314,32.998594],[130.444328,32.998625],[130.444365,32.998632],[130.444389,32.998662],[130.44441,32.998719],[130.444408,32.99878],[130.444394,32.998967],[130.444385,32.999101],[130.444394,32.999193],[130.4444,32.999214],[130.444406,32.999229],[130.444418,32.999247],[130.44443,32.999263],[130.444441,32.999273],[130.444449,32.99928],[130.444459,32.999286],[130.444467,32.99929],[130.444475,32.999293],[130.444486,32.999295],[130.444493,32.999296],[130.444503,32.999297],[130.444576,32.9993],[130.444676,32.999308],[130.444704,32.999317],[130.444719,32.999328],[130.444728,32.999339],[130.444731,32.999358],[130.444727,32.999385],[130.444714,32.999406],[130.44468,32.999434],[130.444638,32.999479],[130.444618,32.999499],[130.44457,32.999572],[130.444557,32.999611],[130.44453,32.999603],[130.444515,32.999603],[130.444446,32.999614],[130.444408,32.999639],[130.444402,32.999644],[130.444401,32.999653],[130.444404,32.9997],[130.44441,32.999708],[130.444419,32.999715],[130.444465,32.999733],[130.444473,32.999738],[130.444479,32.999747],[130.444485,32.999756],[130.444491,32.999769],[130.444493,32.999782],[130.444487,32.999822],[130.444477,32.999887],[130.444467,32.999927],[130.444467,32.999936],[130.44447,32.999949],[130.44448,32.999975],[130.444488,32.999995],[130.444491,33.000007],[130.444631,33.000031],[130.444643,33.000031],[130.444653,33.000008],[130.444752,33.000032],[130.444791,33.000034],[130.444825,33.000027],[130.444867,33.000004],[130.444903,33.00006],[130.444987,33.00018],[130.445011,33.000198],[130.445263,33.000239],[130.445263,33.000244],[130.445272,33.000245],[130.44533,33.00025],[130.445484,33.000269],[130.445571,33.000279],[130.4456,33.000283],[130.445605,33.000251],[130.445624,33.000068],[130.445635,32.999959],[130.445662,32.999888],[130.445686,32.999853],[130.445708,32.99983],[130.445733,32.999813],[130.445757,32.999796],[130.445801,32.999769],[130.44579,32.999759],[130.445788,32.999748],[130.445793,32.999746],[130.445999,32.99966],[130.446235,32.999567],[130.446395,32.999497],[130.44639,32.999336],[130.446623,32.99933],[130.446641,32.999335],[130.446658,32.999498],[130.446752,32.999475],[130.446891,32.999453],[130.446997,32.999438],[130.447006,32.999431],[130.447,32.999337],[130.447049,32.999247],[130.447151,32.999227],[130.44734,32.999192],[130.447433,32.999178],[130.447512,32.999159],[130.447488,32.998993],[130.447472,32.998903],[130.44746,32.998792],[130.447462,32.998762],[130.44751,32.998716],[130.447558,32.998698],[130.447814,32.998665],[130.448074,32.998622],[130.448251,32.998598],[130.448405,32.998573],[130.44844,32.998569],[130.448505,32.998584],[130.448597,32.998608],[130.448674,32.998627],[130.448686,32.998659],[130.448703,32.998757],[130.44879,32.998751],[130.448875,32.998743],[130.448972,32.998729],[130.449092,32.998713],[130.449309,32.998676],[130.449371,32.998668],[130.449418,32.998666],[130.449513,32.998656],[130.449605,32.998652],[130.44967,32.998642],[130.44976,32.998638],[130.449797,32.99863],[130.449857,32.998595],[130.449896,32.998595],[130.449899,32.998595],[130.449909,32.998664],[130.449911,32.998708],[130.44993,32.998817],[130.449928,32.998855],[130.449907,32.998882],[130.449872,32.998905],[130.449833,32.998916],[130.449718,32.998934],[130.44971,32.998947],[130.449722,32.999093],[130.44947,32.999124],[130.4494,32.99914],[130.449383,32.999293],[130.449377,32.999354],[130.449376,32.999432],[130.449381,32.999468],[130.449398,32.999539],[130.449422,32.999608],[130.44945,32.99963],[130.449484,32.999642],[130.449507,32.999651],[130.449519,32.999668],[130.449529,32.999716],[130.449686,32.999719],[130.449763,32.999719],[130.449751,32.999658],[130.449736,32.999604],[130.449724,32.999561],[130.449692,32.999494],[130.449687,32.999479],[130.449697,32.999452],[130.44972,32.999446],[130.449829,32.999432],[130.449912,32.99942],[130.449956,32.999414],[130.450016,32.999403],[130.450101,32.999395],[130.450236,32.999375],[130.450335,32.999356],[130.450398,32.999348],[130.450488,32.999317],[130.450597,32.999272],[130.450677,32.999242],[130.45086,32.999176],[130.451087,32.999093],[130.451157,32.999066],[130.451179,32.999064],[130.451241,32.999069],[130.4515,32.999072],[130.451635,32.999068],[130.451695,32.99906],[130.451707,32.999064],[130.451709,32.999184],[130.451639,32.999188],[130.451613,32.999354],[130.4519,32.999386],[130.451904,32.999331],[130.451912,32.999271],[130.451919,32.999212],[130.451924,32.999154],[130.451932,32.999093],[130.451936,32.999071],[130.451964,32.99907],[130.452043,32.999068],[130.45216,32.999058],[130.452437,32.999045],[130.452728,32.999029],[130.452818,32.999023],[130.452915,32.999011],[130.452775,32.999164],[130.452715,32.999216],[130.452727,32.999333],[130.452687,32.999344],[130.452639,32.999358],[130.452572,32.9994],[130.452534,32.999458],[130.452501,32.999511],[130.452446,32.999559],[130.452406,32.999613],[130.452393,32.99967],[130.45238,32.999737],[130.452356,32.999877],[130.452389,32.999943],[130.452392,32.999983],[130.452392,33.0],[130.45239,33.000018],[130.452383,33.000033],[130.452361,33.000056],[130.452348,33.000075],[130.452346,33.000095],[130.45235,33.000118],[130.452354,33.000143],[130.452363,33.000171],[130.452393,33.000222],[130.452432,33.000254],[130.452481,33.00028],[130.45252,33.000291],[130.452564,33.000295],[130.452631,33.000292],[130.452698,33.000277],[130.452749,33.000257],[130.452766,33.000228],[130.452771,33.000212],[130.45277,33.000197],[130.452903,33.000184],[130.452919,33.000182],[130.452978,33.000176],[130.453284,33.000145],[130.45335,33.000139],[130.453361,33.000082],[130.453406,32.999975],[130.453464,32.999884],[130.453538,32.999813],[130.453583,32.99979],[130.453686,32.999759],[130.453764,32.999743],[130.453812,32.999737],[130.453854,32.999739],[130.45387,32.999712],[130.453899,32.99972],[130.453936,32.999764],[130.453987,32.999819],[130.454019,32.999844],[130.454061,32.999862],[130.454118,32.999868],[130.454218,32.999869],[130.454277,32.999868],[130.454304,32.999871],[130.454308,32.999895],[130.454337,32.999893],[130.454348,32.999897],[130.454459,32.999992],[130.454522,33.000055],[130.454574,33.000122],[130.45462,33.000205],[130.454687,33.000316],[130.454703,33.000389],[130.454748,33.000571],[130.454766,33.000795],[130.45478,33.000918],[130.454773,33.000983],[130.454747,33.00105],[130.455049,33.001157],[130.455034,33.001203],[130.455001,33.001345],[130.454947,33.001524],[130.454934,33.001614],[130.454929,33.00167],[130.454938,33.001736],[130.454965,33.001843],[130.454905,33.001878],[130.454905,33.001891],[130.454986,33.002032],[130.454864,33.002128],[130.454844,33.002157],[130.454861,33.002163],[130.454976,33.002168],[130.455016,33.002158],[130.455103,33.002116],[130.455123,33.002116],[130.455152,33.002167],[130.45518,33.002167],[130.455188,33.002133],[130.455208,33.002073],[130.455211,33.002033],[130.455226,33.001942],[130.455224,33.001859],[130.455215,33.001789],[130.455185,33.00168],[130.455185,33.001648],[130.455201,33.00159],[130.455223,33.001569],[130.455248,33.001569],[130.455258,33.001596],[130.455275,33.00163],[130.45533,33.001655],[130.455335,33.001683],[130.455374,33.00171],[130.455456,33.001771],[130.455434,33.001817],[130.455543,33.001866],[130.45556,33.001835],[130.455598,33.001822],[130.455623,33.001812],[130.455665,33.001802],[130.455738,33.001785],[130.45579,33.001777],[130.455835,33.001765],[130.455865,33.001748],[130.455962,33.001688],[130.456042,33.001642],[130.456082,33.001631],[130.456115,33.00164],[130.456144,33.001655],[130.456167,33.001682],[130.456169,33.00172],[130.456174,33.001758],[130.456191,33.001796],[130.456218,33.001844],[130.456287,33.001945],[130.456308,33.001961],[130.456318,33.001959],[130.45635,33.001973],[130.456443,33.002013],[130.456457,33.002019],[130.456753,33.002128],[130.45677,33.002137],[130.456777,33.002147],[130.456778,33.002156],[130.456772,33.002175],[130.456771,33.002177],[130.456745,33.002208],[130.456703,33.002284],[130.456667,33.002348],[130.456642,33.002378],[130.456637,33.002395],[130.456634,33.002417],[130.456635,33.002435],[130.456643,33.002454],[130.456651,33.002469],[130.456656,33.002478],[130.45666,33.002497],[130.456657,33.002516],[130.45663,33.002555],[130.4566,33.002628],[130.456559,33.002687],[130.456517,33.002725],[130.456494,33.002743],[130.456659,33.002887],[130.456682,33.002902],[130.456718,33.002918],[130.456759,33.002941],[130.45678,33.002918],[130.456802,33.002869],[130.456816,33.002832],[130.45683,33.002802],[130.456844,33.002791],[130.456868,33.002781],[130.456903,33.002763],[130.456923,33.002745],[130.456939,33.00272],[130.456954,33.002702],[130.457142,33.002748],[130.457066,33.00303],[130.457054,33.003084],[130.457054,33.003102],[130.457061,33.003114],[130.457073,33.003114],[130.457095,33.003071],[130.4571,33.00306],[130.457218,33.002827],[130.457302,33.002667],[130.457351,33.002568],[130.457461,33.002345],[130.457489,33.002289],[130.457494,33.00228],[130.457532,33.002182],[130.457539,33.002164],[130.457573,33.002076],[130.457589,33.001985],[130.457594,33.001923],[130.457612,33.001733],[130.457614,33.001711],[130.457613,33.001693],[130.457613,33.00169],[130.457612,33.001658],[130.457602,33.001555],[130.457601,33.001541],[130.457588,33.001402],[130.457563,33.001285],[130.457562,33.001282],[130.457536,33.001219],[130.457509,33.00117],[130.457423,33.001075],[130.4574,33.001054],[130.457335,33.001006],[130.45726,33.000965],[130.457251,33.000961],[130.457112,33.000885],[130.457044,33.00085],[130.457035,33.000845],[130.457021,33.000841],[130.456925,33.000804],[130.456923,33.000776],[130.456916,33.000745],[130.456869,33.000541],[130.456825,33.000422],[130.456816,33.000399],[130.456763,33.000268],[130.456734,33.000196],[130.456681,33.000117],[130.456654,33.000092],[130.456634,33.000077],[130.456673,33.00005],[130.456691,33.000037],[130.456914,32.999879],[130.456943,32.999902],[130.456951,32.999934],[130.456958,32.999924],[130.457015,32.999891],[130.457059,32.99986],[130.457118,32.99982],[130.457133,32.999807],[130.457165,32.999781],[130.457304,32.999635],[130.457313,32.999617],[130.457348,32.999548],[130.457374,32.999486],[130.457398,32.999399],[130.457415,32.999324],[130.457424,32.999284],[130.457431,32.999251],[130.457441,32.999205],[130.457399,32.999183],[130.457379,32.999171],[130.457374,32.999168],[130.457397,32.999087],[130.457405,32.998986],[130.457398,32.998933],[130.457416,32.99892],[130.457567,32.998911],[130.457587,32.998934],[130.457632,32.998967],[130.457646,32.99896],[130.45765,32.998965],[130.457664,32.998985],[130.45767,32.998993],[130.457676,32.999006],[130.457681,32.999015],[130.457688,32.99903],[130.45769,32.999036],[130.457717,32.999131],[130.457733,32.999166],[130.457771,32.999252],[130.457821,32.999258],[130.457874,32.999211],[130.45792,32.99917],[130.457989,32.999102],[130.458028,32.999036],[130.458037,32.999013],[130.45805,32.998979],[130.458057,32.998958],[130.458096,32.998824],[130.458132,32.998692],[130.458142,32.998667],[130.458154,32.99865],[130.458167,32.998634],[130.458189,32.998618],[130.458313,32.99854],[130.458339,32.998524],[130.458393,32.998488],[130.458405,32.998494],[130.458428,32.998461],[130.458449,32.998419],[130.458456,32.998397],[130.458464,32.998351],[130.458454,32.998296],[130.458462,32.998238],[130.458473,32.998183],[130.45877,32.99817],[130.458786,32.998168],[130.45924,32.998325],[130.459368,32.998648],[130.459372,32.998665],[130.459515,32.998848],[130.459576,32.998912],[130.459582,32.998927],[130.45958,32.99896],[130.459569,32.998983],[130.45958,32.998987],[130.459642,32.99901],[130.45965,32.999217],[130.459545,32.999362],[130.459488,32.999441],[130.459463,32.999482],[130.459456,32.999508],[130.459457,32.999648],[130.459465,32.999678],[130.459551,32.999754],[130.459577,32.999786],[130.459603,32.999862],[130.459604,32.999889],[130.459571,32.999988],[130.459544,33.000036],[130.459509,33.000092],[130.459473,33.000135],[130.459431,33.000175],[130.45938,33.000208],[130.459322,33.000233],[130.459283,33.000239],[130.459216,33.000232],[130.459099,33.000204],[130.459079,33.000203],[130.459061,33.000206],[130.458979,33.000228],[130.458887,33.000254],[130.458854,33.000263],[130.458812,33.000277],[130.458769,33.000299],[130.458671,33.000414],[130.45865,33.000424],[130.458692,33.000422],[130.458694,33.000432],[130.458607,33.000608],[130.458405,33.001002],[130.458334,33.001142],[130.458318,33.001208],[130.458364,33.001281],[130.45843,33.00138],[130.458442,33.001492],[130.458428,33.001522],[130.458415,33.001564],[130.458424,33.001666],[130.458495,33.001684],[130.45859,33.001724],[130.458656,33.001758],[130.45871,33.001799],[130.458762,33.001848],[130.458786,33.001887],[130.458798,33.001918],[130.458789,33.001967],[130.458776,33.00199],[130.45878,33.002044],[130.458774,33.002106],[130.458758,33.002159],[130.458743,33.002175],[130.458792,33.002224],[130.458907,33.002226],[130.458952,33.002232],[130.458985,33.002242],[130.458984,33.002303],[130.459015,33.002447],[130.459015,33.002497],[130.458986,33.002625],[130.458972,33.002644],[130.458975,33.002654],[130.458795,33.002627],[130.458788,33.002649],[130.458716,33.002659],[130.458711,33.00266],[130.458713,33.00267],[130.458725,33.002686],[130.458731,33.002698],[130.458739,33.002718],[130.45874,33.002722],[130.458739,33.002726],[130.458738,33.002734],[130.458736,33.002739],[130.458734,33.002744],[130.45873,33.002749],[130.458726,33.002753],[130.458721,33.002756],[130.458712,33.002761],[130.458692,33.002767],[130.458631,33.002787],[130.458626,33.002789],[130.458616,33.002793],[130.458606,33.003071],[130.458625,33.003067],[130.458659,33.003058],[130.458786,33.003024],[130.458793,33.00303],[130.458799,33.003036],[130.458807,33.003042],[130.458812,33.003045],[130.458821,33.003049],[130.458836,33.003054],[130.458882,33.003067],[130.45891,33.003083],[130.458948,33.003096],[130.458998,33.003104],[130.459106,33.003111],[130.459129,33.003109],[130.459138,33.003112],[130.459153,33.00312],[130.45916,33.003108],[130.459168,33.003091],[130.459166,33.003073],[130.459162,33.00304],[130.459173,33.002979],[130.45919,33.002907],[130.459245,33.002762],[130.459285,33.002649],[130.45931,33.002601],[130.459335,33.002572],[130.459364,33.002554],[130.459394,33.002544],[130.459448,33.002539],[130.459483,33.002538],[130.459508,33.00252],[130.459556,33.002478],[130.45961,33.002412],[130.459682,33.002248],[130.459703,33.002208],[130.459738,33.002164],[130.459778,33.002037],[130.459936,33.002122],[130.459946,33.00212],[130.460224,33.001785],[130.460128,33.001633],[130.460138,33.001619],[130.460298,33.001546],[130.460317,33.001532],[130.460314,33.001319],[130.460385,33.001258],[130.460429,33.001219],[130.460508,33.001178],[130.460581,33.001122],[130.460614,33.001098],[130.460666,33.001063],[130.460708,33.001044],[130.460821,33.000931],[130.460931,33.000826],[130.46105,33.000712],[130.461172,33.000598],[130.461351,33.000421],[130.461364,33.000405],[130.461414,33.00025],[130.461465,33.000099],[130.461508,32.999935],[130.461516,32.999928],[130.461715,32.999957],[130.461698,33.000065],[130.461867,32.999946],[130.461835,32.999908],[130.46183,32.999891],[130.461831,32.999875],[130.461912,32.9998],[130.461981,32.999715],[130.462019,32.999682],[130.462081,32.999649],[130.462134,32.999636],[130.462113,32.999626],[130.462211,32.99957],[130.462318,32.999529],[130.462347,32.999506],[130.462398,32.999446],[130.462487,32.999359],[130.46265,32.99925],[130.462681,32.999111],[130.462696,32.999022],[130.462711,32.998925],[130.46273,32.998844],[130.462738,32.998813],[130.462746,32.998783],[130.462756,32.998756],[130.462768,32.998728],[130.462783,32.998699],[130.462797,32.998673],[130.462815,32.998641],[130.462816,32.998639],[130.462832,32.998614],[130.462849,32.99859],[130.462889,32.998543],[130.462927,32.998498],[130.462949,32.998478],[130.463048,32.998396],[130.463085,32.998362],[130.463121,32.998328],[130.463138,32.998308],[130.463152,32.998293],[130.46317,32.998269],[130.463208,32.998222],[130.463239,32.998169],[130.463262,32.998121],[130.463279,32.998076],[130.463307,32.997998],[130.463325,32.997949],[130.463343,32.997884],[130.463349,32.997862],[130.463354,32.997837],[130.463366,32.997765],[130.463375,32.997706],[130.463381,32.997634],[130.463381,32.99757],[130.463377,32.997463],[130.463375,32.997403],[130.463367,32.997344],[130.46335,32.997263],[130.463348,32.997257],[130.463327,32.997188],[130.463301,32.997124],[130.463267,32.997055],[130.46325,32.997026],[130.463181,32.996918],[130.463157,32.996879],[130.463119,32.996815],[130.463039,32.996696],[130.462976,32.996606],[130.462911,32.99651],[130.462877,32.99646],[130.462797,32.996338],[130.462681,32.99616],[130.46254,32.995955],[130.462516,32.995922],[130.462445,32.995811],[130.462401,32.995711],[130.46236,32.995608],[130.462322,32.995504],[130.462306,32.995439],[130.462285,32.995336],[130.462269,32.995226],[130.462265,32.995171],[130.462266,32.99512],[130.462273,32.995049],[130.462291,32.994953],[130.462281,32.99495],[130.462298,32.994876],[130.46232,32.994792],[130.462362,32.994687],[130.462408,32.994584],[130.462438,32.994527],[130.462465,32.99449],[130.462489,32.994451],[130.462516,32.994416],[130.462603,32.994297],[130.462622,32.994299],[130.462707,32.994215],[130.462764,32.994189],[130.462794,32.994159],[130.462817,32.994134],[130.462842,32.994111],[130.46292,32.994052],[130.462948,32.994034],[130.463011,32.993998],[130.463058,32.993973],[130.463085,32.993957],[130.463129,32.993923],[130.463238,32.993838],[130.463248,32.993823],[130.463327,32.993765],[130.463402,32.993706],[130.463469,32.993651],[130.463497,32.993621],[130.463556,32.993548],[130.463597,32.993492],[130.463614,32.993463],[130.463631,32.993427],[130.463639,32.993408],[130.463648,32.993383],[130.463653,32.993361],[130.463749,32.993372],[130.463768,32.993382],[130.463855,32.993421],[130.463868,32.993427],[130.463886,32.993435],[130.463897,32.99344],[130.463972,32.993476],[130.464014,32.993494],[130.464031,32.993502],[130.464059,32.993522],[130.464073,32.993536],[130.464088,32.993556],[130.464107,32.993582],[130.464189,32.993685],[130.464208,32.993715],[130.464217,32.993733],[130.464248,32.993784],[130.464296,32.993866],[130.464332,32.993945],[130.464359,32.994005],[130.464372,32.994027],[130.46439,32.994055],[130.464439,32.994145],[130.464475,32.994201],[130.464509,32.994253],[130.464527,32.994275],[130.464548,32.994295],[130.464569,32.994308],[130.464579,32.994317],[130.464591,32.994331],[130.464605,32.994354],[130.464615,32.994373],[130.464626,32.994393],[130.464634,32.994405],[130.464642,32.994424],[130.464672,32.9945],[130.464687,32.994563],[130.46469,32.994572],[130.464699,32.994579],[130.464785,32.994601],[130.464853,32.994619],[130.464901,32.994633],[130.464955,32.994661],[130.464972,32.99467],[130.465021,32.994699],[130.465048,32.994714],[130.465066,32.994727],[130.465083,32.994742],[130.46511,32.99476],[130.465132,32.994774],[130.46515,32.99478],[130.465174,32.994784],[130.465296,32.994814],[130.465323,32.994822],[130.465374,32.994833],[130.465393,32.994844],[130.465425,32.994865],[130.465438,32.99488],[130.465449,32.994898],[130.465459,32.994917],[130.465475,32.994945],[130.465494,32.994977],[130.465509,32.994998],[130.465521,32.995012],[130.465548,32.995044],[130.465573,32.995068],[130.465598,32.995089],[130.465639,32.995117],[130.46565,32.995124],[130.465679,32.995139],[130.465718,32.995154],[130.465753,32.995168],[130.465782,32.995182],[130.46581,32.995199],[130.465867,32.995244],[130.465885,32.995262],[130.465895,32.995276],[130.465906,32.995294],[130.465918,32.995314],[130.465931,32.995336],[130.465945,32.995369],[130.465951,32.995381],[130.465956,32.995389],[130.465964,32.995396],[130.46598,32.995408],[130.46602,32.995433],[130.466054,32.995453],[130.466091,32.995472],[130.466126,32.995489],[130.466152,32.995502],[130.466173,32.99551],[130.466194,32.995517],[130.466218,32.995523],[130.466237,32.995528],[130.466262,32.995531],[130.466296,32.995531],[130.466383,32.99553],[130.466397,32.995529],[130.466509,32.995523],[130.466631,32.995516],[130.466705,32.995511],[130.466732,32.99551],[130.466783,32.995563],[130.466809,32.995593],[130.466824,32.995611],[130.46686,32.995649],[130.466872,32.995661],[130.466879,32.995668],[130.466898,32.995676],[130.46692,32.995682],[130.466966,32.995694],[130.466999,32.9957],[130.467018,32.995703],[130.467045,32.995707],[130.46707,32.995708],[130.467086,32.995768],[130.467097,32.995823],[130.467104,32.995856],[130.467117,32.995907],[130.467132,32.995961],[130.467165,32.996064],[130.467194,32.996129],[130.46721,32.996152],[130.467211,32.996186],[130.467209,32.996193],[130.467212,32.996238],[130.467223,32.996321],[130.467232,32.99638],[130.467233,32.996399],[130.467231,32.996424],[130.467225,32.99647],[130.467212,32.996584],[130.467208,32.99662],[130.467206,32.996634],[130.467205,32.996654],[130.467214,32.99672],[130.467215,32.996732],[130.467219,32.996752],[130.467232,32.996835],[130.467242,32.996889],[130.46725,32.996932],[130.467259,32.996971],[130.467286,32.997059],[130.467301,32.9971],[130.467336,32.997172],[130.467352,32.997204],[130.46736,32.997226],[130.467363,32.997244],[130.467359,32.997262],[130.467346,32.997282],[130.467332,32.997298],[130.467325,32.997312],[130.467323,32.997322],[130.467325,32.997333],[130.467332,32.997351],[130.467344,32.997373],[130.467348,32.997385],[130.467349,32.997401],[130.46735,32.997412],[130.467348,32.997421],[130.467345,32.997428],[130.467332,32.997447],[130.467324,32.997456],[130.467287,32.997485],[130.467274,32.997494],[130.467247,32.997508],[130.467235,32.997518],[130.467225,32.99753],[130.467209,32.997558],[130.467201,32.99758],[130.467192,32.997604],[130.467184,32.997626],[130.467176,32.997639],[130.467173,32.997643],[130.467165,32.997651],[130.467152,32.997662],[130.467139,32.997671],[130.467122,32.99768],[130.467057,32.997704],[130.467025,32.997718],[130.46699,32.997741],[130.466959,32.997762],[130.46685,32.997834],[130.466797,32.997879],[130.466757,32.997913],[130.466702,32.997963],[130.46664,32.998039],[130.466598,32.998087],[130.466595,32.998106],[130.466599,32.998114],[130.46664,32.998107],[130.466663,32.998105],[130.466696,32.998105],[130.466736,32.998103],[130.466788,32.998097],[130.466861,32.99809],[130.466929,32.998082],[130.466967,32.998071],[130.467001,32.998071],[130.46706,32.998044],[130.467131,32.998012],[130.467166,32.997997],[130.467183,32.997992],[130.467207,32.997986],[130.467221,32.997984],[130.467241,32.997983],[130.467264,32.997985],[130.467326,32.997992],[130.467372,32.997997],[130.467398,32.997998],[130.467419,32.997996],[130.467452,32.997993],[130.467486,32.997989],[130.467512,32.997985],[130.467536,32.997986],[130.467583,32.99799],[130.467607,32.99799],[130.467625,32.99799],[130.467637,32.997988],[130.467654,32.997983],[130.467728,32.997956],[130.467749,32.997952],[130.467781,32.997947],[130.467826,32.997944],[130.467863,32.997944],[130.467887,32.997946],[130.467923,32.997953],[130.46796,32.997961],[130.467988,32.997971],[130.468017,32.99798],[130.468059,32.997999],[130.468124,32.99803],[130.468142,32.99804],[130.46821,32.998074],[130.468251,32.998094],[130.468258,32.9981],[130.468323,32.998129],[130.468343,32.998139],[130.468361,32.998149],[130.46837,32.998154],[130.468417,32.998183],[130.468424,32.998188],[130.468435,32.998194],[130.468464,32.998211],[130.468484,32.998219],[130.468515,32.998229],[130.468579,32.998251],[130.468649,32.998272],[130.468693,32.998253],[130.468723,32.99824],[130.468783,32.998215],[130.468892,32.998174],[130.468934,32.998157],[130.468973,32.998143],[130.469046,32.998116],[130.46908,32.9981],[130.469102,32.998085],[130.469117,32.998071],[130.469127,32.998059],[130.469208,32.998023],[130.469266,32.998016],[130.469293,32.998014],[130.469335,32.998012],[130.469368,32.998013],[130.469375,32.998013],[130.469413,32.998016],[130.469452,32.998017],[130.469457,32.998016],[130.469518,32.998045],[130.46952,32.998049],[130.469531,32.998053],[130.469546,32.998056],[130.469562,32.998059],[130.469575,32.99806],[130.469585,32.998061],[130.469625,32.998062],[130.469667,32.998068],[130.469727,32.998075],[130.469775,32.998081],[130.469829,32.998085],[130.469943,32.998088],[130.47001,32.998093],[130.470043,32.998095],[130.470062,32.998095],[130.470082,32.998093],[130.470109,32.998091],[130.470187,32.998076],[130.470206,32.998068],[130.470214,32.998061],[130.470249,32.998054],[130.470331,32.998045],[130.47036,32.998042],[130.470384,32.998041],[130.470413,32.998039],[130.470426,32.998037],[130.47044,32.998032],[130.470455,32.998025],[130.470472,32.998013],[130.470481,32.998006],[130.470517,32.997956],[130.470555,32.997892],[130.470612,32.997799],[130.470633,32.997764],[130.470653,32.997731],[130.470658,32.99772],[130.470661,32.997708],[130.470662,32.9977],[130.470658,32.997668],[130.470652,32.997633],[130.470644,32.997591],[130.470655,32.997595],[130.470677,32.997597],[130.4707,32.997598],[130.470728,32.997598],[130.470774,32.997593],[130.470812,32.99759],[130.470836,32.99759],[130.470866,32.997593],[130.470896,32.997598],[130.470928,32.997606],[130.470951,32.997613],[130.470974,32.997623],[130.470982,32.997627],[130.470993,32.997634],[130.471029,32.997659],[130.471084,32.997711],[130.471174,32.99779],[130.471187,32.997804],[130.471207,32.997824],[130.471229,32.997845],[130.471248,32.997857],[130.471261,32.997941],[130.471257,32.997958],[130.471258,32.997987],[130.471278,32.998083],[130.471285,32.998109],[130.471292,32.998121],[130.471295,32.998125],[130.471338,32.998181],[130.471345,32.99819],[130.471357,32.9982],[130.471388,32.998227],[130.47141,32.998252],[130.471421,32.998265],[130.471431,32.998278],[130.471497,32.998356],[130.471457,32.99839],[130.471354,32.998474],[130.47135,32.998472],[130.471323,32.998458],[130.471219,32.998547],[130.471173,32.998582],[130.471117,32.998626],[130.471139,32.998653],[130.47112,32.998667],[130.470999,32.998763],[130.470916,32.998825],[130.470835,32.998879],[130.470669,32.99899],[130.470661,32.998995],[130.47054,32.999093],[130.470513,32.999114],[130.470438,32.999183],[130.470389,32.999236],[130.470337,32.999295],[130.470318,32.999321],[130.470272,32.999342],[130.470214,32.999368],[130.470191,32.99938],[130.47007,32.999399],[130.470031,32.999402],[130.469948,32.9994],[130.469869,32.999395],[130.469817,32.999382],[130.469802,32.999487],[130.469804,32.999496],[130.469918,32.999521],[130.46998,32.999547],[130.470048,32.999597],[130.470067,32.99963],[130.470067,32.999665],[130.470054,32.999702],[130.470027,32.999742],[130.469951,32.999833],[130.469853,32.999939],[130.469822,32.999985],[130.46978,33.000028],[130.469734,33.000061],[130.469694,33.000098],[130.469629,33.000135],[130.469588,33.000159],[130.469542,33.00018],[130.469558,33.000252],[130.46957,33.000283],[130.469592,33.000274],[130.469678,33.000237],[130.469866,33.000386],[130.469814,33.000436],[130.469788,33.000458],[130.469742,33.000491],[130.469698,33.000518],[130.469673,33.000528],[130.469648,33.000497],[130.469578,33.000397],[130.469477,33.000232],[130.469396,33.000216],[130.469351,33.00021],[130.469255,33.000207],[130.46918,33.00021],[130.469113,33.000211],[130.469101,33.000208],[130.469078,33.000197],[130.469059,33.000201],[130.469018,33.000207],[130.469031,33.000102],[130.469019,33.000046],[130.469009,32.999995],[130.469022,32.999829],[130.469012,32.999799],[130.468991,32.999757],[130.468983,32.999734],[130.468979,32.999701],[130.468969,32.999643],[130.468963,32.999639],[130.468701,32.999672],[130.468618,32.999685],[130.468605,32.99962],[130.46859,32.999421],[130.468463,32.999429],[130.468461,32.999439],[130.468288,32.999456],[130.468269,32.9995],[130.468259,32.999526],[130.468232,32.999568],[130.4682,32.999591],[130.468016,32.999519],[130.467912,32.999628],[130.467869,32.999664],[130.467838,32.999691],[130.467807,32.999703],[130.46775,32.99971],[130.467657,32.999706],[130.467555,32.999707],[130.467499,32.999712],[130.467449,32.999729],[130.467355,32.999768],[130.467348,32.99977],[130.467225,32.999714],[130.467137,32.999645],[130.467109,32.99963],[130.467088,32.999625],[130.467053,32.999622],[130.46702,32.999629],[130.466856,32.999671],[130.466629,32.999721],[130.466565,32.999729],[130.466534,32.999734],[130.46637,32.999773],[130.466248,32.999802],[130.465951,32.99987],[130.465851,32.999894],[130.465735,32.999918],[130.465662,32.999938],[130.465494,32.999976],[130.465497,32.999987],[130.465499,32.999992],[130.465557,33.000243],[130.465554,33.000243],[130.465489,33.000258],[130.465332,33.000286],[130.465347,33.000324],[130.465355,33.000348],[130.465469,33.000682],[130.465292,33.000709],[130.465288,33.00071],[130.465265,33.000717],[130.465233,33.000726],[130.465221,33.000685],[130.465208,33.000638],[130.465203,33.000618],[130.465185,33.000622],[130.465179,33.000623],[130.465009,33.000659],[130.46492,33.000394],[130.464881,33.000299],[130.46443,33.000373],[130.464402,33.000369],[130.464382,33.000366],[130.464329,33.000368],[130.464284,33.000378],[130.464241,33.000402],[130.464131,33.000434],[130.464082,33.000295],[130.463889,33.000339],[130.463932,33.000492],[130.463971,33.000631],[130.463992,33.000659],[130.463985,33.000661],[130.464032,33.000824],[130.463887,33.000841],[130.463737,33.00052],[130.46344,33.000599],[130.463448,33.000708],[130.463443,33.000718],[130.463325,33.000734],[130.463263,33.000653],[130.463214,33.00089],[130.463214,33.000893],[130.462843,33.000839],[130.462333,33.000776],[130.462086,33.000756],[130.46198,33.000782],[130.461855,33.000833],[130.461827,33.000854],[130.461803,33.000852],[130.461745,33.000914],[130.461725,33.000961],[130.461682,33.001078],[130.461626,33.00124],[130.461613,33.001278],[130.461617,33.001785],[130.461614,33.001857],[130.461618,33.001972],[130.461611,33.002056],[130.461603,33.002128],[130.46157,33.002358],[130.461535,33.002542],[130.46152,33.002663],[130.461504,33.002663],[130.461436,33.002839],[130.461357,33.002974],[130.461291,33.003062],[130.461124,33.003251],[130.461316,33.003159],[130.461551,33.003045],[130.461778,33.002934],[130.461876,33.002871],[130.461948,33.002801],[130.462085,33.00269],[130.462198,33.002617],[130.462272,33.002564],[130.462314,33.002545],[130.462364,33.00253],[130.462422,33.002518],[130.462516,33.002513],[130.462725,33.002519],[130.462923,33.002524],[130.463089,33.002522],[130.463319,33.002519],[130.463726,33.002515],[130.464132,33.002522],[130.464455,33.002527],[130.464718,33.002533],[130.464777,33.002539],[130.464835,33.002552],[130.464882,33.002579],[130.464907,33.002597],[130.464912,33.002601],[130.46494,33.002634],[130.464963,33.002703],[130.464976,33.00274],[130.465007,33.002798],[130.46505,33.002861],[130.46508,33.002896],[130.4651,33.002919],[130.465133,33.002945],[130.465175,33.002973],[130.465218,33.002993],[130.465305,33.003028],[130.465417,33.003073],[130.465473,33.003089],[130.465512,33.003094],[130.465569,33.003094],[130.465713,33.003075],[130.465931,33.003042],[130.466154,33.003009],[130.46632,33.002979],[130.46643,33.002963],[130.466541,33.002959],[130.466613,33.002962],[130.466649,33.002969],[130.4667,33.002982],[130.466728,33.002989],[130.466758,33.003001],[130.466786,33.003017],[130.466808,33.003035],[130.466831,33.003063],[130.466873,33.003133],[130.46688,33.003128],[130.466945,33.003093],[130.46702,33.003095],[130.467031,33.003095],[130.467038,33.003093],[130.467104,33.003076],[130.467215,33.003064],[130.467397,33.003146],[130.467438,33.003106],[130.46752,33.003024],[130.467597,33.002964],[130.467646,33.002943],[130.467714,33.002926],[130.46787,33.002909],[130.467961,33.002894],[130.468002,33.002887],[130.468084,33.002867],[130.468159,33.002846],[130.468178,33.00284],[130.468229,33.002835],[130.468268,33.002846],[130.468309,33.002872],[130.468319,33.002878],[130.468334,33.002888],[130.468359,33.00289],[130.468392,33.002893],[130.468585,33.002908],[130.468627,33.002847],[130.468641,33.002827],[130.468733,33.002683],[130.468746,33.002656],[130.468752,33.002628],[130.468753,33.002608],[130.468752,33.0026],[130.468711,33.002512],[130.468662,33.002405],[130.468653,33.002378],[130.468649,33.002363],[130.468646,33.002345],[130.468647,33.00231],[130.46865,33.002288],[130.468657,33.002264],[130.468668,33.002233],[130.468681,33.002196],[130.468701,33.002186],[130.468732,33.002163],[130.468808,33.002135],[130.468818,33.002132],[130.468892,33.00211],[130.469003,33.002074],[130.469125,33.002037],[130.469252,33.001989],[130.46946,33.001905],[130.469485,33.001892],[130.469506,33.001878],[130.469533,33.00184],[130.469542,33.001824],[130.469563,33.001762],[130.469574,33.001711],[130.469591,33.001697],[130.469605,33.00165],[130.469624,33.001572],[130.469635,33.001501],[130.469639,33.001452],[130.469639,33.001398],[130.46963,33.001346],[130.469625,33.001289],[130.469628,33.001261],[130.469635,33.001226],[130.469657,33.001193],[130.469677,33.001173],[130.469725,33.001131],[130.469859,33.001026],[130.469871,33.001018],[130.469905,33.001008],[130.469916,33.000807],[130.470011,33.000729],[130.47011,33.000657],[130.470166,33.000599],[130.470301,33.000459],[130.470401,33.000354],[130.470428,33.000338],[130.47046,33.000324],[130.470488,33.00032],[130.47053,33.000316],[130.470556,33.000318],[130.470595,33.000326],[130.47063,33.000337],[130.470694,33.000364],[130.470849,33.000424],[130.470889,33.000436],[130.470924,33.000444],[130.470948,33.000447],[130.47097,33.000447],[130.471023,33.000441],[130.471047,33.000435],[130.471094,33.000418],[130.471159,33.000386],[130.471168,33.000382],[130.471245,33.000344],[130.471288,33.000325],[130.471321,33.000315],[130.471354,33.000305],[130.471552,33.000256],[130.471595,33.000244],[130.471779,33.000186],[130.47184,33.000171],[130.471897,33.000157],[130.472022,33.000116],[130.472042,33.000111],[130.472118,33.000093],[130.47215,33.000089],[130.472414,33.000051],[130.472486,33.00005],[130.472496,33.000044],[130.472507,33.000028],[130.472524,32.999952],[130.47254,32.999913],[130.472557,32.99989],[130.472563,32.999882],[130.472591,32.999864],[130.472611,32.999852],[130.472653,32.999819],[130.4727,32.999787],[130.472852,32.999668],[130.472901,32.999634],[130.472917,32.999618],[130.472924,32.99961],[130.473005,32.999589],[130.473047,32.999587],[130.473139,32.999579],[130.473169,32.999579],[130.473189,32.999582],[130.4732,32.999585],[130.473264,32.999601],[130.473278,32.999605],[130.473433,32.999656],[130.473496,32.999682],[130.473518,32.999691],[130.473551,32.999707],[130.473631,32.999752],[130.473725,32.999802],[130.473764,32.999815],[130.473795,32.999821],[130.473834,32.999829],[130.473884,32.999833],[130.47393,32.999832],[130.473971,32.999838],[130.474003,32.999852],[130.474009,32.999854],[130.474056,32.999873],[130.474131,32.9999],[130.474152,32.999911],[130.474167,32.999923],[130.474178,32.999934],[130.474223,32.999989],[130.474247,33.000026],[130.474304,33.000131],[130.474319,33.000151],[130.474344,33.000179],[130.47438,33.000214],[130.474398,33.000227],[130.474446,33.00025],[130.474517,33.00028],[130.474587,33.000302],[130.47472,33.000334],[130.474891,33.000373],[130.474913,33.000379],[130.474974,33.000394],[130.475003,33.000406],[130.475089,33.000436],[130.475106,33.000441],[130.475151,33.000445],[130.475181,33.000441],[130.47525,33.000418],[130.475491,33.00034],[130.475502,33.000338],[130.47552,33.000339],[130.475538,33.000358],[130.475616,33.000328],[130.475662,33.000313],[130.475703,33.000286],[130.475816,33.000229],[130.476002,33.000158],[130.476267,33.00008],[130.476311,33.000063],[130.476407,33.000011],[130.476622,32.999878],[130.476624,32.999877],[130.476647,32.999807],[130.476743,32.999796],[130.476795,32.999781],[130.476837,32.999774],[130.476885,32.999771],[130.47694,32.999769],[130.476983,32.999772],[130.477018,32.999774],[130.477051,32.999777],[130.477082,32.999779],[130.477108,32.999781],[130.477147,32.999784],[130.477181,32.999789],[130.477226,32.9998],[130.477276,32.99982],[130.477319,32.999836],[130.477364,32.99985],[130.477387,32.999857],[130.477486,32.99994],[130.477545,32.999956],[130.477736,33.000009],[130.477853,33.000047],[130.477986,33.000094],[130.477996,33.000102],[130.478,33.000109],[130.478002,33.000124],[130.477999,33.000193],[130.478039,33.000177],[130.478053,33.000175],[130.478067,33.000179],[130.478083,33.00019],[130.47811,33.000186],[130.478174,33.000172],[130.478177,33.000174],[130.478181,33.000175],[130.478186,33.000175],[130.478193,33.000174],[130.478228,33.000171],[130.478292,33.000152],[130.47858,33.000041],[130.478808,32.999948],[130.478898,32.999906],[130.478922,32.999897],[130.479024,32.999869],[130.479111,32.99986],[130.479177,32.999857],[130.479452,32.999841],[130.479535,32.999826],[130.479541,32.999828],[130.479547,32.999828],[130.479578,32.999822],[130.479662,32.999807],[130.479692,32.999802],[130.479733,32.999797],[130.479816,32.999794],[130.479896,32.999794],[130.479915,32.999796],[130.479938,32.99981],[130.479949,32.999869],[130.479946,32.999875],[130.479942,32.999897],[130.479942,32.999915],[130.479945,32.999924],[130.479972,32.999983],[130.479978,33.000007],[130.479976,33.000026],[130.479976,33.000036],[130.479975,33.00011],[130.479976,33.000124],[130.479978,33.000145],[130.479988,33.000195],[130.479975,33.000409],[130.479984,33.000456],[130.479989,33.00047],[130.480032,33.000587],[130.480064,33.000652],[130.480123,33.000723],[130.480182,33.000775],[130.480174,33.000782],[130.480159,33.000839],[130.480151,33.00084],[130.480145,33.000922],[130.480171,33.001049],[130.480181,33.001097],[130.480197,33.001174],[130.480199,33.001194],[130.480189,33.00122],[130.480175,33.001243],[130.480162,33.001256],[130.480137,33.00127],[130.479977,33.001328],[130.479957,33.001338],[130.479846,33.001361],[130.479806,33.001362],[130.479758,33.001379],[130.479687,33.001413],[130.479642,33.001442],[130.479615,33.001444],[130.479621,33.00148],[130.479636,33.001524],[130.479485,33.001588],[130.479386,33.001643],[130.479358,33.001664],[130.479345,33.001683],[130.479343,33.001694],[130.479196,33.001837],[130.479126,33.00186],[130.478887,33.002139],[130.478796,33.002084],[130.478723,33.002028],[130.478663,33.002029],[130.478549,33.002034],[130.478502,33.002027],[130.478406,33.002007],[130.478343,33.001998],[130.478283,33.002006],[130.478215,33.002022],[130.478145,33.002066],[130.478069,33.002122],[130.47808,33.00213],[130.478011,33.002208],[130.477923,33.002258],[130.477914,33.002426],[130.477839,33.002569],[130.477827,33.00267],[130.477832,33.002757],[130.477844,33.002834],[130.477861,33.002873],[130.477895,33.002905],[130.477937,33.002916],[130.478025,33.002913],[130.478193,33.00288],[130.478312,33.002774],[130.478417,33.002829],[130.478534,33.002923],[130.478603,33.002987],[130.478662,33.003061],[130.478714,33.003117],[130.478766,33.003144],[130.478878,33.003149],[130.478989,33.003244],[130.478991,33.003273],[130.479055,33.00333],[130.479156,33.003343],[130.47929,33.003343],[130.479316,33.003353],[130.479319,33.003356],[130.479331,33.003369],[130.479347,33.003375],[130.479419,33.003374],[130.479635,33.003346],[130.479792,33.003324],[130.479858,33.003298],[130.479913,33.003261],[130.480015,33.003218],[130.480268,33.003146],[130.480542,33.003062],[130.480581,33.003065],[130.480802,33.00308],[130.48085,33.003083],[130.480923,33.003054],[130.481038,33.002952],[130.481053,33.002939],[130.481067,33.002927],[130.481198,33.002885],[130.481314,33.002844],[130.481321,33.002842],[130.481336,33.002836],[130.481384,33.002821],[130.481511,33.00277],[130.48161,33.002735],[130.481692,33.002733],[130.481762,33.002745],[130.48182,33.002762],[130.481881,33.002794],[130.481937,33.002873],[130.482022,33.002852],[130.482069,33.002823],[130.482153,33.00273],[130.482308,33.002764],[130.482427,33.002748],[130.48269,33.00272],[130.482748,33.00271],[130.482804,33.002672],[130.482848,33.002654],[130.48306,33.002644],[130.483173,33.002558],[130.483318,33.002564],[130.483357,33.002612],[130.483414,33.002607],[130.483515,33.002583],[130.48362,33.002499],[130.483662,33.00245],[130.483681,33.002395],[130.483708,33.002356],[130.483915,33.0022],[130.484012,33.002106],[130.484104,33.001991],[130.484234,33.001988],[130.48433,33.001885],[130.484422,33.001908],[130.484488,33.001903],[130.484552,33.00187],[130.48464,33.00193],[130.484596,33.002054],[130.484563,33.002205],[130.484514,33.002408],[130.484518,33.002415],[130.484532,33.002443],[130.484537,33.002453],[130.484568,33.00245],[130.484724,33.002438],[130.48476,33.002435],[130.484838,33.002393],[130.48486,33.002382],[130.485004,33.002309],[130.485033,33.002309],[130.485083,33.002309],[130.485177,33.002335],[130.48532,33.002422],[130.485435,33.002526],[130.485605,33.002538],[130.48577,33.002713],[130.486081,33.002691],[130.48631,33.002621],[130.486367,33.002603],[130.486518,33.002542],[130.486804,33.002532],[130.487175,33.002513],[130.48734,33.002565],[130.48756,33.002625],[130.48775,33.002673],[130.487983,33.002736],[130.488019,33.002689],[130.488222,33.002739],[130.488379,33.002802],[130.488531,33.002866],[130.488647,33.002972],[130.488705,33.00299],[130.488754,33.00299],[130.488865,33.002965],[130.488957,33.002934],[130.489424,33.002972],[130.489412,33.002901],[130.489519,33.002894],[130.489879,33.002925],[130.489871,33.003043],[130.490009,33.003043],[130.490108,33.002988],[130.490208,33.002961],[130.490381,33.002935],[130.490473,33.002928],[130.490675,33.002962],[130.490897,33.003023],[130.491231,33.003131],[130.491215,33.003242],[130.491354,33.003288],[130.491577,33.003397],[130.491714,33.003468],[130.49178,33.003591],[130.492193,33.003654],[130.492633,33.003722],[130.492732,33.003808],[130.492804,33.003826],[130.492899,33.003855],[130.493096,33.003943],[130.493296,33.004037],[130.493273,33.004074],[130.493636,33.004117],[130.493856,33.004182],[130.493983,33.004052],[130.494083,33.003925],[130.494059,33.003884],[130.494096,33.003823],[130.494283,33.003564],[130.494317,33.003591],[130.494421,33.003729],[130.494412,33.003906],[130.494384,33.004071],[130.494359,33.004214],[130.494365,33.004261],[130.494393,33.004294],[130.494516,33.004326],[130.494722,33.004379],[130.494867,33.004318],[130.494854,33.004255],[130.494853,33.004227],[130.494863,33.004157],[130.494884,33.004083],[130.494908,33.004036],[130.494941,33.003983],[130.494976,33.003951],[130.495029,33.003924],[130.495114,33.003904],[130.495326,33.003873],[130.495452,33.003841],[130.495496,33.003787],[130.495543,33.003748],[130.495967,33.004102],[130.49585,33.00425],[130.49575,33.004442],[130.495625,33.004631],[130.495467,33.004846],[130.495544,33.004954],[130.495616,33.005047],[130.495761,33.005053],[130.495887,33.005068],[130.49597,33.005097],[130.496197,33.005226],[130.496407,33.005327],[130.496621,33.005443],[130.496777,33.005509],[130.496921,33.005605],[130.497036,33.005688],[130.497232,33.005801],[130.49736,33.005876],[130.497436,33.005899],[130.497517,33.005901],[130.497624,33.005891],[130.49785,33.005875],[130.498025,33.005874],[130.498074,33.005883],[130.498204,33.005944],[130.49837,33.006022],[130.498506,33.006114],[130.498653,33.006214],[130.498902,33.006344],[130.499066,33.006401],[130.499201,33.006424],[130.499316,33.006426],[130.499463,33.006416],[130.499587,33.006398],[130.499718,33.006361],[130.499918,33.006284],[130.500036,33.006227],[130.500296,33.006098],[130.500638,33.005927],[130.500875,33.005826],[130.501182,33.005685],[130.501376,33.005595],[130.50158,33.005503],[130.501786,33.005403],[130.501989,33.00531],[130.502188,33.005225],[130.50237,33.005142],[130.502592,33.005083],[130.502808,33.005034],[130.503525,33.004882],[130.503631,33.004853],[130.50384,33.004701],[130.50396,33.004639],[130.504285,33.004582],[130.504541,33.004532],[130.504607,33.004511],[130.504686,33.004415],[130.50466,33.004275],[130.50465,33.004181],[130.504657,33.004085],[130.504674,33.004002],[130.504718,33.003862],[130.504795,33.003693],[130.504906,33.003494],[130.504998,33.003362],[130.505105,33.003219],[130.505217,33.00307],[130.505308,33.00297],[130.50537,33.002883],[130.505442,33.002765],[130.505485,33.002732],[130.505537,33.002727],[130.505601,33.002751],[130.505677,33.002799],[130.505728,33.002846],[130.505759,33.002884],[130.505782,33.002924],[130.505828,33.003006],[130.505894,33.003129],[130.505975,33.00326],[130.506058,33.003357],[130.506139,33.003437],[130.506197,33.003472],[130.506305,33.003528],[130.50651,33.003623],[130.506591,33.003666],[130.506648,33.003718],[130.506727,33.003817],[130.506774,33.003878],[130.506793,33.003923],[130.506799,33.003965],[130.506804,33.004058],[130.506798,33.004135],[130.506773,33.004338],[130.506743,33.004585],[130.506731,33.00476],[130.506722,33.004901],[130.506709,33.005037],[130.506691,33.005107],[130.506662,33.005188],[130.506616,33.005261],[130.506579,33.005297],[130.506511,33.00534],[130.50637,33.005428],[130.506316,33.005478],[130.506256,33.005558],[130.506205,33.005641],[130.506147,33.005759],[130.506103,33.005891],[130.506092,33.005942],[130.506103,33.006019],[130.506119,33.006068],[130.506153,33.006127],[130.506215,33.006175],[130.506356,33.006275],[130.506495,33.006358],[130.506597,33.006398],[130.506707,33.006434],[130.506916,33.006486],[130.507166,33.006532],[130.507288,33.006535],[130.507386,33.006525],[130.507635,33.006492],[130.507692,33.006489],[130.50774,33.006486],[130.507816,33.006488],[130.507873,33.006498],[130.507981,33.006535],[130.508049,33.006569],[130.508096,33.006599],[130.508143,33.006649],[130.508175,33.006708],[130.508219,33.006849],[130.508248,33.007017],[130.508282,33.007092],[130.50834,33.00718],[130.508437,33.007281],[130.508504,33.007337],[130.508638,33.007396],[130.508749,33.00744],[130.508869,33.007472],[130.50899,33.00748],[130.509123,33.007452],[130.509282,33.007388],[130.509505,33.007283],[130.509702,33.007203],[130.509926,33.007144],[130.510133,33.007094],[130.510341,33.007042],[130.510463,33.007],[130.510619,33.006935],[130.510783,33.006885],[130.510906,33.006848],[130.511088,33.006843],[130.511301,33.00688],[130.511503,33.006954],[130.511621,33.006989],[130.511832,33.007021],[130.511985,33.007031],[130.512127,33.007044],[130.512268,33.007091],[130.51243,33.007181],[130.512581,33.007296],[130.512648,33.007359],[130.512713,33.00745],[130.512743,33.007509],[130.512751,33.007557],[130.512752,33.007644],[130.512742,33.007708],[130.512723,33.007774],[130.512697,33.007829],[130.512633,33.007942],[130.51254,33.008115],[130.512472,33.00828],[130.512429,33.00843],[130.512408,33.008529],[130.512405,33.008607],[130.512411,33.008678],[130.512438,33.008781],[130.512475,33.008881],[130.512552,33.009049],[130.512653,33.009204],[130.512735,33.009319],[130.512787,33.009376],[130.512844,33.009426],[130.512904,33.009472],[130.512968,33.00951],[130.513064,33.009569],[130.513157,33.009625],[130.513263,33.009714],[130.513318,33.009775],[130.513355,33.009826],[130.51338,33.009876],[130.513405,33.009942],[130.513424,33.010006],[130.513459,33.01012],[130.513487,33.010242],[130.513534,33.010413],[130.513554,33.01048],[130.513572,33.010595],[130.513574,33.010659],[130.513561,33.01075],[130.513513,33.010994],[130.513506,33.011088],[130.513513,33.011154],[130.513532,33.011206],[130.513573,33.011266],[130.513695,33.011417],[130.513777,33.011528],[130.513802,33.011582],[130.513814,33.011634],[130.513854,33.011815],[130.513888,33.011949],[130.51392,33.012009],[130.513942,33.012032],[130.513974,33.012049],[130.514029,33.012062],[130.514162,33.012068],[130.514393,33.012053],[130.514686,33.012019],[130.514743,33.012019],[130.514883,33.012037],[130.515118,33.012091],[130.515379,33.01215],[130.515576,33.012166],[130.515888,33.012151],[130.516275,33.012122],[130.516272,33.012079],[130.516309,33.012079],[130.516587,33.012095],[130.51695,33.012167]],[[130.457708,32.961043],[130.457313,32.961039],[130.457152,32.961038],[130.457148,32.960965],[130.457154,32.960754],[130.457124,32.960754],[130.457063,32.960754],[130.456991,32.960755],[130.456452,32.960767],[130.456424,32.960768],[130.456395,32.960768],[130.456147,32.960775],[130.456144,32.960809],[130.45515,32.960819],[130.455157,32.960835],[130.455078,32.960831],[130.454971,32.960826],[130.45492,32.960821],[130.454868,32.960814],[130.454776,32.960796],[130.454733,32.960788],[130.454687,32.960782],[130.454656,32.96078],[130.454573,32.960774],[130.454538,32.960766],[130.454504,32.960755],[130.45446,32.960729],[130.454424,32.960701],[130.454406,32.960678],[130.454396,32.960655],[130.454393,32.96063],[130.454399,32.960567],[130.45442,32.96044],[130.454444,32.96031],[130.454454,32.960266],[130.454462,32.960208],[130.454469,32.960152],[130.454476,32.960124],[130.454483,32.960105],[130.454492,32.960086],[130.454507,32.960063],[130.454572,32.959987],[130.454592,32.959957],[130.454606,32.959932],[130.454614,32.959905],[130.454635,32.959804],[130.454643,32.959769],[130.454651,32.959742],[130.454674,32.959686],[130.454691,32.959653],[130.454701,32.959646],[130.454752,32.95953],[130.454903,32.95951],[130.455087,32.959476],[130.45533,32.959443],[130.455677,32.959391],[130.455862,32.959364],[130.455948,32.959355],[130.455979,32.959351],[130.455981,32.959336],[130.45597,32.959316],[130.455858,32.959316],[130.455868,32.959306],[130.455763,32.959298],[130.455677,32.959286],[130.455579,32.959269],[130.455479,32.959252],[130.45543,32.959246],[130.455216,32.959231],[130.455182,32.959229],[130.455148,32.959231],[130.454907,32.959267],[130.454771,32.959285],[130.454754,32.959286],[130.454734,32.959288],[130.454681,32.959256],[130.454673,32.959246],[130.45465,32.959231],[130.454481,32.959126],[130.454124,32.958902],[130.453912,32.958771],[130.453893,32.958755],[130.453881,32.958738],[130.453872,32.958716],[130.453869,32.958689],[130.453871,32.958671],[130.45388,32.958643],[130.453962,32.958446],[130.453975,32.958419],[130.453982,32.958401],[130.454017,32.958377],[130.454046,32.95835],[130.454177,32.958228],[130.454214,32.958197],[130.454243,32.958169],[130.454293,32.958122],[130.454365,32.958056],[130.454424,32.958001],[130.454448,32.957978],[130.454463,32.957963],[130.454462,32.957951],[130.454447,32.957865],[130.454429,32.957745],[130.454416,32.957665],[130.454408,32.957602],[130.454396,32.957503],[130.454384,32.957436],[130.454383,32.957432],[130.454369,32.957344],[130.454356,32.95726],[130.454344,32.957188],[130.454335,32.957121],[130.45433,32.957078],[130.45431,32.95705],[130.454294,32.957038],[130.454268,32.957027],[130.454228,32.95702],[130.45415,32.957008],[130.454107,32.956999],[130.454053,32.956983],[130.454047,32.956985],[130.454043,32.956987],[130.454034,32.956989],[130.454024,32.956989],[130.454013,32.956987],[130.453721,32.956802],[130.45301,32.956384],[130.452998,32.956373],[130.452995,32.956362],[130.452996,32.956349],[130.453003,32.956335],[130.453037,32.956279],[130.453131,32.956134],[130.453143,32.956107],[130.453157,32.956057],[130.453202,32.955986],[130.453256,32.955898],[130.453302,32.955825],[130.45333,32.955777],[130.45339,32.955685],[130.453423,32.95563],[130.453442,32.955589],[130.453455,32.955552],[130.453463,32.955516],[130.453468,32.955488],[130.453472,32.95545],[130.453479,32.955406],[130.453489,32.955373],[130.453517,32.95531],[130.453533,32.955271],[130.453541,32.955254],[130.453548,32.955242],[130.453561,32.955224],[130.45359,32.955192],[130.45361,32.955172],[130.453629,32.955151],[130.453654,32.955129],[130.453674,32.955114],[130.453696,32.955099],[130.453719,32.955083],[130.453752,32.955069],[130.453777,32.955059],[130.453795,32.955053],[130.453821,32.955046],[130.453867,32.955036],[130.453917,32.955024],[130.453972,32.955012],[130.454034,32.954998],[130.454048,32.954994],[130.454066,32.954996],[130.454108,32.954996],[130.454147,32.954997],[130.45418,32.954996],[130.454217,32.954991],[130.454234,32.955009],[130.454252,32.955025],[130.454261,32.955034],[130.454269,32.955046],[130.454278,32.95506],[130.454305,32.955116],[130.454352,32.955247],[130.45446,32.955683],[130.454487,32.955698],[130.454686,32.955675],[130.454804,32.955661],[130.454831,32.955665],[130.455007,32.955813],[130.455031,32.95582],[130.455134,32.955802],[130.455148,32.955808],[130.455198,32.955888],[130.455262,32.956],[130.455328,32.956124],[130.455343,32.956156],[130.455422,32.956138],[130.455955,32.955939],[130.455969,32.955934],[130.455979,32.95592],[130.45598,32.955896],[130.455977,32.955872],[130.455894,32.955682],[130.455829,32.955578],[130.455764,32.955492],[130.45575,32.955483],[130.455727,32.955476],[130.455711,32.955475],[130.455542,32.955484],[130.455464,32.955481],[130.455433,32.955477],[130.455392,32.955465],[130.455356,32.95545],[130.455313,32.955422],[130.455309,32.955412],[130.455311,32.955373],[130.455308,32.95536],[130.455247,32.955271],[130.455231,32.955261],[130.455184,32.955242],[130.455172,32.955228],[130.455163,32.95517],[130.455161,32.955092],[130.455166,32.955011],[130.455174,32.954963],[130.455184,32.954924],[130.455224,32.954927],[130.455659,32.95496],[130.455699,32.954815],[130.455708,32.954775],[130.455807,32.954794],[130.456106,32.954853],[130.456206,32.954878],[130.456365,32.954929],[130.45637,32.954938],[130.456417,32.954914],[130.456424,32.95491],[130.45668,32.955255],[130.456774,32.95537],[130.45688,32.955504],[130.456942,32.955585],[130.457019,32.95569],[130.457107,32.955798],[130.457146,32.955844],[130.45719,32.955895],[130.457232,32.955953],[130.457281,32.956015],[130.457335,32.956088],[130.457399,32.956177],[130.457476,32.956287],[130.457532,32.956363],[130.457623,32.956494],[130.4577,32.956597],[130.45771,32.95661],[130.457738,32.95665],[130.457789,32.956724],[130.457844,32.956801],[130.457911,32.956898],[130.457982,32.956995],[130.458041,32.957079],[130.458092,32.957157],[130.458168,32.957271],[130.458244,32.957391],[130.458308,32.95749],[130.458304,32.957508],[130.458273,32.957528],[130.458254,32.957542],[130.458238,32.957558],[130.458221,32.957575],[130.458204,32.957599],[130.458192,32.957619],[130.458183,32.957638],[130.458179,32.95766],[130.458177,32.957682],[130.458177,32.957707],[130.458184,32.957759],[130.458189,32.957791],[130.458209,32.957912],[130.458211,32.957936],[130.458212,32.957969],[130.45821,32.957991],[130.458205,32.958019],[130.458198,32.958047],[130.458187,32.95807],[130.458106,32.95821],[130.458085,32.958245],[130.458055,32.958302],[130.458009,32.958379],[130.457975,32.958431],[130.457946,32.958467],[130.457919,32.958499],[130.457892,32.958525],[130.457846,32.958564],[130.45777,32.958635],[130.457526,32.958681],[130.456975,32.958771],[130.456546,32.958842],[130.456454,32.958853],[130.456458,32.958886],[130.456464,32.959006],[130.456465,32.959142],[130.456471,32.959177],[130.456476,32.959194],[130.456482,32.959208],[130.456493,32.959224],[130.456509,32.959244],[130.456531,32.959263],[130.456554,32.959278],[130.456594,32.959296],[130.45658,32.959331],[130.456604,32.959338],[130.456637,32.959344],[130.456686,32.959349],[130.456775,32.959355],[130.456862,32.959363],[130.456925,32.959371],[130.456953,32.959367],[130.456977,32.959366],[130.456997,32.959368],[130.457048,32.959373],[130.457195,32.959399],[130.457242,32.959409],[130.457264,32.959417],[130.457284,32.959429],[130.457309,32.959441],[130.457324,32.959445],[130.457488,32.959485],[130.457532,32.959495],[130.45752,32.959608],[130.457467,32.959854],[130.45793,32.959942],[130.457948,32.959961],[130.457992,32.960002],[130.458078,32.960092],[130.458142,32.960151],[130.458169,32.960176],[130.458163,32.960193],[130.458143,32.960299],[130.45813,32.960383],[130.458119,32.960452],[130.458106,32.960522],[130.458094,32.960594],[130.458086,32.960638],[130.458085,32.960692],[130.458093,32.960772],[130.458082,32.96084],[130.457966,32.960783],[130.457943,32.960772],[130.457818,32.960764],[130.457813,32.960769],[130.457806,32.960882],[130.457861,32.960893],[130.457893,32.960943],[130.457856,32.96104],[130.457708,32.961043]],[[130.483501,32.969519],[130.483448,32.969626],[130.483452,32.969637],[130.483435,32.969633],[130.483151,32.969422],[130.483093,32.969488],[130.483064,32.969514],[130.48302,32.969474],[130.483006,32.969464],[130.48289,32.969361],[130.482787,32.969262],[130.482764,32.969237],[130.482723,32.969201],[130.482715,32.969212],[130.482704,32.969219],[130.482653,32.969231],[130.482606,32.969233],[130.482568,32.969229],[130.48254,32.969209],[130.482494,32.969144],[130.482343,32.968964],[130.482324,32.968937],[130.482245,32.968955],[130.48207,32.969006],[130.481942,32.969034],[130.481737,32.969078],[130.481671,32.969087],[130.481635,32.96909],[130.481409,32.969097],[130.481268,32.969105],[130.481068,32.969106],[130.480831,32.969114],[130.480643,32.96912],[130.480629,32.969041],[130.480621,32.969001],[130.4806,32.968895],[130.480513,32.968546],[130.480495,32.968476],[130.48048,32.968431],[130.480467,32.968395],[130.480458,32.968371],[130.480451,32.968351],[130.480401,32.968216],[130.480307,32.967959],[130.480298,32.967926],[130.480292,32.967906],[130.480285,32.967815],[130.480288,32.967797],[130.480291,32.96776],[130.480344,32.967503],[130.480526,32.966601],[130.480538,32.966545],[130.480519,32.966543],[130.480387,32.966515],[130.480356,32.966512],[130.480304,32.966514],[130.480194,32.966519],[130.480126,32.966524],[130.480083,32.966529],[130.479887,32.966542],[130.479812,32.966545],[130.479774,32.966547],[130.479777,32.966536],[130.479779,32.966534],[130.479781,32.966529],[130.479785,32.96651],[130.479793,32.966483],[130.479803,32.96646],[130.479819,32.966426],[130.479838,32.966388],[130.479848,32.96636],[130.479857,32.966325],[130.479861,32.966291],[130.479873,32.966112],[130.47988,32.966063],[130.479887,32.966039],[130.479866,32.965974],[130.479845,32.965963],[130.479829,32.965948],[130.479823,32.965923],[130.479821,32.965903],[130.479803,32.965889],[130.479785,32.965884],[130.479752,32.965887],[130.479685,32.96589],[130.479654,32.965897],[130.479619,32.965911],[130.479595,32.965914],[130.479544,32.965843],[130.479488,32.965771],[130.479474,32.965664],[130.479468,32.965592],[130.47963,32.965472],[130.479773,32.965478],[130.479787,32.965492],[130.479785,32.965552],[130.479793,32.965567],[130.47984,32.965569],[130.480009,32.965565],[130.480029,32.965564],[130.480029,32.965526],[130.480034,32.965476],[130.48004,32.965432],[130.480045,32.965398],[130.480063,32.965346],[130.480082,32.965306],[130.480129,32.965228],[130.480146,32.965203],[130.480119,32.965184],[130.479863,32.964992],[130.47998,32.964893],[130.479995,32.964826],[130.480048,32.964836],[130.480072,32.96484],[130.480184,32.964859],[130.480197,32.964816],[130.480254,32.964828],[130.480433,32.964863],[130.480483,32.964875],[130.480755,32.964939],[130.480764,32.964941],[130.480818,32.964928],[130.480883,32.964909],[130.481,32.96487],[130.481016,32.964865],[130.481018,32.964835],[130.481017,32.964714],[130.481018,32.964585],[130.481014,32.964461],[130.481008,32.964394],[130.481001,32.96435],[130.480989,32.964296],[130.480973,32.964237],[130.480949,32.964156],[130.480878,32.96392],[130.480873,32.963901],[130.480822,32.963718],[130.480794,32.963697],[130.480701,32.963764],[130.480683,32.963774],[130.48067,32.963754],[130.480583,32.963579],[130.480577,32.963567],[130.480589,32.963566],[130.48054,32.963429],[130.480568,32.96335],[130.480549,32.963347],[130.48058,32.963344],[130.480538,32.963288],[130.480535,32.963186],[130.480537,32.963109],[130.480544,32.962996],[130.480527,32.962997],[130.480532,32.962942],[130.480525,32.962917],[130.480471,32.962809],[130.480509,32.962799],[130.480493,32.962756],[130.48047,32.962714],[130.480435,32.962675],[130.480389,32.962647],[130.480352,32.962635],[130.480286,32.962631],[130.480217,32.962642],[130.480168,32.962651],[130.480134,32.962651],[130.480081,32.962643],[130.480063,32.962585],[130.480045,32.962545],[130.480001,32.962508],[130.479958,32.962485],[130.479922,32.962468],[130.479872,32.962454],[130.47977,32.962445],[130.479701,32.962437],[130.479642,32.962422],[130.479559,32.962428],[130.479541,32.962453],[130.479484,32.962302],[130.479479,32.962289],[130.479465,32.962328],[130.479437,32.962388],[130.479377,32.962444],[130.479263,32.962557],[130.479222,32.962603],[130.479152,32.962674],[130.479118,32.962698],[130.479087,32.962713],[130.479058,32.962719],[130.47905,32.962691],[130.478949,32.962319],[130.478797,32.962297],[130.478759,32.961939],[130.478739,32.961954],[130.478707,32.961965],[130.478672,32.961972],[130.478584,32.961974],[130.478539,32.961975],[130.478425,32.961971],[130.478396,32.961975],[130.478383,32.961986],[130.478379,32.962188],[130.478391,32.962194],[130.478507,32.962239],[130.478465,32.962403],[130.478445,32.962413],[130.478369,32.962458],[130.478342,32.962465],[130.478319,32.962542],[130.478294,32.962621],[130.478202,32.962642],[130.478139,32.962658],[130.477992,32.96269],[130.477983,32.962699],[130.477976,32.96275],[130.477926,32.962771],[130.477843,32.962804],[130.477837,32.962797],[130.477837,32.962773],[130.477871,32.962771],[130.477883,32.962672],[130.477877,32.962669],[130.47787,32.96266],[130.477859,32.962576],[130.477516,32.962596],[130.477479,32.962594],[130.477473,32.962584],[130.477471,32.962575],[130.47747,32.962555],[130.477488,32.962449],[130.477495,32.962435],[130.477511,32.962429],[130.477529,32.962427],[130.477839,32.96241],[130.477811,32.962255],[130.477812,32.962193],[130.477815,32.962125],[130.477838,32.962095],[130.47781,32.961974],[130.477786,32.96187],[130.477762,32.96171],[130.477748,32.961572],[130.477708,32.961527],[130.477528,32.961558],[130.477363,32.961586],[130.477257,32.961604],[130.477199,32.961615],[130.477165,32.961617],[130.476993,32.961633],[130.476888,32.961646],[130.476664,32.961664],[130.47658,32.961671],[130.476531,32.961682],[130.476486,32.961692],[130.476445,32.961694],[130.476407,32.961693],[130.476369,32.961686],[130.476326,32.961672],[130.476277,32.961646],[130.476236,32.961618],[130.476231,32.961614],[130.47623,32.961609],[130.476215,32.961417],[130.47622,32.961413],[130.476272,32.961409],[130.476266,32.961394],[130.476205,32.961344],[130.476104,32.961259],[130.476049,32.961211],[130.475978,32.961171],[130.475931,32.961142],[130.475861,32.961131],[130.475833,32.961127],[130.475706,32.961011],[130.475686,32.961017],[130.475655,32.960995],[130.47554,32.960854],[130.47552,32.960794],[130.475373,32.9608],[130.475329,32.96083],[130.47529,32.96085],[130.475237,32.960878],[130.475203,32.960886],[130.475152,32.9609],[130.475099,32.960904],[130.475044,32.960903],[130.474915,32.960719],[130.474945,32.960699],[130.474879,32.960498],[130.47484,32.960377],[130.474817,32.960291],[130.474786,32.960181],[130.474777,32.960158],[130.474671,32.960008],[130.474572,32.959855],[130.47456,32.959824],[130.474559,32.959789],[130.474579,32.959729],[130.474611,32.959656],[130.474609,32.959646],[130.474509,32.959578],[130.474552,32.959555],[130.474614,32.959527],[130.474697,32.95949],[130.474772,32.959466],[130.474958,32.959462],[130.47518,32.959471],[130.475231,32.959481],[130.475349,32.959533],[130.475463,32.959592],[130.475584,32.959655],[130.475663,32.959703],[130.47569,32.95973],[130.475721,32.95976],[130.475736,32.959775],[130.475799,32.959762],[130.476006,32.959706],[130.47616,32.959661],[130.476277,32.959631],[130.47647,32.959588],[130.476648,32.959557],[130.476785,32.959537],[130.477011,32.959514],[130.477148,32.959505],[130.477245,32.959501],[130.477386,32.959495],[130.477449,32.959474],[130.477838,32.959457],[130.47787,32.959445],[130.47789,32.959438],[130.477929,32.959418],[130.477991,32.959377],[130.478083,32.959324],[130.478123,32.959309],[130.478172,32.959299],[130.478314,32.959272],[130.478344,32.959261],[130.478378,32.959236],[130.47841,32.959218],[130.478443,32.959208],[130.478471,32.959204],[130.478518,32.959202],[130.478525,32.959201],[130.47856,32.959195],[130.478571,32.959194],[130.478559,32.959271],[130.478561,32.959281],[130.478581,32.959427],[130.478668,32.959423],[130.47896,32.959412],[130.479277,32.959405],[130.479938,32.95938],[130.479947,32.959379],[130.480048,32.959354],[130.480171,32.959351],[130.480171,32.959366],[130.480276,32.959363],[130.480542,32.959353],[130.481399,32.959319],[130.481595,32.959317],[130.48169,32.959315],[130.481787,32.959311],[130.482015,32.959288],[130.482145,32.95927],[130.482379,32.959224],[130.482541,32.959187],[130.482705,32.959141],[130.48273,32.959133],[130.482746,32.959129],[130.483216,32.958989],[130.483249,32.958979],[130.483236,32.958873],[130.483233,32.958835],[130.483234,32.958764],[130.48324,32.958726],[130.483248,32.958709],[130.483261,32.958688],[130.483279,32.958665],[130.483318,32.958625],[130.483391,32.958563],[130.483464,32.958504],[130.483528,32.958454],[130.483653,32.958353],[130.483715,32.958294],[130.483729,32.958277],[130.483746,32.958252],[130.48375,32.95824],[130.483755,32.95822],[130.483757,32.958203],[130.483762,32.958156],[130.48376,32.958057],[130.48376,32.958018],[130.483763,32.957985],[130.483767,32.957962],[130.483772,32.957944],[130.483779,32.957928],[130.48379,32.957907],[130.483809,32.957879],[130.483843,32.957834],[130.483863,32.957809],[130.483984,32.957614],[130.483987,32.957605],[130.483987,32.957597],[130.484179,32.957558],[130.484206,32.957558],[130.484261,32.957557],[130.484355,32.957553],[130.484461,32.957552],[130.484541,32.957553],[130.48475,32.957555],[130.484758,32.957555],[130.484796,32.957553],[130.484817,32.957548],[130.484836,32.957542],[130.484939,32.957498],[130.484966,32.957488],[130.484993,32.957479],[130.485022,32.95747],[130.485048,32.957463],[130.485075,32.957458],[130.485125,32.957451],[130.485151,32.957446],[130.485172,32.957441],[130.485193,32.957435],[130.485205,32.957431],[130.485219,32.957424],[130.48524,32.957414],[130.485265,32.957397],[130.485291,32.957373],[130.485327,32.957332],[130.485384,32.957265],[130.485393,32.957257],[130.485412,32.957242],[130.48543,32.957233],[130.485636,32.957163],[130.485659,32.957166],[130.48594,32.957194],[130.486089,32.957214],[130.486219,32.9572],[130.486291,32.957193],[130.486308,32.957186],[130.486374,32.957149],[130.486407,32.957014],[130.486565,32.956881],[130.486712,32.956928],[130.486725,32.956915],[130.486753,32.956871],[130.486804,32.956817],[130.486855,32.956796],[130.486921,32.95678],[130.487009,32.956773],[130.487087,32.956779],[130.4872,32.956802],[130.487272,32.956815],[130.487396,32.95683],[130.487481,32.956832],[130.48754,32.956833],[130.487587,32.956838],[130.487661,32.956853],[130.487723,32.956853],[130.487779,32.956853],[130.487838,32.956846],[130.487889,32.95685],[130.487949,32.956852],[130.48803,32.956836],[130.488051,32.956862],[130.488121,32.95691],[130.488131,32.956916],[130.488338,32.956899],[130.488534,32.95689],[130.488647,32.956882],[130.488698,32.956855],[130.488755,32.956836],[130.488804,32.956823],[130.488873,32.956813],[130.488977,32.956781],[130.489113,32.956755],[130.48925,32.956719],[130.489256,32.956712],[130.489343,32.956734],[130.489461,32.956713],[130.489539,32.956733],[130.489669,32.956716],[130.489991,32.95667],[130.490052,32.956665],[130.490067,32.956649],[130.49008,32.956617],[130.490111,32.956518],[130.490132,32.956488],[130.490168,32.956479],[130.490213,32.956463],[130.490311,32.956431],[130.490418,32.956423],[130.490492,32.956414],[130.490535,32.956438],[130.490541,32.956448],[130.490675,32.95644],[130.490704,32.956618],[130.490716,32.956664],[130.490666,32.956854],[130.490664,32.956867],[130.490716,32.957052],[130.490768,32.95728],[130.490776,32.957407],[130.490774,32.957477],[130.490782,32.957492],[130.490799,32.957555],[130.490807,32.957585],[130.490808,32.95759],[130.490836,32.957577],[130.49094,32.957529],[130.491023,32.957489],[130.491174,32.95741],[130.491313,32.957337],[130.491488,32.957245],[130.491619,32.957165],[130.491703,32.957112],[130.491748,32.957083],[130.491793,32.95705],[130.491886,32.956984],[130.491969,32.95692],[130.492065,32.956841],[130.492099,32.95681],[130.492141,32.95677],[130.492195,32.956717],[130.492241,32.956673],[130.492275,32.956641],[130.492301,32.956617],[130.492364,32.956545],[130.492386,32.956518],[130.492416,32.956478],[130.492452,32.956423],[130.492586,32.956222],[130.492603,32.956198],[130.49262,32.956172],[130.492645,32.956135],[130.492723,32.955991],[130.492812,32.955825],[130.492914,32.955633],[130.493012,32.955451],[130.493086,32.95529],[130.493175,32.955125],[130.49322,32.955042],[130.493227,32.95503],[130.493243,32.955001],[130.493356,32.954794],[130.493385,32.954719],[130.493343,32.954697],[130.493315,32.954689],[130.493273,32.954668],[130.493142,32.954596],[130.49302,32.954525],[130.492889,32.954458],[130.492777,32.954395],[130.492674,32.954334],[130.492595,32.954281],[130.49256,32.954261],[130.492549,32.95426],[130.492573,32.954224],[130.492454,32.954186],[130.492428,32.954034],[130.492428,32.954019],[130.492429,32.953935],[130.49256,32.9539],[130.492639,32.953845],[130.492677,32.953781],[130.492686,32.953775],[130.492702,32.953765],[130.492759,32.953761],[130.492956,32.953761],[130.493028,32.953753],[130.493233,32.95373],[130.493366,32.953716],[130.493493,32.95373],[130.49355,32.953737],[130.493586,32.953741],[130.493605,32.953744],[130.493627,32.95375],[130.493654,32.953759],[130.493672,32.953769],[130.493739,32.953816],[130.493781,32.953847],[130.493795,32.953844],[130.493813,32.95384],[130.494158,32.953711],[130.494587,32.953544],[130.494605,32.953536],[130.49475,32.953279],[130.494764,32.953254],[130.494846,32.952953],[130.494928,32.952868],[130.495291,32.95279],[130.495372,32.952773],[130.49538,32.952771],[130.495412,32.952777],[130.495542,32.95279],[130.495603,32.952796],[130.495725,32.952808],[130.495786,32.95282],[130.495878,32.952833],[130.495999,32.95285],[130.496061,32.952856],[130.496111,32.952863],[130.496214,32.952827],[130.496217,32.952591],[130.496218,32.952487],[130.496228,32.95248],[130.496353,32.952458],[130.496382,32.952459],[130.496429,32.952452],[130.496561,32.952432],[130.496583,32.952402],[130.496608,32.952361],[130.496797,32.952327],[130.496806,32.952297],[130.496794,32.952203],[130.496787,32.95214],[130.496963,32.952108],[130.497211,32.952057],[130.497252,32.952092],[130.497341,32.952051],[130.49735,32.952019],[130.497421,32.951986],[130.497453,32.95197],[130.497586,32.951954],[130.497623,32.951937],[130.497687,32.951896],[130.497765,32.951868],[130.497879,32.95183],[130.497978,32.951761],[130.498039,32.951717],[130.498071,32.951678],[130.498105,32.951637],[130.498025,32.95152],[130.49819,32.951418],[130.498188,32.951405],[130.49804,32.951236],[130.498109,32.95119],[130.498185,32.951134],[130.498316,32.951044],[130.498375,32.951035],[130.498443,32.95103],[130.49855,32.951018],[130.498619,32.951008],[130.498649,32.951001],[130.498744,32.950975],[130.498849,32.950943],[130.498853,32.950919],[130.498857,32.950883],[130.498861,32.950842],[130.498828,32.950791],[130.498818,32.950733],[130.498821,32.950674],[130.498835,32.950619],[130.498844,32.950572],[130.498848,32.950523],[130.498838,32.950461],[130.498794,32.950339],[130.498776,32.950276],[130.498758,32.950186],[130.498746,32.950172],[130.498954,32.950174],[130.498943,32.950259],[130.49894,32.950287],[130.499108,32.950327],[130.499347,32.950382],[130.499346,32.95039],[130.499347,32.950401],[130.499565,32.950443],[130.499737,32.95044],[130.499801,32.950406],[130.499843,32.950316],[130.499804,32.950272],[130.49976,32.950216],[130.499743,32.950197],[130.499621,32.950129],[130.499462,32.95004],[130.499389,32.949997],[130.499342,32.949972],[130.499282,32.949909],[130.499251,32.949861],[130.499144,32.949788],[130.499108,32.949754],[130.499066,32.94974],[130.498936,32.94969],[130.498627,32.949579],[130.498552,32.949548],[130.498546,32.949546],[130.498572,32.94949],[130.498584,32.949464],[130.498595,32.949443],[130.498604,32.949428],[130.498646,32.949383],[130.498727,32.949303],[130.498741,32.949286],[130.498752,32.949276],[130.498764,32.949268],[130.498795,32.949241],[130.498798,32.949248],[130.498803,32.949254],[130.498814,32.949259],[130.49884,32.949265],[130.498893,32.949274],[130.499008,32.94929],[130.499201,32.949319],[130.499273,32.94933],[130.499298,32.949332],[130.49931,32.949332],[130.499324,32.949329],[130.499351,32.949317],[130.499408,32.949298],[130.499435,32.949294],[130.499441,32.949292],[130.499444,32.949289],[130.499448,32.949282],[130.499468,32.949297],[130.499541,32.949396],[130.499637,32.949528],[130.499664,32.949558],[130.499782,32.949661],[130.499902,32.949764],[130.499982,32.949702],[130.500056,32.949643],[130.500067,32.949635],[130.50008,32.949625],[130.500085,32.949626],[130.500106,32.94961],[130.500138,32.949528],[130.500187,32.949374],[130.500192,32.949358],[130.500187,32.949327],[130.500147,32.949142],[130.500123,32.949111],[130.500084,32.949062],[130.500061,32.94904],[130.500056,32.949024],[130.499988,32.948935],[130.499979,32.948926],[130.499882,32.948954],[130.499801,32.948761],[130.499951,32.948703],[130.500078,32.948662],[130.500187,32.948629],[130.500173,32.948579],[130.500142,32.948512],[130.500064,32.948402],[130.500062,32.948391],[130.50006,32.948384],[130.500159,32.948331],[130.500255,32.948285],[130.500297,32.948247],[130.500317,32.94823],[130.500329,32.948227],[130.500339,32.948229],[130.500358,32.948236],[130.500414,32.948279],[130.500439,32.948309],[130.500462,32.948339],[130.500485,32.948367],[130.500572,32.948442],[130.500633,32.94849],[130.500665,32.948508],[130.500696,32.948519],[130.50073,32.948524],[130.500778,32.948524],[130.500847,32.948529],[130.500912,32.948537],[130.500988,32.94856],[130.501006,32.948568],[130.501071,32.948574],[130.501117,32.948569],[130.501153,32.948566],[130.501176,32.948567],[130.501223,32.948513],[130.501284,32.948486],[130.501301,32.948486],[130.501395,32.948552],[130.501405,32.948558],[130.50141,32.948568],[130.50165,32.948502],[130.501639,32.948275],[130.501619,32.948271],[130.5016,32.948232],[130.501567,32.948177],[130.50152,32.948115],[130.501438,32.948013],[130.501347,32.948048],[130.501309,32.948049],[130.501191,32.947821],[130.501201,32.94781],[130.50125,32.947786],[130.501185,32.947722],[130.501149,32.947684],[130.501151,32.947662],[130.501153,32.947643],[130.501159,32.947625],[130.501171,32.947607],[130.501184,32.947573],[130.50123,32.947516],[130.501239,32.947505],[130.501249,32.947509],[130.501285,32.947521],[130.501401,32.947564],[130.501457,32.947665],[130.501467,32.947679],[130.501493,32.947714],[130.5016,32.947857],[130.501726,32.948035],[130.50179,32.948118],[130.501805,32.948138],[130.501818,32.948166],[130.501825,32.948204],[130.501826,32.948213],[130.501843,32.948217],[130.501935,32.948242],[130.50195,32.948205],[130.502066,32.9482],[130.502007,32.948087],[130.501998,32.948077],[130.501997,32.948072],[130.501994,32.947991],[130.501998,32.947934],[130.501998,32.947897],[130.502,32.94785],[130.502002,32.947786],[130.502131,32.947833],[130.502345,32.947891],[130.502377,32.9479],[130.502431,32.947915],[130.502409,32.947989],[130.502405,32.94801],[130.502381,32.948122],[130.502372,32.948158],[130.502358,32.948198],[130.502336,32.948248],[130.50233,32.948264],[130.502254,32.948425],[130.502237,32.948468],[130.50222,32.948503],[130.502146,32.948635],[130.502133,32.948659],[130.502064,32.94879],[130.502021,32.948881],[130.50194,32.949068],[130.501893,32.949162],[130.501881,32.949179],[130.501875,32.949191],[130.501829,32.94923],[130.501724,32.949333],[130.501626,32.94943],[130.50161,32.949444],[130.501567,32.949482],[130.501501,32.949547],[130.501434,32.9496],[130.501356,32.949665],[130.501254,32.949764],[130.501212,32.949811],[130.501194,32.949831],[130.501178,32.949857],[130.501163,32.949888],[130.50115,32.949926],[130.501134,32.949979],[130.501102,32.950114],[130.501071,32.950242],[130.501048,32.950336],[130.501029,32.950415],[130.50102,32.950447],[130.501011,32.950474],[130.501002,32.950494],[130.500989,32.950519],[130.500919,32.950648],[130.500877,32.950716],[130.500845,32.950779],[130.500795,32.950881],[130.500761,32.950969],[130.500729,32.951056],[130.500712,32.951118],[130.500699,32.951177],[130.50069,32.951198],[130.500662,32.951277],[130.50066,32.951283],[130.50064,32.951331],[130.500588,32.951461],[130.500562,32.951536],[130.500511,32.95166],[130.500488,32.951714],[130.500463,32.951804],[130.500428,32.951972],[130.500414,32.952048],[130.500403,32.952104],[130.500389,32.952166],[130.500385,32.952188],[130.500375,32.952222],[130.500343,32.952321],[130.500313,32.952407],[130.500301,32.952486],[130.500288,32.952507],[130.500273,32.952527],[130.50025,32.952553],[130.500209,32.952593],[130.500178,32.952618],[130.500135,32.952654],[130.500062,32.952726],[130.50003,32.952758],[130.500003,32.952785],[130.499923,32.952889],[130.49987,32.952975],[130.499839,32.953026],[130.499824,32.953045],[130.499805,32.953073],[130.49978,32.953111],[130.499711,32.953216],[130.499693,32.953244],[130.499606,32.953379],[130.499601,32.953394],[130.499599,32.953401],[130.499565,32.953448],[130.499551,32.953471],[130.499544,32.953482],[130.49953,32.953516],[130.499522,32.953537],[130.499444,32.95366],[130.499418,32.9537],[130.499403,32.953723],[130.499389,32.953751],[130.499377,32.953775],[130.49937,32.953801],[130.499358,32.953872],[130.499358,32.953902],[130.499359,32.953925],[130.499362,32.953948],[130.499367,32.953975],[130.499383,32.954013],[130.499396,32.954044],[130.499467,32.954195],[130.499525,32.954329],[130.499554,32.954396],[130.499614,32.954518],[130.499629,32.954555],[130.499656,32.954623],[130.499527,32.954577],[130.49951,32.954571],[130.499469,32.954554],[130.499405,32.954514],[130.499362,32.954487],[130.499308,32.954455],[130.49927,32.954435],[130.499221,32.954413],[130.499081,32.954354],[130.499035,32.954329],[130.49891,32.954234],[130.498783,32.954153],[130.498677,32.954076],[130.498628,32.954037],[130.498463,32.953898],[130.498344,32.953797],[130.498221,32.953708],[130.49807,32.953599],[130.497913,32.953491],[130.497753,32.953384],[130.497569,32.953256],[130.497515,32.953222],[130.497473,32.953195],[130.497464,32.95321],[130.497394,32.953328],[130.497258,32.953549],[130.497246,32.95356],[130.497233,32.953566],[130.49721,32.953566],[130.497162,32.953558],[130.496973,32.95346],[130.496863,32.953401],[130.496783,32.953359],[130.496643,32.953281],[130.496605,32.953267],[130.496576,32.953261],[130.496552,32.953261],[130.496546,32.953236],[130.496521,32.953243],[130.49645,32.953261],[130.496313,32.953316],[130.496191,32.953365],[130.496089,32.953406],[130.495946,32.953465],[130.495808,32.953517],[130.495794,32.953523],[130.495681,32.953567],[130.495586,32.953604],[130.495359,32.953688],[130.49514,32.953778],[130.494981,32.953835],[130.494909,32.953861],[130.494705,32.95394],[130.494508,32.954015],[130.494443,32.954036],[130.494333,32.954067],[130.494183,32.954137],[130.494182,32.954152],[130.494183,32.95416],[130.494188,32.954171],[130.494195,32.954175],[130.494216,32.954178],[130.494492,32.954201],[130.49476,32.954213],[130.494843,32.954219],[130.494871,32.954221],[130.494934,32.954238],[130.494989,32.954253],[130.495041,32.954267],[130.49507,32.95428],[130.495111,32.954302],[130.495143,32.954327],[130.49516,32.95434],[130.495197,32.954371],[130.495223,32.954396],[130.495259,32.954429],[130.495351,32.954512],[130.495449,32.954605],[130.495481,32.954636],[130.495504,32.954653],[130.495532,32.954671],[130.495603,32.954745],[130.495609,32.954753],[130.495666,32.954807],[130.49571,32.954852],[130.495776,32.954922],[130.495798,32.954948],[130.495812,32.954968],[130.495826,32.954992],[130.495838,32.955019],[130.495844,32.955037],[130.495846,32.955052],[130.495845,32.955066],[130.495837,32.955098],[130.49583,32.955119],[130.495821,32.955133],[130.495807,32.955148],[130.495792,32.95516],[130.495767,32.955177],[130.495741,32.955189],[130.495703,32.955203],[130.495677,32.955214],[130.495664,32.955222],[130.495636,32.955241],[130.495603,32.955271],[130.495554,32.955314],[130.495488,32.955379],[130.495419,32.955439],[130.495406,32.955449],[130.495419,32.955452],[130.495259,32.955582],[130.495172,32.955666],[130.495137,32.955733],[130.495126,32.955815],[130.495133,32.955868],[130.495147,32.95592],[130.495159,32.955973],[130.495179,32.955998],[130.495251,32.956082],[130.495328,32.956147],[130.495394,32.956207],[130.495407,32.956212],[130.495537,32.956173],[130.4956,32.956173],[130.495696,32.95621],[130.495748,32.956224],[130.495827,32.956261],[130.49589,32.95629],[130.495803,32.956463],[130.495665,32.956652],[130.495483,32.956897],[130.495448,32.956954],[130.495324,32.957153],[130.495274,32.957144],[130.495193,32.957066],[130.495089,32.956956],[130.49506,32.956927],[130.495006,32.956901],[130.494891,32.956846],[130.494827,32.956816],[130.494815,32.956835],[130.494714,32.956993],[130.494666,32.957127],[130.494587,32.957123],[130.494347,32.957089],[130.49414,32.957061],[130.494063,32.957054],[130.493904,32.957066],[130.493893,32.957201],[130.493881,32.957383],[130.49383,32.957416],[130.493581,32.957396],[130.49326,32.95737],[130.493091,32.957358],[130.493065,32.957476],[130.492999,32.957813],[130.493015,32.957821],[130.493012,32.95783],[130.492964,32.957971],[130.49293,32.958139],[130.492896,32.958296],[130.492878,32.958391],[130.492842,32.958501],[130.492815,32.958657],[130.492794,32.958775],[130.492778,32.958898],[130.492754,32.959011],[130.49274,32.959131],[130.49274,32.959151],[130.49274,32.959164],[130.492715,32.959348],[130.492711,32.959385],[130.492673,32.959384],[130.492438,32.959365],[130.492262,32.959347],[130.492148,32.959333],[130.492078,32.959321],[130.491785,32.959272],[130.491775,32.95927],[130.491741,32.959265],[130.491706,32.959261],[130.491655,32.959257],[130.491604,32.959255],[130.491561,32.959254],[130.49153,32.959255],[130.49121,32.959277],[130.491096,32.95929],[130.490956,32.959301],[130.490927,32.95919],[130.490895,32.959082],[130.490869,32.958985],[130.490846,32.958894],[130.49082,32.958816],[130.490777,32.958715],[130.490716,32.95856],[130.490687,32.958478],[130.490669,32.958428],[130.490657,32.958398],[130.49062,32.95833],[130.490578,32.958253],[130.49056,32.958222],[130.490546,32.958196],[130.490419,32.958109],[130.490328,32.958042],[130.490236,32.957999],[130.490079,32.957925],[130.490041,32.957959],[130.489968,32.958034],[130.489936,32.958071],[130.489937,32.958163],[130.489973,32.958235],[130.489975,32.958263],[130.489967,32.958292],[130.489949,32.958315],[130.489924,32.958337],[130.489915,32.958348],[130.489919,32.958358],[130.489989,32.958439],[130.489981,32.958447],[130.489861,32.958441],[130.489717,32.958442],[130.489576,32.958445],[130.489534,32.958445],[130.489502,32.958439],[130.489491,32.958421],[130.489498,32.958405],[130.489547,32.958391],[130.489634,32.958363],[130.489709,32.958336],[130.48973,32.958313],[130.489728,32.958302],[130.489694,32.958282],[130.489652,32.958271],[130.489613,32.958275],[130.489524,32.958285],[130.489479,32.958301],[130.489415,32.958331],[130.48934,32.958369],[130.489291,32.958395],[130.489278,32.958404],[130.489233,32.958467],[130.489201,32.95852],[130.489156,32.958579],[130.489135,32.958617],[130.489094,32.958644],[130.489036,32.958678],[130.489004,32.958699],[130.488736,32.958693],[130.488756,32.958495],[130.488765,32.958374],[130.488783,32.958046],[130.488785,32.957881],[130.488787,32.957849],[130.488777,32.957844],[130.488758,32.957835],[130.488751,32.957823],[130.488746,32.957811],[130.488743,32.957802],[130.488735,32.957795],[130.488717,32.957788],[130.488663,32.957776],[130.488581,32.957762],[130.488531,32.957753],[130.488509,32.95775],[130.488487,32.957751],[130.488457,32.957753],[130.48835,32.957762],[130.488281,32.957769],[130.488258,32.957771],[130.488213,32.957778],[130.488162,32.957787],[130.48801,32.957817],[130.487851,32.957856],[130.487717,32.957888],[130.487565,32.957924],[130.487481,32.957944],[130.487463,32.957978],[130.487453,32.957995],[130.487432,32.958035],[130.48735,32.958205],[130.487285,32.95835],[130.487276,32.958368],[130.487255,32.958407],[130.487234,32.958438],[130.487216,32.958462],[130.487198,32.958482],[130.487182,32.958502],[130.487161,32.95852],[130.487136,32.958543],[130.487112,32.958562],[130.487085,32.958578],[130.487056,32.958596],[130.487019,32.958608],[130.486978,32.958621],[130.48673,32.958661],[130.486565,32.958677],[130.486064,32.958743],[130.485862,32.958766],[130.485774,32.958774],[130.485733,32.95878],[130.485689,32.958789],[130.485651,32.958799],[130.485621,32.95881],[130.485604,32.95882],[130.48558,32.95884],[130.485563,32.958858],[130.485558,32.958866],[130.485546,32.958889],[130.485523,32.958954],[130.485513,32.958954],[130.485283,32.95896],[130.485262,32.958955],[130.485255,32.958953],[130.485247,32.958948],[130.485244,32.958944],[130.48524,32.958922],[130.485228,32.958739],[130.485224,32.958722],[130.485207,32.958699],[130.485172,32.958691],[130.485145,32.958689],[130.485112,32.958688],[130.485076,32.958691],[130.484971,32.958702],[130.484931,32.958707],[130.4849,32.958717],[130.484879,32.95873],[130.484864,32.958745],[130.484839,32.95878],[130.484813,32.958807],[130.484798,32.958817],[130.484783,32.958825],[130.484745,32.958835],[130.484674,32.958849],[130.484643,32.958852],[130.484589,32.95885],[130.484508,32.958841],[130.484432,32.958834],[130.484356,32.958833],[130.484321,32.958836],[130.484294,32.958842],[130.484254,32.958858],[130.484226,32.958866],[130.484202,32.958869],[130.484142,32.95887],[130.484074,32.958876],[130.484012,32.958888],[130.483978,32.958898],[130.483952,32.95891],[130.483938,32.958926],[130.48393,32.95894],[130.483914,32.958975],[130.483902,32.959004],[130.483899,32.959021],[130.483898,32.959055],[130.483896,32.959079],[130.483893,32.959088],[130.483891,32.95909],[130.483881,32.959094],[130.483868,32.959098],[130.483832,32.959104],[130.483797,32.959113],[130.483765,32.959127],[130.48364,32.95919],[130.483534,32.959235],[130.483517,32.959246],[130.483502,32.959256],[130.483488,32.959274],[130.483465,32.959309],[130.483446,32.959332],[130.483425,32.959351],[130.483417,32.959357],[130.48341,32.95936],[130.4834,32.959363],[130.483304,32.959389],[130.483279,32.959394],[130.483262,32.959397],[130.483241,32.959398],[130.48322,32.959396],[130.483202,32.959393],[130.483181,32.959383],[130.483157,32.959368],[130.48313,32.95935],[130.483103,32.959334],[130.483071,32.959318],[130.483034,32.959307],[130.482988,32.959295],[130.482956,32.959288],[130.482922,32.959284],[130.482897,32.959284],[130.482866,32.959291],[130.482837,32.959302],[130.482789,32.959323],[130.482654,32.959389],[130.482637,32.959393],[130.48262,32.959395],[130.482603,32.959395],[130.482594,32.959393],[130.482587,32.959391],[130.482578,32.959383],[130.48257,32.959375],[130.48254,32.959346],[130.482516,32.959361],[130.482328,32.959494],[130.482308,32.959509],[130.482294,32.959516],[130.482284,32.95952],[130.482265,32.959525],[130.482234,32.959535],[130.48221,32.959545],[130.482198,32.959554],[130.482179,32.959571],[130.482163,32.959593],[130.482147,32.959615],[130.482068,32.959739],[130.482058,32.959751],[130.481953,32.95984],[130.481948,32.959844],[130.481799,32.959972],[130.481694,32.960068],[130.481621,32.960143],[130.481615,32.960191],[130.481617,32.960195],[130.481712,32.960319],[130.481741,32.960354],[130.481759,32.960368],[130.481769,32.960374],[130.481788,32.960376],[130.481804,32.960377],[130.481823,32.960376],[130.48184,32.960371],[130.481861,32.960364],[130.481897,32.960353],[130.481958,32.960332],[130.481997,32.96032],[130.482026,32.960314],[130.482054,32.960309],[130.482082,32.960306],[130.482143,32.960303],[130.482199,32.9603],[130.482226,32.9603],[130.482238,32.9603],[130.482253,32.960304],[130.482263,32.960305],[130.48227,32.960305],[130.482275,32.960305],[130.482279,32.960304],[130.482422,32.960357],[130.482546,32.960368],[130.48263,32.960374],[130.482684,32.960382],[130.482761,32.960405],[130.482818,32.960426],[130.482835,32.960435],[130.482863,32.960462],[130.482885,32.960501],[130.482892,32.960517],[130.482904,32.96055],[130.482929,32.960684],[130.482937,32.960713],[130.48296,32.960776],[130.483015,32.960931],[130.483026,32.960976],[130.483042,32.961013],[130.483059,32.961053],[130.483084,32.961096],[130.483125,32.961167],[130.483141,32.961197],[130.483155,32.961223],[130.483168,32.961253],[130.483178,32.961293],[130.483185,32.961328],[130.483212,32.961436],[130.483229,32.961515],[130.483242,32.961513],[130.483249,32.96155],[130.483264,32.961596],[130.483273,32.961614],[130.483289,32.961628],[130.483309,32.961635],[130.483333,32.96164],[130.483467,32.961654],[130.483541,32.961671],[130.483718,32.961739],[130.48376,32.961754],[130.483795,32.961762],[130.483821,32.961762],[130.483846,32.961759],[130.483912,32.961739],[130.48398,32.961718],[130.484028,32.961706],[130.484193,32.961699],[130.484221,32.961697],[130.484232,32.961697],[130.484368,32.961682],[130.484389,32.961681],[130.484406,32.961688],[130.484437,32.96171],[130.484487,32.961762],[130.484502,32.961785],[130.484517,32.961844],[130.484543,32.961973],[130.484556,32.961968],[130.484585,32.962003],[130.484592,32.962009],[130.484605,32.962013],[130.484619,32.962011],[130.484639,32.962004],[130.484696,32.961984],[130.484749,32.961979],[130.484784,32.96198],[130.484824,32.961985],[130.48486,32.961999],[130.484878,32.962007],[130.484896,32.962024],[130.484906,32.962039],[130.484928,32.962081],[130.48494,32.962096],[130.484965,32.962111],[130.485,32.962121],[130.485032,32.962129],[130.485057,32.962129],[130.485075,32.962129],[130.485091,32.962129],[130.485111,32.962125],[130.485136,32.962116],[130.485244,32.962084],[130.485287,32.962075],[130.485316,32.962079],[130.485352,32.962096],[130.485383,32.962118],[130.485432,32.962166],[130.485475,32.962204],[130.485506,32.96223],[130.485553,32.962245],[130.485572,32.962252],[130.485591,32.962254],[130.485609,32.962253],[130.485628,32.962248],[130.485649,32.962238],[130.485675,32.962224],[130.485713,32.962201],[130.485747,32.962176],[130.485843,32.962108],[130.485901,32.962039],[130.485911,32.962028],[130.485915,32.962025],[130.485922,32.962022],[130.485934,32.96202],[130.485944,32.962021],[130.485948,32.962024],[130.486038,32.962072],[130.486049,32.962076],[130.486067,32.962079],[130.486086,32.962079],[130.486106,32.962078],[130.486137,32.962072],[130.486149,32.962069],[130.48618,32.962066],[130.486207,32.96207],[130.486226,32.962078],[130.486245,32.962086],[130.486278,32.962107],[130.486321,32.962134],[130.486367,32.962167],[130.486413,32.962193],[130.48646,32.962222],[130.486486,32.962241],[130.486503,32.962259],[130.486518,32.962275],[130.486534,32.962294],[130.486544,32.962304],[130.486555,32.962316],[130.486584,32.962341],[130.486665,32.962397],[130.486778,32.962467],[130.486874,32.962511],[130.486907,32.962532],[130.486941,32.962547],[130.487013,32.962567],[130.48712,32.962598],[130.487138,32.962592],[130.487532,32.962481],[130.487527,32.962495],[130.487518,32.962533],[130.4875,32.962723],[130.487483,32.962868],[130.487465,32.963111],[130.487529,32.963097],[130.487708,32.963059],[130.487716,32.963086],[130.48782,32.963417],[130.487902,32.96366],[130.487964,32.963864],[130.48798,32.963924],[130.488121,32.964367],[130.488115,32.964374],[130.487832,32.964403],[130.487808,32.964458],[130.487768,32.964458],[130.4877,32.964451],[130.487657,32.964453],[130.487651,32.964483],[130.487618,32.96448],[130.487581,32.964472],[130.487548,32.964456],[130.487516,32.964437],[130.487466,32.964396],[130.487398,32.964338],[130.487358,32.964314],[130.487302,32.964286],[130.487266,32.964274],[130.487211,32.964259],[130.487155,32.964244],[130.487094,32.964237],[130.486998,32.964231],[130.486912,32.964233],[130.486879,32.964236],[130.486834,32.964242],[130.486787,32.964251],[130.48675,32.964256],[130.486709,32.964257],[130.486673,32.964258],[130.486645,32.964256],[130.486589,32.964251],[130.486532,32.964243],[130.486501,32.964241],[130.486466,32.96424],[130.486423,32.96424],[130.486385,32.964243],[130.486362,32.964243],[130.486345,32.964242],[130.486319,32.964241],[130.486282,32.964233],[130.486226,32.964221],[130.486175,32.964212],[130.486159,32.964208],[130.486001,32.964183],[130.485488,32.9641],[130.485172,32.964048],[130.485165,32.96405],[130.485207,32.96418],[130.485221,32.964211],[130.48525,32.964264],[130.485264,32.964292],[130.485279,32.964315],[130.485293,32.964334],[130.485317,32.964361],[130.485342,32.964386],[130.485386,32.964429],[130.485449,32.964478],[130.485591,32.964582],[130.485734,32.964685],[130.485864,32.96478],[130.485871,32.964787],[130.485708,32.964961],[130.48567,32.964941],[130.48558,32.965036],[130.485556,32.965062],[130.485554,32.965076],[130.485546,32.965181],[130.485535,32.965331],[130.485534,32.965341],[130.4856,32.965403],[130.485522,32.965917],[130.485478,32.96619],[130.485474,32.966205],[130.485339,32.966397],[130.485316,32.966442],[130.485304,32.966492],[130.485293,32.966546],[130.485266,32.966586],[130.485216,32.966641],[130.485169,32.96666],[130.485111,32.966694],[130.48508,32.966744],[130.485059,32.966834],[130.48505,32.966952],[130.485058,32.966976],[130.485093,32.967016],[130.485122,32.967058],[130.485132,32.967072],[130.48515,32.967101],[130.485158,32.967129],[130.485158,32.967174],[130.485141,32.967219],[130.485108,32.967262],[130.485065,32.967288],[130.484985,32.967286],[130.484969,32.967286],[130.484964,32.967481],[130.484975,32.967494],[130.485177,32.967738],[130.484793,32.968107],[130.48471,32.9681],[130.484625,32.968377],[130.484618,32.968392],[130.484339,32.968341],[130.484313,32.968336],[130.484197,32.968539],[130.484171,32.96858],[130.484012,32.968793],[130.484001,32.968808],[130.483972,32.968847],[130.483806,32.969062],[130.48375,32.969139],[130.483612,32.969342],[130.483501,32.969519]]]}},{"type":"Feature","properties":{"DistName":"居住環境保全地区","DistType":"特定用途制限地域","DistCode":15,"Pref":"熊本県","Citycode":"43210","Cityname":"菊池市","FNDate":"平成25年9月18日"},"geometry":{"type":"Polygon","coordinates":[[[130.793471,32.917435],[130.793724,32.917967],[130.793747,32.917996],[130.794091,32.918354],[130.79418,32.918446],[130.794386,32.918491],[130.794521,32.918519],[130.794787,32.918565],[130.794905,32.918582],[130.795256,32.918645],[130.795505,32.918645],[130.795481,32.918822],[130.795759,32.918884],[130.795473,32.919362],[130.796271,32.919652],[130.796384,32.920035],[130.796408,32.920005],[130.796414,32.919999],[130.796529,32.919908],[130.796643,32.919827],[130.796694,32.919797],[130.796833,32.919723],[130.79696,32.919661],[130.79712,32.919574],[130.797197,32.919535],[130.797268,32.919508],[130.797404,32.919465],[130.797473,32.919444],[130.79757,32.919406],[130.797638,32.919375],[130.797688,32.919344],[130.79773,32.919312],[130.79778,32.919277],[130.79782,32.919242],[130.797872,32.919211],[130.797916,32.919194],[130.797968,32.919181],[130.798039,32.919167],[130.798098,32.919159],[130.798386,32.919129],[130.798899,32.919069],[130.799287,32.919048],[130.799388,32.91905],[130.799395,32.919077],[130.799462,32.919328],[130.799576,32.919844],[130.799789,32.919839],[130.800349,32.919848],[130.800329,32.919625],[130.800369,32.919473],[130.800652,32.919459],[130.800749,32.919292],[130.801722,32.919489],[130.801824,32.919418],[130.801863,32.919294],[130.801847,32.91917],[130.801841,32.919112],[130.801847,32.91896],[130.801797,32.918778],[130.801729,32.918587],[130.801741,32.918444],[130.80173,32.918349],[130.801854,32.918277],[130.801933,32.918244],[130.801912,32.918172],[130.801967,32.918146],[130.802069,32.918218],[130.802142,32.918242],[130.802336,32.918187],[130.802438,32.918149],[130.803246,32.918795],[130.8032,32.918938],[130.802859,32.918803],[130.802788,32.918896],[130.803087,32.919024],[130.803079,32.919042],[130.803341,32.919134],[130.803562,32.919125],[130.803624,32.919115],[130.803675,32.919063],[130.803891,32.918467],[130.803886,32.918376],[130.80396,32.918199],[130.804062,32.91809],[130.803915,32.918032],[130.803751,32.918027],[130.803677,32.918042],[130.803643,32.918051],[130.803575,32.918037],[130.802943,32.917506],[130.803386,32.91713],[130.803454,32.91701],[130.803426,32.916877],[130.803386,32.916829],[130.80345,32.916735],[130.803514,32.916681],[130.803562,32.916567],[130.803636,32.916409],[130.803761,32.916285],[130.80401,32.916104],[130.804424,32.91587],[130.804571,32.915818],[130.804764,32.915723],[130.804867,32.915657],[130.805001,32.915586],[130.80499,32.915494],[130.805194,32.915399],[130.805477,32.915266],[130.805642,32.915238],[130.805802,32.915192],[130.805961,32.915192],[130.805955,32.915135],[130.805534,32.91359],[130.805516,32.913505],[130.805435,32.913536],[130.805221,32.913606],[130.804929,32.913678],[130.804879,32.913693],[130.804792,32.913735],[130.804572,32.91382],[130.804221,32.913973],[130.804124,32.91403],[130.80398,32.913928],[130.803668,32.913706],[130.803638,32.913686],[130.803532,32.913637],[130.803419,32.913716],[130.803347,32.913781],[130.803265,32.913854],[130.803186,32.91389],[130.803062,32.913926],[130.803009,32.913942],[130.802882,32.913796],[130.802854,32.913737],[130.802858,32.913682],[130.802914,32.913487],[130.802779,32.913122],[130.802673,32.912856],[130.802593,32.912722],[130.802562,32.91272],[130.802551,32.91272],[130.80243,32.912729],[130.802328,32.912739],[130.802207,32.912754],[130.80216,32.912758],[130.802068,32.912759],[130.80202,32.912754],[130.80177,32.912704],[130.801642,32.912677],[130.801541,32.912652],[130.801445,32.912633],[130.801395,32.912619],[130.801332,32.912608],[130.801312,32.912607],[130.801297,32.91261],[130.801278,32.912617],[130.801259,32.91263],[130.801226,32.912687],[130.801126,32.912862],[130.801091,32.912909],[130.801043,32.912983],[130.801013,32.913044],[130.801007,32.913053],[130.800987,32.913067],[130.800971,32.91308],[130.800957,32.913094],[130.80094,32.913117],[130.80093,32.913138],[130.800912,32.913185],[130.800895,32.913236],[130.800886,32.913271],[130.800873,32.913327],[130.800869,32.913336],[130.800861,32.913347],[130.800851,32.913354],[130.800644,32.913304],[130.800535,32.913278],[130.800395,32.913243],[130.800383,32.913237],[130.800376,32.913231],[130.80037,32.91322],[130.800368,32.913207],[130.80038,32.912929],[130.800378,32.912907],[130.80037,32.91289],[130.800359,32.912877],[130.800341,32.912869],[130.800272,32.912845],[130.800252,32.912837],[130.800243,32.91283],[130.800178,32.912803],[130.800126,32.912801],[130.800101,32.912801],[130.800082,32.912802],[130.800061,32.912801],[130.800001,32.912806],[130.799931,32.912817],[130.799849,32.912832],[130.799713,32.912859],[130.799627,32.912885],[130.799604,32.912889],[130.799563,32.912896],[130.799479,32.912902],[130.799442,32.912907],[130.799422,32.912839],[130.799411,32.912771],[130.799381,32.912666],[130.799333,32.912505],[130.799329,32.912477],[130.79933,32.912465],[130.799334,32.912455],[130.799342,32.91244],[130.799524,32.912247],[130.799584,32.912179],[130.799695,32.912036],[130.799716,32.911984],[130.79974,32.911887],[130.799752,32.91183],[130.799764,32.911771],[130.799785,32.911703],[130.799811,32.911634],[130.799837,32.911574],[130.799883,32.91149],[130.800023,32.911216],[130.800041,32.911167],[130.800062,32.911091],[130.800087,32.911016],[130.800087,32.911009],[130.800079,32.910987],[130.800077,32.910947],[130.799664,32.910862],[130.799512,32.910852],[130.799356,32.910882],[130.799154,32.910936],[130.798819,32.910997],[130.798862,32.911106],[130.798556,32.911234],[130.798507,32.911271],[130.798492,32.911301],[130.798492,32.911349],[130.798464,32.911373],[130.798178,32.91148],[130.797982,32.911548],[130.79794,32.911549],[130.798031,32.911761],[130.798008,32.911783],[130.797745,32.911847],[130.797585,32.911897],[130.797469,32.911938],[130.797422,32.911965],[130.797395,32.911982],[130.797118,32.912099],[130.796809,32.912227],[130.796648,32.912301],[130.796452,32.91239],[130.796444,32.912401],[130.796442,32.912412],[130.796681,32.912697],[130.796626,32.912756],[130.796548,32.912832],[130.796318,32.91301],[130.796287,32.913048],[130.796263,32.913083],[130.796252,32.913117],[130.796263,32.913132],[130.796192,32.913211],[130.796147,32.913246],[130.796012,32.913341],[130.795989,32.913367],[130.79598,32.913387],[130.795987,32.913406],[130.796095,32.91352],[130.796111,32.913532],[130.796037,32.913666],[130.795879,32.913885],[130.795808,32.913973],[130.795511,32.914264],[130.795493,32.914296],[130.795484,32.914333],[130.795478,32.914391],[130.795508,32.914457],[130.795541,32.91452],[130.795549,32.914552],[130.795551,32.914593],[130.795467,32.914647],[130.795322,32.914714],[130.795272,32.914739],[130.795224,32.914766],[130.795213,32.914771],[130.795195,32.914778],[130.795175,32.914783],[130.795155,32.914787],[130.795381,32.915215],[130.795408,32.91522],[130.795425,32.915225],[130.795456,32.915244],[130.795483,32.915286],[130.795527,32.91536],[130.795531,32.915368],[130.795533,32.915378],[130.795532,32.915387],[130.795525,32.915395],[130.79549,32.915429],[130.795482,32.915437],[130.795476,32.915452],[130.795471,32.915469],[130.795471,32.915488],[130.795478,32.91552],[130.795503,32.915577],[130.795551,32.915675],[130.795638,32.91585],[130.795642,32.915858],[130.795642,32.915867],[130.795639,32.915877],[130.795625,32.915885],[130.795502,32.91595],[130.794851,32.91629],[130.794793,32.916311],[130.794723,32.916339],[130.794612,32.916377],[130.794544,32.916408],[130.794526,32.916416],[130.794495,32.916432],[130.794467,32.91645],[130.794441,32.916466],[130.794419,32.916481],[130.794396,32.916498],[130.794375,32.916516],[130.794333,32.916551],[130.79427,32.916598],[130.794236,32.916621],[130.794188,32.916652],[130.794111,32.9167],[130.794062,32.916736],[130.794017,32.916772],[130.793984,32.916804],[130.793951,32.916839],[130.793916,32.916882],[130.793893,32.916914],[130.793875,32.916942],[130.793832,32.917031],[130.793805,32.917091],[130.793791,32.917118],[130.793776,32.917142],[130.793758,32.917164],[130.793739,32.917182],[130.793718,32.917196],[130.793565,32.917296],[130.793537,32.917322],[130.793525,32.917337],[130.793503,32.917366],[130.793493,32.917385],[130.793471,32.917435]]]}},{"type":"Feature","properties":{"DistName":"幹線道路沿道地区（Ⅰ型）","DistType":"特定用途制限地域","DistCode":15,"Pref":"熊本県","Citycode":"43210","Cityname":"菊池市","FNDate":"平成25年9月18日"},"geometry":{"type":"Polygon","coordinates":[[[130.783657,32.976892],[130.784042,32.976903],[130.784625,32.976903],[130.78496,32.976917],[130.784999,32.976769],[130.785019,32.976708],[130.785043,32.976619],[130.785076,32.976504],[130.785112,32.976364],[130.785139,32.976286],[130.785155,32.976207],[130.785162,32.976176],[130.785169,32.976146],[130.785169,32.976143],[130.785175,32.976124],[130.785317,32.975631],[130.785417,32.975267],[130.785455,32.975124],[130.785501,32.97496],[130.78556,32.974757],[130.785613,32.974575],[130.785682,32.974322],[130.785779,32.973969],[130.785804,32.973891],[130.785898,32.973587],[130.785925,32.973512],[130.785984,32.973374],[130.786032,32.973282],[130.786052,32.973252],[130.78609,32.973192],[130.786282,32.972918],[130.786296,32.972902],[130.786318,32.97288],[130.786377,32.972819],[130.786418,32.972779],[130.786491,32.972715],[130.786571,32.972649],[130.786631,32.972604],[130.786668,32.972578],[130.78671,32.972548],[130.786722,32.972545],[130.787076,32.972379],[130.78726,32.972298],[130.787364,32.97226],[130.787559,32.972197],[130.787968,32.972073],[130.788103,32.971932],[130.788143,32.971915],[130.78824,32.971878],[130.78854,32.971768],[130.788573,32.971758],[130.788648,32.971735],[130.788761,32.971703],[130.788894,32.971674],[130.789014,32.971648],[130.789139,32.971625],[130.789208,32.971615],[130.789336,32.971597],[130.789435,32.971587],[130.789496,32.971583],[130.789535,32.971578],[130.78984,32.971566],[130.790149,32.971561],[130.790497,32.971555],[130.79094,32.971549],[130.791152,32.971546],[130.79123,32.971545],[130.791308,32.971545],[130.791455,32.971543],[130.791646,32.97154],[130.791839,32.971538],[130.792213,32.971533],[130.792258,32.971533],[130.792466,32.97153],[130.792702,32.971528],[130.792846,32.971526],[130.793292,32.971519],[130.793575,32.971515],[130.793603,32.971515],[130.793848,32.971512],[130.793988,32.971511],[130.794058,32.971511],[130.794568,32.971504],[130.794907,32.9715],[130.795267,32.971495],[130.795345,32.971495],[130.795599,32.971493],[130.795953,32.97149],[130.796379,32.971517],[130.796396,32.971518],[130.796538,32.971534],[130.796647,32.971549],[130.796731,32.971562],[130.796782,32.971573],[130.796943,32.971604],[130.797444,32.971698],[130.797536,32.971718],[130.797894,32.971791],[130.79808,32.971829],[130.798673,32.971945],[130.798805,32.971971],[130.79895,32.972037],[130.798948,32.97186],[130.798936,32.971587],[130.79918,32.971433],[130.799216,32.971416],[130.799259,32.971397],[130.79931,32.971375],[130.799463,32.971324],[130.799569,32.971311],[130.799721,32.971281],[130.799793,32.971255],[130.800006,32.971215],[130.800193,32.971181],[130.8002,32.971179],[130.800041,32.971141],[130.799842,32.971101],[130.799501,32.971036],[130.799291,32.970992],[130.799093,32.970952],[130.798926,32.970918],[130.79857,32.970847],[130.798226,32.970777],[130.798081,32.970749],[130.797892,32.970711],[130.797692,32.970672],[130.797398,32.970613],[130.797364,32.970609],[130.797106,32.97056],[130.796947,32.97053],[130.796867,32.97052],[130.796822,32.970514],[130.796632,32.970488],[130.796568,32.970481],[130.796531,32.970477],[130.796516,32.970476],[130.796409,32.970465],[130.796054,32.970445],[130.795944,32.970444],[130.795937,32.970444],[130.795916,32.970444],[130.795607,32.970443],[130.795547,32.970444],[130.795245,32.97045],[130.795189,32.970452],[130.795125,32.970452],[130.794673,32.970456],[130.794589,32.970457],[130.794035,32.970464],[130.793555,32.970469],[130.793523,32.970471],[130.793256,32.970473],[130.793106,32.970475],[130.79266,32.97048],[130.792423,32.970482],[130.792219,32.970485],[130.792162,32.970488],[130.791777,32.970492],[130.791729,32.970493],[130.791248,32.970498],[130.791154,32.970499],[130.790932,32.9705],[130.790767,32.970504],[130.790566,32.970507],[130.790097,32.970513],[130.789723,32.97052],[130.789561,32.970527],[130.789482,32.970531],[130.789393,32.970539],[130.78934,32.970543],[130.789218,32.970554],[130.789108,32.970568],[130.788974,32.970586],[130.788818,32.970609],[130.788639,32.970646],[130.788533,32.970668],[130.788425,32.970694],[130.788241,32.970744],[130.7881,32.970785],[130.788038,32.970808],[130.78801,32.970818],[130.787858,32.970872],[130.787676,32.970939],[130.787504,32.971009],[130.78749,32.971016],[130.787361,32.971067],[130.787274,32.97111],[130.787154,32.971161],[130.786982,32.971233],[130.786744,32.971333],[130.786698,32.971352],[130.786655,32.97137],[130.786347,32.971507],[130.786119,32.971621],[130.786062,32.971649],[130.786044,32.971659],[130.785906,32.971739],[130.785833,32.971785],[130.78573,32.971858],[130.785678,32.971898],[130.785618,32.971943],[130.785538,32.972008],[130.785439,32.972097],[130.785335,32.972201],[130.785297,32.97224],[130.785222,32.972323],[130.7851,32.972468],[130.785025,32.972573],[130.784936,32.972714],[130.784883,32.972819],[130.784867,32.972854],[130.784842,32.972906],[130.784804,32.972983],[130.784758,32.973087],[130.784719,32.973196],[130.784682,32.973305],[130.784608,32.973554],[130.784521,32.973876],[130.784441,32.974164],[130.784396,32.97433],[130.784346,32.974512],[130.784291,32.974708],[130.78424,32.974889],[130.784202,32.975034],[130.784161,32.975181],[130.784035,32.975624],[130.784026,32.97566],[130.784025,32.975667],[130.784014,32.975699],[130.784006,32.975737],[130.783969,32.975851],[130.783922,32.975962],[130.783909,32.976012],[130.783882,32.976116],[130.783817,32.976374],[130.783812,32.976388],[130.783798,32.976434],[130.783775,32.976509],[130.783657,32.976892]]]}},{"type":"Feature","properties":{"DistName":"幹線道路沿道地区（Ⅱ型）","DistType":"特定用途制限地域","DistCode":15,"Pref":"熊本県","Citycode":"43210","Cityname":"菊池市","FNDate":"平成25年9月18日"},"geometry":{"type":"Polygon","coordinates":[[[130.76884,32.921218],[130.768854,32.921282],[130.768872,32.921358],[130.768887,32.921429],[130.768913,32.92156],[130.76895,32.921746],[130.768977,32.921879],[130.768979,32.921888],[130.76898,32.921895],[130.768989,32.921938],[130.769097,32.922482],[130.769118,32.922609],[130.769125,32.922625],[130.769135,32.922671],[130.769165,32.922815],[130.769176,32.922869],[130.769185,32.922916],[130.769192,32.922946],[130.769194,32.922957],[130.769219,32.923082],[130.769297,32.923445],[130.769307,32.923496],[130.769327,32.923604],[130.769341,32.923665],[130.769349,32.923703],[130.769404,32.923967],[130.769437,32.924121],[130.769474,32.924287],[130.76953,32.924505],[130.769619,32.924813],[130.769625,32.924831],[130.769649,32.924902],[130.769689,32.925025],[130.76972,32.92512],[130.769838,32.925434],[130.769924,32.925686],[130.769987,32.925826],[130.77008,32.926028],[130.770237,32.926391],[130.770401,32.926688],[130.77044,32.926735],[130.770593,32.926985],[130.770614,32.927],[130.770717,32.92717],[130.770774,32.927263],[130.770955,32.927587],[130.770975,32.927625],[130.771263,32.928133],[130.771292,32.92819],[130.771297,32.928199],[130.771321,32.928252],[130.77138,32.928378],[130.771428,32.928482],[130.771438,32.928501],[130.771508,32.928636],[130.771557,32.928727],[130.771625,32.928847],[130.771695,32.928973],[130.77189,32.929325],[130.771959,32.929488],[130.77195,32.929493],[130.772048,32.929652],[130.772103,32.929741],[130.772144,32.929802],[130.772193,32.929857],[130.772199,32.929867],[130.772245,32.929936],[130.772322,32.930043],[130.77236,32.930094],[130.772403,32.930151],[130.77252,32.930294],[130.772587,32.93037],[130.772621,32.930409],[130.772663,32.930455],[130.772724,32.930513],[130.772795,32.930582],[130.772881,32.930658],[130.773003,32.930748],[130.77315,32.930847],[130.773252,32.930908],[130.773405,32.930993],[130.773565,32.931073],[130.773602,32.931092],[130.773809,32.931189],[130.773939,32.931256],[130.774038,32.931306],[130.774136,32.93136],[130.774182,32.931387],[130.774213,32.931408],[130.774231,32.931422],[130.774261,32.931448],[130.774256,32.931453],[130.774356,32.931545],[130.774445,32.931633],[130.774481,32.931669],[130.77455,32.931742],[130.774652,32.93186],[130.774735,32.931962],[130.774841,32.932094],[130.774923,32.932199],[130.774927,32.932204],[130.774937,32.932201],[130.774946,32.932197],[130.77495,32.932203],[130.775002,32.932264],[130.775074,32.93235],[130.775143,32.93243],[130.77522,32.93252],[130.775256,32.932558],[130.775296,32.932633],[130.775518,32.932814],[130.775623,32.932894],[130.775705,32.932957],[130.77578,32.933013],[130.775838,32.933057],[130.775929,32.933108],[130.776149,32.933196],[130.776364,32.933271],[130.776519,32.933323],[130.776647,32.933357],[130.776802,32.933392],[130.776913,32.933412],[130.77698,32.933421],[130.777065,32.933435],[130.777175,32.933451],[130.777323,32.933474],[130.777481,32.933499],[130.777663,32.933522],[130.777795,32.933534],[130.77786,32.93354],[130.778065,32.93355],[130.778335,32.93356],[130.778558,32.933555],[130.77874,32.933557],[130.778859,32.933557],[130.779106,32.933554],[130.779288,32.933554],[130.779329,32.933554],[130.779352,32.933555],[130.77938,32.933556],[130.779492,32.933564],[130.779513,32.933566],[130.779566,32.933573],[130.779641,32.933586],[130.77974,32.933606],[130.779939,32.933661],[130.780051,32.9337],[130.780165,32.93375],[130.780217,32.933777],[130.780231,32.93379],[130.780318,32.933837],[130.780434,32.933904],[130.780559,32.933986],[130.780645,32.934052],[130.780778,32.934184],[130.780863,32.934256],[130.780933,32.934323],[130.781033,32.934427],[130.781138,32.934543],[130.781217,32.934628],[130.781294,32.93471],[130.781377,32.934812],[130.781407,32.93485],[130.781476,32.934939],[130.781522,32.935013],[130.781619,32.935134],[130.781669,32.935197],[130.781738,32.935277],[130.781824,32.935374],[130.78187,32.935423],[130.781988,32.935567],[130.782029,32.935621],[130.782063,32.935658],[130.782271,32.935917],[130.782347,32.936006],[130.782439,32.93611],[130.782501,32.936188],[130.78259,32.936303],[130.782697,32.936424],[130.782778,32.936523],[130.782824,32.93658],[130.782879,32.936661],[130.782974,32.936779],[130.782995,32.936804],[130.783122,32.936949],[130.783145,32.936978],[130.783322,32.937206],[130.783396,32.937305],[130.783428,32.937335],[130.783508,32.937458],[130.783575,32.937575],[130.783655,32.937714],[130.783679,32.937763],[130.783742,32.937902],[130.78378,32.937978],[130.783837,32.938113],[130.783864,32.938175],[130.783905,32.938271],[130.784022,32.938545],[130.784063,32.938625],[130.784127,32.938776],[130.784242,32.939081],[130.784337,32.939334],[130.784415,32.939633],[130.784546,32.939877],[130.784604,32.939948],[130.784628,32.940007],[130.784702,32.940187],[130.784719,32.940232],[130.784806,32.940441],[130.784873,32.940618],[130.784933,32.940653],[130.785121,32.941098],[130.785135,32.941131],[130.785183,32.941239],[130.785288,32.941485],[130.785316,32.941573],[130.785508,32.942021],[130.785514,32.942035],[130.785547,32.94211],[130.785583,32.942194],[130.785605,32.942244],[130.7857,32.942464],[130.785935,32.94307],[130.786078,32.943354],[130.786134,32.943479],[130.786192,32.943614],[130.786293,32.943866],[130.786423,32.944199],[130.786433,32.944223],[130.786436,32.944232],[130.786485,32.944397],[130.786494,32.944427],[130.786515,32.944528],[130.786526,32.944597],[130.786529,32.944612],[130.786529,32.944625],[130.786542,32.944776],[130.786589,32.945049],[130.786606,32.945165],[130.786619,32.945287],[130.786633,32.94545],[130.786633,32.945452],[130.786635,32.945519],[130.786637,32.945592],[130.786636,32.945707],[130.786635,32.945761],[130.786637,32.9458],[130.786635,32.945866],[130.786629,32.945982],[130.786622,32.946043],[130.786617,32.946108],[130.786608,32.946189],[130.786596,32.94628],[130.786586,32.946362],[130.786565,32.946526],[130.786541,32.946675],[130.78651,32.946893],[130.786487,32.947021],[130.786487,32.947113],[130.786474,32.947263],[130.786471,32.947343],[130.786468,32.947462],[130.78647,32.947539],[130.786477,32.947595],[130.786484,32.94765],[130.786503,32.947764],[130.786508,32.947791],[130.786511,32.947814],[130.786541,32.948046],[130.78658,32.948155],[130.786631,32.948296],[130.786688,32.948372],[130.786707,32.948399],[130.786724,32.94843],[130.78673,32.948455],[130.786761,32.948539],[130.786794,32.948601],[130.786848,32.948693],[130.786911,32.948785],[130.787001,32.948897],[130.787087,32.948994],[130.787163,32.949078],[130.787687,32.948942],[130.787725,32.948927],[130.788084,32.948957],[130.788095,32.948919],[130.788178,32.948916],[130.788489,32.948851],[130.788642,32.948768],[130.788505,32.948704],[130.788456,32.948681],[130.788399,32.948654],[130.788363,32.948634],[130.788296,32.948594],[130.788253,32.948567],[130.788229,32.948549],[130.788216,32.94854],[130.788192,32.948522],[130.788155,32.948494],[130.788146,32.948487],[130.78812,32.948463],[130.788087,32.948428],[130.788043,32.948381],[130.787984,32.948313],[130.787931,32.948247],[130.787908,32.948213],[130.787875,32.948159],[130.787867,32.948145],[130.787841,32.948097],[130.787814,32.948053],[130.787785,32.947997],[130.78777,32.947957],[130.787754,32.947919],[130.787735,32.947868],[130.787721,32.947826],[130.787711,32.947783],[130.787688,32.947684],[130.787687,32.94768],[130.787681,32.947645],[130.787678,32.947621],[130.78767,32.94758],[130.787661,32.94752],[130.787655,32.947484],[130.787654,32.947478],[130.787653,32.947439],[130.787651,32.947413],[130.787651,32.947394],[130.787651,32.947375],[130.787652,32.947356],[130.787655,32.947325],[130.787657,32.94731],[130.787658,32.94729],[130.787661,32.947263],[130.787666,32.947213],[130.787676,32.947138],[130.787683,32.947087],[130.787693,32.947023],[130.78771,32.946892],[130.787725,32.946789],[130.787737,32.946675],[130.787741,32.946637],[130.787752,32.946549],[130.787764,32.946475],[130.787775,32.946393],[130.787789,32.946288],[130.787798,32.946195],[130.787804,32.946117],[130.787805,32.946106],[130.787811,32.946049],[130.787817,32.945988],[130.787818,32.945931],[130.787821,32.945865],[130.787824,32.945715],[130.787823,32.945598],[130.78782,32.945514],[130.787815,32.945405],[130.787803,32.945216],[130.787777,32.944924],[130.78773,32.944657],[130.787708,32.94452],[130.787655,32.944181],[130.787635,32.944097],[130.787604,32.943995],[130.787575,32.943927],[130.787518,32.943795],[130.787417,32.943541],[130.787316,32.943285],[130.78725,32.943131],[130.787188,32.942995],[130.787145,32.942889],[130.787026,32.942624],[130.786482,32.941819],[130.786464,32.941788],[130.786422,32.941714],[130.786402,32.941722],[130.786362,32.941741],[130.786135,32.941844],[130.785947,32.941398],[130.785726,32.940884],[130.785837,32.940835],[130.786053,32.940731],[130.786199,32.94066],[130.786162,32.940574],[130.786096,32.940418],[130.785982,32.940149],[130.785908,32.939969],[130.785807,32.93972],[130.7856,32.939205],[130.785562,32.93911],[130.785461,32.938854],[130.785437,32.938796],[130.785304,32.938478],[130.785227,32.938294],[130.785141,32.938083],[130.785033,32.937822],[130.784965,32.937667],[130.784937,32.937608],[130.784876,32.937479],[130.784794,32.937316],[130.784707,32.937158],[130.784606,32.936989],[130.784547,32.936894],[130.78445,32.936754],[130.784416,32.93671],[130.784334,32.936603],[130.784015,32.93621],[130.78365,32.935753],[130.783422,32.935467],[130.783389,32.935426],[130.783298,32.935314],[130.78327,32.935279],[130.783147,32.935125],[130.78296,32.934896],[130.782946,32.934878],[130.782919,32.934841],[130.782895,32.934813],[130.782703,32.934582],[130.782578,32.934423],[130.782389,32.934187],[130.782292,32.934064],[130.78219,32.933946],[130.782112,32.933855],[130.782055,32.933741],[130.781934,32.933618],[130.781866,32.933554],[130.781784,32.933472],[130.781709,32.933398],[130.781676,32.933363],[130.781592,32.933268],[130.781458,32.933121],[130.781276,32.933007],[130.781163,32.932937],[130.781052,32.932871],[130.780893,32.932801],[130.780686,32.932717],[130.780473,32.93266],[130.780295,32.932619],[130.780209,32.932606],[130.780087,32.932587],[130.779883,32.932557],[130.779582,32.932542],[130.779445,32.932531],[130.779304,32.932529],[130.779169,32.932527],[130.77891,32.932529],[130.778405,32.932533],[130.77815,32.93253],[130.778045,32.932525],[130.777933,32.932516],[130.777801,32.932503],[130.777718,32.932492],[130.777668,32.932485],[130.77738,32.932441],[130.777291,32.932426],[130.777216,32.932413],[130.777127,32.932397],[130.777054,32.932383],[130.776967,32.932363],[130.776893,32.932344],[130.776853,32.932331],[130.776791,32.932309],[130.776722,32.932281],[130.77662,32.932235],[130.77654,32.932193],[130.776468,32.932151],[130.776384,32.932099],[130.776376,32.932093],[130.776193,32.931892],[130.775301,32.93081],[130.77509,32.93071],[130.775088,32.930708],[130.775058,32.930686],[130.775003,32.930642],[130.774927,32.930588],[130.774842,32.930526],[130.774493,32.930329],[130.774166,32.930166],[130.774107,32.930137],[130.773925,32.930037],[130.773854,32.929993],[130.773838,32.929982],[130.773696,32.929874],[130.77367,32.929852],[130.773642,32.929825],[130.773627,32.929813],[130.773617,32.929801],[130.773614,32.929797],[130.773581,32.92976],[130.773529,32.929702],[130.773454,32.9296],[130.773402,32.929521],[130.773384,32.92949],[130.773353,32.92944],[130.773243,32.929247],[130.773222,32.92921],[130.773205,32.929179],[130.77312,32.929024],[130.773107,32.929006],[130.772852,32.928489],[130.772735,32.928293],[130.772664,32.928165],[130.772574,32.928002],[130.772545,32.927955],[130.77241,32.927712],[130.772359,32.927622],[130.772331,32.927563],[130.772178,32.927292],[130.772164,32.927267],[130.772134,32.927207],[130.772058,32.927074],[130.771952,32.926889],[130.771909,32.926814],[130.771868,32.92674],[130.771799,32.926612],[130.771736,32.926507],[130.771653,32.926363],[130.771615,32.926299],[130.771571,32.926218],[130.77145,32.925995],[130.771302,32.925719],[130.771237,32.925568],[130.771186,32.925455],[130.771149,32.925357],[130.771105,32.925231],[130.770976,32.924946],[130.77097,32.924929],[130.7709,32.924737],[130.770853,32.924622],[130.770835,32.924582],[130.770796,32.924482],[130.770725,32.924261],[130.770704,32.92419],[130.770687,32.924117],[130.770652,32.923965],[130.770622,32.923824],[130.77056,32.923523],[130.770555,32.9235],[130.77055,32.923473],[130.770514,32.923298],[130.770451,32.92298],[130.770418,32.922831],[130.770417,32.922824],[130.770405,32.922769],[130.770385,32.922674],[130.77037,32.922599],[130.770329,32.922389],[130.770301,32.922293],[130.770296,32.922267],[130.770189,32.921737],[130.770179,32.921686],[130.770177,32.92168],[130.77017,32.921645],[130.770167,32.921627],[130.770158,32.921586],[130.77013,32.92144],[130.770079,32.921169],[130.770067,32.921114],[130.770052,32.921046],[130.770034,32.920959],[130.770004,32.920819],[130.769962,32.920836],[130.769855,32.920896],[130.769753,32.92094],[130.769691,32.920972],[130.769657,32.920989],[130.76959,32.92102],[130.769524,32.921043],[130.769242,32.921141],[130.769078,32.921198],[130.769011,32.921202],[130.76884,32.921218]]]}},{"type":"Feature","properties":{"DistName":"居住環境保全地区","DistType":"特定用途制限地域","DistCode":15,"Pref":"熊本県","Citycode":"43210","Cityname":"菊池市","FNDate":"平成25年9月18日"},"geometry":{"type":"Polygon","coordinates":[[[130.785726,32.940884],[130.785947,32.941398],[130.786135,32.941844],[130.786362,32.941741],[130.786402,32.941722],[130.786422,32.941714],[130.786464,32.941788],[130.786482,32.941819],[130.787026,32.942624],[130.787862,32.942214],[130.787568,32.941789],[130.788418,32.941371],[130.788136,32.940929],[130.789844,32.940061],[130.791353,32.942228],[130.793015,32.941401],[130.791862,32.939716],[130.791468,32.939159],[130.79143,32.93911],[130.791789,32.938765],[130.791862,32.938699],[130.792155,32.938439],[130.793716,32.936934],[130.794354,32.937848],[130.794947,32.937559],[130.79442,32.936792],[130.794193,32.936484],[130.794241,32.936458],[130.79437,32.936347],[130.794381,32.936337],[130.794405,32.936306],[130.794456,32.936194],[130.794525,32.936039],[130.794678,32.935671],[130.794872,32.93522],[130.794874,32.935211],[130.794837,32.935109],[130.794748,32.934987],[130.794628,32.934842],[130.794591,32.934793],[130.794508,32.934696],[130.794468,32.93465],[130.794409,32.934572],[130.79426,32.934361],[130.794221,32.934316],[130.794181,32.934275],[130.794132,32.934226],[130.793993,32.934091],[130.793888,32.933992],[130.793834,32.933941],[130.793791,32.933908],[130.793729,32.933855],[130.793649,32.933794],[130.793589,32.933755],[130.793535,32.933727],[130.793475,32.9337],[130.793395,32.933673],[130.793325,32.933657],[130.793249,32.933647],[130.792904,32.933609],[130.792457,32.933574],[130.792384,32.933586],[130.792336,32.933607],[130.792313,32.933619],[130.792289,32.93364],[130.791617,32.934284],[130.789595,32.936226],[130.78925,32.936219],[130.789211,32.936147],[130.788805,32.935828],[130.788687,32.93574],[130.788619,32.9357],[130.787992,32.935231],[130.78794,32.935258],[130.787914,32.935284],[130.788049,32.935793],[130.788119,32.936011],[130.788121,32.93628],[130.788095,32.936753],[130.788004,32.937046],[130.787983,32.937134],[130.787943,32.937622],[130.788026,32.937693],[130.787212,32.938454],[130.786443,32.938804],[130.786609,32.939207],[130.786987,32.939249],[130.786982,32.939367],[130.786981,32.939378],[130.786988,32.939476],[130.786998,32.93953],[130.787007,32.939581],[130.787011,32.939601],[130.787064,32.939812],[130.7871,32.939921],[130.787139,32.939993],[130.787154,32.940049],[130.787186,32.940153],[130.787213,32.940224],[130.787232,32.940261],[130.787259,32.94031],[130.787253,32.940333],[130.786619,32.940638],[130.786586,32.94063],[130.786506,32.940507],[130.786199,32.94066],[130.786053,32.940731],[130.785837,32.940835],[130.785726,32.940884]]]}}]}