{"type":"FeatureCollection","features":[{"type":"Feature","properties":{"ParkName":"街区公園","ParkType":"公園","ParkCode":3021,"Pref":"熊本県","Citycode":"43100","Cityname":"熊本市","FNDate":null},"geometry":{"type":"Polygon","coordinates":[[[130.708,32.798243],[130.708574,32.798161],[130.708576,32.79816],[130.708582,32.798135],[130.708582,32.798134],[130.708064,32.797997],[130.708062,32.797997],[130.708051,32.798003],[130.708038,32.79801],[130.708036,32.798012],[130.708019,32.79807],[130.707976,32.798226],[130.707976,32.798227],[130.708,32.798243]]]}},{"type":"Feature","properties":{"ParkName":"街区公園","ParkType":"公園","ParkCode":3021,"Pref":"熊本県","Citycode":"43100","Cityname":"熊本市","FNDate":null},"geometry":{"type":"Polygon","coordinates":[[[130.710438,32.793676],[130.710566,32.793742],[130.710693,32.79381],[130.710838,32.793885],[130.710879,32.793906],[130.710908,32.793921],[130.710991,32.793965],[130.710993,32.793965],[130.711023,32.79396],[130.711025,32.793957],[130.711101,32.793821],[130.711103,32.793819],[130.711145,32.793745],[130.711214,32.793623],[130.711206,32.793601],[130.711205,32.793597],[130.710972,32.793503],[130.710704,32.793395],[130.7106,32.793353],[130.710571,32.793359],[130.710569,32.793361],[130.710406,32.793635],[130.710415,32.793662],[130.710438,32.793676]]]}},{"type":"Feature","properties":{"ParkName":"街区公園","ParkType":"公園","ParkCode":3021,"Pref":"熊本県","Citycode":"43100","Cityname":"熊本市","FNDate":null},"geometry":{"type":"Polygon","coordinates":[[[130.716335,32.799787],[130.716811,32.799381],[130.71645,32.799056],[130.715972,32.799459],[130.716027,32.799497],[130.716335,32.799787]]]}},{"type":"Feature","properties":{"ParkName":"街区公園","ParkType":"公園","ParkCode":3021,"Pref":"熊本県","Citycode":"43100","Cityname":"熊本市","FNDate":null},"geometry":{"type":"Polygon","coordinates":[[[130.712825,32.793091],[130.712966,32.793139],[130.71302,32.793157],[130.713044,32.793166],[130.713107,32.793187],[130.713206,32.79322],[130.71327,32.793243],[130.713299,32.793231],[130.713306,32.793174],[130.71331,32.793128],[130.713313,32.793068],[130.713312,32.793019],[130.713312,32.793015],[130.71331,32.792985],[130.713307,32.792949],[130.713301,32.792898],[130.7133,32.792882],[130.713211,32.792885],[130.71319,32.792886],[130.712991,32.792893],[130.712907,32.792896],[130.712882,32.792898],[130.712872,32.792939],[130.712863,32.792965],[130.712853,32.792991],[130.712845,32.793006],[130.712831,32.793034],[130.712813,32.793066],[130.712825,32.793091]]]}},{"type":"Feature","properties":{"ParkName":"街区公園","ParkType":"公園","ParkCode":3021,"Pref":"熊本県","Citycode":"43100","Cityname":"熊本市","FNDate":null},"geometry":{"type":"Polygon","coordinates":[[[130.715016,32.792294],[130.71543,32.792304],[130.715431,32.792056],[130.715398,32.792046],[130.715331,32.792025],[130.71531,32.792019],[130.715055,32.791941],[130.715028,32.791956],[130.715028,32.791957],[130.715027,32.791986],[130.715025,32.792018],[130.715024,32.79205],[130.715019,32.792193],[130.715018,32.79224],[130.715016,32.792294]]]}},{"type":"Feature","properties":{"ParkName":"街区公園","ParkType":"公園","ParkCode":3021,"Pref":"熊本県","Citycode":"43100","Cityname":"熊本市","FNDate":null},"geometry":{"type":"Polygon","coordinates":[[[130.714728,32.791368],[130.715023,32.791461],[130.715181,32.791174],[130.714903,32.791063],[130.714728,32.791368]]]}},{"type":"Feature","properties":{"ParkName":"街区公園","ParkType":"公園","ParkCode":3021,"Pref":"熊本県","Citycode":"43100","Cityname":"熊本市","FNDate":null},"geometry":{"type":"Polygon","coordinates":[[[130.714381,32.790774],[130.714381,32.790774],[130.71446,32.790805],[130.714552,32.790842],[130.714751,32.790922],[130.714801,32.790942],[130.714916,32.790732],[130.714476,32.790556],[130.714425,32.790647],[130.714423,32.790652],[130.714369,32.790749],[130.714381,32.790774]]]}},{"type":"Feature","properties":{"ParkName":"街区公園","ParkType":"公園","ParkCode":3021,"Pref":"熊本県","Citycode":"43100","Cityname":"熊本市","FNDate":null},"geometry":{"type":"Polygon","coordinates":[[[130.714441,32.790449],[130.714217,32.79036],[130.714072,32.790617],[130.714056,32.790644],[130.714098,32.790661],[130.714205,32.790704],[130.714263,32.790727],[130.714293,32.790714],[130.714441,32.790449]]]}},{"type":"Feature","properties":{"ParkName":"街区公園","ParkType":"公園","ParkCode":3021,"Pref":"熊本県","Citycode":"43100","Cityname":"熊本市","FNDate":null},"geometry":{"type":"Polygon","coordinates":[[[130.712144,32.790526],[130.712031,32.790447],[130.711989,32.790418],[130.711949,32.79038],[130.711861,32.790281],[130.711758,32.790163],[130.71169,32.790085],[130.711674,32.790155],[130.711634,32.790353],[130.711608,32.790481],[130.711602,32.790511],[130.711585,32.790594],[130.711607,32.790617],[130.711696,32.790631],[130.71174,32.790636],[130.71177,32.790637],[130.711802,32.790637],[130.71183,32.790636],[130.711852,32.790634],[130.711859,32.790633],[130.711877,32.790631],[130.711885,32.79063],[130.711896,32.790628],[130.711909,32.790626],[130.711953,32.790615],[130.711979,32.790607],[130.712003,32.790599],[130.712027,32.790589],[130.712058,32.790574],[130.712144,32.790526]]]}},{"type":"Feature","properties":{"ParkName":"街区公園","ParkType":"公園","ParkCode":3021,"Pref":"熊本県","Citycode":"43100","Cityname":"熊本市","FNDate":null},"geometry":{"type":"Polygon","coordinates":[[[130.709531,32.791027],[130.710138,32.791118],[130.710176,32.790908],[130.709643,32.790837],[130.709611,32.790856],[130.709553,32.790981],[130.709531,32.791027]]]}},{"type":"Feature","properties":{"ParkName":"街区公園","ParkType":"公園","ParkCode":3021,"Pref":"熊本県","Citycode":"43100","Cityname":"熊本市","FNDate":null},"geometry":{"type":"Polygon","coordinates":[[[130.709167,32.787669],[130.709256,32.787706],[130.709452,32.787785],[130.709479,32.787771],[130.709509,32.787612],[130.709508,32.787611],[130.709509,32.787607],[130.709517,32.787564],[130.709517,32.787562],[130.709519,32.787563],[130.709529,32.787503],[130.709543,32.787427],[130.709554,32.787367],[130.709555,32.787365],[130.709556,32.787358],[130.709564,32.787313],[130.709411,32.787252],[130.709412,32.787251],[130.709408,32.78725],[130.709366,32.787234],[130.709357,32.78723],[130.709351,32.787242],[130.709313,32.787323],[130.709275,32.787407],[130.709222,32.787522],[130.709161,32.787653],[130.709167,32.787669]]]}},{"type":"Feature","properties":{"ParkName":"街区公園","ParkType":"公園","ParkCode":3021,"Pref":"熊本県","Citycode":"43100","Cityname":"熊本市","FNDate":null},"geometry":{"type":"Polygon","coordinates":[[[130.700307,32.787741],[130.700312,32.787774],[130.700328,32.787885],[130.700353,32.788055],[130.700355,32.788059],[130.700373,32.788077],[130.700375,32.788078],[130.70041,32.788078],[130.700595,32.788077],[130.700521,32.787963],[130.700488,32.787913],[130.700377,32.787749],[130.700341,32.787693],[130.700304,32.787703],[130.700305,32.787726],[130.700307,32.787741]]]}},{"type":"Feature","properties":{"ParkName":"街区公園","ParkType":"公園","ParkCode":3021,"Pref":"熊本県","Citycode":"43100","Cityname":"熊本市","FNDate":null},"geometry":{"type":"Polygon","coordinates":[[[130.717259,32.802774],[130.717188,32.802846],[130.717794,32.80328],[130.717861,32.803215],[130.718048,32.803031],[130.718075,32.803004],[130.718204,32.802877],[130.718232,32.802848],[130.718251,32.80283],[130.718252,32.802806],[130.718243,32.802795],[130.718216,32.802763],[130.718156,32.802691],[130.718086,32.802607],[130.717943,32.802436],[130.717844,32.802317],[130.717796,32.802282],[130.71776,32.802286],[130.717733,32.802312],[130.717576,32.802466],[130.717561,32.80248],[130.717534,32.802506],[130.717469,32.80257],[130.717452,32.802587],[130.717259,32.802774]]]}},{"type":"Feature","properties":{"ParkName":"街区公園","ParkType":"公園","ParkCode":3021,"Pref":"熊本県","Citycode":"43100","Cityname":"熊本市","FNDate":null},"geometry":{"type":"Polygon","coordinates":[[[130.72185,32.802423],[130.722006,32.802488],[130.722041,32.802486],[130.722048,32.802479],[130.722081,32.802441],[130.72228,32.802221],[130.722363,32.802129],[130.722394,32.802095],[130.722538,32.801935],[130.722686,32.801771],[130.722679,32.801767],[130.722666,32.801761],[130.722582,32.801733],[130.722433,32.801684],[130.722121,32.80158],[130.722107,32.801576],[130.722071,32.801585],[130.722064,32.801597],[130.722063,32.801599],[130.722045,32.80163],[130.722005,32.8017],[130.721902,32.80188],[130.721835,32.801995],[130.721809,32.802041],[130.721796,32.802064],[130.721745,32.802152],[130.721684,32.802258],[130.721665,32.802291],[130.72165,32.802317],[130.721661,32.802344],[130.721806,32.802404],[130.72185,32.802423]]]}},{"type":"Feature","properties":{"ParkName":"街区公園","ParkType":"公園","ParkCode":3021,"Pref":"熊本県","Citycode":"43100","Cityname":"熊本市","FNDate":null},"geometry":{"type":"Polygon","coordinates":[[[130.714377,32.789012],[130.714906,32.789223],[130.715272,32.788565],[130.714733,32.788372],[130.714377,32.789012]]]}},{"type":"Feature","properties":{"ParkName":"街区公園","ParkType":"公園","ParkCode":3021,"Pref":"熊本県","Citycode":"43100","Cityname":"熊本市","FNDate":null},"geometry":{"type":"Polygon","coordinates":[[[130.712054,32.787428],[130.71252,32.787583],[130.712547,32.787567],[130.712603,32.787258],[130.71266,32.786936],[130.71266,32.78691],[130.712645,32.786892],[130.712178,32.786779],[130.712054,32.787428]]]}},{"type":"Feature","properties":{"ParkName":"街区公園","ParkType":"公園","ParkCode":3021,"Pref":"熊本県","Citycode":"43100","Cityname":"熊本市","FNDate":null},"geometry":{"type":"Polygon","coordinates":[[[130.722274,32.805958],[130.722299,32.805978],[130.722326,32.805998],[130.722371,32.806026],[130.722408,32.806047],[130.722441,32.806064],[130.722483,32.806081],[130.722519,32.806094],[130.722557,32.806108],[130.722596,32.80612],[130.722624,32.806128],[130.722679,32.806143],[130.722777,32.806168],[130.722928,32.806204],[130.722962,32.806192],[130.723017,32.806091],[130.72303,32.806064],[130.72303,32.806063],[130.723022,32.806044],[130.72302,32.806042],[130.722886,32.80594],[130.722664,32.805768],[130.722562,32.80569],[130.722274,32.805958]]]}},{"type":"Feature","properties":{"ParkName":"街区公園","ParkType":"公園","ParkCode":3021,"Pref":"熊本県","Citycode":"43100","Cityname":"熊本市","FNDate":null},"geometry":{"type":"Polygon","coordinates":[[[130.725812,32.797825],[130.72626,32.79788],[130.726286,32.797696],[130.725821,32.797639],[130.725799,32.797808],[130.725812,32.797825]]]}},{"type":"Feature","properties":{"ParkName":"街区公園","ParkType":"公園","ParkCode":3021,"Pref":"熊本県","Citycode":"43100","Cityname":"熊本市","FNDate":null},"geometry":{"type":"Polygon","coordinates":[[[130.726575,32.795171],[130.726838,32.794964],[130.727116,32.794743],[130.727116,32.794728],[130.727117,32.794712],[130.726847,32.794482],[130.726816,32.794481],[130.726294,32.794897],[130.726292,32.794917],[130.72641,32.795034],[130.726448,32.795072],[130.726529,32.795153],[130.726546,32.795169],[130.726575,32.795171]]]}},{"type":"Feature","properties":{"ParkName":"街区公園","ParkType":"公園","ParkCode":3021,"Pref":"熊本県","Citycode":"43100","Cityname":"熊本市","FNDate":null},"geometry":{"type":"Polygon","coordinates":[[[130.724202,32.809478],[130.723872,32.809459],[130.723804,32.809603],[130.723774,32.809667],[130.723746,32.809725],[130.723685,32.809856],[130.723625,32.809983],[130.72363,32.81001],[130.723879,32.810137],[130.723884,32.810139],[130.724081,32.810243],[130.724083,32.810243],[130.724113,32.81023],[130.724114,32.810228],[130.724135,32.810039],[130.724153,32.809888],[130.724159,32.809839],[130.724173,32.80973],[130.724196,32.809533],[130.724202,32.809478]]]}},{"type":"Feature","properties":{"ParkName":"街区公園","ParkType":"公園","ParkCode":3021,"Pref":"熊本県","Citycode":"43100","Cityname":"熊本市","FNDate":null},"geometry":{"type":"Polygon","coordinates":[[[130.729728,32.797613],[130.729735,32.797616],[130.729813,32.797609],[130.729918,32.797412],[130.729398,32.796949],[130.729166,32.7972],[130.729165,32.797224],[130.729728,32.797613]]]}},{"type":"Feature","properties":{"ParkName":"街区公園","ParkType":"公園","ParkCode":3021,"Pref":"熊本県","Citycode":"43100","Cityname":"熊本市","FNDate":null},"geometry":{"type":"Polygon","coordinates":[[[130.728061,32.793781],[130.728152,32.793861],[130.728188,32.793893],[130.728209,32.793911],[130.728361,32.794044],[130.728399,32.794078],[130.728428,32.794078],[130.728535,32.793988],[130.728589,32.793943],[130.728768,32.793793],[130.72883,32.793742],[130.728891,32.79369],[130.728684,32.793525],[130.72859,32.79345],[130.728524,32.793398],[130.728464,32.793351],[130.72798,32.793682],[130.727979,32.793709],[130.728061,32.793781]]]}},{"type":"Feature","properties":{"ParkName":"街区公園","ParkType":"公園","ParkCode":3021,"Pref":"熊本県","Citycode":"43100","Cityname":"熊本市","FNDate":null},"geometry":{"type":"Polygon","coordinates":[[[130.759405,32.82874],[130.759352,32.828784],[130.759736,32.829015],[130.759833,32.828885],[130.760165,32.829072],[130.760169,32.829066],[130.760311,32.828886],[130.760333,32.828857],[130.760401,32.828771],[130.760421,32.828745],[130.760633,32.828475],[130.760622,32.828449],[130.760505,32.828387],[130.760468,32.828367],[130.760388,32.828324],[130.760311,32.828283],[130.760297,32.828275],[130.760283,32.828266],[130.760251,32.828245],[130.760062,32.828137],[130.760008,32.828111],[130.759985,32.8281],[130.759946,32.828083],[130.75993,32.82808],[130.759896,32.828083],[130.75986,32.828127],[130.759824,32.828176],[130.759779,32.828239],[130.759704,32.828342],[130.75961,32.828493],[130.759589,32.828524],[130.759537,32.828591],[130.759477,32.828666],[130.759453,32.828691],[130.759405,32.82874]]]}},{"type":"Feature","properties":{"ParkName":"街区公園","ParkType":"公園","ParkCode":3021,"Pref":"熊本県","Citycode":"43100","Cityname":"熊本市","FNDate":null},"geometry":{"type":"Polygon","coordinates":[[[130.721457,32.80603],[130.72154,32.8061],[130.721649,32.806174],[130.721779,32.806267],[130.721824,32.806295],[130.722005,32.806403],[130.722277,32.806551],[130.722305,32.806564],[130.722687,32.8067],[130.722713,32.806651],[130.722747,32.806587],[130.722791,32.806504],[130.722843,32.806407],[130.722843,32.806405],[130.722827,32.806383],[130.722699,32.806355],[130.722622,32.806338],[130.722553,32.80632],[130.722493,32.806302],[130.722458,32.806289],[130.722401,32.806267],[130.722348,32.806244],[130.722304,32.806222],[130.72227,32.806204],[130.722235,32.806184],[130.722202,32.806164],[130.722172,32.806143],[130.722139,32.806119],[130.722107,32.806095],[130.722071,32.806066],[130.722023,32.806022],[130.721994,32.805992],[130.721966,32.805961],[130.721942,32.805932],[130.721911,32.805892],[130.721885,32.805855],[130.721863,32.80582],[130.721838,32.80578],[130.721802,32.805774],[130.721635,32.80584],[130.721604,32.805873],[130.721486,32.805998],[130.721457,32.80603]]]}},{"type":"Feature","properties":{"ParkName":"街区公園","ParkType":"公園","ParkCode":3021,"Pref":"熊本県","Citycode":"43100","Cityname":"熊本市","FNDate":null},"geometry":{"type":"Polygon","coordinates":[[[130.721671,32.790304],[130.721707,32.790293],[130.721998,32.790054],[130.722002,32.790032],[130.721527,32.789633],[130.7215,32.789634],[130.721192,32.789959],[130.721194,32.789983],[130.721671,32.790304]]]}},{"type":"Feature","properties":{"ParkName":"街区公園","ParkType":"公園","ParkCode":3021,"Pref":"熊本県","Citycode":"43100","Cityname":"熊本市","FNDate":null},"geometry":{"type":"Polygon","coordinates":[[[130.767727,32.779061],[130.767751,32.779083],[130.767932,32.779107],[130.768159,32.779137],[130.768292,32.779154],[130.768314,32.779135],[130.768278,32.778864],[130.768262,32.778772],[130.768261,32.77877],[130.768223,32.778612],[130.768221,32.778604],[130.76819,32.778474],[130.76818,32.778435],[130.768153,32.778416],[130.767932,32.778424],[130.767667,32.778433],[130.767648,32.778451],[130.767669,32.778603],[130.767678,32.778677],[130.767699,32.778836],[130.767709,32.778925],[130.767715,32.778966],[130.767727,32.779061]]]}},{"type":"Feature","properties":{"ParkName":"街区公園","ParkType":"公園","ParkCode":3021,"Pref":"熊本県","Citycode":"43100","Cityname":"熊本市","FNDate":null},"geometry":{"type":"Polygon","coordinates":[[[130.762488,32.773371],[130.762608,32.773392],[130.762692,32.773412],[130.762713,32.7734],[130.762715,32.773189],[130.762716,32.773127],[130.762717,32.773074],[130.762716,32.772945],[130.762695,32.77293],[130.76265,32.772933],[130.762501,32.772945],[130.762457,32.772948],[130.762423,32.772951],[130.76243,32.773022],[130.762432,32.773059],[130.762409,32.7731],[130.762406,32.773126],[130.762398,32.773155],[130.762388,32.773181],[130.762319,32.773301],[130.762488,32.773371]]]}},{"type":"Feature","properties":{"ParkName":"街区公園","ParkType":"公園","ParkCode":3021,"Pref":"熊本県","Citycode":"43100","Cityname":"熊本市","FNDate":null},"geometry":{"type":"Polygon","coordinates":[[[130.744266,32.778763],[130.74439,32.778775],[130.744704,32.778807],[130.744714,32.778808],[130.744771,32.77837],[130.744726,32.778365],[130.744362,32.778328],[130.744326,32.778324],[130.744266,32.778763]]]}},{"type":"Feature","properties":{"ParkName":"街区公園","ParkType":"公園","ParkCode":3021,"Pref":"熊本県","Citycode":"43100","Cityname":"熊本市","FNDate":null},"geometry":{"type":"Polygon","coordinates":[[[130.743641,32.776536],[130.743264,32.776415],[130.743236,32.776426],[130.743196,32.776515],[130.743056,32.776826],[130.743075,32.776851],[130.743165,32.776885],[130.743442,32.776992],[130.743641,32.776536]]]}},{"type":"Feature","properties":{"ParkName":"街区公園","ParkType":"公園","ParkCode":3021,"Pref":"熊本県","Citycode":"43100","Cityname":"熊本市","FNDate":null},"geometry":{"type":"Polygon","coordinates":[[[130.745604,32.794965],[130.745584,32.794988],[130.745593,32.795127],[130.74561,32.795416],[130.74561,32.795419],[130.745614,32.795487],[130.745642,32.795504],[130.745668,32.795502],[130.745763,32.795497],[130.745821,32.795493],[130.745838,32.795492],[130.746181,32.795473],[130.746245,32.795469],[130.746263,32.795448],[130.74621,32.795244],[130.74613,32.794936],[130.746106,32.794847],[130.746092,32.794792],[130.74609,32.794791],[130.746067,32.794778],[130.746067,32.794778],[130.746031,32.794792],[130.746,32.794805],[130.745765,32.794899],[130.745723,32.794915],[130.745696,32.794926],[130.745672,32.794936],[130.74567,32.794937],[130.74567,32.794937],[130.745669,32.794937],[130.745668,32.794938],[130.745607,32.794963],[130.745604,32.794965]]]}},{"type":"Feature","properties":{"ParkName":"街区公園","ParkType":"公園","ParkCode":3021,"Pref":"熊本県","Citycode":"43100","Cityname":"熊本市","FNDate":null},"geometry":{"type":"Polygon","coordinates":[[[130.741989,32.793566],[130.742023,32.793644],[130.742053,32.793641],[130.742054,32.793641],[130.742058,32.793641],[130.742064,32.793617],[130.742121,32.793349],[130.742121,32.793348],[130.742167,32.793156],[130.74217,32.79313],[130.74217,32.793116],[130.742169,32.793107],[130.742164,32.7931],[130.742154,32.793094],[130.742144,32.79309],[130.741603,32.793132],[130.741602,32.793132],[130.7416,32.793134],[130.741597,32.793138],[130.741595,32.793143],[130.741594,32.793148],[130.741594,32.793153],[130.741595,32.793158],[130.741597,32.793162],[130.741601,32.793166],[130.741605,32.79317],[130.741662,32.793213],[130.741697,32.79324],[130.741756,32.793249],[130.741794,32.793284],[130.741818,32.793318],[130.741819,32.79333],[130.741879,32.793392],[130.741894,32.793408],[130.741897,32.793411],[130.741921,32.793438],[130.741929,32.793448],[130.741989,32.793566]]]}},{"type":"Feature","properties":{"ParkName":"街区公園","ParkType":"公園","ParkCode":3021,"Pref":"熊本県","Citycode":"43100","Cityname":"熊本市","FNDate":null},"geometry":{"type":"Polygon","coordinates":[[[130.742752,32.79209],[130.74309,32.7922],[130.743142,32.79208],[130.743259,32.79181],[130.743328,32.791647],[130.743313,32.791623],[130.742916,32.79155],[130.742903,32.791556],[130.742889,32.791565],[130.742845,32.791741],[130.742843,32.79175],[130.742842,32.791756],[130.742839,32.791765],[130.742821,32.791839],[130.742816,32.791857],[130.742813,32.79187],[130.742795,32.791942],[130.74277,32.792038],[130.742769,32.792042],[130.742756,32.792079],[130.742752,32.79209]]]}},{"type":"Feature","properties":{"ParkName":"街区公園","ParkType":"公園","ParkCode":3021,"Pref":"熊本県","Citycode":"43100","Cityname":"熊本市","FNDate":null},"geometry":{"type":"Polygon","coordinates":[[[130.744482,32.786552],[130.744701,32.78656],[130.74485,32.786564],[130.745103,32.786571],[130.745127,32.786552],[130.745141,32.786279],[130.745148,32.786105],[130.745127,32.786086],[130.744911,32.786092],[130.744852,32.786094],[130.744502,32.786104],[130.744475,32.786126],[130.74446,32.786536],[130.744482,32.786552]]]}},{"type":"Feature","properties":{"ParkName":"街区公園","ParkType":"公園","ParkCode":3021,"Pref":"熊本県","Citycode":"43100","Cityname":"熊本市","FNDate":null},"geometry":{"type":"Polygon","coordinates":[[[130.768556,32.776055],[130.769598,32.776069],[130.76962,32.776049],[130.769616,32.775901],[130.76961,32.775739],[130.769588,32.775723],[130.769473,32.775725],[130.769327,32.775728],[130.769194,32.77573],[130.76893,32.775735],[130.768851,32.775737],[130.768705,32.775739],[130.768652,32.77574],[130.768554,32.775741],[130.768551,32.775742],[130.768528,32.775761],[130.76853,32.775899],[130.768533,32.776034],[130.768556,32.776055]]]}},{"type":"Feature","properties":{"ParkName":"街区公園","ParkType":"公園","ParkCode":3021,"Pref":"熊本県","Citycode":"43100","Cityname":"熊本市","FNDate":null},"geometry":{"type":"Polygon","coordinates":[[[130.734486,32.777384],[130.734257,32.77737],[130.734255,32.777393],[130.734257,32.777423],[130.734259,32.777434],[130.734267,32.777449],[130.73428,32.777465],[130.734292,32.777474],[130.734309,32.777484],[130.73436,32.777508],[130.734655,32.777644],[130.734718,32.777677],[130.734733,32.777684],[130.734742,32.777685],[130.734762,32.777686],[130.734774,32.777682],[130.734786,32.777676],[130.734805,32.777656],[130.734825,32.777625],[130.734912,32.777499],[130.734954,32.777473],[130.734982,32.777461],[130.735009,32.777457],[130.735156,32.777457],[130.735233,32.777453],[130.735301,32.777451],[130.735371,32.777452],[130.735443,32.777454],[130.735549,32.77746],[130.735648,32.777466],[130.735685,32.777469],[130.735705,32.777473],[130.735699,32.77741],[130.73567,32.777412],[130.735596,32.777415],[130.735466,32.777418],[130.735309,32.77742],[130.735213,32.77742],[130.735176,32.77742],[130.735081,32.777419],[130.734992,32.777415],[130.734933,32.777413],[130.734855,32.777408],[130.734783,32.777403],[130.734742,32.7774],[130.734486,32.777384]]]}},{"type":"Feature","properties":{"ParkName":"街区公園","ParkType":"公園","ParkCode":3021,"Pref":"熊本県","Citycode":"43100","Cityname":"熊本市","FNDate":null},"geometry":{"type":"Polygon","coordinates":[[[130.731286,32.77804],[130.731301,32.778057],[130.731444,32.778071],[130.73157,32.778083],[130.731581,32.778084],[130.731605,32.778066],[130.73166,32.777567],[130.731639,32.777547],[130.731429,32.777532],[130.731402,32.777548],[130.731286,32.77804]]]}},{"type":"Feature","properties":{"ParkName":"街区公園","ParkType":"公園","ParkCode":3021,"Pref":"熊本県","Citycode":"43100","Cityname":"熊本市","FNDate":null},"geometry":{"type":"Polygon","coordinates":[[[130.72936,32.77662],[130.729137,32.77668],[130.728936,32.776734],[130.728789,32.776774],[130.72877,32.776795],[130.728771,32.776797],[130.728808,32.776962],[130.728834,32.776983],[130.728908,32.776986],[130.728916,32.776986],[130.728946,32.776987],[130.72897,32.776987],[130.729169,32.776994],[130.729359,32.777001],[130.729384,32.776983],[130.729384,32.776828],[130.729384,32.776819],[130.729384,32.776804],[130.729384,32.77679],[130.729384,32.776787],[130.729382,32.776635],[130.72936,32.77662]]]}},{"type":"Feature","properties":{"ParkName":"街区公園","ParkType":"公園","ParkCode":3021,"Pref":"熊本県","Citycode":"43100","Cityname":"熊本市","FNDate":null},"geometry":{"type":"Polygon","coordinates":[[[130.773163,32.782452],[130.773226,32.782451],[130.773353,32.782449],[130.773536,32.782446],[130.773685,32.782444],[130.773707,32.782425],[130.773702,32.782229],[130.7737,32.782113],[130.7737,32.782094],[130.773698,32.782034],[130.773683,32.782021],[130.773325,32.782026],[130.773154,32.782027],[130.773138,32.782041],[130.773139,32.782056],[130.773143,32.782226],[130.773143,32.782231],[130.773144,32.782281],[130.773148,32.78244],[130.773163,32.782452]]]}},{"type":"Feature","properties":{"ParkName":"街区公園","ParkType":"公園","ParkCode":3021,"Pref":"熊本県","Citycode":"43100","Cityname":"熊本市","FNDate":null},"geometry":{"type":"Polygon","coordinates":[[[130.675576,32.801002],[130.675585,32.800994],[130.675645,32.800949],[130.675683,32.800927],[130.675688,32.800924],[130.675782,32.80086],[130.6758,32.800847],[130.675822,32.800821],[130.67583,32.80081],[130.675832,32.800797],[130.675833,32.80077],[130.675829,32.800751],[130.675817,32.800706],[130.675807,32.800698],[130.675664,32.800628],[130.675524,32.800811],[130.67505,32.800571],[130.674883,32.800603],[130.674895,32.800628],[130.674893,32.800663],[130.674893,32.800663],[130.67489,32.800667],[130.675576,32.801002]]]}},{"type":"Feature","properties":{"ParkName":"街区公園","ParkType":"公園","ParkCode":3021,"Pref":"熊本県","Citycode":"43100","Cityname":"熊本市","FNDate":null},"geometry":{"type":"Polygon","coordinates":[[[130.743112,32.803788],[130.743194,32.803709],[130.74329,32.803623],[130.743066,32.80343],[130.74287,32.803606],[130.743112,32.803788]]]}},{"type":"Feature","properties":{"ParkName":"街区公園","ParkType":"公園","ParkCode":3021,"Pref":"熊本県","Citycode":"43100","Cityname":"熊本市","FNDate":null},"geometry":{"type":"Polygon","coordinates":[[[130.747628,32.789234],[130.747651,32.789253],[130.748355,32.789271],[130.748377,32.789251],[130.748373,32.788968],[130.74835,32.788949],[130.747646,32.788941],[130.747625,32.78896],[130.747625,32.788963],[130.747628,32.789234]]]}},{"type":"Feature","properties":{"ParkName":"街区公園","ParkType":"公園","ParkCode":3021,"Pref":"熊本県","Citycode":"43100","Cityname":"熊本市","FNDate":null},"geometry":{"type":"Polygon","coordinates":[[[130.739538,32.842833],[130.739631,32.842853],[130.739759,32.842881],[130.739833,32.842897],[130.739845,32.842898],[130.739849,32.842896],[130.739852,32.842896],[130.739858,32.842893],[130.739873,32.842848],[130.739906,32.842748],[130.739936,32.842655],[130.73994,32.842643],[130.739944,32.842631],[130.739948,32.842619],[130.739989,32.8425],[130.739996,32.842473],[130.739998,32.842467],[130.740012,32.842439],[130.740015,32.842433],[130.740041,32.842394],[130.740078,32.842335],[130.74008,32.842331],[130.740083,32.842328],[130.740088,32.842322],[130.740106,32.842298],[130.740107,32.842298],[130.740116,32.842287],[130.740125,32.842275],[130.740094,32.842268],[130.74005,32.842259],[130.740009,32.84225],[130.739966,32.84224],[130.739928,32.842233],[130.739929,32.842231],[130.739911,32.842228],[130.739886,32.842225],[130.73987,32.842225],[130.739853,32.842236],[130.73983,32.842279],[130.739801,32.842326],[130.739768,32.842384],[130.739756,32.842403],[130.739734,32.842441],[130.7397,32.842498],[130.739676,32.84254],[130.73965,32.842585],[130.739609,32.842656],[130.739585,32.842698],[130.739561,32.842739],[130.739523,32.842801],[130.739529,32.842822],[130.739529,32.842823],[130.73953,32.842824],[130.739532,32.842829],[130.739536,32.842832],[130.739538,32.842833]]]}},{"type":"Feature","properties":{"ParkName":"街区公園","ParkType":"公園","ParkCode":3021,"Pref":"熊本県","Citycode":"43100","Cityname":"熊本市","FNDate":null},"geometry":{"type":"Polygon","coordinates":[[[130.748674,32.824557],[130.748691,32.824579],[130.748737,32.824557],[130.748863,32.824496],[130.748928,32.824558],[130.749076,32.824692],[130.749174,32.824619],[130.749254,32.824558],[130.749345,32.824492],[130.749364,32.824479],[130.749382,32.824466],[130.749382,32.824465],[130.749199,32.82423],[130.749195,32.824225],[130.749175,32.824195],[130.749115,32.824109],[130.749052,32.824056],[130.748991,32.823955],[130.748923,32.823986],[130.748924,32.824057],[130.748922,32.824079],[130.748916,32.824097],[130.748911,32.82411],[130.748894,32.82414],[130.748881,32.824158],[130.748858,32.824175],[130.748766,32.824248],[130.748611,32.824355],[130.748608,32.824357],[130.748593,32.824371],[130.748589,32.824382],[130.748588,32.824395],[130.748598,32.824448],[130.748674,32.824557]]]}},{"type":"Feature","properties":{"ParkName":"街区公園","ParkType":"公園","ParkCode":3021,"Pref":"熊本県","Citycode":"43100","Cityname":"熊本市","FNDate":null},"geometry":{"type":"Polygon","coordinates":[[[130.756488,32.817232],[130.756359,32.817269],[130.756341,32.817275],[130.756325,32.817279],[130.756255,32.817301],[130.756184,32.817323],[130.756179,32.817325],[130.756153,32.817332],[130.756097,32.817349],[130.756005,32.817376],[130.755996,32.817402],[130.756019,32.817429],[130.756063,32.817481],[130.756142,32.817574],[130.756206,32.817647],[130.756215,32.817649],[130.756238,32.817655],[130.756275,32.817644],[130.75633,32.817628],[130.756378,32.817615],[130.756419,32.817603],[130.756485,32.817584],[130.756604,32.81755],[130.756619,32.817545],[130.756683,32.817527],[130.756728,32.817515],[130.756488,32.817232]]]}},{"type":"Feature","properties":{"ParkName":"街区公園","ParkType":"公園","ParkCode":3021,"Pref":"熊本県","Citycode":"43100","Cityname":"熊本市","FNDate":null},"geometry":{"type":"Polygon","coordinates":[[[130.777289,32.775941],[130.777309,32.775966],[130.777507,32.776024],[130.777652,32.776068],[130.777746,32.776096],[130.777764,32.776086],[130.777788,32.775986],[130.777803,32.775916],[130.777831,32.775802],[130.777858,32.775691],[130.777877,32.775607],[130.777892,32.775547],[130.777881,32.775531],[130.777686,32.775498],[130.777462,32.77546],[130.777304,32.775433],[130.777279,32.77545],[130.777289,32.775915],[130.777289,32.775941]]]}},{"type":"Feature","properties":{"ParkName":"街区公園","ParkType":"公園","ParkCode":3021,"Pref":"熊本県","Citycode":"43100","Cityname":"熊本市","FNDate":null},"geometry":{"type":"Polygon","coordinates":[[[130.720264,32.778753],[130.720288,32.778732],[130.720305,32.778503],[130.720316,32.778363],[130.720325,32.778268],[130.720305,32.778246],[130.720106,32.778235],[130.720102,32.778235],[130.719949,32.778228],[130.719934,32.77824],[130.719915,32.778502],[130.719908,32.778578],[130.719897,32.778711],[130.719917,32.778735],[130.720101,32.778745],[130.720104,32.778745],[130.720264,32.778753]]]}},{"type":"Feature","properties":{"ParkName":"街区公園","ParkType":"公園","ParkCode":3021,"Pref":"熊本県","Citycode":"43100","Cityname":"熊本市","FNDate":null},"geometry":{"type":"Polygon","coordinates":[[[130.699509,32.8308],[130.699537,32.830804],[130.700303,32.83092],[130.700321,32.830924],[130.700421,32.830678],[130.700364,32.830663],[130.700339,32.830659],[130.700288,32.830656],[130.700228,32.830652],[130.700178,32.830648],[130.700078,32.830635],[130.700024,32.830624],[130.7,32.830619],[130.699947,32.830608],[130.699902,32.830597],[130.699863,32.830586],[130.699825,32.830574],[130.699795,32.830562],[130.699768,32.830551],[130.699737,32.830536],[130.699671,32.830498],[130.699585,32.830445],[130.699581,32.830445],[130.699573,32.830448],[130.699567,32.830452],[130.699561,32.830462],[130.699557,32.830477],[130.699547,32.830523],[130.699543,32.830559],[130.699535,32.830621],[130.699531,32.830651],[130.699518,32.830735],[130.699509,32.8308]]]}},{"type":"Feature","properties":{"ParkName":"街区公園","ParkType":"公園","ParkCode":3021,"Pref":"熊本県","Citycode":"43100","Cityname":"熊本市","FNDate":null},"geometry":{"type":"Polygon","coordinates":[[[130.759157,32.84782],[130.759178,32.847841],[130.759325,32.847857],[130.759393,32.847862],[130.759518,32.847873],[130.759545,32.847854],[130.759551,32.847814],[130.759564,32.847705],[130.759566,32.847679],[130.759578,32.847576],[130.759579,32.847569],[130.759584,32.847519],[130.759598,32.847426],[130.759575,32.847408],[130.759458,32.847397],[130.759364,32.847388],[130.759235,32.847376],[130.759209,32.847393],[130.759196,32.847491],[130.759189,32.847555],[130.759186,32.847575],[130.759167,32.847725],[130.759157,32.84782]]]}},{"type":"Feature","properties":{"ParkName":"街区公園","ParkType":"公園","ParkCode":3021,"Pref":"熊本県","Citycode":"43100","Cityname":"熊本市","FNDate":null},"geometry":{"type":"Polygon","coordinates":[[[130.753641,32.816745],[130.75367,32.816757],[130.753783,32.816723],[130.753849,32.816704],[130.754023,32.816652],[130.754038,32.816622],[130.75397,32.816452],[130.753906,32.816297],[130.753863,32.816191],[130.753852,32.816161],[130.753722,32.81626],[130.753616,32.816342],[130.753537,32.816403],[130.753518,32.816418],[130.753515,32.816433],[130.753512,32.816444],[130.753515,32.816451],[130.753516,32.816454],[130.753537,32.816504],[130.753564,32.816567],[130.753595,32.816637],[130.753621,32.816697],[130.753641,32.816745]]]}},{"type":"Feature","properties":{"ParkName":"街区公園","ParkType":"公園","ParkCode":3021,"Pref":"熊本県","Citycode":"43100","Cityname":"熊本市","FNDate":null},"geometry":{"type":"Polygon","coordinates":[[[130.733443,32.797736],[130.73342,32.797722],[130.733245,32.798026],[130.733531,32.798159],[130.733577,32.79819],[130.733589,32.798179],[130.733652,32.798121],[130.733685,32.798088],[130.733701,32.798072],[130.73379,32.797984],[130.733781,32.79796],[130.733607,32.797846],[130.733443,32.797736]]]}},{"type":"Feature","properties":{"ParkName":"街区公園","ParkType":"公園","ParkCode":3021,"Pref":"熊本県","Citycode":"43100","Cityname":"熊本市","FNDate":null},"geometry":{"type":"Polygon","coordinates":[[[130.750901,32.786072],[130.751055,32.786079],[130.751111,32.786082],[130.751258,32.786089],[130.751398,32.786096],[130.751551,32.786104],[130.751942,32.786122],[130.751966,32.786104],[130.75197,32.786037],[130.751976,32.785933],[130.751979,32.785899],[130.751989,32.785732],[130.751967,32.785712],[130.75189,32.785708],[130.751824,32.785705],[130.751518,32.785691],[130.751295,32.785681],[130.751273,32.78568],[130.751259,32.785679],[130.750919,32.785665],[130.750905,32.785675],[130.750895,32.785683],[130.750877,32.786035],[130.750876,32.786054],[130.750901,32.786072]]]}},{"type":"Feature","properties":{"ParkName":"街区公園","ParkType":"公園","ParkCode":3021,"Pref":"熊本県","Citycode":"43100","Cityname":"熊本市","FNDate":null},"geometry":{"type":"Polygon","coordinates":[[[130.680755,32.766361],[130.680773,32.766358],[130.680874,32.766337],[130.680891,32.766312],[130.680839,32.766141],[130.680827,32.766103],[130.68074,32.765819],[130.680709,32.765805],[130.680624,32.765825],[130.68054,32.765844],[130.680526,32.765865],[130.680528,32.765871],[130.680555,32.765968],[130.680618,32.766174],[130.680671,32.766346],[130.680676,32.766364],[130.6807,32.766373],[130.680702,32.766372],[130.680755,32.766361]]]}},{"type":"Feature","properties":{"ParkName":"街区公園","ParkType":"公園","ParkCode":3021,"Pref":"熊本県","Citycode":"43100","Cityname":"熊本市","FNDate":null},"geometry":{"type":"Polygon","coordinates":[[[130.719885,32.81864],[130.719885,32.8187],[130.719893,32.818704],[130.719921,32.818717],[130.719975,32.818736],[130.719979,32.818737],[130.719986,32.818739],[130.720033,32.818748],[130.720046,32.818749],[130.720109,32.818756],[130.720119,32.818757],[130.720135,32.818757],[130.720247,32.81876],[130.72035,32.818762],[130.720368,32.818761],[130.720385,32.81876],[130.720424,32.818756],[130.720444,32.818751],[130.720462,32.818741],[130.720474,32.818726],[130.720483,32.818699],[130.720461,32.818547],[130.720459,32.818531],[130.720463,32.818524],[130.720453,32.818404],[130.720083,32.818421],[130.72002,32.818423],[130.719915,32.818419],[130.71988,32.818418],[130.719883,32.818499],[130.719885,32.81864]]]}},{"type":"Feature","properties":{"ParkName":"街区公園","ParkType":"公園","ParkCode":3021,"Pref":"熊本県","Citycode":"43100","Cityname":"熊本市","FNDate":null},"geometry":{"type":"Polygon","coordinates":[[[130.735945,32.841961],[130.735981,32.841982],[130.736119,32.842059],[130.736219,32.842116],[130.736324,32.842176],[130.736407,32.842225],[130.736457,32.842254],[130.73652,32.842291],[130.736649,32.842363],[130.7367,32.842286],[130.736742,32.842224],[130.73676,32.842201],[130.736775,32.842161],[130.736726,32.842146],[130.736653,32.842117],[130.736618,32.842102],[130.736547,32.842073],[130.736515,32.842059],[130.736497,32.842048],[130.736428,32.842002],[130.736373,32.841963],[130.7363,32.84191],[130.736241,32.841868],[130.736185,32.841827],[130.736133,32.841791],[130.736111,32.841775],[130.736095,32.841783],[130.736086,32.841794],[130.736001,32.841895],[130.735996,32.841901],[130.735988,32.84191],[130.735945,32.841961]]]}},{"type":"Feature","properties":{"ParkName":"街区公園","ParkType":"公園","ParkCode":3021,"Pref":"熊本県","Citycode":"43100","Cityname":"熊本市","FNDate":null},"geometry":{"type":"Polygon","coordinates":[[[130.753949,32.814901],[130.75398,32.814911],[130.754042,32.814891],[130.754059,32.814886],[130.754076,32.814881],[130.754088,32.814877],[130.754157,32.814855],[130.754206,32.81484],[130.754263,32.814822],[130.754343,32.814798],[130.754343,32.814798],[130.754384,32.814786],[130.754449,32.814766],[130.754521,32.814744],[130.754536,32.814717],[130.754528,32.814707],[130.754483,32.814651],[130.754444,32.814602],[130.754438,32.814595],[130.754411,32.814559],[130.7544,32.814553],[130.754386,32.814543],[130.754251,32.814515],[130.754158,32.814496],[130.75408,32.814481],[130.753961,32.814458],[130.753914,32.814449],[130.753909,32.814448],[130.753771,32.814422],[130.75375,32.814445],[130.753782,32.814514],[130.753824,32.814614],[130.75386,32.814698],[130.75387,32.81472],[130.753877,32.814737],[130.753884,32.814753],[130.753885,32.814757],[130.753924,32.814846],[130.753949,32.814901]]]}},{"type":"Feature","properties":{"ParkName":"街区公園","ParkType":"公園","ParkCode":3021,"Pref":"熊本県","Citycode":"43100","Cityname":"熊本市","FNDate":null},"geometry":{"type":"Polygon","coordinates":[[[130.75431,32.789582],[130.754332,32.789602],[130.754362,32.789603],[130.754933,32.789624],[130.754957,32.789606],[130.75497,32.7894],[130.754978,32.789267],[130.754956,32.789247],[130.754356,32.789219],[130.754332,32.789237],[130.754322,32.789399],[130.75431,32.789582]]]}},{"type":"Feature","properties":{"ParkName":"街区公園","ParkType":"公園","ParkCode":3021,"Pref":"熊本県","Citycode":"43100","Cityname":"熊本市","FNDate":null},"geometry":{"type":"Polygon","coordinates":[[[130.748905,32.786579],[130.748882,32.78656],[130.748313,32.786534],[130.7483,32.786558],[130.748303,32.786561],[130.748424,32.786681],[130.748426,32.786683],[130.748431,32.786688],[130.748474,32.786733],[130.748621,32.786875],[130.748875,32.787121],[130.748904,32.787111],[130.748905,32.787111],[130.748905,32.786689],[130.748905,32.786684],[130.748905,32.786579]]]}},{"type":"Feature","properties":{"ParkName":"街区公園","ParkType":"公園","ParkCode":3021,"Pref":"熊本県","Citycode":"43100","Cityname":"熊本市","FNDate":null},"geometry":{"type":"Polygon","coordinates":[[[130.777608,32.783844],[130.777966,32.783837],[130.778253,32.783834],[130.778271,32.783818],[130.778267,32.783627],[130.778263,32.783435],[130.77825,32.783422],[130.778162,32.783423],[130.777948,32.783427],[130.777809,32.783429],[130.777578,32.783431],[130.777532,32.783432],[130.777509,32.783451],[130.77751,32.783496],[130.777511,32.783566],[130.777515,32.783703],[130.777518,32.783824],[130.77754,32.783845],[130.777608,32.783844]]]}},{"type":"Feature","properties":{"ParkName":"街区公園","ParkType":"公園","ParkCode":3021,"Pref":"熊本県","Citycode":"43100","Cityname":"熊本市","FNDate":null},"geometry":{"type":"Polygon","coordinates":[[[130.780426,32.781672],[130.780429,32.781816],[130.78043,32.781841],[130.780431,32.781842],[130.780448,32.781851],[130.780524,32.78185],[130.780625,32.781847],[130.780661,32.781847],[130.780695,32.781846],[130.780892,32.781843],[130.780919,32.781829],[130.781001,32.781586],[130.781014,32.781547],[130.781059,32.781416],[130.781061,32.781411],[130.781049,32.781395],[130.781041,32.781393],[130.780896,32.781348],[130.78085,32.781333],[130.780788,32.781312],[130.780767,32.781317],[130.780752,32.781333],[130.780637,32.781448],[130.780509,32.781577],[130.780433,32.781655],[130.780426,32.781672]]]}},{"type":"Feature","properties":{"ParkName":"街区公園","ParkType":"公園","ParkCode":3021,"Pref":"熊本県","Citycode":"43100","Cityname":"熊本市","FNDate":null},"geometry":{"type":"Polygon","coordinates":[[[130.781295,32.779287],[130.781278,32.779304],[130.781804,32.779699],[130.782042,32.779195],[130.782003,32.779185],[130.781999,32.779184],[130.78199,32.779182],[130.781793,32.779137],[130.781717,32.779119],[130.781528,32.779075],[130.781508,32.77908],[130.781497,32.779083],[130.781491,32.779089],[130.78145,32.779132],[130.781445,32.779138],[130.781404,32.779178],[130.781295,32.779287]]]}},{"type":"Feature","properties":{"ParkName":"街区公園","ParkType":"公園","ParkCode":3021,"Pref":"熊本県","Citycode":"43100","Cityname":"熊本市","FNDate":null},"geometry":{"type":"Polygon","coordinates":[[[130.776338,32.779576],[130.776506,32.779573],[130.776834,32.779567],[130.776872,32.779565],[130.776974,32.779555],[130.776975,32.779534],[130.776811,32.779166],[130.776804,32.779158],[130.776515,32.779164],[130.776323,32.779169],[130.776305,32.77918],[130.77631,32.779329],[130.776311,32.779363],[130.776314,32.779557],[130.776338,32.779576]]]}},{"type":"Feature","properties":{"ParkName":"街区公園","ParkType":"公園","ParkCode":3021,"Pref":"熊本県","Citycode":"43100","Cityname":"熊本市","FNDate":null},"geometry":{"type":"Polygon","coordinates":[[[130.719262,32.787304],[130.719648,32.787302],[130.719647,32.787277],[130.719645,32.787156],[130.719641,32.787038],[130.71962,32.787022],[130.719299,32.787026],[130.719274,32.787044],[130.719264,32.787266],[130.719262,32.787304]]]}},{"type":"Feature","properties":{"ParkName":"街区公園","ParkType":"公園","ParkCode":3021,"Pref":"熊本県","Citycode":"43100","Cityname":"熊本市","FNDate":null},"geometry":{"type":"Polygon","coordinates":[[[130.713435,32.829872],[130.713508,32.829848],[130.713571,32.829828],[130.713621,32.829816],[130.71367,32.829806],[130.713721,32.829796],[130.71377,32.829789],[130.713806,32.829786],[130.713844,32.829785],[130.713887,32.829783],[130.713925,32.829784],[130.71395,32.829761],[130.713967,32.8296],[130.713973,32.829548],[130.713977,32.8295],[130.713959,32.829479],[130.713838,32.829476],[130.713715,32.829473],[130.713526,32.829469],[130.71344,32.829466],[130.713407,32.829469],[130.713292,32.829553],[130.713279,32.829579],[130.713355,32.829747],[130.713405,32.829861],[130.713435,32.829872]]]}},{"type":"Feature","properties":{"ParkName":"街区公園","ParkType":"公園","ParkCode":3021,"Pref":"熊本県","Citycode":"43100","Cityname":"熊本市","FNDate":null},"geometry":{"type":"Polygon","coordinates":[[[130.758014,32.850409],[130.758035,32.850427],[130.758089,32.850431],[130.758208,32.850441],[130.758298,32.850449],[130.758332,32.850452],[130.758408,32.850461],[130.758494,32.850469],[130.758561,32.850475],[130.758664,32.850484],[130.758723,32.850489],[130.758748,32.850469],[130.758755,32.850409],[130.758767,32.850304],[130.758783,32.850182],[130.758763,32.850162],[130.758624,32.85015],[130.758463,32.850136],[130.758333,32.850124],[130.758119,32.850104],[130.758071,32.850101],[130.758047,32.850116],[130.75804,32.850179],[130.758026,32.850288],[130.758014,32.850409]]]}},{"type":"Feature","properties":{"ParkName":"街区公園","ParkType":"公園","ParkCode":3021,"Pref":"熊本県","Citycode":"43100","Cityname":"熊本市","FNDate":null},"geometry":{"type":"Polygon","coordinates":[[[130.756495,32.845102],[130.756964,32.845123],[130.757186,32.845133],[130.757207,32.845114],[130.757225,32.844879],[130.757207,32.84486],[130.757032,32.844839],[130.756957,32.844832],[130.756871,32.844826],[130.756845,32.844825],[130.756764,32.844823],[130.756637,32.84482],[130.756488,32.844825],[130.756465,32.844826],[130.75647,32.845005],[130.756473,32.845083],[130.756495,32.845102]]]}},{"type":"Feature","properties":{"ParkName":"街区公園","ParkType":"公園","ParkCode":3021,"Pref":"熊本県","Citycode":"43100","Cityname":"熊本市","FNDate":null},"geometry":{"type":"Polygon","coordinates":[[[130.761723,32.853083],[130.761714,32.853089],[130.761753,32.853097],[130.761941,32.853146],[130.762131,32.853207],[130.762015,32.853553],[130.762015,32.853554],[130.762046,32.853563],[130.76205,32.853563],[130.762121,32.853564],[130.762143,32.853548],[130.76217,32.853412],[130.762187,32.853316],[130.762203,32.853229],[130.762206,32.853212],[130.762231,32.853078],[130.762242,32.853012],[130.762264,32.852886],[130.762127,32.852839],[130.762033,32.852898],[130.761949,32.852949],[130.761904,32.852977],[130.76181,32.853032],[130.761723,32.853083]]]}},{"type":"Feature","properties":{"ParkName":"街区公園","ParkType":"公園","ParkCode":3021,"Pref":"熊本県","Citycode":"43100","Cityname":"熊本市","FNDate":null},"geometry":{"type":"Polygon","coordinates":[[[130.76261,32.852572],[130.762606,32.852596],[130.762606,32.852619],[130.76261,32.852637],[130.762625,32.852656],[130.762656,32.852677],[130.762675,32.852681],[130.762783,32.852699],[130.763022,32.852749],[130.76305,32.852732],[130.763087,32.852596],[130.763135,32.85241],[130.763146,32.852363],[130.763156,32.852316],[130.763168,32.852261],[130.763181,32.85221],[130.763183,32.852191],[130.76313,32.852223],[130.763059,32.852267],[130.76301,32.852298],[130.762941,32.852339],[130.762895,32.852369],[130.762869,32.852385],[130.762797,32.85243],[130.762772,32.852445],[130.762745,32.852462],[130.762711,32.852482],[130.762652,32.852518],[130.762621,32.852538],[130.76261,32.852572]]]}},{"type":"Feature","properties":{"ParkName":"街区公園","ParkType":"公園","ParkCode":3021,"Pref":"熊本県","Citycode":"43100","Cityname":"熊本市","FNDate":null},"geometry":{"type":"Polygon","coordinates":[[[130.770195,32.853291],[130.770277,32.853338],[130.770319,32.853361],[130.77033,32.853368],[130.770405,32.85341],[130.770418,32.853417],[130.770481,32.853453],[130.770568,32.853501],[130.770618,32.853531],[130.770623,32.853531],[130.770648,32.853527],[130.770655,32.853526],[130.770658,32.853522],[130.770671,32.853505],[130.770679,32.853495],[130.770716,32.85345],[130.77074,32.853419],[130.770772,32.853378],[130.770787,32.853361],[130.770822,32.853316],[130.77083,32.853306],[130.770829,32.853294],[130.770827,32.853282],[130.770768,32.853248],[130.770628,32.85317],[130.770583,32.853143],[130.770559,32.853126],[130.770557,32.853126],[130.770542,32.853117],[130.770536,32.853114],[130.7705,32.853093],[130.770487,32.853086],[130.770461,32.853071],[130.770444,32.853062],[130.770434,32.853056],[130.770405,32.85304],[130.770375,32.853023],[130.770346,32.853007],[130.77034,32.853003],[130.770331,32.853005],[130.770306,32.853011],[130.770277,32.853047],[130.770219,32.85312],[130.770159,32.853194],[130.77013,32.853232],[130.770136,32.853258],[130.770195,32.853291]]]}},{"type":"Feature","properties":{"ParkName":"街区公園","ParkType":"公園","ParkCode":3021,"Pref":"熊本県","Citycode":"43100","Cityname":"熊本市","FNDate":null},"geometry":{"type":"Polygon","coordinates":[[[130.772835,32.854489],[130.772852,32.854406],[130.772859,32.85437],[130.77286,32.854364],[130.772868,32.854325],[130.772878,32.854269],[130.772899,32.854164],[130.772904,32.854132],[130.772924,32.854029],[130.772935,32.853961],[130.77295,32.853889],[130.772956,32.853863],[130.772943,32.853835],[130.772848,32.853795],[130.772809,32.853778],[130.772714,32.853737],[130.772686,32.853745],[130.772658,32.85379],[130.772619,32.853855],[130.772617,32.853857],[130.772584,32.853908],[130.772549,32.853969],[130.772531,32.853994],[130.772508,32.854034],[130.772479,32.854078],[130.772439,32.854142],[130.772401,32.854206],[130.772385,32.854234],[130.772341,32.854301],[130.772311,32.854349],[130.772315,32.854362],[130.772316,32.854363],[130.772318,32.854369],[130.772322,32.854375],[130.772379,32.854401],[130.772428,32.854424],[130.77247,32.854443],[130.772524,32.854468],[130.772564,32.854479],[130.772628,32.854498],[130.772664,32.854509],[130.772671,32.854512],[130.772692,32.854519],[130.772752,32.854537],[130.772799,32.854551],[130.772826,32.854535],[130.772835,32.854489]]]}},{"type":"Feature","properties":{"ParkName":"街区公園","ParkType":"公園","ParkCode":3021,"Pref":"熊本県","Citycode":"43100","Cityname":"熊本市","FNDate":null},"geometry":{"type":"Polygon","coordinates":[[[130.807936,32.816147],[130.80814,32.815911],[130.808077,32.815873],[130.808004,32.815828],[130.807899,32.815763],[130.807849,32.815733],[130.807829,32.815721],[130.807813,32.815711],[130.80778,32.815712],[130.807748,32.815749],[130.807735,32.815764],[130.807722,32.815779],[130.807713,32.815788],[130.80769,32.815815],[130.807685,32.815821],[130.807622,32.815894],[130.807603,32.815915],[130.807603,32.815916],[130.807603,32.815925],[130.807608,32.815944],[130.807626,32.815955],[130.807667,32.815981],[130.807698,32.816],[130.807729,32.816019],[130.807746,32.81603],[130.807807,32.816068],[130.807828,32.816081],[130.807863,32.816102],[130.807881,32.816113],[130.807897,32.816123],[130.8079,32.816125],[130.807911,32.816132],[130.807923,32.81614],[130.807936,32.816147]]]}},{"type":"Feature","properties":{"ParkName":"街区公園","ParkType":"公園","ParkCode":3021,"Pref":"熊本県","Citycode":"43100","Cityname":"熊本市","FNDate":null},"geometry":{"type":"Polygon","coordinates":[[[130.760871,32.774604],[130.760904,32.774815],[130.761273,32.774772],[130.761314,32.774768],[130.761311,32.774747],[130.761306,32.774711],[130.761239,32.774715],[130.761237,32.774701],[130.761221,32.774538],[130.761219,32.774539],[130.761194,32.774541],[130.760898,32.774575],[130.76089,32.774575],[130.760871,32.774604]]]}},{"type":"Feature","properties":{"ParkName":"街区公園","ParkType":"公園","ParkCode":3021,"Pref":"熊本県","Citycode":"43100","Cityname":"熊本市","FNDate":null},"geometry":{"type":"Polygon","coordinates":[[[130.731817,32.837112],[130.731849,32.837127],[130.73186,32.837136],[130.731922,32.837187],[130.731973,32.83723],[130.732027,32.837274],[130.732089,32.837327],[130.732097,32.837331],[130.732106,32.837332],[130.732114,32.83733],[130.732122,32.837325],[130.732131,32.837319],[130.732187,32.837238],[130.732252,32.837147],[130.732288,32.837099],[130.732267,32.83706],[130.732178,32.837016],[130.732085,32.83697],[130.731975,32.836916],[130.731967,32.836912],[130.731945,32.83694],[130.731836,32.837088],[130.731827,32.837086],[130.731812,32.837087],[130.731781,32.837109],[130.731793,32.837107],[130.731817,32.837112]]]}},{"type":"Feature","properties":{"ParkName":"街区公園","ParkType":"公園","ParkCode":3021,"Pref":"熊本県","Citycode":"43100","Cityname":"熊本市","FNDate":null},"geometry":{"type":"Polygon","coordinates":[[[130.746152,32.799764],[130.745868,32.799922],[130.745975,32.800205],[130.745977,32.80021],[130.745993,32.800247],[130.746009,32.800286],[130.746104,32.800234],[130.74639,32.800069],[130.746394,32.800054],[130.746184,32.799773],[130.746152,32.799764]]]}},{"type":"Feature","properties":{"ParkName":"街区公園","ParkType":"公園","ParkCode":3021,"Pref":"熊本県","Citycode":"43100","Cityname":"熊本市","FNDate":null},"geometry":{"type":"Polygon","coordinates":[[[130.72367,32.824449],[130.723813,32.824413],[130.723919,32.824386],[130.724006,32.824556],[130.724012,32.824553],[130.724035,32.82454],[130.724078,32.824512],[130.724091,32.824504],[130.724113,32.824488],[130.724143,32.824465],[130.724159,32.824453],[130.724034,32.824153],[130.723636,32.824211],[130.72364,32.824238],[130.723641,32.824252],[130.723645,32.824297],[130.723653,32.824338],[130.723659,32.824384],[130.723666,32.824424],[130.723668,32.82444],[130.72367,32.824449]]]}},{"type":"Feature","properties":{"ParkName":"街区公園","ParkType":"公園","ParkCode":3021,"Pref":"熊本県","Citycode":"43100","Cityname":"熊本市","FNDate":null},"geometry":{"type":"Polygon","coordinates":[[[130.736288,32.809187],[130.736357,32.809222],[130.736518,32.809075],[130.73635,32.809002],[130.736356,32.80899],[130.736481,32.808734],[130.736486,32.808723],[130.736448,32.808708],[130.736438,32.808728],[130.736412,32.808781],[130.736321,32.808967],[130.736316,32.808976],[130.736211,32.808923],[130.736152,32.808893],[130.73613,32.808881],[130.736041,32.809029],[130.736025,32.809055],[130.736288,32.809187]]]}},{"type":"Feature","properties":{"ParkName":"街区公園","ParkType":"公園","ParkCode":3021,"Pref":"熊本県","Citycode":"43100","Cityname":"熊本市","FNDate":null},"geometry":{"type":"Polygon","coordinates":[[[130.635726,32.752671],[130.635731,32.752671],[130.635787,32.752672],[130.635813,32.752673],[130.635869,32.752674],[130.635936,32.752676],[130.636134,32.752681],[130.636164,32.752655],[130.636184,32.752409],[130.636159,32.752391],[130.635971,32.752375],[130.635789,32.752382],[130.63571,32.752394],[130.635706,32.752396],[130.635704,32.752398],[130.6357,32.752406],[130.635708,32.75245],[130.635719,32.752546],[130.635726,32.752671]]]}},{"type":"Feature","properties":{"ParkName":"街区公園","ParkType":"公園","ParkCode":3021,"Pref":"熊本県","Citycode":"43100","Cityname":"熊本市","FNDate":null},"geometry":{"type":"Polygon","coordinates":[[[130.787294,32.854143],[130.787326,32.854178],[130.787487,32.854206],[130.787719,32.854247],[130.78784,32.854268],[130.787866,32.854253],[130.787881,32.854191],[130.787911,32.854068],[130.787929,32.853991],[130.787921,32.85398],[130.787913,32.853969],[130.78776,32.853941],[130.78749,32.853893],[130.787349,32.853868],[130.787338,32.853876],[130.787304,32.853897],[130.787301,32.853984],[130.787296,32.854079],[130.787294,32.854143]]]}},{"type":"Feature","properties":{"ParkName":"街区公園","ParkType":"公園","ParkCode":3021,"Pref":"熊本県","Citycode":"43100","Cityname":"熊本市","FNDate":null},"geometry":{"type":"Polygon","coordinates":[[[130.7845,32.823725],[130.784249,32.824181],[130.784262,32.824216],[130.784391,32.824266],[130.784451,32.82429],[130.784562,32.824334],[130.784593,32.824323],[130.7846,32.824308],[130.784659,32.824188],[130.784659,32.824188],[130.784673,32.824163],[130.784736,32.824052],[130.784866,32.823845],[130.784857,32.823822],[130.784545,32.823716],[130.7845,32.823725]]]}},{"type":"Feature","properties":{"ParkName":"街区公園","ParkType":"公園","ParkCode":3021,"Pref":"熊本県","Citycode":"43100","Cityname":"熊本市","FNDate":null},"geometry":{"type":"Polygon","coordinates":[[[130.720784,32.776181],[130.720808,32.77618],[130.720849,32.776177],[130.720964,32.776164],[130.721001,32.776161],[130.721036,32.776162],[130.721092,32.776164],[130.721094,32.776164],[130.721113,32.776165],[130.721139,32.776162],[130.721146,32.776161],[130.721198,32.776155],[130.721282,32.776145],[130.721332,32.776139],[130.721393,32.776127],[130.721477,32.77611],[130.721489,32.776107],[130.721514,32.776089],[130.721502,32.776006],[130.721461,32.775979],[130.721459,32.775978],[130.721455,32.775977],[130.721178,32.775953],[130.721116,32.775947],[130.7209,32.775928],[130.720797,32.77592],[130.720796,32.775936],[130.720784,32.776181]]]}},{"type":"Feature","properties":{"ParkName":"街区公園","ParkType":"公園","ParkCode":3021,"Pref":"熊本県","Citycode":"43100","Cityname":"熊本市","FNDate":null},"geometry":{"type":"Polygon","coordinates":[[[130.679952,32.788789],[130.68017,32.78886],[130.6803,32.788733],[130.68048,32.788583],[130.68053,32.788549],[130.680665,32.788463],[130.680675,32.788457],[130.680671,32.788414],[130.680612,32.788379],[130.68061,32.788296],[130.680602,32.788287],[130.680579,32.788218],[130.680228,32.788241],[130.680174,32.788366],[130.680091,32.788542],[130.680055,32.788616],[130.679952,32.788789]]]}},{"type":"Feature","properties":{"ParkName":"街区公園","ParkType":"公園","ParkCode":3021,"Pref":"熊本県","Citycode":"43100","Cityname":"熊本市","FNDate":null},"geometry":{"type":"Polygon","coordinates":[[[130.630068,32.71696],[130.63101,32.716932],[130.631015,32.716916],[130.63105,32.716826],[130.631099,32.716703],[130.631136,32.716614],[130.631085,32.716571],[130.630953,32.716552],[130.630874,32.71654],[130.630849,32.716536],[130.630845,32.716535],[130.630839,32.716534],[130.630736,32.716519],[130.630726,32.716518],[130.630677,32.71651],[130.630625,32.716502],[130.630617,32.716501],[130.630616,32.716501],[130.63052,32.716487],[130.630511,32.716485],[130.630498,32.716483],[130.630427,32.716473],[130.630417,32.716471],[130.630313,32.716456],[130.630305,32.716454],[130.630304,32.716454],[130.630208,32.71644],[130.6302,32.716439],[130.630191,32.716437],[130.630125,32.716427],[130.630118,32.716432],[130.630111,32.716437],[130.630111,32.716437],[130.630101,32.716444],[130.630099,32.71646],[130.630099,32.716469],[130.630092,32.716558],[130.630091,32.716566],[130.630084,32.716655],[130.630084,32.716664],[130.630077,32.716754],[130.630076,32.716762],[130.630069,32.716851],[130.630069,32.716859],[130.630062,32.716941],[130.630062,32.716941],[130.630062,32.716949],[130.630062,32.716951],[130.630061,32.716954],[130.630068,32.716954],[130.630068,32.71696]]]}},{"type":"Feature","properties":{"ParkName":"街区公園","ParkType":"公園","ParkCode":3021,"Pref":"熊本県","Citycode":"43100","Cityname":"熊本市","FNDate":null},"geometry":{"type":"Polygon","coordinates":[[[130.718349,32.781272],[130.718366,32.781286],[130.718614,32.781307],[130.718713,32.781316],[130.718737,32.781318],[130.718784,32.781322],[130.718788,32.781322],[130.719018,32.781343],[130.719151,32.781354],[130.719161,32.781345],[130.719162,32.781337],[130.719176,32.781333],[130.719184,32.781262],[130.719191,32.781206],[130.719192,32.781202],[130.719192,32.781198],[130.719196,32.781161],[130.719212,32.781016],[130.719194,32.780996],[130.718985,32.780976],[130.718887,32.780968],[130.718848,32.780965],[130.718844,32.780965],[130.718654,32.780947],[130.718495,32.780935],[130.718409,32.780928],[130.718389,32.78094],[130.718378,32.781037],[130.718357,32.781204],[130.718349,32.781272]]]}},{"type":"Feature","properties":{"ParkName":"街区公園","ParkType":"公園","ParkCode":3021,"Pref":"熊本県","Citycode":"43100","Cityname":"熊本市","FNDate":null},"geometry":{"type":"Polygon","coordinates":[[[130.751847,32.782851],[130.752238,32.78286],[130.752255,32.782843],[130.752167,32.782603],[130.752099,32.78243],[130.752079,32.782379],[130.752052,32.782368],[130.751951,32.782406],[130.751894,32.782428],[130.751889,32.782429],[130.751642,32.782523],[130.751632,32.782554],[130.751691,32.782641],[130.751802,32.78281],[130.751819,32.782835],[130.751847,32.782851]]]}},{"type":"Feature","properties":{"ParkName":"街区公園","ParkType":"公園","ParkCode":3021,"Pref":"熊本県","Citycode":"43100","Cityname":"熊本市","FNDate":null},"geometry":{"type":"Polygon","coordinates":[[[130.666594,32.781211],[130.666551,32.781229],[130.666634,32.781926],[130.666705,32.781924],[130.666764,32.781922],[130.666858,32.781919],[130.666993,32.781913],[130.667009,32.781913],[130.667029,32.781911],[130.667066,32.781909],[130.667082,32.781908],[130.667023,32.781321],[130.666818,32.781342],[130.666617,32.781353],[130.666593,32.781227],[130.666594,32.781211]]]}},{"type":"Feature","properties":{"ParkName":"街区公園","ParkType":"公園","ParkCode":3021,"Pref":"熊本県","Citycode":"43100","Cityname":"熊本市","FNDate":null},"geometry":{"type":"Polygon","coordinates":[[[130.761977,32.802247],[130.762182,32.801938],[130.76194,32.801832],[130.761739,32.802139],[130.761977,32.802247]]]}},{"type":"Feature","properties":{"ParkName":"街区公園","ParkType":"公園","ParkCode":3021,"Pref":"熊本県","Citycode":"43100","Cityname":"熊本市","FNDate":null},"geometry":{"type":"Polygon","coordinates":[[[130.614001,32.735565],[130.614691,32.735478],[130.61446,32.73486],[130.613744,32.734949],[130.614001,32.735565]]]}},{"type":"Feature","properties":{"ParkName":"街区公園","ParkType":"公園","ParkCode":3021,"Pref":"熊本県","Citycode":"43100","Cityname":"熊本市","FNDate":null},"geometry":{"type":"Polygon","coordinates":[[[130.732011,32.780957],[130.732234,32.780961],[130.73225,32.780961],[130.732303,32.780962],[130.732476,32.780963],[130.732544,32.780964],[130.732557,32.780951],[130.732539,32.780815],[130.732535,32.780784],[130.732533,32.78077],[130.732517,32.780652],[130.732493,32.780633],[130.732315,32.780629],[130.732278,32.780629],[130.732224,32.780628],[130.73202,32.780625],[130.732004,32.780639],[130.732,32.780824],[130.731999,32.780945],[130.732011,32.780957]]]}},{"type":"Feature","properties":{"ParkName":"街区公園","ParkType":"公園","ParkCode":3021,"Pref":"熊本県","Citycode":"43100","Cityname":"熊本市","FNDate":null},"geometry":{"type":"Polygon","coordinates":[[[130.716627,32.75923],[130.716926,32.759238],[130.717003,32.759239],[130.717312,32.759247],[130.717313,32.759203],[130.717324,32.758887],[130.717322,32.75879],[130.71674,32.758761],[130.716718,32.759101],[130.716605,32.759104],[130.716604,32.759114],[130.716605,32.759124],[130.716605,32.759147],[130.716605,32.759192],[130.716605,32.759212],[130.716627,32.75923]]]}},{"type":"Feature","properties":{"ParkName":"街区公園","ParkType":"公園","ParkCode":3021,"Pref":"熊本県","Citycode":"43100","Cityname":"熊本市","FNDate":null},"geometry":{"type":"Polygon","coordinates":[[[130.67622,32.788557],[130.676364,32.788559],[130.676485,32.78856],[130.676511,32.788542],[130.676514,32.788274],[130.676491,32.788254],[130.676217,32.78825],[130.676192,32.788269],[130.676193,32.788337],[130.676194,32.788418],[130.676195,32.788461],[130.676197,32.788537],[130.67622,32.788557]]]}},{"type":"Feature","properties":{"ParkName":"街区公園","ParkType":"公園","ParkCode":3021,"Pref":"熊本県","Citycode":"43100","Cityname":"熊本市","FNDate":null},"geometry":{"type":"Polygon","coordinates":[[[130.75008,32.831179],[130.750099,32.83116],[130.750215,32.831045],[130.750297,32.830969],[130.750278,32.830955],[130.750168,32.830876],[130.750109,32.830833],[130.750068,32.830804],[130.749875,32.830989],[130.749871,32.831041],[130.749929,32.831085],[130.750025,32.831176],[130.75008,32.831179]]]}},{"type":"Feature","properties":{"ParkName":"街区公園","ParkType":"公園","ParkCode":3021,"Pref":"熊本県","Citycode":"43100","Cityname":"熊本市","FNDate":null},"geometry":{"type":"Polygon","coordinates":[[[130.756706,32.783929],[130.7567,32.783939],[130.756697,32.78405],[130.756885,32.784227],[130.757011,32.784586],[130.757274,32.78459],[130.757293,32.784468],[130.757319,32.784306],[130.757321,32.784293],[130.757329,32.784244],[130.757336,32.784203],[130.757362,32.784046],[130.757365,32.784025],[130.757367,32.784013],[130.757348,32.783991],[130.757237,32.783982],[130.757179,32.783977],[130.757057,32.783967],[130.756996,32.783962],[130.756929,32.783956],[130.756818,32.783946],[130.756792,32.783944],[130.756758,32.78394],[130.75672,32.783933],[130.756706,32.783929]]]}},{"type":"Feature","properties":{"ParkName":"街区公園","ParkType":"公園","ParkCode":3021,"Pref":"熊本県","Citycode":"43100","Cityname":"熊本市","FNDate":null},"geometry":{"type":"Polygon","coordinates":[[[130.731253,32.779175],[130.731399,32.779188],[130.73144,32.779192],[130.731466,32.779194],[130.731597,32.779206],[130.731616,32.779196],[130.731641,32.778906],[130.731622,32.778884],[130.731469,32.778871],[130.731446,32.778869],[130.731417,32.778866],[130.731278,32.778855],[130.73126,32.778866],[130.731246,32.779059],[130.731238,32.779163],[130.731253,32.779175]]]}},{"type":"Feature","properties":{"ParkName":"街区公園","ParkType":"公園","ParkCode":3021,"Pref":"熊本県","Citycode":"43100","Cityname":"熊本市","FNDate":null},"geometry":{"type":"Polygon","coordinates":[[[130.710999,32.831902],[130.711033,32.831917],[130.71107,32.831879],[130.711251,32.831696],[130.711361,32.831777],[130.711382,32.831757],[130.711409,32.831728],[130.711517,32.831625],[130.711531,32.831612],[130.711123,32.831309],[130.711083,32.831323],[130.71108,32.831377],[130.711073,32.831481],[130.711063,32.831643],[130.711055,32.831771],[130.711053,32.831789],[130.711051,32.831802],[130.711047,32.831815],[130.71104,32.831832],[130.711028,32.831853],[130.711011,32.831884],[130.710999,32.831902]]]}},{"type":"Feature","properties":{"ParkName":"街区公園","ParkType":"公園","ParkCode":3021,"Pref":"熊本県","Citycode":"43100","Cityname":"熊本市","FNDate":null},"geometry":{"type":"Polygon","coordinates":[[[130.728615,32.845771],[130.728615,32.845771],[130.728611,32.845822],[130.728605,32.845902],[130.728603,32.845949],[130.728604,32.845978],[130.728608,32.846049],[130.728615,32.846157],[130.728614,32.846174],[130.728614,32.846206],[130.728632,32.84623],[130.728652,32.846229],[130.728749,32.846232],[130.728803,32.846233],[130.728839,32.846236],[130.72889,32.846239],[130.72892,32.84624],[130.728955,32.846242],[130.728984,32.846244],[130.728988,32.846244],[130.729013,32.846244],[130.729062,32.846247],[130.729098,32.846247],[130.729117,32.845962],[130.72918,32.845967],[130.729218,32.845779],[130.729061,32.845756],[130.729061,32.845778],[130.729026,32.845776],[130.728725,32.84576],[130.728648,32.845756],[130.728615,32.845771]]]}},{"type":"Feature","properties":{"ParkName":"街区公園","ParkType":"公園","ParkCode":3021,"Pref":"熊本県","Citycode":"43100","Cityname":"熊本市","FNDate":null},"geometry":{"type":"Polygon","coordinates":[[[130.723096,32.781785],[130.723066,32.782126],[130.723065,32.782141],[130.723078,32.782142],[130.723363,32.782174],[130.723387,32.781905],[130.72339,32.781785],[130.723384,32.781785],[130.723318,32.781786],[130.723262,32.781787],[130.723228,32.781787],[130.723179,32.781787],[130.723111,32.781786],[130.723096,32.781785]]]}},{"type":"Feature","properties":{"ParkName":"街区公園","ParkType":"公園","ParkCode":3021,"Pref":"熊本県","Citycode":"43100","Cityname":"熊本市","FNDate":null},"geometry":{"type":"Polygon","coordinates":[[[130.720021,32.7637],[130.720004,32.763942],[130.720002,32.764092],[130.719997,32.764219],[130.720139,32.764222],[130.720146,32.764223],[130.720149,32.764223],[130.720251,32.764225],[130.720251,32.76422],[130.720254,32.764109],[130.720256,32.764071],[130.720261,32.763931],[130.720262,32.763904],[130.720265,32.763737],[130.720248,32.763719],[130.720244,32.763718],[130.720167,32.763712],[130.720151,32.76371],[130.720148,32.76371],[130.72014,32.76371],[130.720092,32.763706],[130.720021,32.7637]]]}},{"type":"Feature","properties":{"ParkName":"街区公園","ParkType":"公園","ParkCode":3021,"Pref":"熊本県","Citycode":"43100","Cityname":"熊本市","FNDate":null},"geometry":{"type":"Polygon","coordinates":[[[130.688028,32.76142],[130.688387,32.761441],[130.688411,32.761424],[130.688429,32.761155],[130.688407,32.761136],[130.68805,32.761117],[130.688028,32.76142]]]}},{"type":"Feature","properties":{"ParkName":"街区公園","ParkType":"公園","ParkCode":3021,"Pref":"熊本県","Citycode":"43100","Cityname":"熊本市","FNDate":null},"geometry":{"type":"Polygon","coordinates":[[[130.779967,32.850802],[130.780532,32.850871],[130.780542,32.850817],[130.780563,32.850696],[130.780568,32.850663],[130.780016,32.850597],[130.779997,32.850684],[130.779967,32.850802]]]}},{"type":"Feature","properties":{"ParkName":"街区公園","ParkType":"公園","ParkCode":3021,"Pref":"熊本県","Citycode":"43100","Cityname":"熊本市","FNDate":null},"geometry":{"type":"MultiPolygon","coordinates":[[[[130.666826,32.769238],[130.666826,32.769238],[130.666825,32.769239],[130.666826,32.769238]]],[[[130.666894,32.769257],[130.666948,32.769272],[130.667022,32.769287],[130.667101,32.769302],[130.667484,32.769454],[130.667618,32.76925],[130.667424,32.769145],[130.667324,32.769178],[130.667294,32.769187],[130.667162,32.769217],[130.667025,32.769248],[130.666961,32.769257],[130.666834,32.769221],[130.666826,32.769238],[130.666894,32.769257]]]]}},{"type":"Feature","properties":{"ParkName":"街区公園","ParkType":"公園","ParkCode":3021,"Pref":"熊本県","Citycode":"43100","Cityname":"熊本市","FNDate":null},"geometry":{"type":"Polygon","coordinates":[[[130.755429,32.775455],[130.755493,32.775662],[130.755685,32.775616],[130.755665,32.775553],[130.75582,32.775515],[130.755897,32.775497],[130.755919,32.775482],[130.755874,32.775339],[130.75577,32.775366],[130.755693,32.775385],[130.755557,32.775419],[130.755428,32.775452],[130.755429,32.775455]]]}},{"type":"Feature","properties":{"ParkName":"街区公園","ParkType":"公園","ParkCode":3021,"Pref":"熊本県","Citycode":"43100","Cityname":"熊本市","FNDate":null},"geometry":{"type":"Polygon","coordinates":[[[130.679069,32.775097],[130.679111,32.775095],[130.679164,32.77509],[130.679322,32.775082],[130.679439,32.775076],[130.679408,32.774698],[130.679034,32.774733],[130.679069,32.775097]]]}},{"type":"Feature","properties":{"ParkName":"街区公園","ParkType":"公園","ParkCode":3021,"Pref":"熊本県","Citycode":"43100","Cityname":"熊本市","FNDate":null},"geometry":{"type":"Polygon","coordinates":[[[130.71421,32.850619],[130.714535,32.850734],[130.71458,32.850728],[130.714606,32.850704],[130.714666,32.850662],[130.714734,32.850612],[130.71476,32.85059],[130.714777,32.850574],[130.714795,32.850554],[130.714805,32.850542],[130.714809,32.850531],[130.71481,32.850521],[130.71481,32.850514],[130.714806,32.850495],[130.714803,32.850484],[130.714795,32.850467],[130.714783,32.850448],[130.71477,32.850431],[130.714754,32.850416],[130.714568,32.850555],[130.714398,32.850523],[130.714307,32.850423],[130.71421,32.850619]]]}},{"type":"Feature","properties":{"ParkName":"街区公園","ParkType":"公園","ParkCode":3021,"Pref":"熊本県","Citycode":"43100","Cityname":"熊本市","FNDate":null},"geometry":{"type":"Polygon","coordinates":[[[130.775468,32.809358],[130.77621,32.809704],[130.776323,32.80953],[130.776394,32.809561],[130.776365,32.809611],[130.776394,32.809625],[130.776458,32.809525],[130.775607,32.809147],[130.775531,32.809263],[130.775531,32.809263],[130.775468,32.809358]]]}},{"type":"Feature","properties":{"ParkName":"街区公園","ParkType":"公園","ParkCode":3021,"Pref":"熊本県","Citycode":"43100","Cityname":"熊本市","FNDate":null},"geometry":{"type":"Polygon","coordinates":[[[130.73499,32.798095],[130.735323,32.79789],[130.735281,32.79784],[130.735088,32.797614],[130.735039,32.797556],[130.735004,32.797554],[130.734914,32.79765],[130.734889,32.797676],[130.734869,32.797698],[130.734757,32.79782],[130.734757,32.797847],[130.734906,32.798007],[130.73499,32.798095]]]}},{"type":"Feature","properties":{"ParkName":"街区公園","ParkType":"公園","ParkCode":3021,"Pref":"熊本県","Citycode":"43100","Cityname":"熊本市","FNDate":null},"geometry":{"type":"Polygon","coordinates":[[[130.623409,32.752417],[130.622855,32.752268],[130.62292,32.75272],[130.622838,32.752766],[130.623023,32.752829],[130.623235,32.752877],[130.623409,32.752417]]]}},{"type":"Feature","properties":{"ParkName":"街区公園","ParkType":"公園","ParkCode":3021,"Pref":"熊本県","Citycode":"43100","Cityname":"熊本市","FNDate":null},"geometry":{"type":"Polygon","coordinates":[[[130.763158,32.782335],[130.763233,32.781917],[130.76257,32.781825],[130.762494,32.782216],[130.762494,32.782218],[130.762511,32.782246],[130.762788,32.782284],[130.762791,32.782284],[130.762798,32.782285],[130.763158,32.782335]]]}},{"type":"Feature","properties":{"ParkName":"街区公園","ParkType":"公園","ParkCode":3021,"Pref":"熊本県","Citycode":"43100","Cityname":"熊本市","FNDate":null},"geometry":{"type":"Polygon","coordinates":[[[130.750451,32.797461],[130.750393,32.797803],[130.750143,32.797778],[130.750074,32.798218],[130.750362,32.798249],[130.750433,32.797805],[130.750466,32.797607],[130.75049,32.797465],[130.750451,32.797461]]]}},{"type":"Feature","properties":{"ParkName":"街区公園","ParkType":"公園","ParkCode":3021,"Pref":"熊本県","Citycode":"43100","Cityname":"熊本市","FNDate":null},"geometry":{"type":"Polygon","coordinates":[[[130.655967,32.787273],[130.655983,32.787272],[130.656294,32.787247],[130.656374,32.7869],[130.656364,32.786898],[130.656352,32.786896],[130.656331,32.78689],[130.656268,32.786872],[130.656227,32.786859],[130.656178,32.786845],[130.656125,32.786828],[130.656069,32.787011],[130.656001,32.78719],[130.655967,32.787273]]]}},{"type":"Feature","properties":{"ParkName":"街区公園","ParkType":"公園","ParkCode":3021,"Pref":"熊本県","Citycode":"43100","Cityname":"熊本市","FNDate":null},"geometry":{"type":"Polygon","coordinates":[[[130.661356,32.761948],[130.66159,32.762239],[130.661604,32.762254],[130.661617,32.762268],[130.66163,32.762282],[130.661633,32.762286],[130.661642,32.762297],[130.661653,32.762311],[130.661664,32.762325],[130.661674,32.762337],[130.661674,32.762338],[130.661682,32.76235],[130.66169,32.762362],[130.661698,32.762374],[130.661705,32.762386],[130.661706,32.762387],[130.661712,32.762397],[130.661718,32.762408],[130.661725,32.762419],[130.66173,32.762428],[130.661736,32.762438],[130.661742,32.762448],[130.661745,32.762453],[130.661747,32.762458],[130.661752,32.762469],[130.661757,32.762479],[130.661761,32.76249],[130.661766,32.7625],[130.66177,32.762511],[130.661775,32.762521],[130.661784,32.76254],[130.661795,32.762558],[130.661805,32.762552],[130.661817,32.762543],[130.661893,32.762492],[130.661976,32.762439],[130.662019,32.762415],[130.661957,32.762295],[130.661905,32.762204],[130.661901,32.762193],[130.661888,32.761894],[130.661875,32.761771],[130.661869,32.761748],[130.661864,32.761742],[130.661857,32.761738],[130.661771,32.761758],[130.661672,32.761802],[130.661592,32.761838],[130.661514,32.761874],[130.661423,32.761915],[130.661411,32.76192],[130.661399,32.761927],[130.661379,32.761936],[130.661356,32.761948]]]}},{"type":"Feature","properties":{"ParkName":"街区公園","ParkType":"公園","ParkCode":3021,"Pref":"熊本県","Citycode":"43100","Cityname":"熊本市","FNDate":null},"geometry":{"type":"Polygon","coordinates":[[[130.682913,32.757333],[130.682973,32.757518],[130.683447,32.757466],[130.683469,32.757464],[130.683468,32.757454],[130.68346,32.757297],[130.683405,32.757298],[130.683402,32.75725],[130.682996,32.757247],[130.68303,32.757298],[130.682913,32.757333]]]}},{"type":"Feature","properties":{"ParkName":"街区公園","ParkType":"公園","ParkCode":3021,"Pref":"熊本県","Citycode":"43100","Cityname":"熊本市","FNDate":null},"geometry":{"type":"Polygon","coordinates":[[[130.683405,32.785308],[130.683459,32.785275],[130.683466,32.785271],[130.683692,32.785133],[130.683733,32.785109],[130.68375,32.785098],[130.68376,32.785072],[130.683684,32.784907],[130.683683,32.784905],[130.68366,32.784857],[130.683535,32.784849],[130.683465,32.784846],[130.683455,32.784894],[130.683448,32.784926],[130.683416,32.785079],[130.683398,32.785166],[130.683396,32.785175],[130.683385,32.785226],[130.683382,32.785242],[130.68338,32.785259],[130.683378,32.785275],[130.683378,32.785285],[130.683377,32.785296],[130.683405,32.785308]]]}},{"type":"Feature","properties":{"ParkName":"街区公園","ParkType":"公園","ParkCode":3021,"Pref":"熊本県","Citycode":"43100","Cityname":"熊本市","FNDate":null},"geometry":{"type":"Polygon","coordinates":[[[130.755684,32.797468],[130.755588,32.797575],[130.756038,32.797863],[130.756156,32.797756],[130.756009,32.797664],[130.756145,32.797519],[130.756111,32.797497],[130.755978,32.79741],[130.755872,32.797335],[130.755866,32.79733],[130.755836,32.797331],[130.755684,32.797468]]]}},{"type":"Feature","properties":{"ParkName":"街区公園","ParkType":"公園","ParkCode":3021,"Pref":"熊本県","Citycode":"43100","Cityname":"熊本市","FNDate":null},"geometry":{"type":"Polygon","coordinates":[[[130.724271,32.791842],[130.724407,32.791947],[130.724413,32.791883],[130.724452,32.791476],[130.724425,32.791448],[130.724351,32.791441],[130.724277,32.791434],[130.724088,32.79141],[130.724022,32.791636],[130.724041,32.791652],[130.724066,32.791673],[130.724074,32.791667],[130.724151,32.79173],[130.724239,32.791816],[130.724271,32.791842]]]}},{"type":"Feature","properties":{"ParkName":"街区公園","ParkType":"公園","ParkCode":3021,"Pref":"熊本県","Citycode":"43100","Cityname":"熊本市","FNDate":null},"geometry":{"type":"Polygon","coordinates":[[[130.776609,32.804324],[130.776615,32.804327],[130.776895,32.80443],[130.776992,32.804463],[130.777022,32.804453],[130.777031,32.804412],[130.777058,32.804278],[130.777068,32.80423],[130.77707,32.804224],[130.777077,32.804187],[130.777096,32.804097],[130.777139,32.803891],[130.77667,32.803829],[130.776609,32.804324]]]}},{"type":"Feature","properties":{"ParkName":"街区公園","ParkType":"公園","ParkCode":3021,"Pref":"熊本県","Citycode":"43100","Cityname":"熊本市","FNDate":null},"geometry":{"type":"Polygon","coordinates":[[[130.706525,32.794728],[130.705994,32.794555],[130.705912,32.79472],[130.705919,32.794723],[130.70599,32.794749],[130.706083,32.794782],[130.706159,32.794804],[130.70636,32.794851],[130.706452,32.794881],[130.706525,32.794728]]]}},{"type":"Feature","properties":{"ParkName":"街区公園","ParkType":"公園","ParkCode":3021,"Pref":"熊本県","Citycode":"43100","Cityname":"熊本市","FNDate":null},"geometry":{"type":"Polygon","coordinates":[[[130.764463,32.823455],[130.764489,32.823437],[130.764623,32.823335],[130.764667,32.823299],[130.764736,32.82325],[130.764856,32.823164],[130.764601,32.822962],[130.764436,32.823085],[130.764409,32.823103],[130.764323,32.823005],[130.764258,32.822938],[130.764219,32.822897],[130.764138,32.822907],[130.764122,32.822915],[130.764084,32.822926],[130.764066,32.822938],[130.764067,32.82294],[130.764082,32.822955],[130.764089,32.822962],[130.764111,32.822986],[130.764152,32.823029],[130.764204,32.823082],[130.764193,32.823089],[130.764143,32.823122],[130.76414,32.823149],[130.76417,32.823183],[130.764231,32.82325],[130.764319,32.823348],[130.764339,32.82337],[130.764362,32.823397],[130.764372,32.823407],[130.764393,32.823431],[130.764422,32.823462],[130.764454,32.823462],[130.764463,32.823455]]]}},{"type":"Feature","properties":{"ParkName":"街区公園","ParkType":"公園","ParkCode":3021,"Pref":"熊本県","Citycode":"43100","Cityname":"熊本市","FNDate":null},"geometry":{"type":"Polygon","coordinates":[[[130.747969,32.76895],[130.747996,32.768909],[130.748011,32.768879],[130.747956,32.768864],[130.747911,32.76885],[130.747932,32.76877],[130.747744,32.768727],[130.747435,32.768649],[130.747357,32.768832],[130.747478,32.768858],[130.74764,32.768891],[130.747969,32.76895]]]}},{"type":"Feature","properties":{"ParkName":"街区公園","ParkType":"公園","ParkCode":3021,"Pref":"熊本県","Citycode":"43100","Cityname":"熊本市","FNDate":null},"geometry":{"type":"Polygon","coordinates":[[[130.72223,32.784197],[130.722359,32.784189],[130.722411,32.784184],[130.722503,32.78418],[130.722578,32.784176],[130.722584,32.784014],[130.722587,32.783834],[130.722261,32.783811],[130.722212,32.784177],[130.722214,32.784179],[130.72223,32.784197]]]}},{"type":"Feature","properties":{"ParkName":"街区公園","ParkType":"公園","ParkCode":3021,"Pref":"熊本県","Citycode":"43100","Cityname":"熊本市","FNDate":null},"geometry":{"type":"Polygon","coordinates":[[[130.73578,32.812382],[130.735812,32.812381],[130.735861,32.812377],[130.735922,32.812366],[130.735947,32.812361],[130.735973,32.811984],[130.735866,32.811967],[130.735846,32.811964],[130.735823,32.811961],[130.735744,32.81195],[130.735621,32.811931],[130.735592,32.811946],[130.735579,32.812095],[130.735578,32.812103],[130.735571,32.81215],[130.735561,32.812225],[130.735557,32.812254],[130.735679,32.812256],[130.735691,32.812257],[130.735771,32.812382],[130.73578,32.812382]]]}},{"type":"Feature","properties":{"ParkName":"街区公園","ParkType":"公園","ParkCode":3021,"Pref":"熊本県","Citycode":"43100","Cityname":"熊本市","FNDate":null},"geometry":{"type":"Polygon","coordinates":[[[130.749649,32.846998],[130.749675,32.847005],[130.749985,32.846875],[130.75012,32.846819],[130.749929,32.846367],[130.749929,32.846359],[130.750015,32.846339],[130.750019,32.846332],[130.750012,32.846306],[130.749922,32.846062],[130.749899,32.846063],[130.74987,32.846067],[130.749829,32.846072],[130.749811,32.846074],[130.749798,32.846077],[130.749734,32.846088],[130.749668,32.846104],[130.749609,32.846118],[130.749585,32.846124],[130.749518,32.846141],[130.749503,32.846145],[130.74942,32.846166],[130.74937,32.846179],[130.749265,32.846201],[130.749245,32.846205],[130.749234,32.846229],[130.749257,32.846275],[130.749261,32.846284],[130.749302,32.846359],[130.74934,32.846436],[130.749351,32.846458],[130.749367,32.846489],[130.74941,32.846575],[130.74944,32.846636],[130.749443,32.846642],[130.74945,32.846656],[130.749452,32.84666],[130.74949,32.846722],[130.7495,32.846738],[130.749534,32.846796],[130.749564,32.846846],[130.749593,32.846901],[130.749619,32.846943],[130.749649,32.846998]]]}},{"type":"Feature","properties":{"ParkName":"街区公園","ParkType":"公園","ParkCode":3021,"Pref":"熊本県","Citycode":"43100","Cityname":"熊本市","FNDate":null},"geometry":{"type":"Polygon","coordinates":[[[130.685135,32.748344],[130.685153,32.748348],[130.685253,32.748356],[130.685443,32.748367],[130.685454,32.748369],[130.685454,32.748382],[130.685547,32.748391],[130.68573,32.74841],[130.685751,32.748319],[130.685756,32.74829],[130.685765,32.748246],[130.685775,32.748193],[130.685789,32.748149],[130.685793,32.748138],[130.685805,32.748106],[130.68581,32.748079],[130.685812,32.748069],[130.685814,32.748034],[130.685817,32.748007],[130.68582,32.747984],[130.685531,32.748035],[130.685422,32.748056],[130.685368,32.748065],[130.685317,32.748072],[130.685249,32.748076],[130.685238,32.748077],[130.685213,32.748099],[130.685192,32.748113],[130.685187,32.748196],[130.685135,32.748344]]]}},{"type":"Feature","properties":{"ParkName":"街区公園","ParkType":"公園","ParkCode":3021,"Pref":"熊本県","Citycode":"43100","Cityname":"熊本市","FNDate":null},"geometry":{"type":"Polygon","coordinates":[[[130.650883,32.787465],[130.650967,32.787111],[130.650913,32.78712],[130.650908,32.787012],[130.650876,32.787011],[130.650757,32.787006],[130.650618,32.786994],[130.650531,32.786993],[130.650499,32.786996],[130.650069,32.787039],[130.65007,32.787047],[130.650074,32.78707],[130.650076,32.787081],[130.650076,32.787087],[130.650074,32.787091],[130.650059,32.787149],[130.65005,32.787182],[130.650045,32.7872],[130.650018,32.787299],[130.650028,32.787303],[130.650049,32.787307],[130.650213,32.787339],[130.650271,32.787349],[130.650278,32.787351],[130.650483,32.78739],[130.650653,32.787422],[130.650707,32.787432],[130.650726,32.787435],[130.650883,32.787465]]]}},{"type":"Feature","properties":{"ParkName":"街区公園","ParkType":"公園","ParkCode":3021,"Pref":"熊本県","Citycode":"43100","Cityname":"熊本市","FNDate":null},"geometry":{"type":"Polygon","coordinates":[[[130.719446,32.81086],[130.719337,32.810581],[130.719074,32.81065],[130.719058,32.810608],[130.718953,32.810634],[130.719003,32.810745],[130.718876,32.810786],[130.718943,32.810851],[130.718971,32.810878],[130.718995,32.8109],[130.719015,32.810923],[130.719029,32.810941],[130.719036,32.81095],[130.71904,32.810955],[130.719446,32.81086]]]}},{"type":"Feature","properties":{"ParkName":"街区公園","ParkType":"公園","ParkCode":3021,"Pref":"熊本県","Citycode":"43100","Cityname":"熊本市","FNDate":null},"geometry":{"type":"Polygon","coordinates":[[[130.771636,32.790394],[130.771852,32.790451],[130.771901,32.790466],[130.771931,32.790456],[130.772064,32.790317],[130.7722,32.790176],[130.772236,32.790138],[130.772236,32.790137],[130.772225,32.790112],[130.772225,32.790112],[130.771835,32.790057],[130.771813,32.790054],[130.771753,32.790046],[130.771713,32.790041],[130.771678,32.7902],[130.771636,32.790394]]]}},{"type":"Feature","properties":{"ParkName":"街区公園","ParkType":"公園","ParkCode":3021,"Pref":"熊本県","Citycode":"43100","Cityname":"熊本市","FNDate":null},"geometry":{"type":"Polygon","coordinates":[[[130.711493,32.779875],[130.711514,32.779609],[130.711145,32.779594],[130.711139,32.779853],[130.711493,32.779875]]]}},{"type":"Feature","properties":{"ParkName":"街区公園","ParkType":"公園","ParkCode":3021,"Pref":"熊本県","Citycode":"43100","Cityname":"熊本市","FNDate":null},"geometry":{"type":"Polygon","coordinates":[[[130.76721,32.805168],[130.767424,32.805268],[130.767699,32.804859],[130.767418,32.804856],[130.76721,32.805168]]]}},{"type":"Feature","properties":{"ParkName":"街区公園","ParkType":"公園","ParkCode":3021,"Pref":"熊本県","Citycode":"43100","Cityname":"熊本市","FNDate":null},"geometry":{"type":"Polygon","coordinates":[[[130.694366,32.816902],[130.694571,32.816881],[130.694612,32.817104],[130.694684,32.817097],[130.694813,32.817084],[130.694781,32.816856],[130.695197,32.816805],[130.695171,32.816646],[130.695156,32.816558],[130.69513,32.816393],[130.695127,32.816385],[130.695105,32.816384],[130.694926,32.816407],[130.694827,32.816418],[130.694765,32.816426],[130.694623,32.816442],[130.69449,32.816458],[130.694343,32.816475],[130.694312,32.816479],[130.6943,32.816489],[130.694302,32.816497],[130.694335,32.816699],[130.694344,32.816763],[130.694366,32.816902]]]}},{"type":"Feature","properties":{"ParkName":"街区公園","ParkType":"公園","ParkCode":3021,"Pref":"熊本県","Citycode":"43100","Cityname":"熊本市","FNDate":null},"geometry":{"type":"Polygon","coordinates":[[[130.737932,32.804175],[130.738378,32.804578],[130.738629,32.804473],[130.738623,32.804467],[130.738605,32.804451],[130.738472,32.804332],[130.738257,32.804136],[130.738222,32.804104],[130.738221,32.804104],[130.738218,32.804104],[130.738216,32.804104],[130.738211,32.804106],[130.738209,32.804107],[130.738206,32.804109],[130.738201,32.804113],[130.738191,32.804121],[130.738169,32.8041],[130.738075,32.804015],[130.738027,32.804021],[130.737951,32.804146],[130.737938,32.804171],[130.737932,32.804175]]]}},{"type":"Feature","properties":{"ParkName":"街区公園","ParkType":"公園","ParkCode":3021,"Pref":"熊本県","Citycode":"43100","Cityname":"熊本市","FNDate":null},"geometry":{"type":"Polygon","coordinates":[[[130.695423,32.781902],[130.695162,32.781934],[130.695173,32.782068],[130.695182,32.782127],[130.695198,32.782225],[130.695221,32.78236],[130.695242,32.782379],[130.695308,32.78238],[130.695498,32.782381],[130.695499,32.782381],[130.695501,32.782377],[130.695511,32.782375],[130.695506,32.782325],[130.695513,32.782324],[130.695507,32.782278],[130.695462,32.781968],[130.695423,32.781902]]]}},{"type":"Feature","properties":{"ParkName":"街区公園","ParkType":"公園","ParkCode":3021,"Pref":"熊本県","Citycode":"43100","Cityname":"熊本市","FNDate":null},"geometry":{"type":"Polygon","coordinates":[[[130.773343,32.786367],[130.773371,32.786364],[130.773532,32.786351],[130.773569,32.786348],[130.773862,32.78633],[130.773847,32.786242],[130.773846,32.786216],[130.773844,32.786196],[130.773841,32.786167],[130.773836,32.78613],[130.77383,32.786087],[130.773819,32.785995],[130.773812,32.785957],[130.773803,32.785917],[130.773595,32.785892],[130.773332,32.785897],[130.773341,32.785952],[130.773344,32.786057],[130.773344,32.786148],[130.773344,32.786208],[130.773344,32.786265],[130.773343,32.786367]]]}},{"type":"Feature","properties":{"ParkName":"街区公園","ParkType":"公園","ParkCode":3021,"Pref":"熊本県","Citycode":"43100","Cityname":"熊本市","FNDate":null},"geometry":{"type":"Polygon","coordinates":[[[130.783396,32.80841],[130.783396,32.80841],[130.78322,32.808653],[130.78317,32.808651],[130.783172,32.808661],[130.783173,32.808671],[130.783173,32.808675],[130.783844,32.809074],[130.783941,32.808956],[130.784072,32.809033],[130.784095,32.809003],[130.783965,32.808927],[130.784074,32.808795],[130.783923,32.808707],[130.783873,32.808678],[130.783765,32.808614],[130.78373,32.808593],[130.783685,32.808566],[130.783609,32.808524],[130.783502,32.808466],[130.783463,32.808445],[130.783447,32.808437],[130.783396,32.80841]]]}},{"type":"Feature","properties":{"ParkName":"街区公園","ParkType":"公園","ParkCode":3021,"Pref":"熊本県","Citycode":"43100","Cityname":"熊本市","FNDate":null},"geometry":{"type":"Polygon","coordinates":[[[130.776576,32.821374],[130.776576,32.821374],[130.776737,32.821468],[130.776756,32.821478],[130.776698,32.821568],[130.777002,32.821711],[130.777102,32.821555],[130.776975,32.821502],[130.77707,32.821338],[130.777086,32.821312],[130.777134,32.821233],[130.777057,32.821203],[130.776974,32.821283],[130.776935,32.821281],[130.776765,32.821192],[130.776687,32.821305],[130.77668,32.82131],[130.77664,32.821292],[130.776633,32.821304],[130.776611,32.821332],[130.776587,32.82136],[130.776576,32.821374]]]}},{"type":"Feature","properties":{"ParkName":"街区公園","ParkType":"公園","ParkCode":3021,"Pref":"熊本県","Citycode":"43100","Cityname":"熊本市","FNDate":null},"geometry":{"type":"Polygon","coordinates":[[[130.78336,32.775435],[130.783344,32.775435],[130.783288,32.77543],[130.783237,32.775423],[130.78314,32.775408],[130.783128,32.775411],[130.78308,32.775518],[130.783056,32.775579],[130.782997,32.77572],[130.782983,32.775763],[130.782967,32.77581],[130.783015,32.775819],[130.783038,32.775765],[130.783189,32.775799],[130.783223,32.775694],[130.783286,32.775705],[130.78336,32.775435]]]}},{"type":"Feature","properties":{"ParkName":"街区公園","ParkType":"公園","ParkCode":3021,"Pref":"熊本県","Citycode":"43100","Cityname":"熊本市","FNDate":null},"geometry":{"type":"Polygon","coordinates":[[[130.752548,32.850331],[130.752519,32.850722],[130.752672,32.850727],[130.75271,32.850728],[130.752798,32.850725],[130.752927,32.850737],[130.753109,32.850736],[130.753151,32.850735],[130.753313,32.850739],[130.753321,32.85062],[130.753327,32.850568],[130.753342,32.850444],[130.753348,32.850392],[130.75335,32.85038],[130.753263,32.850365],[130.753209,32.850355],[130.753166,32.850348],[130.753145,32.850346],[130.753097,32.850342],[130.75298,32.850336],[130.752866,32.85033],[130.75275,32.850323],[130.752666,32.850326],[130.752548,32.850331]]]}},{"type":"Feature","properties":{"ParkName":"街区公園","ParkType":"公園","ParkCode":3021,"Pref":"熊本県","Citycode":"43100","Cityname":"熊本市","FNDate":null},"geometry":{"type":"Polygon","coordinates":[[[130.677442,32.763337],[130.67782,32.763296],[130.678015,32.763277],[130.67801,32.763185],[130.678009,32.763166],[130.678001,32.763004],[130.677977,32.762986],[130.677679,32.763001],[130.677638,32.763003],[130.677459,32.763012],[130.677458,32.763012],[130.677448,32.763012],[130.677338,32.763018],[130.67732,32.76304],[130.677377,32.763178],[130.677384,32.763195],[130.677442,32.763336],[130.677442,32.763337]]]}},{"type":"Feature","properties":{"ParkName":"街区公園","ParkType":"公園","ParkCode":3021,"Pref":"熊本県","Citycode":"43100","Cityname":"熊本市","FNDate":null},"geometry":{"type":"Polygon","coordinates":[[[130.676183,32.765616],[130.676681,32.765584],[130.676664,32.765391],[130.676662,32.765373],[130.676643,32.76516],[130.676619,32.765143],[130.676425,32.765155],[130.676381,32.765158],[130.676167,32.765172],[130.676146,32.765192],[130.676166,32.76542],[130.676183,32.765616]]]}},{"type":"Feature","properties":{"ParkName":"街区公園","ParkType":"公園","ParkCode":3021,"Pref":"熊本県","Citycode":"43100","Cityname":"熊本市","FNDate":null},"geometry":{"type":"Polygon","coordinates":[[[130.680102,32.801952],[130.68016,32.802035],[130.680188,32.802075],[130.680279,32.802203],[130.680345,32.802296],[130.680359,32.802316],[130.680379,32.802344],[130.680382,32.802348],[130.680474,32.802479],[130.680504,32.80248],[130.680614,32.802367],[130.680649,32.802331],[130.680661,32.802318],[130.680676,32.802302],[130.680772,32.802201],[130.680769,32.802173],[130.680688,32.802118],[130.680634,32.802082],[130.680616,32.80207],[130.68059,32.802053],[130.680481,32.801981],[130.680445,32.801897],[130.680424,32.801851],[130.680102,32.801952]]]}},{"type":"Feature","properties":{"ParkName":"街区公園","ParkType":"公園","ParkCode":3021,"Pref":"熊本県","Citycode":"43100","Cityname":"熊本市","FNDate":null},"geometry":{"type":"Polygon","coordinates":[[[130.723311,32.770589],[130.723327,32.770559],[130.72342,32.770394],[130.723472,32.770299],[130.723519,32.770234],[130.723533,32.770213],[130.723546,32.770196],[130.723563,32.770171],[130.723667,32.770022],[130.723676,32.770008],[130.723359,32.769845],[130.723194,32.770068],[130.723177,32.770091],[130.723138,32.770143],[130.723054,32.770257],[130.722972,32.770368],[130.722969,32.770372],[130.722973,32.770374],[130.723311,32.770589]]]}},{"type":"Feature","properties":{"ParkName":"街区公園","ParkType":"公園","ParkCode":3021,"Pref":"熊本県","Citycode":"43100","Cityname":"熊本市","FNDate":null},"geometry":{"type":"Polygon","coordinates":[[[130.684779,32.790399],[130.684771,32.790425],[130.684635,32.790798],[130.684645,32.7908],[130.684686,32.790811],[130.68468,32.790864],[130.684676,32.79091],[130.684664,32.791026],[130.684684,32.791047],[130.684815,32.791067],[130.68508,32.791106],[130.685163,32.791118],[130.685173,32.79112],[130.6852,32.791108],[130.685235,32.790952],[130.685264,32.790825],[130.685292,32.790706],[130.68532,32.790568],[130.685337,32.790493],[130.68535,32.790428],[130.685355,32.790402],[130.685344,32.790366],[130.685133,32.790303],[130.685107,32.790295],[130.685078,32.79032],[130.685046,32.790326],[130.685017,32.790328],[130.685016,32.790328],[130.684952,32.790327],[130.684933,32.790327],[130.684916,32.790328],[130.684898,32.790331],[130.684884,32.790334],[130.684865,32.790342],[130.684842,32.790354],[130.684807,32.79038],[130.684786,32.790393],[130.684779,32.790399]]]}},{"type":"Feature","properties":{"ParkName":"街区公園","ParkType":"公園","ParkCode":3021,"Pref":"熊本県","Citycode":"43100","Cityname":"熊本市","FNDate":null},"geometry":{"type":"Polygon","coordinates":[[[130.769304,32.832253],[130.769313,32.832256],[130.769374,32.832268],[130.769422,32.832276],[130.769451,32.832289],[130.769506,32.832322],[130.769588,32.832377],[130.769676,32.832445],[130.769705,32.832465],[130.770135,32.832136],[130.77003,32.832058],[130.769781,32.831873],[130.76975,32.831849],[130.769603,32.831987],[130.769304,32.832253]]]}},{"type":"Feature","properties":{"ParkName":"街区公園","ParkType":"公園","ParkCode":3021,"Pref":"熊本県","Citycode":"43100","Cityname":"熊本市","FNDate":null},"geometry":{"type":"Polygon","coordinates":[[[130.69139,32.810679],[130.691622,32.810604],[130.691672,32.810588],[130.691823,32.810538],[130.691578,32.809969],[130.690826,32.810204],[130.690918,32.810418],[130.690977,32.8104],[130.691021,32.810503],[130.691216,32.810436],[130.691268,32.810542],[130.691321,32.810671],[130.691365,32.810688],[130.69139,32.810679]]]}},{"type":"Feature","properties":{"ParkName":"街区公園","ParkType":"公園","ParkCode":3021,"Pref":"熊本県","Citycode":"43100","Cityname":"熊本市","FNDate":null},"geometry":{"type":"Polygon","coordinates":[[[130.699434,32.827346],[130.699461,32.827381],[130.699724,32.827255],[130.699827,32.827205],[130.699994,32.827135],[130.699954,32.827097],[130.699928,32.827069],[130.699912,32.827042],[130.699891,32.827005],[130.699877,32.826972],[130.699861,32.82693],[130.699848,32.826886],[130.699848,32.826852],[130.69981,32.826816],[130.699578,32.826591],[130.699568,32.826599],[130.699539,32.826626],[130.699731,32.826806],[130.699615,32.826889],[130.699573,32.826916],[130.69934,32.827063],[130.699343,32.827073],[130.699347,32.827093],[130.699348,32.827114],[130.699352,32.827156],[130.699356,32.82719],[130.699369,32.827238],[130.699385,32.827277],[130.69939,32.827286],[130.699401,32.827304],[130.699434,32.827346]]]}},{"type":"Feature","properties":{"ParkName":"街区公園","ParkType":"公園","ParkCode":3021,"Pref":"熊本県","Citycode":"43100","Cityname":"熊本市","FNDate":null},"geometry":{"type":"Polygon","coordinates":[[[130.709166,32.775317],[130.709595,32.77534],[130.709608,32.775269],[130.709618,32.77521],[130.709633,32.775126],[130.709659,32.774989],[130.709677,32.774894],[130.709684,32.774856],[130.709666,32.774834],[130.709524,32.774804],[130.709449,32.774788],[130.709398,32.774778],[130.70923,32.774743],[130.709207,32.77476],[130.709189,32.77493],[130.709185,32.774978],[130.70917,32.775105],[130.70917,32.775128],[130.709168,32.775186],[130.709168,32.775253],[130.709166,32.775317]]]}},{"type":"Feature","properties":{"ParkName":"街区公園","ParkType":"公園","ParkCode":3021,"Pref":"熊本県","Citycode":"43100","Cityname":"熊本市","FNDate":null},"geometry":{"type":"Polygon","coordinates":[[[130.702472,32.774553],[130.702639,32.774566],[130.702737,32.774573],[130.702824,32.77458],[130.702904,32.774586],[130.703003,32.774593],[130.703265,32.774613],[130.703269,32.774613],[130.703305,32.774616],[130.703456,32.774628],[130.70348,32.774611],[130.703499,32.774431],[130.703505,32.774374],[130.703511,32.77432],[130.703517,32.774263],[130.703496,32.774242],[130.70331,32.774228],[130.703056,32.774208],[130.703044,32.774207],[130.703007,32.774204],[130.702779,32.774187],[130.702513,32.774167],[130.702488,32.774184],[130.70247,32.774353],[130.702465,32.774397],[130.702451,32.774532],[130.702472,32.774553]]]}},{"type":"Feature","properties":{"ParkName":"街区公園","ParkType":"公園","ParkCode":3021,"Pref":"熊本県","Citycode":"43100","Cityname":"熊本市","FNDate":null},"geometry":{"type":"Polygon","coordinates":[[[130.698061,32.773831],[130.698007,32.774234],[130.698189,32.774253],[130.698193,32.774253],[130.698223,32.774256],[130.698256,32.77426],[130.698512,32.774285],[130.698524,32.77423],[130.698543,32.774166],[130.698552,32.774138],[130.698588,32.774027],[130.698602,32.773983],[130.698618,32.773862],[130.698618,32.773855],[130.698426,32.77384],[130.698359,32.773835],[130.698142,32.773818],[130.698063,32.773812],[130.698061,32.773831]]]}},{"type":"Feature","properties":{"ParkName":"街区公園","ParkType":"公園","ParkCode":3021,"Pref":"熊本県","Citycode":"43100","Cityname":"熊本市","FNDate":null},"geometry":{"type":"Polygon","coordinates":[[[130.702966,32.779156],[130.702995,32.779135],[130.703004,32.779049],[130.703006,32.779029],[130.703009,32.77899],[130.703012,32.778969],[130.70302,32.778903],[130.703025,32.77884],[130.703012,32.778826],[130.703004,32.778818],[130.702759,32.778796],[130.702515,32.778778],[130.702389,32.778769],[130.702271,32.77876],[130.702025,32.778741],[130.701997,32.778761],[130.701986,32.778865],[130.701984,32.778883],[130.701981,32.778912],[130.701963,32.77906],[130.701985,32.77908],[130.702193,32.779097],[130.702235,32.7791],[130.702478,32.779119],[130.702723,32.779137],[130.702966,32.779156]]]}},{"type":"Feature","properties":{"ParkName":"街区公園","ParkType":"公園","ParkCode":3021,"Pref":"熊本県","Citycode":"43100","Cityname":"熊本市","FNDate":null},"geometry":{"type":"Polygon","coordinates":[[[130.705006,32.782087],[130.705014,32.782091],[130.705202,32.782175],[130.705389,32.78226],[130.705417,32.782246],[130.705434,32.78209],[130.70544,32.78204],[130.705462,32.781833],[130.705441,32.781812],[130.705288,32.781801],[130.705201,32.781794],[130.705039,32.781782],[130.704956,32.781775],[130.704823,32.781765],[130.704815,32.781773],[130.704811,32.781779],[130.704814,32.781792],[130.704846,32.781804],[130.704877,32.781824],[130.704914,32.781848],[130.704942,32.781878],[130.704968,32.781912],[130.704982,32.781949],[130.704989,32.781987],[130.704986,32.78202],[130.704971,32.782072],[130.705006,32.782087]]]}},{"type":"Feature","properties":{"ParkName":"街区公園","ParkType":"公園","ParkCode":3021,"Pref":"熊本県","Citycode":"43100","Cityname":"熊本市","FNDate":null},"geometry":{"type":"Polygon","coordinates":[[[130.693955,32.802853],[130.693518,32.802903],[130.693588,32.803271],[130.693606,32.803366],[130.693606,32.803372],[130.693608,32.803381],[130.693642,32.803565],[130.693699,32.803871],[130.693708,32.803922],[130.69376,32.803915],[130.693901,32.803897],[130.694083,32.803872],[130.694173,32.803858],[130.694221,32.803851],[130.694242,32.80383],[130.694251,32.803148],[130.694207,32.803151],[130.694016,32.803174],[130.693955,32.802853]]]}},{"type":"Feature","properties":{"ParkName":"近隣公園","ParkType":"公園","ParkCode":3021,"Pref":"熊本県","Citycode":"43100","Cityname":"熊本市","FNDate":null},"geometry":{"type":"Polygon","coordinates":[[[130.756112,32.848212],[130.756134,32.848234],[130.756219,32.848241],[130.756273,32.848246],[130.756471,32.848262],[130.756545,32.848268],[130.756661,32.848278],[130.756683,32.84828],[130.756762,32.848287],[130.756851,32.848294],[130.756919,32.8483],[130.757067,32.848312],[130.757144,32.848318],[130.757181,32.848321],[130.757204,32.848304],[130.757208,32.848305],[130.757214,32.848235],[130.757238,32.848056],[130.757262,32.847864],[130.757282,32.8477],[130.757288,32.84765],[130.757293,32.847615],[130.757294,32.847606],[130.757275,32.847587],[130.757242,32.847585],[130.757119,32.847573],[130.757092,32.847571],[130.756904,32.847555],[130.756773,32.847543],[130.756651,32.847533],[130.756603,32.847529],[130.756386,32.847511],[130.756304,32.847504],[130.756115,32.847493],[130.756091,32.847512],[130.756094,32.847569],[130.756096,32.847596],[130.756098,32.847714],[130.756102,32.847848],[130.756106,32.847982],[130.756112,32.848133],[130.756112,32.8482],[130.756112,32.848212]]]}},{"type":"Feature","properties":{"ParkName":"近隣公園","ParkType":"公園","ParkCode":3021,"Pref":"熊本県","Citycode":"43100","Cityname":"熊本市","FNDate":null},"geometry":{"type":"Polygon","coordinates":[[[130.769115,32.856514],[130.769136,32.856536],[130.769319,32.856557],[130.769537,32.856585],[130.769754,32.856612],[130.769979,32.856638],[130.770047,32.856645],[130.77013,32.856656],[130.770206,32.856666],[130.770274,32.856673],[130.770404,32.85669],[130.770413,32.856691],[130.770429,32.856695],[130.770433,32.856695],[130.770436,32.856679],[130.770441,32.856648],[130.770475,32.856452],[130.770519,32.856202],[130.770527,32.856162],[130.770534,32.856119],[130.770535,32.856108],[130.770515,32.856083],[130.770505,32.856083],[130.770345,32.856056],[130.770306,32.85605],[130.770231,32.856035],[130.770185,32.856026],[130.770171,32.856023],[130.770153,32.85602],[130.770117,32.856011],[130.770084,32.856003],[130.770053,32.855994],[130.770007,32.855982],[130.769936,32.855958],[130.76986,32.85593],[130.769758,32.855886],[130.76958,32.855808],[130.769467,32.855757],[130.769355,32.855707],[130.769325,32.855719],[130.769304,32.855799],[130.769296,32.855828],[130.76927,32.855925],[130.769262,32.855953],[130.769249,32.855999],[130.769225,32.856088],[130.769191,32.856213],[130.769171,32.856285],[130.769166,32.856306],[130.769158,32.856341],[130.769115,32.856514]]]}},{"type":"Feature","properties":{"ParkName":"近隣公園","ParkType":"公園","ParkCode":3021,"Pref":"熊本県","Citycode":"43100","Cityname":"熊本市","FNDate":null},"geometry":{"type":"Polygon","coordinates":[[[130.714505,32.805771],[130.715309,32.805584],[130.715609,32.80551],[130.715637,32.805591],[130.716279,32.805437],[130.716244,32.805351],[130.71621,32.805267],[130.716148,32.805117],[130.716094,32.804985],[130.716092,32.804978],[130.716089,32.804971],[130.716077,32.804942],[130.716033,32.804834],[130.716012,32.804812],[130.715989,32.804788],[130.715871,32.804665],[130.715815,32.804607],[130.715741,32.804531],[130.715681,32.804469],[130.71563,32.804415],[130.715585,32.80437],[130.71555,32.804366],[130.715326,32.804422],[130.715155,32.804462],[130.715153,32.804463],[130.715144,32.804465],[130.715094,32.804479],[130.715067,32.804486],[130.714768,32.804567],[130.714446,32.804655],[130.714292,32.804697],[130.714173,32.80473],[130.714142,32.804776],[130.714185,32.8049],[130.714253,32.805087],[130.714302,32.805229],[130.714318,32.805274],[130.714332,32.80527],[130.714425,32.805541],[130.714471,32.805675],[130.714505,32.805771]]]}},{"type":"Feature","properties":{"ParkName":"近隣公園","ParkType":"公園","ParkCode":3021,"Pref":"熊本県","Citycode":"43100","Cityname":"熊本市","FNDate":null},"geometry":{"type":"Polygon","coordinates":[[[130.652423,32.758053],[130.652468,32.757662],[130.652513,32.757301],[130.650532,32.757133],[130.650512,32.757131],[130.650511,32.757142],[130.650416,32.757955],[130.650525,32.757967],[130.650607,32.757976],[130.650668,32.757983],[130.650691,32.757987],[130.650719,32.757995],[130.650742,32.758005],[130.650768,32.758025],[130.650782,32.758044],[130.650802,32.75807],[130.650822,32.758106],[130.650838,32.758128],[130.650869,32.758164],[130.65137,32.758199],[130.651401,32.758198],[130.651734,32.758227],[130.652067,32.758256],[130.652402,32.758285],[130.652423,32.758053]]]}},{"type":"Feature","properties":{"ParkName":"近隣公園","ParkType":"公園","ParkCode":3021,"Pref":"熊本県","Citycode":"43100","Cityname":"熊本市","FNDate":null},"geometry":{"type":"Polygon","coordinates":[[[130.773179,32.776299],[130.773194,32.776298],[130.773229,32.776302],[130.773231,32.776302],[130.773327,32.776312],[130.773428,32.776335],[130.773528,32.776357],[130.773634,32.776381],[130.77375,32.776407],[130.773786,32.776427],[130.773834,32.77644],[130.773937,32.776464],[130.773972,32.776473],[130.773982,32.776476],[130.773994,32.7765],[130.774121,32.776516],[130.774141,32.776516],[130.774137,32.77637],[130.774134,32.776218],[130.774132,32.776143],[130.774127,32.775909],[130.774125,32.775848],[130.77412,32.775631],[130.77412,32.775622],[130.774117,32.7755],[130.774113,32.775186],[130.774108,32.775117],[130.773875,32.775128],[130.7736,32.775141],[130.773307,32.775155],[130.773299,32.775155],[130.772968,32.775171],[130.772715,32.775183],[130.77258,32.77519],[130.77243,32.775197],[130.772374,32.7752],[130.772431,32.775263],[130.772507,32.77533],[130.772578,32.775392],[130.772658,32.77545],[130.772743,32.775519],[130.772811,32.775581],[130.772863,32.775644],[130.772917,32.775724],[130.772968,32.775802],[130.773024,32.775915],[130.77309,32.776069],[130.773134,32.776155],[130.773155,32.776238],[130.773168,32.776298],[130.773179,32.776299]]]}},{"type":"Feature","properties":{"ParkName":"近隣公園","ParkType":"公園","ParkCode":3021,"Pref":"熊本県","Citycode":"43100","Cityname":"熊本市","FNDate":null},"geometry":{"type":"Polygon","coordinates":[[[130.683393,32.77593],[130.684037,32.775894],[130.684355,32.775877],[130.684341,32.775614],[130.68433,32.775404],[130.684216,32.77541],[130.684072,32.775417],[130.683995,32.775421],[130.68389,32.775426],[130.683577,32.775443],[130.68355,32.775444],[130.683507,32.775446],[130.683469,32.775448],[130.683397,32.775451],[130.683358,32.775453],[130.683362,32.775496],[130.683393,32.77593]]]}},{"type":"Feature","properties":{"ParkName":"近隣公園","ParkType":"公園","ParkCode":3021,"Pref":"熊本県","Citycode":"43100","Cityname":"熊本市","FNDate":null},"geometry":{"type":"Polygon","coordinates":[[[130.683289,32.774441],[130.683325,32.774891],[130.683338,32.775105],[130.683358,32.775386],[130.683358,32.775403],[130.683377,32.775407],[130.683416,32.775405],[130.683462,32.775403],[130.683656,32.775394],[130.683742,32.77539],[130.683992,32.775377],[130.684073,32.775373],[130.684622,32.775347],[130.684724,32.775342],[130.68469,32.774922],[130.684682,32.774786],[130.684669,32.774539],[130.68466,32.774355],[130.684497,32.774362],[130.684335,32.774369],[130.684063,32.774379],[130.683942,32.774387],[130.683532,32.774412],[130.683496,32.774414],[130.683475,32.774415],[130.683287,32.774427],[130.683289,32.774441]]]}},{"type":"Feature","properties":{"ParkName":"近隣公園","ParkType":"公園","ParkCode":3021,"Pref":"熊本県","Citycode":"43100","Cityname":"熊本市","FNDate":null},"geometry":{"type":"Polygon","coordinates":[[[130.752941,32.790701],[130.752902,32.790709],[130.752862,32.790931],[130.752859,32.790944],[130.752827,32.791123],[130.752763,32.79147],[130.752715,32.791738],[130.752684,32.791905],[130.752676,32.791954],[130.752672,32.791985],[130.752671,32.791989],[130.752671,32.791994],[130.752666,32.792034],[130.752662,32.792081],[130.752661,32.792099],[130.752661,32.792103],[130.752659,32.792152],[130.752659,32.7922],[130.75266,32.792233],[130.752663,32.792278],[130.752669,32.792343],[130.752673,32.792376],[130.752683,32.792439],[130.752702,32.79254],[130.752739,32.792558],[130.752765,32.792554],[130.753128,32.792498],[130.753129,32.792498],[130.753584,32.792427],[130.753631,32.79242],[130.753781,32.792396],[130.753782,32.792396],[130.754218,32.792327],[130.754219,32.792327],[130.754555,32.792275],[130.754566,32.792274],[130.754614,32.792266],[130.754801,32.792238],[130.754866,32.792227],[130.755244,32.792168],[130.755242,32.792159],[130.755238,32.792142],[130.755184,32.792106],[130.755032,32.792008],[130.754586,32.79173],[130.754545,32.791705],[130.754534,32.791698],[130.754221,32.791504],[130.753974,32.79135],[130.75374,32.791202],[130.75352,32.791063],[130.753334,32.790945],[130.753094,32.790795],[130.752941,32.790701]]]}},{"type":"Feature","properties":{"ParkName":"近隣公園","ParkType":"公園","ParkCode":3021,"Pref":"熊本県","Citycode":"43100","Cityname":"熊本市","FNDate":null},"geometry":{"type":"Polygon","coordinates":[[[130.773865,32.810014],[130.773932,32.810046],[130.774187,32.810166],[130.774188,32.810167],[130.774225,32.810184],[130.774279,32.810209],[130.774282,32.81021],[130.7747,32.810406],[130.774715,32.810401],[130.774808,32.810263],[130.774971,32.810024],[130.775141,32.809766],[130.775186,32.809697],[130.775189,32.809693],[130.775282,32.809553],[130.774432,32.809151],[130.773865,32.810014]]]}},{"type":"Feature","properties":{"ParkName":"近隣公園","ParkType":"公園","ParkCode":3021,"Pref":"熊本県","Citycode":"43100","Cityname":"熊本市","FNDate":null},"geometry":{"type":"Polygon","coordinates":[[[130.716566,32.82064],[130.716574,32.820637],[130.716604,32.820645],[130.716679,32.82066],[130.716769,32.820666],[130.716842,32.820663],[130.717011,32.820646],[130.717528,32.820591],[130.717573,32.820586],[130.717582,32.820585],[130.71762,32.820577],[130.717594,32.820375],[130.717573,32.820204],[130.717553,32.819989],[130.717582,32.819988],[130.717561,32.819778],[130.717557,32.819694],[130.717555,32.819666],[130.717545,32.819628],[130.71748,32.819583],[130.717078,32.819574],[130.716558,32.819581],[130.716561,32.819622],[130.716566,32.819702],[130.716568,32.819732],[130.716573,32.819831],[130.716576,32.819884],[130.716579,32.819926],[130.716579,32.820073],[130.716579,32.820253],[130.71658,32.820368],[130.716578,32.820443],[130.716578,32.820449],[130.716576,32.820491],[130.716572,32.820552],[130.71657,32.820579],[130.716568,32.82062],[130.716566,32.82064]]]}},{"type":"Feature","properties":{"ParkName":"近隣公園","ParkType":"公園","ParkCode":3021,"Pref":"熊本県","Citycode":"43100","Cityname":"熊本市","FNDate":null},"geometry":{"type":"Polygon","coordinates":[[[130.709008,32.764323],[130.709013,32.764305],[130.708811,32.764265],[130.708471,32.764188],[130.708213,32.764125],[130.708183,32.764429],[130.708154,32.764711],[130.708131,32.764948],[130.708128,32.764999],[130.708116,32.765113],[130.707999,32.766185],[130.707959,32.766556],[130.707959,32.766568],[130.70796,32.766577],[130.707964,32.766588],[130.707874,32.766587],[130.707851,32.766807],[130.70785,32.766813],[130.707949,32.766893],[130.708138,32.766908],[130.708713,32.766952],[130.708779,32.766957],[130.709396,32.767004],[130.709859,32.767038],[130.709883,32.766936],[130.709764,32.766817],[130.709776,32.766778],[130.709842,32.766785],[130.709852,32.766564],[130.709854,32.766531],[130.709863,32.766448],[130.709873,32.76636],[130.709882,32.766286],[130.709899,32.766116],[130.709904,32.766053],[130.70992,32.765907],[130.709929,32.765826],[130.709916,32.765797],[130.709914,32.765795],[130.709897,32.765782],[130.709727,32.765794],[130.709657,32.765795],[130.709627,32.765795],[130.709485,32.76579],[130.709375,32.765787],[130.709345,32.765785],[130.709316,32.765782],[130.7092,32.765768],[130.70887,32.765728],[130.708803,32.765714],[130.708797,32.765709],[130.708793,32.765702],[130.708791,32.765697],[130.708789,32.765636],[130.708799,32.765624],[130.708798,32.765534],[130.708794,32.765509],[130.708788,32.765475],[130.708787,32.76546],[130.708793,32.765436],[130.708825,32.765337],[130.708839,32.765294],[130.708867,32.765179],[130.708892,32.765067],[130.708902,32.764999],[130.708903,32.76495],[130.708906,32.764875],[130.708902,32.764844],[130.708899,32.764823],[130.708898,32.764814],[130.708894,32.764784],[130.708895,32.764751],[130.708895,32.76474],[130.708896,32.76473],[130.708897,32.764715],[130.708907,32.764585],[130.708907,32.764585],[130.70891,32.764557],[130.708912,32.764519],[130.708916,32.764462],[130.708919,32.764452],[130.708929,32.764423],[130.708932,32.764418],[130.708932,32.764417],[130.708936,32.764411],[130.708946,32.764395],[130.708953,32.764388],[130.708973,32.764371],[130.708984,32.76436],[130.708998,32.764341],[130.709001,32.764337],[130.709008,32.764323]]]}},{"type":"Feature","properties":{"ParkName":"近隣公園","ParkType":"公園","ParkCode":3021,"Pref":"熊本県","Citycode":"43100","Cityname":"熊本市","FNDate":null},"geometry":{"type":"Polygon","coordinates":[[[130.684715,32.865951],[130.684722,32.865936],[130.684806,32.865787],[130.684821,32.865739],[130.684843,32.865524],[130.684848,32.865439],[130.68485,32.865421],[130.68486,32.86542],[130.68553,32.865458],[130.685502,32.865148],[130.685538,32.865078],[130.685541,32.865072],[130.685532,32.865053],[130.685491,32.864968],[130.685476,32.864919],[130.685457,32.864877],[130.68545,32.864864],[130.68544,32.864854],[130.685418,32.864833],[130.685378,32.864759],[130.685354,32.864703],[130.68533,32.864638],[130.685318,32.864518],[130.685299,32.864331],[130.685298,32.864324],[130.684659,32.864334],[130.684309,32.864353],[130.684314,32.864384],[130.684345,32.864472],[130.684359,32.864511],[130.684398,32.864506],[130.684408,32.864641],[130.684427,32.864861],[130.684445,32.86508],[130.684476,32.865459],[130.684498,32.865735],[130.684517,32.865974],[130.684724,32.865974],[130.684715,32.865951]]]}},{"type":"Feature","properties":{"ParkName":"近隣公園","ParkType":"公園","ParkCode":3021,"Pref":"熊本県","Citycode":"43100","Cityname":"熊本市","FNDate":null},"geometry":{"type":"Polygon","coordinates":[[[130.71682,32.780324],[130.716819,32.780337],[130.716807,32.780459],[130.7168,32.780536],[130.716794,32.780593],[130.716781,32.78075],[130.716765,32.780939],[130.716748,32.781143],[130.716742,32.781201],[130.716732,32.781331],[130.716724,32.781419],[130.716711,32.781562],[130.716734,32.781584],[130.716793,32.781588],[130.717047,32.781605],[130.717413,32.78163],[130.717437,32.781613],[130.717455,32.781415],[130.717461,32.781355],[130.717472,32.781286],[130.717473,32.781274],[130.717483,32.781217],[130.717485,32.781202],[130.717487,32.781188],[130.717493,32.781149],[130.717513,32.781021],[130.717535,32.780868],[130.717555,32.780741],[130.717564,32.780675],[130.717574,32.780579],[130.717578,32.780549],[130.717593,32.780377],[130.717198,32.780353],[130.716962,32.780339],[130.71682,32.780324]]]}},{"type":"Feature","properties":{"ParkName":"近隣公園","ParkType":"公園","ParkCode":3021,"Pref":"熊本県","Citycode":"43100","Cityname":"熊本市","FNDate":null},"geometry":{"type":"Polygon","coordinates":[[[130.714095,32.749701],[130.714388,32.7497],[130.714965,32.749705],[130.714997,32.749706],[130.715267,32.749714],[130.715281,32.749713],[130.715298,32.74971],[130.715346,32.749699],[130.715388,32.749624],[130.715402,32.749601],[130.715426,32.74959],[130.715456,32.749579],[130.715554,32.749547],[130.715567,32.749541],[130.715665,32.749418],[130.715769,32.749289],[130.715794,32.749264],[130.715938,32.749078],[130.715958,32.749056],[130.716031,32.748968],[130.715914,32.748944],[130.715883,32.748938],[130.715844,32.748929],[130.715804,32.748918],[130.715776,32.748912],[130.715583,32.748878],[130.715437,32.748851],[130.715391,32.748844],[130.715363,32.748841],[130.71534,32.748839],[130.715116,32.748827],[130.714976,32.748817],[130.714943,32.748815],[130.714883,32.748807],[130.714853,32.748803],[130.714715,32.748771],[130.714655,32.748759],[130.714651,32.748784],[130.714603,32.749059],[130.714567,32.749318],[130.714564,32.749343],[130.714558,32.749363],[130.714529,32.749364],[130.714117,32.749357],[130.714099,32.749564],[130.714095,32.749701]]]}},{"type":"Feature","properties":{"ParkName":"近隣公園","ParkType":"公園","ParkCode":3021,"Pref":"熊本県","Citycode":"43100","Cityname":"熊本市","FNDate":null},"geometry":{"type":"Polygon","coordinates":[[[130.681474,32.762245],[130.681562,32.762233],[130.681633,32.762224],[130.681721,32.762212],[130.681732,32.76221],[130.68194,32.762182],[130.681966,32.762179],[130.682143,32.762155],[130.682367,32.762125],[130.682429,32.762117],[130.682443,32.762115],[130.682652,32.762087],[130.682671,32.762065],[130.682603,32.76168],[130.682563,32.761456],[130.682511,32.761163],[130.68251,32.761156],[130.682482,32.761143],[130.682319,32.761164],[130.682143,32.761187],[130.681742,32.761239],[130.681724,32.761258],[130.681722,32.76126],[130.681724,32.761271],[130.681779,32.761576],[130.681723,32.761583],[130.681428,32.76162],[130.681406,32.761642],[130.681411,32.761704],[130.681419,32.761814],[130.68144,32.7621],[130.681446,32.762173],[130.681446,32.762178],[130.68145,32.762228],[130.681474,32.762245]]]}},{"type":"Feature","properties":{"ParkName":"近隣公園","ParkType":"公園","ParkCode":3021,"Pref":"熊本県","Citycode":"43100","Cityname":"熊本市","FNDate":null},"geometry":{"type":"Polygon","coordinates":[[[130.704432,32.777166],[130.704536,32.777174],[130.704748,32.777204],[130.705014,32.777224],[130.70528,32.777245],[130.705546,32.777265],[130.705817,32.777286],[130.706082,32.777306],[130.706107,32.777289],[130.706118,32.777189],[130.70613,32.77707],[130.706154,32.776846],[130.706165,32.776747],[130.706171,32.776686],[130.706178,32.776621],[130.706203,32.776397],[130.706227,32.776172],[130.706205,32.776152],[130.705906,32.776129],[130.70564,32.776109],[130.705582,32.776104],[130.705545,32.776101],[130.705375,32.776088],[130.705109,32.776068],[130.704843,32.776048],[130.704692,32.776036],[130.704577,32.776027],[130.704553,32.776045],[130.704528,32.776269],[130.704504,32.776494],[130.70448,32.776718],[130.704456,32.776943],[130.704454,32.77696],[130.704432,32.777166]]]}},{"type":"Feature","properties":{"ParkName":"近隣公園","ParkType":"公園","ParkCode":3021,"Pref":"熊本県","Citycode":"43100","Cityname":"熊本市","FNDate":null},"geometry":{"type":"Polygon","coordinates":[[[130.711665,32.757877],[130.711614,32.757892],[130.711621,32.757898],[130.71169,32.757998],[130.711805,32.758164],[130.71182,32.758188],[130.711874,32.758298],[130.711922,32.75839],[130.711958,32.758457],[130.711993,32.758492],[130.71202,32.758508],[130.712044,32.758521],[130.712065,32.758527],[130.712242,32.758528],[130.712377,32.758533],[130.71261,32.758539],[130.712823,32.758546],[130.713073,32.758554],[130.713082,32.758555],[130.713086,32.758487],[130.713096,32.7584],[130.713123,32.758176],[130.713137,32.758084],[130.713144,32.758024],[130.71315,32.757877],[130.71315,32.757782],[130.713149,32.75771],[130.713008,32.757693],[130.712841,32.757675],[130.71278,32.757669],[130.712715,32.757662],[130.712664,32.757653],[130.712292,32.757577],[130.712132,32.757546],[130.712127,32.757545],[130.712124,32.757545],[130.712092,32.757555],[130.712069,32.757603],[130.71205,32.757651],[130.71204,32.757678],[130.712036,32.757701],[130.712034,32.757721],[130.712033,32.757738],[130.71204,32.757809],[130.712037,32.757811],[130.711969,32.757815],[130.711937,32.757818],[130.711839,32.757831],[130.711801,32.757839],[130.7117,32.757867],[130.711665,32.757877]]]}},{"type":"Feature","properties":{"ParkName":"近隣公園","ParkType":"公園","ParkCode":3021,"Pref":"熊本県","Citycode":"43100","Cityname":"熊本市","FNDate":null},"geometry":{"type":"Polygon","coordinates":[[[130.626533,32.767411],[130.626554,32.76743],[130.627505,32.76744],[130.628391,32.76745],[130.628412,32.767434],[130.628414,32.767368],[130.628416,32.767332],[130.628435,32.766969],[130.628439,32.766951],[130.62844,32.766948],[130.628435,32.766908],[130.628427,32.766835],[130.628425,32.766812],[130.628423,32.766798],[130.628414,32.766717],[130.628404,32.766622],[130.628397,32.766562],[130.62825,32.766558],[130.628265,32.766338],[130.628242,32.766339],[130.628206,32.766341],[130.628155,32.766342],[130.628039,32.766342],[130.627951,32.766341],[130.62788,32.766338],[130.627792,32.766336],[130.627723,32.766334],[130.627572,32.76633],[130.62749,32.766328],[130.627371,32.766326],[130.627276,32.766324],[130.627171,32.766322],[130.62705,32.766319],[130.626915,32.766319],[130.626824,32.766318],[130.626759,32.766317],[130.626672,32.766316],[130.626608,32.766315],[130.626592,32.766334],[130.626576,32.766663],[130.626562,32.766912],[130.626562,32.766918],[130.626561,32.766932],[130.62656,32.766973],[130.626539,32.767306],[130.626537,32.767342],[130.626533,32.767411]]]}},{"type":"Feature","properties":{"ParkName":"近隣公園","ParkType":"公園","ParkCode":3021,"Pref":"熊本県","Citycode":"43100","Cityname":"熊本市","FNDate":null},"geometry":{"type":"Polygon","coordinates":[[[130.675577,32.788524],[130.675578,32.788632],[130.675596,32.788633],[130.675595,32.78868],[130.675605,32.78868],[130.675587,32.789029],[130.676003,32.789041],[130.67597,32.789474],[130.675975,32.789474],[130.675997,32.789467],[130.676003,32.789458],[130.676012,32.789458],[130.676068,32.789458],[130.676084,32.789458],[130.676137,32.789458],[130.676498,32.789481],[130.676514,32.789482],[130.676852,32.789503],[130.676989,32.789512],[130.676994,32.789508],[130.677033,32.789473],[130.677043,32.789221],[130.677057,32.788867],[130.677059,32.788645],[130.67704,32.788627],[130.677033,32.78862],[130.677027,32.78862],[130.676956,32.78862],[130.676905,32.78862],[130.676821,32.788619],[130.676738,32.788618],[130.676571,32.788616],[130.676461,32.788615],[130.676271,32.788613],[130.676254,32.788612],[130.676238,32.788612],[130.676144,32.78861],[130.676142,32.788515],[130.676106,32.788492],[130.676027,32.788497],[130.675836,32.788509],[130.675746,32.788515],[130.675605,32.788523],[130.675577,32.788524]]]}},{"type":"Feature","properties":{"ParkName":"近隣公園","ParkType":"公園","ParkCode":3021,"Pref":"熊本県","Citycode":"43100","Cityname":"熊本市","FNDate":null},"geometry":{"type":"Polygon","coordinates":[[[130.767893,32.796368],[130.768064,32.796509],[130.768087,32.796528],[130.768092,32.796532],[130.768369,32.796735],[130.768249,32.796865],[130.768272,32.796879],[130.768386,32.796972],[130.768376,32.796981],[130.768515,32.797097],[130.768407,32.797189],[130.768452,32.797217],[130.768458,32.79722],[130.768715,32.79735],[130.76876,32.797373],[130.768858,32.797423],[130.768958,32.797477],[130.769025,32.797516],[130.769053,32.797535],[130.769191,32.797623],[130.769242,32.797655],[130.769289,32.797653],[130.769295,32.797648],[130.76932,32.797626],[130.769474,32.797496],[130.769683,32.797315],[130.769712,32.79729],[130.769708,32.797243],[130.769471,32.797077],[130.769349,32.796995],[130.769325,32.796977],[130.769164,32.796863],[130.769092,32.796812],[130.768944,32.796708],[130.768839,32.796633],[130.76867,32.796514],[130.768626,32.796483],[130.768625,32.796482],[130.768402,32.796324],[130.76837,32.7963],[130.76836,32.796293],[130.76832,32.796264],[130.768271,32.796228],[130.768144,32.796132],[130.768128,32.796148],[130.767893,32.796368]]]}},{"type":"Feature","properties":{"ParkName":"地区公園","ParkType":"公園","ParkCode":3021,"Pref":"熊本県","Citycode":"43100","Cityname":"熊本市","FNDate":null},"geometry":{"type":"Polygon","coordinates":[[[130.683207,32.825539],[130.683834,32.825625],[130.683874,32.825636],[130.684344,32.825702],[130.68423,32.826302],[130.684292,32.826311],[130.684339,32.826319],[130.684431,32.826333],[130.684556,32.826353],[130.684703,32.826375],[130.684771,32.826385],[130.684938,32.826411],[130.685068,32.826431],[130.685195,32.826451],[130.685348,32.826465],[130.685495,32.826477],[130.685509,32.826478],[130.685574,32.826482],[130.685615,32.826483],[130.685699,32.826487],[130.685764,32.826488],[130.685768,32.826488],[130.685906,32.82649],[130.685972,32.826491],[130.686025,32.826492],[130.686044,32.826492],[130.686138,32.82599],[130.686199,32.825668],[130.686337,32.825023],[130.686285,32.825013],[130.686083,32.824977],[130.686052,32.824971],[130.686021,32.824965],[130.686018,32.824965],[130.685951,32.824955],[130.685908,32.824949],[130.685813,32.824937],[130.685733,32.824927],[130.685687,32.824922],[130.685536,32.824907],[130.685325,32.824886],[130.685235,32.824877],[130.685108,32.824862],[130.684995,32.824846],[130.684907,32.824831],[130.684812,32.824811],[130.684719,32.824791],[130.684684,32.824784],[130.684672,32.824781],[130.684634,32.824774],[130.684566,32.824759],[130.684525,32.82475],[130.684496,32.824743],[130.684459,32.82473],[130.684422,32.824715],[130.684393,32.824701],[130.684332,32.824666],[130.684271,32.824633],[130.684175,32.824578],[130.684131,32.824554],[130.684104,32.824539],[130.684075,32.824528],[130.684048,32.824519],[130.684028,32.824513],[130.684004,32.824508],[130.683994,32.824506],[130.683967,32.824501],[130.683944,32.824499],[130.683923,32.824497],[130.683891,32.824496],[130.683857,32.824496],[130.683837,32.824497],[130.683801,32.824501],[130.683771,32.824505],[130.68375,32.82451],[130.683716,32.824519],[130.683692,32.824526],[130.683665,32.824536],[130.683624,32.824554],[130.683602,32.824567],[130.683585,32.824578],[130.683548,32.824604],[130.68354,32.824612],[130.683532,32.824619],[130.683517,32.824632],[130.683491,32.82466],[130.683482,32.824669],[130.683471,32.824683],[130.683453,32.824706],[130.683437,32.824731],[130.683431,32.824745],[130.683422,32.824762],[130.683414,32.824779],[130.683405,32.824801],[130.683399,32.824819],[130.683391,32.824854],[130.68337,32.824973],[130.683352,32.825072],[130.683328,32.825177],[130.683299,32.825315],[130.683291,32.825355],[130.683239,32.825384],[130.683207,32.825539]]]}},{"type":"Feature","properties":{"ParkName":"地区公園","ParkType":"公園","ParkCode":3021,"Pref":"熊本県","Citycode":"43100","Cityname":"熊本市","FNDate":null},"geometry":{"type":"Polygon","coordinates":[[[130.727065,32.758478],[130.727056,32.758521],[130.727014,32.758848],[130.727018,32.758848],[130.726988,32.759087],[130.726982,32.75912],[130.726967,32.759213],[130.726964,32.759226],[130.726932,32.75941],[130.726917,32.75949],[130.726909,32.759489],[130.726899,32.759544],[130.726892,32.759582],[130.726891,32.759588],[130.72686,32.759784],[130.726851,32.759877],[130.726852,32.759935],[130.726893,32.760018],[130.726897,32.760018],[130.727098,32.760036],[130.727334,32.760058],[130.727664,32.760093],[130.727864,32.760113],[130.727913,32.760117],[130.728168,32.76014],[130.728373,32.760158],[130.72838,32.760159],[130.728439,32.760164],[130.728606,32.760179],[130.728609,32.76018],[130.728626,32.760136],[130.728652,32.760073],[130.72867,32.760026],[130.728689,32.759965],[130.7287,32.759905],[130.728709,32.759841],[130.728713,32.759784],[130.728728,32.759722],[130.72875,32.759668],[130.728769,32.75962],[130.72878,32.759592],[130.728783,32.759584],[130.728841,32.759501],[130.728911,32.759401],[130.728922,32.75938],[130.728965,32.759301],[130.729017,32.75921],[130.729042,32.759143],[130.729069,32.759075],[130.729084,32.758988],[130.72909,32.758934],[130.72909,32.758853],[130.729084,32.758735],[130.729077,32.758609],[130.729065,32.75852],[130.729053,32.758415],[130.729043,32.758308],[130.729032,32.75821],[130.729017,32.758082],[130.728995,32.757984],[130.728982,32.757926],[130.728972,32.757874],[130.728961,32.75785],[130.728952,32.757847],[130.728934,32.757846],[130.728918,32.757848],[130.72889,32.757851],[130.728865,32.757857],[130.728443,32.757958],[130.728341,32.757987],[130.728339,32.758032],[130.728277,32.758048],[130.727912,32.758135],[130.727801,32.758169],[130.72764,32.75822],[130.727521,32.758267],[130.72727,32.758373],[130.727148,32.758429],[130.72707,32.758473],[130.727065,32.758478]]]}},{"type":"Feature","properties":{"ParkName":"地区公園","ParkType":"公園","ParkCode":3021,"Pref":"熊本県","Citycode":"43100","Cityname":"熊本市","FNDate":null},"geometry":{"type":"Polygon","coordinates":[[[130.650284,32.776821],[130.652206,32.776706],[130.6522,32.776642],[130.652192,32.77658],[130.652171,32.776356],[130.652166,32.776288],[130.652162,32.776238],[130.652154,32.776123],[130.652131,32.775878],[130.652094,32.775449],[130.652054,32.774977],[130.652045,32.774871],[130.652041,32.774821],[130.652035,32.774756],[130.652031,32.774711],[130.652018,32.774529],[130.652014,32.774467],[130.651999,32.774258],[130.651941,32.774217],[130.651726,32.774229],[130.651709,32.77423],[130.650071,32.774328],[130.65014,32.775152],[130.65016,32.775366],[130.650186,32.775687],[130.650212,32.775995],[130.650221,32.776081],[130.650259,32.776489],[130.650284,32.776821]]]}},{"type":"Feature","properties":{"ParkName":"地区公園","ParkType":"公園","ParkCode":3021,"Pref":"熊本県","Citycode":"43100","Cityname":"熊本市","FNDate":null},"geometry":{"type":"Polygon","coordinates":[[[130.699319,32.90177],[130.699231,32.901789],[130.699273,32.902086],[130.699358,32.902685],[130.699359,32.902704],[130.699345,32.902706],[130.699347,32.902714],[130.699456,32.903413],[130.699469,32.903508],[130.699502,32.903752],[130.699527,32.903962],[130.699553,32.904098],[130.699661,32.904269],[130.699678,32.904297],[130.699709,32.904344],[130.699734,32.904384],[130.699752,32.904412],[130.699773,32.904448],[130.699803,32.904502],[130.699817,32.904528],[130.699826,32.904552],[130.69984,32.904588],[130.699851,32.904621],[130.699858,32.904646],[130.699863,32.904666],[130.699874,32.904715],[130.69988,32.904761],[130.699883,32.904801],[130.699881,32.904878],[130.699914,32.904909],[130.699926,32.90491],[130.700332,32.904921],[130.700531,32.904928],[130.700829,32.904938],[130.701259,32.904953],[130.701458,32.904963],[130.701559,32.904967],[130.701797,32.904978],[130.701897,32.904982],[130.702016,32.904986],[130.702046,32.904987],[130.702247,32.904994],[130.702297,32.904995],[130.702361,32.904998],[130.70255,32.905004],[130.703007,32.905018],[130.70302,32.905019],[130.703029,32.905018],[130.703039,32.905015],[130.703048,32.90501],[130.703057,32.905002],[130.703063,32.904994],[130.703065,32.904988],[130.703067,32.904977],[130.703071,32.904875],[130.703073,32.904803],[130.703076,32.904723],[130.703078,32.904679],[130.703078,32.904674],[130.703083,32.904593],[130.703089,32.904461],[130.703091,32.904398],[130.703095,32.904308],[130.703097,32.904257],[130.7031,32.904185],[130.703085,32.904162],[130.703051,32.904148],[130.702457,32.904106],[130.702194,32.904092],[130.701956,32.904071],[130.70191,32.90407],[130.701907,32.903973],[130.701883,32.903929],[130.701838,32.903892],[130.701709,32.903821],[130.701702,32.903833],[130.701482,32.903774],[130.701344,32.903722],[130.70131,32.903656],[130.701263,32.903566],[130.701191,32.903397],[130.70118,32.903254],[130.701154,32.902884],[130.701187,32.902705],[130.701199,32.90252],[130.700906,32.902235],[130.700754,32.902108],[130.700687,32.902067],[130.700625,32.902033],[130.700613,32.902026],[130.700598,32.902018],[130.700582,32.902009],[130.700564,32.902],[130.700538,32.901987],[130.700496,32.901967],[130.700475,32.901957],[130.700445,32.901944],[130.700409,32.90193],[130.700386,32.90192],[130.700354,32.901908],[130.70031,32.901893],[130.700285,32.901884],[130.700257,32.901875],[130.700227,32.901864],[130.700211,32.901859],[130.700189,32.901852],[130.700147,32.901839],[130.700122,32.901832],[130.700104,32.901827],[130.700092,32.901824],[130.700069,32.901818],[130.700043,32.901812],[130.700018,32.901806],[130.699996,32.901801],[130.699971,32.901796],[130.699943,32.90179],[130.699928,32.901787],[130.699903,32.901783],[130.699884,32.90178],[130.699856,32.901776],[130.699835,32.901773],[130.69972,32.901766],[130.699632,32.901761],[130.699457,32.901755],[130.699396,32.901753],[130.699319,32.90177]]]}},{"type":"Feature","properties":{"ParkName":"運動公園","ParkType":"公園","ParkCode":3021,"Pref":"熊本県","Citycode":"43100","Cityname":"熊本市","FNDate":null},"geometry":{"type":"Polygon","coordinates":[[[130.739953,32.796067],[130.740159,32.796088],[130.741353,32.796297],[130.741694,32.796368],[130.741832,32.7964],[130.741891,32.796353],[130.742018,32.796255],[130.742244,32.796083],[130.742405,32.795962],[130.742504,32.795888],[130.742628,32.795795],[130.742858,32.795627],[130.742865,32.795609],[130.742861,32.795602],[130.74286,32.795601],[130.742827,32.795549],[130.742661,32.795289],[130.742605,32.795206],[130.742593,32.795184],[130.742567,32.795139],[130.742532,32.795076],[130.742515,32.795039],[130.742504,32.795005],[130.742442,32.79477],[130.742396,32.794625],[130.742297,32.794264],[130.742284,32.794237],[130.742255,32.794178],[130.742075,32.793898],[130.741851,32.793534],[130.741826,32.793503],[130.741793,32.793465],[130.74177,32.793438],[130.741768,32.793436],[130.741724,32.793393],[130.741688,32.793357],[130.741635,32.793312],[130.741585,32.793276],[130.741534,32.793243],[130.741478,32.79321],[130.741423,32.793185],[130.741323,32.793161],[130.740576,32.793055],[130.740397,32.793029],[130.740387,32.793028],[130.739856,32.792951],[130.739846,32.79295],[130.739512,32.792902],[130.73951,32.792902],[130.739103,32.792843],[130.738611,32.792773],[130.738544,32.792763],[130.738388,32.792875],[130.738388,32.793083],[130.738411,32.793159],[130.73846,32.79333],[130.738489,32.793434],[130.738506,32.793449],[130.738521,32.793498],[130.738556,32.79362],[130.738557,32.793625],[130.738572,32.793678],[130.738595,32.793758],[130.738627,32.793866],[130.738655,32.793968],[130.738683,32.794064],[130.738717,32.79418],[130.738754,32.794311],[130.738761,32.794334],[130.738766,32.794345],[130.738785,32.794391],[130.738787,32.794396],[130.738809,32.794434],[130.738865,32.794532],[130.738943,32.794668],[130.739004,32.794777],[130.739039,32.794841],[130.739047,32.794855],[130.73905,32.79486],[130.739086,32.794926],[130.739149,32.795037],[130.739185,32.795101],[130.739215,32.795153],[130.739283,32.795275],[130.73935,32.795392],[130.739367,32.795423],[130.739424,32.795524],[130.739437,32.795546],[130.739492,32.795643],[130.7395,32.795658],[130.739508,32.795667],[130.739544,32.79571],[130.739616,32.795791],[130.739651,32.795829],[130.739701,32.795886],[130.739716,32.795904],[130.739721,32.795909],[130.739731,32.795916],[130.739731,32.795916],[130.739776,32.795947],[130.739772,32.795952],[130.739787,32.795961],[130.739798,32.795968],[130.739925,32.796049],[130.739953,32.796067]]]}},{"type":"Feature","properties":{"ParkName":"街区公園","ParkType":"公園","ParkCode":3021,"Pref":"熊本県","Citycode":"43100","Cityname":"熊本市","FNDate":null},"geometry":{"type":"Polygon","coordinates":[[[130.669848,32.735792],[130.66985,32.735463],[130.669853,32.735431],[130.669853,32.735131],[130.669853,32.735123],[130.669717,32.735124],[130.669137,32.735127],[130.669135,32.735247],[130.669134,32.735307],[130.669134,32.735336],[130.669133,32.73543],[130.66913,32.735523],[130.66913,32.735706],[130.669128,32.735763],[130.669128,32.735765],[130.669848,32.735792]]]}},{"type":"Feature","properties":{"ParkName":"街区公園","ParkType":"公園","ParkCode":3021,"Pref":"熊本県","Citycode":"43100","Cityname":"熊本市","FNDate":null},"geometry":{"type":"Polygon","coordinates":[[[130.746181,32.811447],[130.745901,32.81182],[130.745909,32.811826],[130.746028,32.811917],[130.746302,32.812124],[130.746348,32.812159],[130.74637,32.812173],[130.746375,32.812175],[130.746661,32.8118],[130.746688,32.811765],[130.746467,32.811642],[130.746315,32.81154],[130.746238,32.811486],[130.746204,32.811462],[130.746181,32.811447]]]}},{"type":"Feature","properties":{"ParkName":"街区公園","ParkType":"公園","ParkCode":3021,"Pref":"熊本県","Citycode":"43100","Cityname":"熊本市","FNDate":null},"geometry":{"type":"Polygon","coordinates":[[[130.746322,32.811525],[130.746479,32.811629],[130.746707,32.811756],[130.746748,32.811711],[130.746866,32.811587],[130.746446,32.811354],[130.746322,32.811525]]]}},{"type":"Feature","properties":{"ParkName":"街区公園","ParkType":"公園","ParkCode":3021,"Pref":"熊本県","Citycode":"43100","Cityname":"熊本市","FNDate":null},"geometry":{"type":"Polygon","coordinates":[[[130.711121,32.811711],[130.711207,32.811701],[130.711334,32.811687],[130.711412,32.811677],[130.711433,32.811674],[130.711445,32.811664],[130.711432,32.811561],[130.71142,32.811443],[130.711404,32.811302],[130.711376,32.811274],[130.711328,32.811281],[130.711244,32.811296],[130.711226,32.811299],[130.711254,32.81152],[130.711102,32.811539],[130.711121,32.811711]]]}},{"type":"Feature","properties":{"ParkName":"街区公園","ParkType":"公園","ParkCode":3021,"Pref":"熊本県","Citycode":"43100","Cityname":"熊本市","FNDate":null},"geometry":{"type":"Polygon","coordinates":[[[130.708283,32.822003],[130.708561,32.822037],[130.708577,32.821546],[130.708355,32.821542],[130.70835,32.821607],[130.708342,32.821654],[130.708325,32.8217],[130.708309,32.82176],[130.708283,32.822003]]]}},{"type":"Feature","properties":{"ParkName":"街区公園","ParkType":"公園","ParkCode":3021,"Pref":"熊本県","Citycode":"43100","Cityname":"熊本市","FNDate":null},"geometry":{"type":"Polygon","coordinates":[[[130.769772,32.802356],[130.769858,32.802359],[130.769967,32.802368],[130.770067,32.802383],[130.77008,32.802385],[130.770121,32.802397],[130.770139,32.802394],[130.770153,32.802392],[130.770183,32.802385],[130.770197,32.802382],[130.770205,32.802377],[130.770206,32.802358],[130.770206,32.802343],[130.769919,32.802216],[130.769673,32.802109],[130.769306,32.801952],[130.76907,32.801848],[130.768995,32.802127],[130.769334,32.80221],[130.769645,32.802284],[130.769606,32.802387],[130.769772,32.802356]]]}},{"type":"Feature","properties":{"ParkName":"街区公園","ParkType":"公園","ParkCode":3021,"Pref":"熊本県","Citycode":"43100","Cityname":"熊本市","FNDate":null},"geometry":{"type":"Polygon","coordinates":[[[130.624332,32.782551],[130.624349,32.782581],[130.624452,32.782602],[130.624536,32.782621],[130.624594,32.782636],[130.624617,32.782643],[130.624693,32.78267],[130.624746,32.78269],[130.624796,32.782708],[130.624828,32.782712],[130.624841,32.782713],[130.624868,32.782716],[130.624966,32.782726],[130.625003,32.782729],[130.625124,32.782732],[130.625126,32.78268],[130.625138,32.782669],[130.625195,32.782621],[130.625251,32.782574],[130.625308,32.782526],[130.625336,32.782503],[130.625373,32.782473],[130.625243,32.782406],[130.625143,32.782355],[130.624945,32.782253],[130.624921,32.78224],[130.624875,32.782216],[130.624792,32.782165],[130.624725,32.782192],[130.624591,32.782238],[130.624446,32.782271],[130.62437,32.782284],[130.624332,32.782551]]]}},{"type":"Feature","properties":{"ParkName":"街区公園","ParkType":"公園","ParkCode":3021,"Pref":"熊本県","Citycode":"43100","Cityname":"熊本市","FNDate":null},"geometry":{"type":"Polygon","coordinates":[[[130.758348,32.78184],[130.758578,32.781876],[130.758604,32.781862],[130.758716,32.781635],[130.75881,32.781441],[130.758988,32.781072],[130.758985,32.781049],[130.75897,32.781027],[130.758922,32.780968],[130.758874,32.780909],[130.758812,32.780831],[130.75878,32.780826],[130.758644,32.780905],[130.758463,32.781009],[130.758276,32.781117],[130.758192,32.781154],[130.758356,32.781441],[130.758348,32.78184]]]}},{"type":"Feature","properties":{"ParkName":"街区公園","ParkType":"公園","ParkCode":3021,"Pref":"熊本県","Citycode":"43100","Cityname":"熊本市","FNDate":null},"geometry":{"type":"Polygon","coordinates":[[[130.718369,32.771406],[130.718711,32.771442],[130.718779,32.771458],[130.718819,32.771472],[130.718836,32.771475],[130.718853,32.771246],[130.718793,32.771242],[130.718399,32.771213],[130.718369,32.771406]]]}},{"type":"Feature","properties":{"ParkName":"街区公園","ParkType":"公園","ParkCode":3021,"Pref":"熊本県","Citycode":"43100","Cityname":"熊本市","FNDate":null},"geometry":{"type":"Polygon","coordinates":[[[130.709543,32.828203],[130.709617,32.828417],[130.710039,32.828375],[130.710009,32.828264],[130.710019,32.828192],[130.70977,32.828197],[130.709676,32.828193],[130.709537,32.828175],[130.709543,32.828203]]]}},{"type":"Feature","properties":{"ParkName":"街区公園","ParkType":"公園","ParkCode":3021,"Pref":"熊本県","Citycode":"43100","Cityname":"熊本市","FNDate":null},"geometry":{"type":"Polygon","coordinates":[[[130.700547,32.827155],[130.700548,32.827143],[130.70053,32.8271],[130.700507,32.827077],[130.70047,32.827048],[130.700424,32.827013],[130.700366,32.826955],[130.700313,32.826881],[130.700273,32.82679],[130.700271,32.826728],[130.700275,32.826711],[130.700295,32.826643],[130.700337,32.826585],[130.700381,32.826535],[130.700403,32.826511],[130.700438,32.826492],[130.700471,32.826486],[130.700558,32.826476],[130.700378,32.826384],[130.70024,32.826511],[130.700136,32.826593],[130.700029,32.826693],[130.699953,32.826752],[130.699898,32.826831],[130.699883,32.826856],[130.699874,32.826885],[130.699879,32.826937],[130.699905,32.826998],[130.699941,32.82706],[130.7,32.827127],[130.700068,32.827118],[130.700132,32.827138],[130.700133,32.827144],[130.700143,32.827154],[130.700243,32.827225],[130.700285,32.827232],[130.700464,32.82719],[130.700529,32.827165],[130.700547,32.827155]]]}},{"type":"Feature","properties":{"ParkName":"近隣公園","ParkType":"公園","ParkCode":3021,"Pref":"熊本県","Citycode":"43100","Cityname":"熊本市","FNDate":null},"geometry":{"type":"Polygon","coordinates":[[[130.681026,32.813561],[130.681002,32.813526],[130.680971,32.81349],[130.680934,32.813418],[130.68088,32.813305],[130.680855,32.813227],[130.6808,32.813152],[130.680887,32.813144],[130.680929,32.813152],[130.680915,32.813043],[130.680464,32.812973],[130.680161,32.812997],[130.679927,32.813048],[130.679823,32.813062],[130.679729,32.813077],[130.679747,32.813214],[130.679764,32.81328],[130.679781,32.813381],[130.679788,32.813497],[130.6798,32.81355],[130.680268,32.813532],[130.68027,32.813577],[130.680317,32.814019],[130.680815,32.814016],[130.680988,32.814014],[130.681124,32.813992],[130.681144,32.813983],[130.681151,32.813974],[130.681157,32.813951],[130.681156,32.813927],[130.681151,32.813907],[130.681109,32.813785],[130.681048,32.813635],[130.681026,32.813561]]]}},{"type":"Feature","properties":{"ParkName":"近隣公園","ParkType":"公園","ParkCode":3021,"Pref":"熊本県","Citycode":"43100","Cityname":"熊本市","FNDate":null},"geometry":{"type":"Polygon","coordinates":[[[130.70419,32.865968],[130.704683,32.865918],[130.704713,32.865858],[130.704728,32.865813],[130.704736,32.865783],[130.704741,32.865753],[130.70476,32.865583],[130.704777,32.865376],[130.704772,32.865185],[130.704766,32.865124],[130.704757,32.865082],[130.704746,32.865039],[130.704581,32.864762],[130.703785,32.864857],[130.703666,32.864834],[130.703546,32.864809],[130.703504,32.864811],[130.703471,32.864829],[130.703434,32.864855],[130.7034,32.864884],[130.703388,32.864903],[130.703386,32.864924],[130.70344,32.865131],[130.703467,32.865142],[130.703483,32.865151],[130.703499,32.865165],[130.703506,32.865216],[130.703507,32.865226],[130.703486,32.865264],[130.703456,32.865288],[130.703517,32.86558],[130.703568,32.865593],[130.703615,32.865589],[130.703744,32.865689],[130.70377,32.865744],[130.703778,32.86576],[130.703824,32.865813],[130.703843,32.86583],[130.70419,32.865968]]]}},{"type":"Feature","properties":{"ParkName":"近隣公園","ParkType":"公園","ParkCode":3021,"Pref":"熊本県","Citycode":"43100","Cityname":"熊本市","FNDate":null},"geometry":{"type":"Polygon","coordinates":[[[130.703013,32.935265],[130.703029,32.935254],[130.703082,32.935218],[130.70316,32.935171],[130.703303,32.93508],[130.70335,32.93506],[130.703367,32.935056],[130.703382,32.935055],[130.703393,32.935059],[130.703424,32.935059],[130.703447,32.935064],[130.70347,32.935059],[130.703501,32.935031],[130.703546,32.934995],[130.703604,32.934949],[130.703715,32.934874],[130.703816,32.934803],[130.703919,32.934728],[130.703937,32.934705],[130.70395,32.934687],[130.703963,32.934677],[130.703995,32.934632],[130.704001,32.934615],[130.703959,32.934562],[130.703954,32.93455],[130.70396,32.934536],[130.703971,32.934521],[130.704064,32.934422],[130.704107,32.934378],[130.704148,32.934343],[130.704076,32.934297],[130.704027,32.934266],[130.703952,32.934215],[130.703934,32.934203],[130.703833,32.934155],[130.703811,32.934125],[130.70381,32.934106],[130.70381,32.934085],[130.703841,32.934036],[130.703852,32.933943],[130.703784,32.933936],[130.703749,32.933918],[130.703622,32.933886],[130.703505,32.933853],[130.703374,32.933819],[130.703283,32.933796],[130.703173,32.933768],[130.703018,32.93373],[130.702996,32.93372],[130.702991,32.933744],[130.702974,32.933778],[130.702919,32.933917],[130.70291,32.933925],[130.702872,32.933931],[130.702794,32.933939],[130.702625,32.933999],[130.702433,32.934065],[130.702385,32.934081],[130.702263,32.934123],[130.702212,32.93413],[130.702193,32.934124],[130.70225,32.934204],[130.702316,32.934227],[130.702318,32.934239],[130.702324,32.934252],[130.70244,32.934429],[130.702449,32.934447],[130.702475,32.934491],[130.702489,32.9345],[130.70259,32.934659],[130.702723,32.934873],[130.70286,32.935065],[130.702998,32.935246],[130.703013,32.935265]]]}},{"type":"Feature","properties":{"ParkName":"近隣公園","ParkType":"公園","ParkCode":3021,"Pref":"熊本県","Citycode":"43100","Cityname":"熊本市","FNDate":null},"geometry":{"type":"Polygon","coordinates":[[[130.661736,32.908292],[130.661814,32.908378],[130.661895,32.908466],[130.661954,32.908524],[130.662013,32.908574],[130.662083,32.908621],[130.662197,32.908691],[130.662277,32.908744],[130.662357,32.908783],[130.662447,32.908822],[130.662668,32.908876],[130.662812,32.908905],[130.66292,32.908915],[130.663035,32.908979],[130.663101,32.908979],[130.663208,32.908974],[130.663653,32.908938],[130.663756,32.908938],[130.663738,32.908927],[130.663547,32.908851],[130.663627,32.908797],[130.663653,32.908692],[130.663662,32.908619],[130.663661,32.908605],[130.663239,32.908566],[130.663215,32.908558],[130.663202,32.908545],[130.663183,32.908521],[130.663129,32.908364],[130.663108,32.908284],[130.663033,32.907944],[130.663024,32.907914],[130.66302,32.907903],[130.663005,32.907865],[130.66298,32.907826],[130.662951,32.907795],[130.66293,32.907776],[130.662897,32.907755],[130.662868,32.907743],[130.662839,32.907736],[130.662797,32.907731],[130.662759,32.907729],[130.662684,32.907731],[130.662602,32.907737],[130.66236,32.90777],[130.662265,32.90778],[130.662211,32.907786],[130.66209,32.907791],[130.662072,32.907793],[130.662055,32.907798],[130.662029,32.907811],[130.662015,32.90782],[130.662001,32.907826],[130.66197,32.907831],[130.661648,32.907842],[130.66167,32.908057],[130.661675,32.908069],[130.661684,32.908109],[130.661644,32.908236],[130.661555,32.908237],[130.661491,32.908241],[130.661434,32.908248],[130.661503,32.908266],[130.661736,32.908292]]]}},{"type":"Feature","properties":{"ParkName":"地区公園","ParkType":"公園","ParkCode":3021,"Pref":"熊本県","Citycode":"43100","Cityname":"熊本市","FNDate":null},"geometry":{"type":"Polygon","coordinates":[[[130.686281,32.846098],[130.68628,32.846131],[130.686292,32.846145],[130.68633,32.84615],[130.68654,32.846169],[130.686603,32.84618],[130.686653,32.846192],[130.686701,32.846213],[130.686763,32.846246],[130.686814,32.846284],[130.686865,32.846327],[130.686899,32.846373],[130.686929,32.846421],[130.686963,32.846465],[130.687016,32.846521],[130.687137,32.846639],[130.687168,32.846661],[130.687215,32.846703],[130.687254,32.846748],[130.687296,32.846827],[130.687324,32.846884],[130.687408,32.847033],[130.687479,32.847156],[130.687543,32.847284],[130.687607,32.847351],[130.687687,32.847408],[130.687731,32.847434],[130.68785,32.847488],[130.687971,32.847499],[130.688023,32.847491],[130.688077,32.847466],[130.688121,32.84746],[130.688127,32.847416],[130.68813,32.847401],[130.688143,32.847389],[130.688166,32.847383],[130.688197,32.847379],[130.68835,32.847382],[130.688403,32.847378],[130.688488,32.847359],[130.688557,32.84734],[130.688635,32.847308],[130.688717,32.847239],[130.688835,32.847144],[130.689016,32.846987],[130.689114,32.846899],[130.689167,32.84688],[130.689211,32.846867],[130.689276,32.846877],[130.689304,32.846872],[130.689367,32.846861],[130.689411,32.84685],[130.689462,32.846804],[130.68955,32.846666],[130.689605,32.84659],[130.689643,32.846496],[130.689659,32.846411],[130.689655,32.84633],[130.689653,32.846251],[130.689543,32.846285],[130.689498,32.846313],[130.689422,32.846359],[130.689333,32.846424],[130.689279,32.846506],[130.68923,32.846604],[130.68919,32.846678],[130.689132,32.846802],[130.689117,32.846837],[130.689045,32.846911],[130.688951,32.846996],[130.6889,32.847038],[130.688847,32.847075],[130.688762,32.847134],[130.688673,32.84719],[130.688638,32.847206],[130.688599,32.847218],[130.688545,32.847226],[130.6885,32.847227],[130.688313,32.847233],[130.688146,32.847235],[130.688058,32.847237],[130.687918,32.847191],[130.687886,32.847175],[130.687847,32.847113],[130.687802,32.846994],[130.687797,32.846966],[130.687771,32.846974],[130.68774,32.846856],[130.687724,32.846821],[130.68769,32.846737],[130.687651,32.846656],[130.687595,32.846572],[130.687531,32.846468],[130.687506,32.846434],[130.687411,32.84628],[130.687402,32.846264],[130.687368,32.846208],[130.687128,32.845915],[130.686971,32.845738],[130.686942,32.845724],[130.686919,32.84572],[130.686881,32.845723],[130.686836,32.845732],[130.686794,32.845753],[130.686699,32.845795],[130.686632,32.84583],[130.686553,32.845875],[130.686491,32.845915],[130.686414,32.845964],[130.686368,32.845995],[130.68632,32.846032],[130.686293,32.846073],[130.686281,32.846098]]]}},{"type":"Feature","properties":{"ParkName":"総合公園","ParkType":"公園","ParkCode":3021,"Pref":"熊本県","Citycode":"43100","Cityname":"熊本市","FNDate":null},"geometry":{"type":"Polygon","coordinates":[[[130.678939,32.807794],[130.678756,32.807822],[130.678762,32.807869],[130.678256,32.808473],[130.678104,32.808546],[130.678088,32.808553],[130.678029,32.808591],[130.678,32.808621],[130.677976,32.808663],[130.677948,32.808707],[130.677908,32.808756],[130.677858,32.808808],[130.677869,32.808889],[130.677893,32.808971],[130.677897,32.809023],[130.677911,32.809216],[130.677903,32.809252],[130.67781,32.80957],[130.67804,32.809989],[130.677976,32.81004],[130.677932,32.810392],[130.677921,32.8104],[130.67789,32.81041],[130.677869,32.810426],[130.677809,32.810572],[130.677783,32.810609],[130.677766,32.810625],[130.677743,32.810637],[130.677717,32.810639],[130.677705,32.810668],[130.677691,32.810712],[130.6777,32.81072],[130.677738,32.810746],[130.677681,32.810808],[130.677657,32.810836],[130.677602,32.810967],[130.677583,32.811005],[130.677462,32.811219],[130.677488,32.811239],[130.677352,32.81152],[130.677459,32.811552],[130.677489,32.81157],[130.677532,32.811594],[130.677576,32.811618],[130.677607,32.811638],[130.677576,32.811737],[130.677873,32.811824],[130.677847,32.811898],[130.678016,32.811946],[130.678045,32.811854],[130.678139,32.811879],[130.67841,32.811953],[130.678436,32.811963],[130.678497,32.811995],[130.678547,32.81189],[130.678436,32.811776],[130.678434,32.811738],[130.678418,32.811706],[130.678413,32.811688],[130.678415,32.811672],[130.678423,32.811654],[130.678432,32.81164],[130.678449,32.811634],[130.678467,32.811622],[130.678489,32.81161],[130.678512,32.811583],[130.6786,32.811441],[130.678673,32.811451],[130.678714,32.8114],[130.678841,32.811408],[130.678874,32.811448],[130.678779,32.811711],[130.678953,32.811749],[130.679003,32.811769],[130.679097,32.811807],[130.679354,32.811772],[130.679378,32.811838],[130.679531,32.811825],[130.679588,32.811941],[130.679742,32.811935],[130.679726,32.811762],[130.67996,32.811666],[130.680145,32.811593],[130.680171,32.811585],[130.680206,32.811587],[130.680249,32.811597],[130.680303,32.811617],[130.680466,32.811578],[130.680506,32.81157],[130.680551,32.811572],[130.680481,32.811422],[130.680686,32.811283],[130.680748,32.81127],[130.680812,32.811264],[130.680869,32.811263],[130.681117,32.8113],[130.681136,32.811282],[130.681171,32.811262],[130.681212,32.811246],[130.681252,32.811232],[130.681271,32.811214],[130.681283,32.811186],[130.68129,32.811137],[130.681276,32.811107],[130.681335,32.811053],[130.681368,32.811029],[130.681423,32.810991],[130.681465,32.810964],[130.681498,32.810936],[130.681548,32.810876],[130.681592,32.810825],[130.681623,32.810805],[130.681663,32.810781],[130.681737,32.810734],[130.681706,32.81069],[130.681742,32.810666],[130.68177,32.810644],[130.681799,32.810588],[130.681815,32.810543],[130.68182,32.810501],[130.681818,32.810439],[130.681818,32.810417],[130.68192,32.810255],[130.681733,32.81019],[130.681944,32.809834],[130.681768,32.809778],[130.682229,32.80884],[130.682255,32.808853],[130.682382,32.808873],[130.682472,32.808889],[130.682493,32.808845],[130.682262,32.808804],[130.682095,32.808678],[130.682122,32.808547],[130.682084,32.808541],[130.681804,32.808534],[130.68173,32.808251],[130.681641,32.808166],[130.681582,32.808098],[130.681513,32.80808],[130.681483,32.80807],[130.681403,32.807922],[130.681406,32.807906],[130.68142,32.807894],[130.681425,32.807872],[130.68142,32.807868],[130.681392,32.807842],[130.681385,32.807834],[130.681389,32.807818],[130.681399,32.807808],[130.681422,32.8078],[130.681446,32.807794],[130.681467,32.807786],[130.6815,32.80778],[130.681591,32.807624],[130.681369,32.807544],[130.681249,32.807523],[130.681157,32.807521],[130.681022,32.807523],[130.680968,32.807553],[130.680932,32.807555],[130.680868,32.807563],[130.68074,32.807565],[130.680673,32.807572],[130.680571,32.807606],[130.680496,32.807636],[130.680413,32.807674],[130.680328,32.807723],[130.680267,32.807755],[130.680205,32.807771],[130.680163,32.807772],[130.680073,32.80777],[130.679986,32.807766],[130.679934,32.807774],[130.679872,32.807788],[130.679726,32.807819],[130.67955,32.807845],[130.679373,32.80786],[130.679319,32.807858],[130.679248,32.80785],[130.679156,32.807828],[130.679022,32.807795],[130.678989,32.807789],[130.678939,32.807794]]]}},{"type":"Feature","properties":{"ParkName":"特殊公園","ParkType":"公園","ParkCode":3021,"Pref":"熊本県","Citycode":"43100","Cityname":"熊本市","FNDate":null},"geometry":{"type":"Polygon","coordinates":[[[130.67996,32.811666],[130.679726,32.811762],[130.679742,32.811935],[130.679588,32.811941],[130.679531,32.811825],[130.679378,32.811838],[130.679354,32.811772],[130.679097,32.811807],[130.679003,32.811769],[130.678953,32.811749],[130.678779,32.811711],[130.678874,32.811448],[130.678841,32.811408],[130.678714,32.8114],[130.678673,32.811451],[130.6786,32.811441],[130.678512,32.811583],[130.678489,32.81161],[130.678467,32.811622],[130.678449,32.811634],[130.678432,32.81164],[130.678423,32.811654],[130.678415,32.811672],[130.678413,32.811688],[130.678418,32.811706],[130.678434,32.811738],[130.678436,32.811776],[130.678547,32.81189],[130.678497,32.811995],[130.678436,32.811963],[130.67841,32.811953],[130.678139,32.811879],[130.678155,32.811911],[130.678252,32.811945],[130.678325,32.811969],[130.678379,32.811991],[130.678419,32.812005],[130.678457,32.812035],[130.678497,32.812073],[130.678558,32.812125],[130.678638,32.812201],[130.678694,32.812271],[130.678741,32.812335],[130.678786,32.812357],[130.678816,32.812379],[130.678852,32.812393],[130.678892,32.812401],[130.678948,32.812409],[130.679087,32.812425],[130.679493,32.812458],[130.679964,32.812491],[130.67996,32.811666]]]}},{"type":"Feature","properties":{"ParkName":"特殊公園","ParkType":"公園","ParkCode":3021,"Pref":"熊本県","Citycode":"43100","Cityname":"熊本市","FNDate":null},"geometry":{"type":"Polygon","coordinates":[[[130.751371,32.834176],[130.751678,32.834294],[130.751794,32.834199],[130.752218,32.834529],[130.752748,32.834063],[130.752348,32.833678],[130.752591,32.833453],[130.752521,32.833437],[130.751659,32.834235],[130.751393,32.834134],[130.751371,32.834176]]]}},{"type":"Feature","properties":{"ParkName":"特殊公園","ParkType":"公園","ParkCode":3021,"Pref":"熊本県","Citycode":"43100","Cityname":"熊本市","FNDate":null},"geometry":{"type":"Polygon","coordinates":[[[130.68932,32.795842],[130.689305,32.795805],[130.689289,32.79578],[130.689284,32.795772],[130.68928,32.795767],[130.689264,32.795756],[130.689238,32.795739],[130.689223,32.795733],[130.689197,32.795722],[130.689169,32.795713],[130.689104,32.795701],[130.689094,32.7957],[130.689029,32.795694],[130.688868,32.795683],[130.688709,32.795674],[130.688621,32.795676],[130.688562,32.795689],[130.688398,32.795752],[130.688484,32.795763],[130.688584,32.79578],[130.688631,32.795788],[130.688703,32.795812],[130.688761,32.795845],[130.688785,32.795866],[130.688819,32.795942],[130.688744,32.795965],[130.688637,32.795978],[130.688415,32.79599],[130.688393,32.79603],[130.688351,32.796073],[130.688255,32.796095],[130.688216,32.796128],[130.688114,32.796146],[130.688051,32.79614],[130.68798,32.79615],[130.687786,32.79619],[130.687749,32.796269],[130.687707,32.796345],[130.687668,32.796393],[130.687608,32.79643],[130.687554,32.796453],[130.687473,32.796473],[130.687392,32.796483],[130.68729,32.796485],[130.68715,32.796462],[130.687015,32.796414],[130.68691,32.796378],[130.686649,32.796124],[130.68661,32.796104],[130.686457,32.796055],[130.686359,32.796033],[130.686231,32.796014],[130.686087,32.795994],[130.685937,32.795976],[130.685865,32.795968],[130.685785,32.795945],[130.68568,32.795912],[130.685593,32.795894],[130.685515,32.795886],[130.685422,32.795888],[130.685323,32.795919],[130.68522,32.795959],[130.68513,32.795979],[130.685016,32.796004],[130.684905,32.796024],[130.684776,32.796039],[130.684713,32.796041],[130.684635,32.796036],[130.684489,32.796005],[130.684378,32.795987],[130.684321,32.795984],[130.68427,32.795984],[130.684192,32.795992],[130.684096,32.796004],[130.684001,32.796014],[130.68392,32.796011],[130.683851,32.796001],[130.683824,32.795988],[130.683803,32.795968],[130.683791,32.795953],[130.683344,32.796341],[130.683143,32.796401],[130.683322,32.796627],[130.683546,32.796764],[130.683842,32.796768],[130.684043,32.796758],[130.684226,32.796718],[130.684325,32.796718],[130.684444,32.796716],[130.684498,32.796676],[130.684493,32.796428],[130.684646,32.796433],[130.684757,32.796418],[130.684898,32.796396],[130.684961,32.796381],[130.685075,32.796373],[130.685111,32.796761],[130.685311,32.79684],[130.685514,32.796946],[130.685577,32.796946],[130.685622,32.796924],[130.685724,32.796841],[130.686039,32.796725],[130.686144,32.796705],[130.686291,32.796682],[130.686402,32.796678],[130.686489,32.796683],[130.686605,32.796709],[130.68671,32.796747],[130.686896,32.796822],[130.686944,32.796885],[130.688019,32.796598],[130.68836,32.796404],[130.688476,32.796357],[130.688545,32.796326],[130.688596,32.796291],[130.688656,32.796233],[130.688704,32.796165],[130.688762,32.796051],[130.688819,32.796026],[130.688861,32.795985],[130.68932,32.795842]]]}},{"type":"Feature","properties":{"ParkName":"特殊公園","ParkType":"公園","ParkCode":3021,"Pref":"熊本県","Citycode":"43100","Cityname":"熊本市","FNDate":null},"geometry":{"type":"Polygon","coordinates":[[[130.685915,32.817288],[130.685775,32.81743],[130.685686,32.817525],[130.68563,32.817571],[130.685572,32.817617],[130.685532,32.817639],[130.6855,32.817649],[130.685457,32.817658],[130.685405,32.817668],[130.685168,32.817708],[130.685158,32.817679],[130.685147,32.817635],[130.685134,32.817626],[130.685112,32.817613],[130.685096,32.817595],[130.685088,32.817577],[130.68506,32.817515],[130.685018,32.817442],[130.68499,32.817397],[130.684936,32.817336],[130.684903,32.817308],[130.684867,32.817281],[130.684825,32.817252],[130.684789,32.817235],[130.684726,32.817218],[130.68465,32.817204],[130.684575,32.817202],[130.684438,32.817203],[130.684325,32.81721],[130.684189,32.817221],[130.684098,32.817226],[130.684041,32.817238],[130.683973,32.81725],[130.683916,32.817255],[130.683725,32.817254],[130.68362,32.817259],[130.683555,32.817264],[130.683515,32.817271],[130.683478,32.817288],[130.683447,32.817313],[130.683388,32.817354],[130.683348,32.817383],[130.683303,32.817403],[130.683269,32.81742],[130.683222,32.817433],[130.68318,32.817437],[130.683131,32.817438],[130.683023,32.817428],[130.682968,32.817426],[130.682936,32.817429],[130.682875,32.817444],[130.682766,32.817483],[130.682623,32.817539],[130.682468,32.817607],[130.682377,32.817653],[130.682333,32.817678],[130.682288,32.817695],[130.682234,32.817707],[130.682179,32.817717],[130.682145,32.817724],[130.682088,32.817739],[130.682038,32.817761],[130.682007,32.817774],[130.681981,32.81779],[130.681955,32.817807],[130.68193,32.817825],[130.6819,32.817842],[130.681846,32.817868],[130.681946,32.817984],[130.681994,32.818105],[130.68203,32.818225],[130.682116,32.818425],[130.682132,32.818483],[130.682134,32.818524],[130.682127,32.818578],[130.682113,32.818664],[130.682091,32.81873],[130.682066,32.8188],[130.682021,32.818882],[130.681965,32.818965],[130.681936,32.818994],[130.68198,32.819108],[130.681883,32.819217],[130.681737,32.819326],[130.681908,32.819546],[130.681938,32.819588],[130.682009,32.819615],[130.682047,32.819602],[130.682247,32.819552],[130.682541,32.819502],[130.682779,32.819492],[130.68286,32.819501],[130.683025,32.819527],[130.683204,32.819548],[130.683379,32.819576],[130.683492,32.819586],[130.683782,32.819613],[130.684103,32.819649],[130.684501,32.819669],[130.684671,32.819657],[130.684833,32.81965],[130.684896,32.819649],[130.685079,32.819429],[130.685097,32.8194],[130.685342,32.818982],[130.685423,32.818756],[130.685534,32.818562],[130.685628,32.818315],[130.685685,32.818108],[130.685813,32.817801],[130.685895,32.817581],[130.68593,32.817471],[130.685947,32.8174],[130.685957,32.817356],[130.685957,32.817342],[130.685943,32.817318],[130.685915,32.817288]]]}},{"type":"Feature","properties":{"ParkName":"特殊公園","ParkType":"公園","ParkCode":3021,"Pref":"熊本県","Citycode":"43100","Cityname":"熊本市","FNDate":null},"geometry":{"type":"Polygon","coordinates":[[[130.685458,32.81892],[130.685557,32.818837],[130.68563,32.818777],[130.685697,32.818711],[130.685814,32.818595],[130.685883,32.818526],[130.68594,32.818468],[130.68618,32.818167],[130.686504,32.818052],[130.686952,32.81774],[130.687047,32.817571],[130.687209,32.817409],[130.687323,32.817275],[130.687311,32.817207],[130.687151,32.817301],[130.687163,32.817338],[130.687029,32.817382],[130.687051,32.817437],[130.686417,32.817619],[130.686388,32.817543],[130.686398,32.817539],[130.68623,32.817143],[130.686145,32.817172],[130.68604,32.817242],[130.685989,32.817284],[130.685997,32.817496],[130.685976,32.817628],[130.685947,32.817779],[130.685918,32.817912],[130.685859,32.818093],[130.685761,32.818383],[130.685639,32.818558],[130.685458,32.81892]]]}},{"type":"Feature","properties":{"ParkName":"特殊公園","ParkType":"公園","ParkCode":3021,"Pref":"熊本県","Citycode":"43100","Cityname":"熊本市","FNDate":null},"geometry":{"type":"Polygon","coordinates":[[[130.785334,32.779125],[130.78528,32.779209],[130.785274,32.779225],[130.78531,32.779237],[130.785361,32.779148],[130.785412,32.779174],[130.785451,32.779198],[130.785526,32.779261],[130.785739,32.779327],[130.78576,32.779333],[130.785782,32.779335],[130.785913,32.779268],[130.785966,32.779093],[130.785774,32.779048],[130.785869,32.778696],[130.785891,32.778532],[130.785892,32.778477],[130.785886,32.778465],[130.785875,32.778456],[130.785656,32.778438],[130.785647,32.778442],[130.785641,32.778447],[130.785611,32.778523],[130.78559,32.778559],[130.785582,32.778565],[130.785562,32.778571],[130.785551,32.778572],[130.785517,32.778669],[130.785432,32.778872],[130.785375,32.779021],[130.785334,32.779125]]]}},{"type":"Feature","properties":{"ParkName":"特殊公園","ParkType":"公園","ParkCode":3021,"Pref":"熊本県","Citycode":"43100","Cityname":"熊本市","FNDate":null},"geometry":{"type":"Polygon","coordinates":[[[130.704843,32.799167],[130.704772,32.798774],[130.704559,32.798636],[130.704151,32.798689],[130.704191,32.798897],[130.70423,32.798892],[130.704233,32.798915],[130.704389,32.798895],[130.704401,32.798968],[130.704248,32.798986],[130.704228,32.798991],[130.704202,32.799001],[130.704066,32.799089],[130.704056,32.799099],[130.704035,32.799129],[130.704025,32.799159],[130.704023,32.799184],[130.704033,32.79924],[130.70404,32.799268],[130.704044,32.799273],[130.704843,32.799167]]]}},{"type":"Feature","properties":{"ParkName":"特殊公園","ParkType":"公園","ParkCode":3021,"Pref":"熊本県","Citycode":"43100","Cityname":"熊本市","FNDate":null},"geometry":{"type":"Polygon","coordinates":[[[130.765128,32.84448],[130.764862,32.844212],[130.764849,32.8442],[130.764836,32.844196],[130.764826,32.844196],[130.76481,32.844201],[130.764796,32.844212],[130.764597,32.844396],[130.764378,32.844543],[130.764299,32.844584],[130.764293,32.844604],[130.764297,32.844627],[130.764675,32.845249],[130.764778,32.845439],[130.764797,32.845411],[130.764809,32.845392],[130.764822,32.845332],[130.764824,32.84527],[130.764861,32.845222],[130.764887,32.845204],[130.764989,32.845292],[130.765184,32.845192],[130.765368,32.845108],[130.765743,32.844932],[130.765856,32.844902],[130.766073,32.844826],[130.766115,32.844808],[130.766246,32.844725],[130.766282,32.844698],[130.766381,32.844593],[130.766398,32.844573],[130.766404,32.844563],[130.766405,32.844553],[130.766403,32.844536],[130.766354,32.844505],[130.766112,32.844349],[130.765607,32.84403],[130.765574,32.844073],[130.76551,32.84418],[130.765431,32.844257],[130.765334,32.844345],[130.765161,32.844477],[130.765154,32.844482],[130.765149,32.844485],[130.765143,32.844485],[130.765135,32.844484],[130.765128,32.84448]]]}},{"type":"Feature","properties":{"ParkName":"特殊公園","ParkType":"公園","ParkCode":3021,"Pref":"熊本県","Citycode":"43100","Cityname":"熊本市","FNDate":null},"geometry":{"type":"Polygon","coordinates":[[[130.690415,32.796046],[130.690471,32.796228],[130.6905,32.796314],[130.690545,32.79644],[130.690616,32.796602],[130.690693,32.796772],[130.690777,32.796924],[130.690841,32.797059],[130.690892,32.797119],[130.690934,32.797157],[130.69103,32.797203],[130.691174,32.797239],[130.691772,32.797367],[130.692304,32.797479],[130.69228,32.797542],[130.692549,32.79759],[130.692588,32.797548],[130.692612,32.797502],[130.692706,32.797041],[130.692755,32.796732],[130.692798,32.796527],[130.69285,32.796307],[130.692907,32.796127],[130.692983,32.795929],[130.692875,32.795919],[130.692972,32.795702],[130.693054,32.795396],[130.692683,32.795438],[130.69259,32.795296],[130.692569,32.795268],[130.692537,32.79524],[130.692492,32.795212],[130.692453,32.795182],[130.69242,32.795136],[130.692384,32.795073],[130.692316,32.794926],[130.692217,32.794918],[130.692157,32.794918],[130.692124,32.79491],[130.692098,32.794887],[130.692056,32.794785],[130.691711,32.79476],[130.690978,32.794721],[130.690807,32.794737],[130.690666,32.794828],[130.69043,32.795055],[130.690362,32.795365],[130.690369,32.795554],[130.690347,32.795735],[130.690367,32.795874],[130.690388,32.795951],[130.690415,32.796046]],[[130.691658,32.795275],[130.691669,32.79545],[130.691162,32.795469],[130.69116,32.795281],[130.691658,32.795275]],[[130.692091,32.795541],[130.692022,32.795614],[130.691706,32.795467],[130.691843,32.795264],[130.692007,32.795322],[130.692067,32.795255],[130.692292,32.795366],[130.692152,32.795566],[130.692091,32.795541]],[[130.69172,32.795576],[130.69174,32.795577],[130.691681,32.795978],[130.691345,32.795945],[130.691404,32.795518],[130.691724,32.795554],[130.69172,32.795576]]]}},{"type":"Feature","properties":{"ParkName":"街区公園","ParkType":"公園","ParkCode":3021,"Pref":"熊本県","Citycode":"43100","Cityname":"熊本市","FNDate":null},"geometry":{"type":"Polygon","coordinates":[[[130.713305,32.814146],[130.713306,32.814313],[130.713572,32.814278],[130.713568,32.814216],[130.71372,32.814189],[130.713712,32.814122],[130.713834,32.814097],[130.713779,32.813948],[130.713432,32.814067],[130.713435,32.814087],[130.71334,32.814098],[130.713343,32.81414],[130.713305,32.814146]]]}},{"type":"Feature","properties":{"ParkName":"特殊公園","ParkType":"公園","ParkCode":3021,"Pref":"熊本県","Citycode":"43100","Cityname":"熊本市","FNDate":null},"geometry":{"type":"Polygon","coordinates":[[[130.704566,32.800435],[130.704658,32.800931],[130.704908,32.800899],[130.704885,32.80077],[130.70513,32.800737],[130.705058,32.800341],[130.704952,32.800355],[130.704951,32.800344],[130.704896,32.800352],[130.704897,32.800362],[130.70471,32.800387],[130.70467,32.800392],[130.704663,32.800394],[130.704659,32.800397],[130.704643,32.800422],[130.70464,32.800425],[130.704566,32.800435]]]}},{"type":"Feature","properties":{"ParkName":"近隣公園","ParkType":"公園","ParkCode":3021,"Pref":"熊本県","Citycode":"43100","Cityname":"熊本市","FNDate":null},"geometry":{"type":"Polygon","coordinates":[[[130.680781,32.748667],[130.680873,32.749194],[130.681886,32.749166],[130.682068,32.749068],[130.682053,32.748971],[130.682048,32.748928],[130.682009,32.748601],[130.681998,32.748506],[130.681996,32.748474],[130.681994,32.748468],[130.68199,32.748464],[130.681981,32.748456],[130.681973,32.748452],[130.681966,32.74845],[130.681841,32.748439],[130.68181,32.748434],[130.681719,32.748434],[130.681703,32.748432],[130.681648,32.748427],[130.681597,32.748425],[130.681566,32.748426],[130.68154,32.748427],[130.681535,32.748428],[130.681514,32.748431],[130.681485,32.748436],[130.681461,32.748443],[130.681436,32.748449],[130.681396,32.748462],[130.68136,32.748476],[130.681333,32.748488],[130.681262,32.748523],[130.681191,32.748557],[130.68112,32.748592],[130.681098,32.748603],[130.681075,32.748612],[130.681042,32.748625],[130.680998,32.748636],[130.680967,32.748642],[130.680917,32.74865],[130.680846,32.74866],[130.680781,32.748667]]]}},{"type":"Feature","properties":{"ParkName":"街区公園","ParkType":"公園","ParkCode":3021,"Pref":"熊本県","Citycode":"43100","Cityname":"熊本市","FNDate":null},"geometry":{"type":"Polygon","coordinates":[[[130.695028,32.807037],[130.695091,32.807185],[130.69503,32.80721],[130.69507,32.807287],[130.695148,32.807261],[130.695166,32.807307],[130.695089,32.807334],[130.695155,32.807489],[130.695703,32.807328],[130.695531,32.806894],[130.695028,32.807037]]]}},{"type":"Feature","properties":{"ParkName":"街区公園","ParkType":"公園","ParkCode":3021,"Pref":"熊本県","Citycode":"43100","Cityname":"熊本市","FNDate":null},"geometry":{"type":"Polygon","coordinates":[[[130.699334,32.795765],[130.699338,32.79578],[130.699287,32.795797],[130.699252,32.795819],[130.699433,32.79623],[130.699505,32.79621],[130.699629,32.796508],[130.699659,32.796499],[130.699577,32.796303],[130.699664,32.796276],[130.699607,32.796143],[130.699597,32.796106],[130.699432,32.795734],[130.699334,32.795765]]]}},{"type":"Feature","properties":{"ParkName":"街区公園","ParkType":"公園","ParkCode":3021,"Pref":"熊本県","Citycode":"43100","Cityname":"熊本市","FNDate":null},"geometry":{"type":"Polygon","coordinates":[[[130.700072,32.8001],[130.699997,32.800028],[130.69987,32.8001],[130.699387,32.800378],[130.699422,32.800429],[130.699347,32.800482],[130.699319,32.800587],[130.698758,32.800906],[130.699516,32.802365],[130.699712,32.802286],[130.699357,32.801657],[130.698949,32.800877],[130.699221,32.800713],[130.699432,32.800575],[130.699636,32.800453],[130.700124,32.800151],[130.700117,32.800145],[130.700072,32.8001]]]}},{"type":"Feature","properties":{"ParkName":"街区公園","ParkType":"公園","ParkCode":3021,"Pref":"熊本県","Citycode":"43100","Cityname":"熊本市","FNDate":null},"geometry":{"type":"Polygon","coordinates":[[[130.710923,32.801551],[130.710964,32.801663],[130.710729,32.801729],[130.710837,32.802034],[130.711479,32.801859],[130.711496,32.801833],[130.711429,32.801659],[130.711392,32.801565],[130.711283,32.801595],[130.711247,32.801606],[130.7112,32.801483],[130.710923,32.801551]]]}},{"type":"Feature","properties":{"ParkName":"街区公園","ParkType":"公園","ParkCode":3021,"Pref":"熊本県","Citycode":"43100","Cityname":"熊本市","FNDate":null},"geometry":{"type":"Polygon","coordinates":[[[130.680987,32.732417],[130.68114,32.732675],[130.681229,32.732648],[130.681147,32.73245],[130.681112,32.732447],[130.681097,32.732418],[130.680857,32.731963],[130.680782,32.731993],[130.68071,32.732038],[130.68073,32.732064],[130.680764,32.732113],[130.680826,32.732181],[130.680876,32.732249],[130.680909,32.732289],[130.680987,32.732417]]]}},{"type":"Feature","properties":{"ParkName":"地区公園","ParkType":"公園","ParkCode":3021,"Pref":"熊本県","Citycode":"43100","Cityname":"熊本市","FNDate":null},"geometry":{"type":"Polygon","coordinates":[[[130.721203,32.846551],[130.721207,32.846567],[130.721269,32.846573],[130.721471,32.846584],[130.721551,32.846589],[130.721714,32.846576],[130.722026,32.846493],[130.722122,32.846468],[130.722202,32.84646],[130.722469,32.846433],[130.722478,32.846489],[130.722462,32.846491],[130.722445,32.846494],[130.722442,32.846495],[130.722437,32.8465],[130.722437,32.846502],[130.722437,32.846505],[130.722437,32.846508],[130.722443,32.846529],[130.722445,32.846542],[130.722366,32.846551],[130.722382,32.846618],[130.722423,32.846619],[130.722422,32.8467],[130.722356,32.846712],[130.722226,32.846768],[130.722122,32.846909],[130.722057,32.846926],[130.722051,32.847056],[130.721942,32.84733],[130.722091,32.847395],[130.722169,32.847435],[130.722396,32.847552],[130.722601,32.847548],[130.722823,32.847547],[130.723018,32.847584],[130.723249,32.847639],[130.723439,32.847679],[130.723494,32.847682],[130.723659,32.847688],[130.723821,32.847687],[130.723916,32.847661],[130.72398,32.847633],[130.72404,32.847589],[130.724094,32.847542],[130.724051,32.847477],[130.724006,32.847418],[130.723991,32.847327],[130.724015,32.847186],[130.72406,32.847065],[130.724047,32.846938],[130.724027,32.846844],[130.724012,32.846735],[130.724014,32.846636],[130.72407,32.84651],[130.724113,32.846426],[130.724117,32.846356],[130.724099,32.846221],[130.724072,32.84614],[130.724029,32.846059],[130.723967,32.845935],[130.72392,32.845872],[130.723801,32.845691],[130.723735,32.845565],[130.723653,32.845445],[130.723505,32.845248],[130.723443,32.845099],[130.723349,32.844988],[130.723302,32.844974],[130.723248,32.844991],[130.72316,32.844932],[130.723156,32.844815],[130.723111,32.84464],[130.723105,32.844615],[130.72289,32.844649],[130.722828,32.844509],[130.722764,32.84432],[130.722764,32.844238],[130.72279,32.844141],[130.722703,32.84413],[130.722681,32.844122],[130.722653,32.844101],[130.722623,32.844073],[130.722553,32.844004],[130.722491,32.843946],[130.722417,32.843944],[130.722378,32.843776],[130.722354,32.843716],[130.722322,32.843616],[130.722313,32.843506],[130.72232,32.843438],[130.72238,32.843273],[130.722409,32.843158],[130.722407,32.843115],[130.7224,32.843074],[130.722385,32.842974],[130.722384,32.842918],[130.722389,32.842846],[130.7224,32.842753],[130.722415,32.842691],[130.72245,32.842423],[130.722464,32.842202],[130.722473,32.842064],[130.722469,32.841988],[130.722456,32.841937],[130.722445,32.841871],[130.722428,32.841783],[130.7224,32.841738],[130.722353,32.8417],[130.722281,32.841675],[130.722205,32.841667],[130.722195,32.841708],[130.722162,32.841728],[130.721923,32.841949],[130.721923,32.842001],[130.721849,32.84199],[130.721733,32.842103],[130.721778,32.842129],[130.721816,32.842161],[130.72184,32.842194],[130.721891,32.842342],[130.721908,32.842484],[130.721913,32.842759],[130.721922,32.843053],[130.721741,32.843104],[130.721821,32.843316],[130.721863,32.843545],[130.721896,32.843691],[130.721886,32.843848],[130.72185,32.844025],[130.721799,32.844254],[130.721731,32.844469],[130.721557,32.845004],[130.721598,32.845021],[130.721665,32.845079],[130.72162,32.845108],[130.721662,32.845301],[130.721572,32.845493],[130.72166,32.84551],[130.721725,32.845537],[130.721736,32.84556],[130.721711,32.845588],[130.721516,32.845683],[130.721507,32.845812],[130.721416,32.845814],[130.721361,32.846007],[130.721325,32.846146],[130.72128,32.84629],[130.721203,32.846546],[130.721203,32.846551]],[[130.721997,32.844146],[130.722037,32.844228],[130.721916,32.844268],[130.721881,32.844189],[130.721997,32.844146]],[[130.722846,32.846047],[130.722835,32.846028],[130.722828,32.846007],[130.722827,32.845985],[130.72283,32.845964],[130.722839,32.845944],[130.722852,32.845925],[130.722869,32.845909],[130.722889,32.845896],[130.722912,32.845887],[130.722937,32.845881],[130.722962,32.84588],[130.722988,32.845883],[130.723012,32.84589],[130.723034,32.845901],[130.723053,32.845916],[130.723068,32.845933],[130.723079,32.845952],[130.723086,32.845973],[130.723087,32.845995],[130.723083,32.846016],[130.723075,32.846036],[130.723062,32.846055],[130.723045,32.846071],[130.723025,32.846084],[130.723002,32.846093],[130.722977,32.846099],[130.722951,32.8461],[130.722926,32.846097],[130.722902,32.84609],[130.72288,32.846079],[130.722861,32.846064],[130.722846,32.846047]]]}},{"type":"Feature","properties":{"ParkName":"総合公園","ParkType":"公園","ParkCode":3021,"Pref":"熊本県","Citycode":"43100","Cityname":"熊本市","FNDate":null},"geometry":{"type":"Polygon","coordinates":[[[130.696143,32.701906],[130.696147,32.70193],[130.696163,32.702047],[130.696188,32.702214],[130.696154,32.702302],[130.696145,32.702341],[130.696142,32.702374],[130.696153,32.702427],[130.696184,32.702526],[130.696288,32.702796],[130.696403,32.70309],[130.696406,32.703132],[130.695751,32.703076],[130.695601,32.703187],[130.6955,32.703249],[130.695438,32.703319],[130.695437,32.703352],[130.69545,32.703407],[130.695486,32.703458],[130.695526,32.703495],[130.695605,32.703537],[130.695679,32.703563],[130.695769,32.703594],[130.695945,32.703578],[130.696051,32.703567],[130.696161,32.703543],[130.696212,32.703516],[130.696269,32.7035],[130.69672,32.703554],[130.696907,32.703559],[130.697,32.703558],[130.697221,32.703565],[130.697306,32.703552],[130.697402,32.703541],[130.697475,32.703526],[130.6976,32.703499],[130.697735,32.703455],[130.697736,32.703479],[130.69788,32.703422],[130.697976,32.703369],[130.69807,32.703305],[130.698348,32.703317],[130.698351,32.703345],[130.698336,32.703503],[130.698344,32.70356],[130.69837,32.703583],[130.69901,32.703734],[130.699,32.703697],[130.699005,32.703575],[130.699135,32.703502],[130.699258,32.703504],[130.699298,32.703643],[130.699464,32.703636],[130.699501,32.703038],[130.699445,32.703008],[130.699303,32.702852],[130.699268,32.702798],[130.69924,32.702727],[130.699335,32.702709],[130.699309,32.702636],[130.699341,32.702554],[130.699448,32.702577],[130.699566,32.702556],[130.69968,32.702465],[130.699738,32.702409],[130.699754,32.702324],[130.699638,32.702157],[130.699994,32.702259],[130.700257,32.702242],[130.700275,32.702224],[130.700042,32.701633],[130.699972,32.701622],[130.69991,32.701628],[130.69976,32.701654],[130.699502,32.701649],[130.699481,32.701637],[130.699601,32.701163],[130.698991,32.701014],[130.698923,32.700986],[130.698873,32.700941],[130.698844,32.700895],[130.698817,32.700868],[130.698749,32.700809],[130.698754,32.700681],[130.698626,32.700697],[130.698429,32.700807],[130.698423,32.700738],[130.697999,32.700388],[130.697912,32.700402],[130.697782,32.700394],[130.697785,32.700367],[130.697754,32.700336],[130.69771,32.700356],[130.697648,32.700378],[130.69756,32.700389],[130.697333,32.700388],[130.697191,32.700386],[130.697142,32.700382],[130.697098,32.700356],[130.697073,32.700301],[130.697056,32.700325],[130.697032,32.700356],[130.696947,32.700429],[130.696863,32.700483],[130.696804,32.700518],[130.696757,32.700538],[130.696628,32.700597],[130.696501,32.700651],[130.696438,32.70069],[130.696389,32.700741],[130.696347,32.700788],[130.696315,32.700834],[130.696294,32.700871],[130.696281,32.700914],[130.696273,32.700956],[130.696272,32.700997],[130.696272,32.701031],[130.696282,32.701067],[130.696307,32.701143],[130.696318,32.701192],[130.696316,32.701226],[130.696303,32.701255],[130.696279,32.701284],[130.696235,32.701315],[130.696194,32.701343],[130.696164,32.701373],[130.696143,32.701397],[130.696133,32.701423],[130.696126,32.701449],[130.696116,32.70148],[130.696095,32.701505],[130.696048,32.701539],[130.696018,32.701561],[130.695993,32.701586],[130.695974,32.701621],[130.69598,32.701671],[130.695994,32.701702],[130.696033,32.70175],[130.696087,32.701812],[130.696123,32.701865],[130.696143,32.701906]]]}},{"type":"Feature","properties":{"ParkName":"総合公園","ParkType":"公園","ParkCode":3021,"Pref":"熊本県","Citycode":"43100","Cityname":"熊本市","FNDate":null},"geometry":{"type":"Polygon","coordinates":[[[130.698655,32.80411],[130.698659,32.804894],[130.698634,32.804896],[130.698443,32.805017],[130.698388,32.805043],[130.69818,32.805103],[130.697993,32.805141],[130.697505,32.805145],[130.697325,32.805271],[130.697267,32.805374],[130.697107,32.805478],[130.696915,32.805479],[130.696691,32.805662],[130.696479,32.80583],[130.696274,32.805893],[130.696166,32.805981],[130.696077,32.806286],[130.696071,32.806472],[130.6965,32.806628],[130.696734,32.806956],[130.696764,32.806993],[130.696801,32.807028],[130.696836,32.807061],[130.696907,32.807113],[130.696952,32.807149],[130.697083,32.807252],[130.697157,32.807305],[130.697197,32.807326],[130.697237,32.807342],[130.69728,32.80736],[130.697346,32.807387],[130.697079,32.807854],[130.696931,32.808107],[130.69709,32.808252],[130.69718,32.808354],[130.69721,32.808401],[130.697224,32.808432],[130.697241,32.808476],[130.697262,32.808528],[130.697283,32.808577],[130.697304,32.808649],[130.697332,32.808753],[130.69735,32.808826],[130.697362,32.80889],[130.697383,32.80895],[130.697407,32.80901],[130.697438,32.809077],[130.697463,32.809109],[130.69754,32.809176],[130.697487,32.809216],[130.697514,32.809306],[130.697602,32.809582],[130.697686,32.809855],[130.69773,32.809989],[130.697773,32.810086],[130.697888,32.810306],[130.697921,32.810369],[130.697991,32.81045],[130.698015,32.810463],[130.698058,32.810471],[130.698131,32.810473],[130.698321,32.810466],[130.698649,32.810457],[130.698994,32.810449],[130.699121,32.810447],[130.699175,32.809144],[130.70002,32.809178],[130.700029,32.808959],[130.700143,32.808967],[130.701006,32.809013],[130.701225,32.809024],[130.70136,32.809039],[130.701764,32.80913],[130.701966,32.809178],[130.70202,32.809188],[130.702119,32.809202],[130.702209,32.809203],[130.703147,32.809199],[130.703235,32.8092],[130.704071,32.809621],[130.704191,32.809723],[130.70423,32.809765],[130.704366,32.809758],[130.704737,32.809735],[130.704796,32.80973],[130.704858,32.809717],[130.70513,32.809623],[130.705077,32.809338],[130.705025,32.809148],[130.705021,32.809129],[130.705025,32.809044],[130.705035,32.808947],[130.705055,32.808802],[130.705125,32.808612],[130.705188,32.808441],[130.705276,32.808293],[130.705367,32.808195],[130.705435,32.80813],[130.705678,32.807927],[130.705705,32.807886],[130.705744,32.80782],[130.705765,32.807774],[130.705784,32.807731],[130.705823,32.807646],[130.705839,32.807592],[130.705851,32.807541],[130.705923,32.807283],[130.705929,32.807255],[130.705936,32.807235],[130.705947,32.807217],[130.705961,32.807198],[130.705973,32.807186],[130.705992,32.807168],[130.70601,32.807156],[130.706029,32.807148],[130.706049,32.807142],[130.706133,32.807125],[130.706306,32.807094],[130.706408,32.807071],[130.706641,32.80702],[130.706744,32.806997],[130.707094,32.806888],[130.707331,32.80681],[130.707504,32.806746],[130.707569,32.80672],[130.707662,32.806676],[130.707696,32.806658],[130.707724,32.80664],[130.707784,32.806592],[130.707829,32.806542],[130.707899,32.806438],[130.708018,32.806233],[130.708045,32.806187],[130.708051,32.806162],[130.708056,32.806129],[130.708058,32.806093],[130.708051,32.806055],[130.708056,32.805863],[130.70806,32.805559],[130.708063,32.805128],[130.708069,32.804804],[130.708052,32.804677],[130.708038,32.804573],[130.708049,32.804548],[130.707781,32.804226],[130.707553,32.803976],[130.707345,32.803902],[130.706573,32.803635],[130.706272,32.803533],[130.705748,32.803354],[130.705299,32.803205],[130.704556,32.802911],[130.704444,32.802862],[130.704324,32.802819],[130.704123,32.802752],[130.703584,32.80258],[130.703377,32.802483],[130.702265,32.801959],[130.702154,32.802113],[130.702428,32.802252],[130.702748,32.802411],[130.70316,32.802617],[130.703546,32.802758],[130.702684,32.803918],[130.702886,32.80422],[130.702524,32.804502],[130.702281,32.804655],[130.702053,32.80479],[130.701948,32.804842],[130.701814,32.804885],[130.701367,32.805017],[130.701195,32.805057],[130.701118,32.805069],[130.70107,32.80507],[130.701035,32.805066],[130.700932,32.80505],[130.70078,32.805025],[130.700781,32.805017],[130.700715,32.805009],[130.700565,32.804992],[130.700429,32.804968],[130.700326,32.804943],[130.700197,32.804898],[130.700076,32.804844],[130.699777,32.804687],[130.699512,32.804551],[130.699224,32.804412],[130.699141,32.804375],[130.699096,32.804339],[130.699066,32.804293],[130.699045,32.804242],[130.699035,32.804217],[130.699028,32.804192],[130.699015,32.804128],[130.699003,32.804088],[130.698674,32.80409],[130.698655,32.80411]]]}},{"type":"Feature","properties":{"ParkName":"広域公園","ParkType":"公園","ParkCode":3021,"Pref":"熊本県","Citycode":"43100","Cityname":"熊本市","FNDate":null},"geometry":{"type":"Polygon","coordinates":[[[130.733601,32.79116],[130.733957,32.7913],[130.733839,32.791652],[130.733972,32.791709],[130.734177,32.791372],[130.734241,32.791388],[130.734443,32.791449],[130.734675,32.791651],[130.735335,32.791703],[130.735557,32.791958],[130.735524,32.792119],[130.73551,32.792217],[130.735578,32.792223],[130.735534,32.792464],[130.735544,32.792482],[130.736198,32.792512],[130.7362,32.792363],[130.736217,32.792239],[130.736235,32.79217],[130.73629,32.791813],[130.736321,32.791646],[130.736412,32.791255],[130.736467,32.790969],[130.736493,32.790841],[130.736521,32.790741],[130.737011,32.790814],[130.737012,32.790848],[130.737351,32.790869],[130.737375,32.79077],[130.737393,32.790696],[130.737416,32.79064],[130.73746,32.790564],[130.737465,32.790542],[130.737096,32.790429],[130.737004,32.7904],[130.736958,32.790385],[130.736909,32.790376],[130.736683,32.790363],[130.736599,32.790356],[130.736529,32.790351],[130.735962,32.790292],[130.735858,32.790287],[130.735401,32.790304],[130.735358,32.790302],[130.735336,32.790267],[130.735336,32.789983],[130.735319,32.789899],[130.735255,32.7896],[130.735219,32.789589],[130.735223,32.789371],[130.735231,32.789224],[130.735301,32.789057],[130.735266,32.788711],[130.734988,32.788413],[130.734424,32.788799],[130.734334,32.789226],[130.73433,32.789316],[130.734235,32.789616],[130.733949,32.789715],[130.733992,32.789932],[130.733599,32.789964],[130.733617,32.790088],[130.733594,32.790849],[130.733583,32.791097],[130.733211,32.79109],[130.733214,32.791166],[130.733601,32.79116]]]}},{"type":"Feature","properties":{"ParkName":"広域公園","ParkType":"公園","ParkCode":3021,"Pref":"熊本県","Citycode":"43100","Cityname":"熊本市","FNDate":null},"geometry":{"type":"Polygon","coordinates":[[[130.734435,32.786651],[130.734439,32.786804],[130.734453,32.786862],[130.734552,32.787109],[130.734661,32.787052],[130.734667,32.787051],[130.734826,32.787012],[130.73488,32.787008],[130.734983,32.787019],[130.735022,32.78685],[130.734999,32.786828],[130.735035,32.786652],[130.735045,32.786608],[130.73522,32.786652],[130.735267,32.786597],[130.735429,32.786626],[130.735476,32.786496],[130.73558,32.786499],[130.735613,32.786289],[130.735665,32.785951],[130.735611,32.785941],[130.735558,32.785872],[130.735517,32.785834],[130.735441,32.785773],[130.735408,32.785746],[130.735315,32.785676],[130.735189,32.785597],[130.735191,32.785545],[130.735146,32.785527],[130.735189,32.785168],[130.735289,32.78522],[130.735421,32.785142],[130.735449,32.785125],[130.735464,32.785114],[130.73547,32.785107],[130.735473,32.785099],[130.735475,32.785089],[130.735475,32.785078],[130.735475,32.785076],[130.735474,32.785068],[130.73547,32.785051],[130.735464,32.785032],[130.735459,32.785019],[130.735451,32.784996],[130.735453,32.784972],[130.735525,32.784974],[130.735545,32.78472],[130.735365,32.784706],[130.735324,32.784701],[130.735306,32.784696],[130.735294,32.784692],[130.735288,32.784687],[130.735281,32.784682],[130.735274,32.784675],[130.735262,32.78466],[130.735256,32.784644],[130.735252,32.784628],[130.735248,32.784604],[130.735251,32.784565],[130.735255,32.784527],[130.735263,32.784491],[130.735287,32.784397],[130.735507,32.784403],[130.735504,32.784342],[130.735498,32.784298],[130.73549,32.784267],[130.735424,32.784094],[130.735393,32.784006],[130.735099,32.784014],[130.73496,32.784017],[130.734886,32.784016],[130.73485,32.784013],[130.734794,32.784004],[130.734732,32.78399],[130.734707,32.783984],[130.734697,32.783982],[130.734687,32.783979],[130.734657,32.783971],[130.734635,32.783961],[130.734618,32.78395],[130.734589,32.783924],[130.734572,32.783905],[130.734569,32.783893],[130.733855,32.783892],[130.733867,32.783939],[130.733894,32.784053],[130.733921,32.784066],[130.733941,32.784079],[130.733947,32.784093],[130.733948,32.784091],[130.733956,32.784124],[130.733958,32.784144],[130.733959,32.78417],[130.734105,32.784393],[130.73417,32.784703],[130.734133,32.784857],[130.734095,32.78498],[130.734081,32.785032],[130.734081,32.785094],[130.734096,32.785214],[130.734133,32.78536],[130.734213,32.785598],[130.73426,32.785765],[130.734328,32.785979],[130.734435,32.786651]]]}},{"type":"Feature","properties":{"ParkName":"広域公園","ParkType":"公園","ParkCode":3021,"Pref":"熊本県","Citycode":"43100","Cityname":"熊本市","FNDate":null},"geometry":{"type":"Polygon","coordinates":[[[130.73644,32.784212],[130.736196,32.784205],[130.736188,32.784286],[130.736185,32.784286],[130.735989,32.784276],[130.735857,32.784269],[130.735873,32.784462],[130.735884,32.784601],[130.735885,32.784652],[130.735882,32.784695],[130.735872,32.784783],[130.735855,32.784847],[130.735853,32.784855],[130.73585,32.784864],[130.735832,32.784923],[130.735824,32.784957],[130.735816,32.784979],[130.735807,32.784994],[130.735803,32.785001],[130.7358,32.785006],[130.735795,32.785013],[130.73579,32.78502],[130.735778,32.785035],[130.73577,32.785046],[130.735765,32.785057],[130.735761,32.785072],[130.735755,32.785107],[130.735749,32.785151],[130.735746,32.785191],[130.735743,32.785249],[130.735744,32.785371],[130.735744,32.785392],[130.735748,32.785408],[130.735752,32.785416],[130.735757,32.785423],[130.735766,32.785431],[130.735771,32.785436],[130.735775,32.785441],[130.73578,32.785449],[130.735786,32.78546],[130.735791,32.78547],[130.735792,32.785474],[130.735794,32.785481],[130.735795,32.785485],[130.735797,32.785498],[130.735797,32.785512],[130.735797,32.785517],[130.735792,32.785538],[130.735777,32.78558],[130.735749,32.785677],[130.735746,32.785698],[130.735745,32.785734],[130.735741,32.785779],[130.735736,32.785872],[130.735732,32.785939],[130.73573,32.785964],[130.735725,32.786005],[130.735722,32.786031],[130.735708,32.786112],[130.735694,32.786192],[130.735662,32.786321],[130.735646,32.786385],[130.735643,32.786394],[130.735641,32.786404],[130.735639,32.78641],[130.735636,32.786437],[130.735635,32.786458],[130.735638,32.786549],[130.735985,32.786479],[130.735997,32.786519],[130.736086,32.786499],[130.736128,32.786652],[130.736365,32.786619],[130.736375,32.786655],[130.736417,32.786825],[130.736363,32.786834],[130.736403,32.787003],[130.736598,32.786942],[130.737077,32.786657],[130.737181,32.786604],[130.737146,32.786499],[130.73709,32.785985],[130.737065,32.785617],[130.737066,32.78551],[130.737068,32.785408],[130.737171,32.784895],[130.73728,32.784228],[130.73644,32.784212]]]}},{"type":"Feature","properties":{"ParkName":"広域公園","ParkType":"公園","ParkCode":3021,"Pref":"熊本県","Citycode":"43100","Cityname":"熊本市","FNDate":null},"geometry":{"type":"Polygon","coordinates":[[[130.741446,32.778584],[130.741314,32.778494],[130.741179,32.778402],[130.741048,32.778314],[130.740849,32.778176],[130.740675,32.778063],[130.740521,32.777966],[130.740497,32.777987],[130.740491,32.777991],[130.740421,32.777944],[130.740252,32.777829],[130.740038,32.777694],[130.740073,32.777626],[130.740082,32.777608],[130.739851,32.777455],[130.739594,32.777285],[130.739417,32.777168],[130.739187,32.777009],[130.739183,32.777007],[130.739155,32.776989],[130.739147,32.776983],[130.739137,32.776978],[130.739123,32.77697],[130.739111,32.776965],[130.739101,32.776961],[130.73909,32.776958],[130.739068,32.776954],[130.739044,32.776953],[130.739018,32.776954],[130.738996,32.776958],[130.738954,32.776966],[130.738925,32.776974],[130.738898,32.776981],[130.738876,32.77699],[130.738844,32.777003],[130.738833,32.777007],[130.738804,32.777019],[130.738765,32.777037],[130.738739,32.77705],[130.738731,32.777055],[130.738694,32.777073],[130.738665,32.777091],[130.738651,32.777102],[130.738636,32.777114],[130.738607,32.777139],[130.738594,32.777152],[130.73858,32.777165],[130.738563,32.777182],[130.738553,32.777193],[130.738548,32.777198],[130.73853,32.77722],[130.738468,32.777298],[130.738463,32.777315],[130.738459,32.777333],[130.738457,32.777346],[130.738455,32.777359],[130.738451,32.777395],[130.738448,32.777475],[130.738435,32.777655],[130.738432,32.777692],[130.738412,32.777871],[130.738393,32.778053],[130.738353,32.778406],[130.738322,32.778672],[130.738281,32.778911],[130.738248,32.779102],[130.738232,32.779177],[130.738201,32.779336],[130.738172,32.779479],[130.738138,32.779643],[130.738105,32.77979],[130.738062,32.779953],[130.738013,32.780122],[130.737964,32.780274],[130.737927,32.780396],[130.737867,32.780578],[130.737805,32.780769],[130.737721,32.78102],[130.737705,32.781065],[130.737701,32.781075],[130.737682,32.781116],[130.737649,32.78117],[130.737636,32.781187],[130.737621,32.781206],[130.737609,32.781218],[130.737609,32.781218],[130.737595,32.781231],[130.73759,32.781236],[130.73759,32.781236],[130.737568,32.781256],[130.737543,32.781274],[130.737513,32.781296],[130.737477,32.781318],[130.737445,32.781332],[130.737418,32.781342],[130.73736,32.781359],[130.737327,32.781367],[130.7373,32.781372],[130.737282,32.781375],[130.737173,32.781393],[130.737046,32.781412],[130.736811,32.781444],[130.736725,32.781459],[130.736662,32.781474],[130.736623,32.781483],[130.73655,32.781507],[130.736413,32.781566],[130.7362,32.781669],[130.735872,32.781824],[130.735768,32.78187],[130.735568,32.781951],[130.73531,32.782052],[130.735155,32.78212],[130.735121,32.782135],[130.735077,32.782151],[130.735018,32.782173],[130.734937,32.782199],[130.734856,32.782236],[130.734833,32.782247],[130.734786,32.782274],[130.734756,32.782293],[130.734715,32.782327],[130.734673,32.782363],[130.734638,32.782398],[130.734612,32.782425],[130.734499,32.782547],[130.734354,32.782707],[130.734256,32.782846],[130.734105,32.783106],[130.734033,32.783221],[130.733939,32.783341],[130.733918,32.783363],[130.733902,32.783379],[130.733878,32.7834],[130.733868,32.783409],[130.733856,32.78342],[130.733764,32.783497],[130.733731,32.783531],[130.733678,32.783585],[130.733655,32.783657],[130.734008,32.783658],[130.734045,32.783658],[130.734727,32.78366],[130.735516,32.783662],[130.735788,32.783663],[130.735782,32.783511],[130.735784,32.783432],[130.735792,32.783389],[130.735777,32.783346],[130.735746,32.783279],[130.735676,32.783168],[130.735652,32.783111],[130.735645,32.78305],[130.735655,32.782992],[130.735779,32.782564],[130.735803,32.782537],[130.735827,32.782513],[130.735839,32.782501],[130.735844,32.782497],[130.735871,32.782478],[130.735907,32.782457],[130.735931,32.782443],[130.735966,32.782427],[130.736005,32.782411],[130.736037,32.782399],[130.736076,32.782386],[130.736103,32.782379],[130.736109,32.782379],[130.736226,32.782353],[130.736304,32.78234],[130.736385,32.782335],[130.736474,32.782328],[130.736606,32.782326],[130.7368,32.78231],[130.736945,32.782295],[130.737048,32.782282],[130.73744,32.782192],[130.737556,32.782165],[130.737711,32.782168],[130.737719,32.78218],[130.737804,32.782184],[130.737836,32.782168],[130.737859,32.782168],[130.737884,32.782162],[130.737928,32.782149],[130.738008,32.782124],[130.738021,32.782123],[130.738028,32.782122],[130.738048,32.782121],[130.738062,32.782122],[130.738103,32.782123],[130.738145,32.782125],[130.738186,32.782134],[130.738229,32.782146],[130.738333,32.78219],[130.738443,32.782237],[130.738482,32.782256],[130.738529,32.782282],[130.738607,32.782325],[130.738636,32.782345],[130.738714,32.7824],[130.738796,32.782476],[130.738826,32.782504],[130.738886,32.782551],[130.73893,32.782583],[130.738948,32.782597],[130.738957,32.782604],[130.739013,32.782642],[130.739038,32.782657],[130.739046,32.782661],[130.739075,32.782676],[130.739088,32.782681],[130.739096,32.782684],[130.739112,32.782687],[130.739129,32.78269],[130.739142,32.782691],[130.73915,32.782691],[130.739179,32.782691],[130.739188,32.782691],[130.739203,32.782691],[130.739205,32.782691],[130.739224,32.782689],[130.739233,32.782687],[130.73925,32.782682],[130.739314,32.782654],[130.739375,32.782625],[130.739432,32.782598],[130.739576,32.782538],[130.739876,32.782421],[130.740026,32.782417],[130.740035,32.782362],[130.740117,32.782311],[130.74029,32.782324],[130.740655,32.782345],[130.740881,32.782359],[130.741113,32.782373],[130.741295,32.782283],[130.741435,32.782217],[130.742088,32.781997],[130.742479,32.781796],[130.742692,32.781813],[130.742683,32.781652],[130.74283,32.781591],[130.742956,32.781545],[130.743049,32.781522],[130.743016,32.78148],[130.742998,32.781465],[130.74298,32.781443],[130.742951,32.781382],[130.742926,32.781319],[130.742813,32.781025],[130.742874,32.780991],[130.742778,32.780722],[130.742776,32.780712],[130.742776,32.780701],[130.74278,32.780686],[130.742991,32.780257],[130.742951,32.780244],[130.742991,32.780173],[130.743016,32.780157],[130.743025,32.780109],[130.742574,32.779763],[130.742344,32.779583],[130.742309,32.779453],[130.742377,32.779355],[130.742481,32.779294],[130.741446,32.778584]]]}},{"type":"Feature","properties":{"ParkName":"広域公園","ParkType":"公園","ParkCode":3021,"Pref":"熊本県","Citycode":"43100","Cityname":"熊本市","FNDate":null},"geometry":{"type":"Polygon","coordinates":[[[130.743889,32.773324],[130.743784,32.773337],[130.743663,32.773358],[130.743562,32.773378],[130.74338,32.773419],[130.74321,32.773469],[130.742908,32.773579],[130.742838,32.773601],[130.742793,32.773611],[130.742749,32.773616],[130.74247,32.77365],[130.742336,32.773674],[130.742274,32.773689],[130.742223,32.773713],[130.742174,32.773754],[130.74214,32.773789],[130.742088,32.773848],[130.742042,32.773902],[130.741982,32.773971],[130.741933,32.774026],[130.741889,32.774058],[130.741845,32.774093],[130.741799,32.774126],[130.741752,32.774154],[130.741685,32.774187],[130.741597,32.774221],[130.741457,32.774269],[130.741338,32.774316],[130.741003,32.774441],[130.740701,32.774563],[130.740607,32.774599],[130.740473,32.774659],[130.740437,32.77468],[130.740426,32.774687],[130.740413,32.774699],[130.740399,32.774713],[130.740388,32.774727],[130.740384,32.774735],[130.740379,32.774743],[130.740369,32.774764],[130.740361,32.77479],[130.740346,32.774831],[130.74031,32.774915],[130.74029,32.77495],[130.740272,32.774978],[130.740247,32.775013],[130.740223,32.775042],[130.740189,32.775079],[130.740107,32.775165],[130.739979,32.775304],[130.739867,32.775426],[130.739697,32.775669],[130.739547,32.775902],[130.739522,32.775943],[130.739445,32.776065],[130.739439,32.776075],[130.739434,32.776084],[130.73942,32.776112],[130.739402,32.776154],[130.739396,32.776174],[130.739393,32.776183],[130.739383,32.776219],[130.739377,32.776244],[130.739357,32.77632],[130.739352,32.776338],[130.739345,32.776359],[130.73929,32.776494],[130.739278,32.776529],[130.739267,32.776562],[130.739241,32.776627],[130.739264,32.776646],[130.739251,32.776663],[130.739243,32.776677],[130.73924,32.776685],[130.739538,32.776867],[130.739828,32.777057],[130.740096,32.777234],[130.740224,32.77732],[130.740301,32.777153],[130.740439,32.776861],[130.740476,32.776805],[130.740396,32.776797],[130.740484,32.776558],[130.740532,32.776563],[130.74058,32.776566],[130.740601,32.776566],[130.740606,32.77656],[130.740611,32.776477],[130.740527,32.776358],[130.740498,32.776274],[130.740521,32.776169],[130.740563,32.776057],[130.740568,32.776049],[130.740572,32.776045],[130.740586,32.776035],[130.740596,32.776028],[130.74061,32.776016],[130.740615,32.77601],[130.740708,32.775853],[130.740828,32.775684],[130.740855,32.775653],[130.740871,32.775637],[130.740892,32.775622],[130.740922,32.775605],[130.74095,32.775593],[130.740999,32.775578],[130.741101,32.775549],[130.741332,32.775365],[130.741351,32.775353],[130.741369,32.775344],[130.741382,32.775338],[130.741387,32.775334],[130.741391,32.77533],[130.741394,32.775325],[130.741395,32.775319],[130.741395,32.775319],[130.741395,32.775312],[130.741376,32.775271],[130.741455,32.775265],[130.741585,32.775184],[130.741765,32.775152],[130.741964,32.775146],[130.741974,32.775093],[130.742522,32.774791],[130.742499,32.774649],[130.742918,32.774527],[130.743111,32.774641],[130.743237,32.774554],[130.743307,32.774402],[130.743449,32.774358],[130.743638,32.774328],[130.744193,32.774275],[130.744498,32.774247],[130.744505,32.774093],[130.744499,32.774023],[130.744487,32.773967],[130.744447,32.773793],[130.744393,32.773646],[130.744363,32.773574],[130.744269,32.773393],[130.744215,32.773361],[130.744095,32.773342],[130.743889,32.773324]]]}},{"type":"Feature","properties":{"ParkName":"広域公園","ParkType":"公園","ParkCode":3021,"Pref":"熊本県","Citycode":"43100","Cityname":"熊本市","FNDate":null},"geometry":{"type":"Polygon","coordinates":[[[130.752231,32.77316],[130.75226,32.773144],[130.752506,32.77294],[130.75282,32.772676],[130.753076,32.772467],[130.753819,32.771907],[130.754352,32.771492],[130.754402,32.771441],[130.754709,32.771126],[130.75519,32.770698],[130.755383,32.770374],[130.755576,32.770243],[130.755753,32.770091],[130.755921,32.769932],[130.756303,32.76957],[130.756556,32.769298],[130.756744,32.769122],[130.756916,32.768957],[130.756981,32.768886],[130.757189,32.768807],[130.757387,32.768732],[130.75753,32.768667],[130.757674,32.768564],[130.757898,32.768379],[130.758059,32.768285],[130.758242,32.7682],[130.758492,32.768112],[130.758639,32.768069],[130.758845,32.768019],[130.759113,32.767912],[130.759065,32.767823],[130.758962,32.767646],[130.75885,32.767472],[130.75873,32.767303],[130.7586,32.767139],[130.758462,32.76698],[130.758315,32.766826],[130.75816,32.766678],[130.757998,32.766536],[130.757828,32.766401],[130.757651,32.766272],[130.757468,32.766149],[130.757278,32.766034],[130.757082,32.765926],[130.756881,32.765826],[130.756675,32.765734],[130.756464,32.765649],[130.756248,32.765572],[130.756166,32.765546],[130.755758,32.765415],[130.754373,32.764948],[130.752681,32.764384],[130.752662,32.764521],[130.75265,32.764596],[130.752592,32.764736],[130.75253,32.764844],[130.752441,32.76499],[130.75239,32.765061],[130.752328,32.765136],[130.752211,32.765313],[130.752196,32.765349],[130.752128,32.765472],[130.751903,32.765849],[130.751798,32.766035],[130.751669,32.766322],[130.751611,32.766428],[130.751575,32.766494],[130.751522,32.766586],[130.751463,32.766677],[130.751388,32.76677],[130.751231,32.766959],[130.751148,32.767061],[130.751069,32.767157],[130.750795,32.767519],[130.750553,32.767833],[130.750439,32.767996],[130.750282,32.768218],[130.750154,32.768407],[130.750047,32.768572],[130.749827,32.768907],[130.749674,32.769155],[130.749659,32.769183],[130.749555,32.769363],[130.749475,32.769507],[130.749401,32.769641],[130.749342,32.769756],[130.749201,32.769991],[130.749152,32.770063],[130.74904,32.770246],[130.749001,32.770314],[130.748953,32.770407],[130.748866,32.770557],[130.748714,32.770844],[130.748702,32.770862],[130.748663,32.770931],[130.748597,32.771021],[130.74843,32.771201],[130.748348,32.771275],[130.748262,32.771349],[130.748199,32.771398],[130.748162,32.771422],[130.748069,32.771496],[130.747917,32.771602],[130.747817,32.771658],[130.747648,32.771747],[130.747232,32.771937],[130.746802,32.772133],[130.746494,32.772274],[130.746403,32.772312],[130.746338,32.772331],[130.746235,32.772345],[130.746183,32.772344],[130.746081,32.772335],[130.746004,32.772326],[130.745897,32.772311],[130.74582,32.772301],[130.745746,32.772289],[130.745688,32.77229],[130.745584,32.7723],[130.745531,32.772315],[130.745449,32.772351],[130.74539,32.772385],[130.745312,32.772433],[130.745211,32.772514],[130.745156,32.772562],[130.74484,32.772849],[130.744659,32.773078],[130.744594,32.773145],[130.74449,32.773254],[130.744497,32.773282],[130.744511,32.773356],[130.744514,32.773392],[130.744521,32.773416],[130.744539,32.77346],[130.744599,32.773604],[130.744661,32.773631],[130.744705,32.773784],[130.744695,32.773906],[130.744698,32.774036],[130.744691,32.774157],[130.74468,32.774264],[130.744647,32.774551],[130.744622,32.774775],[130.744642,32.774876],[130.744649,32.774947],[130.744654,32.775009],[130.744658,32.775111],[130.744649,32.775149],[130.744618,32.7753],[130.744601,32.775396],[130.744565,32.775593],[130.744525,32.775746],[130.74449,32.775834],[130.744472,32.775912],[130.744493,32.775961],[130.744537,32.776004],[130.744681,32.776129],[130.74484,32.776206],[130.745041,32.776274],[130.745297,32.776311],[130.745465,32.776313],[130.745622,32.776316],[130.745736,32.776312],[130.745883,32.776299],[130.746076,32.776286],[130.746657,32.776244],[130.746641,32.776346],[130.747262,32.776476],[130.74752,32.776505],[130.747535,32.77645],[130.747775,32.776405],[130.748222,32.776371],[130.748335,32.776367],[130.748408,32.776372],[130.748503,32.776387],[130.74858,32.776411],[130.74865,32.776446],[130.748701,32.776488],[130.748965,32.77688],[130.749228,32.776911],[130.749465,32.777107],[130.749546,32.777161],[130.749636,32.777209],[130.749768,32.777261],[130.749974,32.77734],[130.750061,32.77738],[130.750146,32.777428],[130.750375,32.777063],[130.750754,32.777255],[130.750872,32.777315],[130.751607,32.777742],[130.752047,32.777524],[130.75191,32.777378],[130.751845,32.777291],[130.751736,32.777146],[130.751377,32.776743],[130.750975,32.776312],[130.750831,32.776155],[130.750601,32.775891],[130.750556,32.775829],[130.750354,32.775552],[130.750354,32.775515],[130.750445,32.775314],[130.750553,32.775354],[130.750693,32.77541],[130.750902,32.775082],[130.750939,32.77509],[130.751387,32.774683],[130.751347,32.774653],[130.751573,32.774412],[130.751615,32.774391],[130.751638,32.774281],[130.751392,32.774202],[130.751362,32.774126],[130.751348,32.774069],[130.751634,32.773733],[130.75188,32.773503],[130.752231,32.77316]]]}},{"type":"Feature","properties":{"ParkName":"広域公園","ParkType":"公園","ParkCode":3021,"Pref":"熊本県","Citycode":"43100","Cityname":"熊本市","FNDate":null},"geometry":{"type":"Polygon","coordinates":[[[130.752332,32.777543],[130.751182,32.778005],[130.751196,32.778016],[130.751285,32.778089],[130.75138,32.778167],[130.751445,32.77823],[130.75151,32.778312],[130.751593,32.778411],[130.751621,32.77842],[130.751641,32.778455],[130.751654,32.77847],[130.751687,32.778507],[130.751784,32.778581],[130.751823,32.778611],[130.751846,32.77862],[130.751876,32.77863],[130.751987,32.778671],[130.752116,32.778715],[130.752187,32.778745],[130.752258,32.778776],[130.752291,32.778797],[130.752404,32.778881],[130.752421,32.778896],[130.752489,32.778939],[130.752595,32.77899],[130.752731,32.779065],[130.753035,32.77925],[130.753396,32.779493],[130.753616,32.77928],[130.753992,32.779551],[130.754577,32.779982],[130.754598,32.779999],[130.754681,32.780068],[130.754734,32.780116],[130.754797,32.7802],[130.755043,32.780041],[130.755053,32.779928],[130.755074,32.779809],[130.75508,32.779788],[130.755136,32.779679],[130.755113,32.779609],[130.754794,32.77931],[130.754768,32.779281],[130.754639,32.779279],[130.754523,32.779264],[130.754438,32.779248],[130.754367,32.779231],[130.754311,32.779208],[130.754258,32.779173],[130.754218,32.779131],[130.754185,32.779089],[130.754158,32.779038],[130.754083,32.778889],[130.753975,32.778685],[130.753928,32.778621],[130.753852,32.778545],[130.753805,32.77851],[130.753764,32.778492],[130.753717,32.778486],[130.753637,32.778467],[130.753576,32.778449],[130.753429,32.778376],[130.753242,32.778286],[130.753193,32.778262],[130.75314,32.778238],[130.753094,32.77821],[130.75295,32.778118],[130.752812,32.778025],[130.752777,32.777998],[130.752746,32.777965],[130.752714,32.77793],[130.752698,32.777915],[130.752677,32.777899],[130.752646,32.777884],[130.75261,32.777869],[130.752548,32.777846],[130.752541,32.777841],[130.752537,32.777822],[130.752535,32.77781],[130.752524,32.777794],[130.752495,32.777751],[130.752332,32.777543]]]}},{"type":"Feature","properties":{"ParkName":"広域公園","ParkType":"公園","ParkCode":3021,"Pref":"熊本県","Citycode":"43100","Cityname":"熊本市","FNDate":null},"geometry":{"type":"Polygon","coordinates":[[[130.743614,32.774844],[130.744449,32.774894],[130.744493,32.774478],[130.744364,32.774491],[130.744234,32.774504],[130.744133,32.774515],[130.744052,32.774512],[130.74379,32.774497],[130.743788,32.774555],[130.743645,32.774552],[130.743614,32.774844]]]}},{"type":"Feature","properties":{"ParkName":"広域公園","ParkType":"公園","ParkCode":3021,"Pref":"熊本県","Citycode":"43100","Cityname":"熊本市","FNDate":null},"geometry":{"type":"Polygon","coordinates":[[[130.734462,32.788362],[130.734469,32.788183],[130.73448,32.788142],[130.734494,32.788122],[130.734521,32.788095],[130.734594,32.788028],[130.73468,32.787942],[130.734693,32.787926],[130.734718,32.787882],[130.734757,32.787783],[130.73477,32.787708],[130.734769,32.787621],[130.734765,32.787318],[130.734709,32.787118],[130.734601,32.787175],[130.734587,32.78718],[130.734557,32.787192],[130.734509,32.787204],[130.734463,32.787214],[130.734422,32.787221],[130.734463,32.787382],[130.734327,32.787398],[130.734326,32.787495],[130.734032,32.78755],[130.734039,32.787637],[130.734041,32.787732],[130.734039,32.787788],[130.734035,32.7878],[130.733992,32.787845],[130.733973,32.787917],[130.733949,32.788005],[130.734122,32.788019],[130.734164,32.788055],[130.73413,32.788322],[130.73425,32.788437],[130.73426,32.788489],[130.734462,32.788362]]]}},{"type":"Feature","properties":{"ParkName":"街区公園","ParkType":"公園","ParkCode":3021,"Pref":"熊本県","Citycode":"43100","Cityname":"熊本市","FNDate":null},"geometry":{"type":"Polygon","coordinates":[[[130.694357,32.823904],[130.694409,32.824076],[130.694486,32.824332],[130.694513,32.824349],[130.694609,32.824328],[130.694788,32.82428],[130.694896,32.824249],[130.694969,32.824223],[130.694976,32.824231],[130.695066,32.824178],[130.695233,32.824059],[130.69528,32.823993],[130.69531,32.823927],[130.695342,32.823869],[130.695336,32.823848],[130.695328,32.823821],[130.695273,32.82374],[130.695243,32.823701],[130.695227,32.82368],[130.695165,32.823659],[130.69483,32.823723],[130.694811,32.823756],[130.694815,32.823786],[130.694889,32.824049],[130.694878,32.824071],[130.694479,32.824178],[130.694448,32.824102],[130.694438,32.824061],[130.69441,32.82395],[130.694406,32.823923],[130.6944,32.823896],[130.694357,32.823904]]]}},{"type":"Feature","properties":{"ParkName":"街区公園","ParkType":"公園","ParkCode":3021,"Pref":"熊本県","Citycode":"43100","Cityname":"熊本市","FNDate":null},"geometry":{"type":"Polygon","coordinates":[[[130.713273,32.791933],[130.713336,32.792018],[130.713506,32.791947],[130.713569,32.79209],[130.713702,32.792088],[130.714958,32.792113],[130.714963,32.791931],[130.714932,32.791905],[130.713912,32.791594],[130.713879,32.791605],[130.713846,32.791661],[130.713795,32.791717],[130.713748,32.791755],[130.713705,32.791786],[130.713668,32.791809],[130.713585,32.791845],[130.713514,32.791863],[130.713273,32.791933]]]}},{"type":"Feature","properties":{"ParkName":"街区公園","ParkType":"公園","ParkCode":3021,"Pref":"熊本県","Citycode":"43100","Cityname":"熊本市","FNDate":null},"geometry":{"type":"Polygon","coordinates":[[[130.709001,32.786295],[130.709373,32.786448],[130.709376,32.786327],[130.709433,32.786251],[130.709588,32.785986],[130.709247,32.785843],[130.709199,32.785896],[130.709075,32.786116],[130.708988,32.786272],[130.709001,32.786295]]]}},{"type":"Feature","properties":{"ParkName":"街区公園","ParkType":"公園","ParkCode":3021,"Pref":"熊本県","Citycode":"43100","Cityname":"熊本市","FNDate":null},"geometry":{"type":"Polygon","coordinates":[[[130.71792,32.793917],[130.717944,32.793607],[130.717485,32.793607],[130.71748,32.793688],[130.717748,32.793697],[130.717729,32.793917],[130.71792,32.793917]]]}},{"type":"Feature","properties":{"ParkName":"街区公園","ParkType":"公園","ParkCode":3021,"Pref":"熊本県","Citycode":"43100","Cityname":"熊本市","FNDate":null},"geometry":{"type":"Polygon","coordinates":[[[130.741326,32.818929],[130.740884,32.818906],[130.740869,32.818906],[130.740822,32.81891],[130.740781,32.818917],[130.740763,32.818921],[130.740695,32.818944],[130.740593,32.81898],[130.740457,32.819033],[130.740346,32.819088],[130.740162,32.819242],[130.739765,32.819633],[130.739764,32.819633],[130.739759,32.819649],[130.739762,32.819661],[130.739769,32.819672],[130.739785,32.819678],[130.739799,32.819677],[130.739819,32.819669],[130.74065,32.819383],[130.740951,32.819293],[130.741325,32.819186],[130.741671,32.819096],[130.742085,32.819109],[130.741777,32.819013],[130.741618,32.818964],[130.741326,32.818929]]]}},{"type":"Feature","properties":{"ParkName":"街区公園","ParkType":"公園","ParkCode":3021,"Pref":"熊本県","Citycode":"43100","Cityname":"熊本市","FNDate":null},"geometry":{"type":"Polygon","coordinates":[[[130.73234,32.81898],[130.732329,32.819099],[130.732466,32.819109],[130.732473,32.819079],[130.732729,32.819093],[130.732746,32.819095],[130.732748,32.819075],[130.732829,32.818554],[130.732628,32.818486],[130.732557,32.818713],[130.732374,32.81866],[130.73234,32.81898]]]}},{"type":"Feature","properties":{"ParkName":"街区公園","ParkType":"公園","ParkCode":3021,"Pref":"熊本県","Citycode":"43100","Cityname":"熊本市","FNDate":null},"geometry":{"type":"Polygon","coordinates":[[[130.703648,32.790523],[130.703872,32.790558],[130.703874,32.790453],[130.703911,32.790363],[130.704123,32.790392],[130.704144,32.790308],[130.704042,32.790293],[130.704057,32.790103],[130.703973,32.790103],[130.703971,32.790067],[130.703688,32.790063],[130.703648,32.790523]]]}},{"type":"Feature","properties":{"ParkName":"街区公園","ParkType":"公園","ParkCode":3021,"Pref":"熊本県","Citycode":"43100","Cityname":"熊本市","FNDate":null},"geometry":{"type":"Polygon","coordinates":[[[130.741372,32.8079],[130.741432,32.808],[130.74146,32.808053],[130.741532,32.808211],[130.741557,32.808278],[130.741571,32.808316],[130.74159,32.808402],[130.741637,32.80838],[130.741805,32.808454],[130.741954,32.808441],[130.742055,32.808432],[130.74201,32.808348],[130.74187,32.808099],[130.741592,32.80816],[130.741565,32.808151],[130.741434,32.8079],[130.741372,32.8079]]]}},{"type":"Feature","properties":{"ParkName":"街区公園","ParkType":"公園","ParkCode":3021,"Pref":"熊本県","Citycode":"43100","Cityname":"熊本市","FNDate":null},"geometry":{"type":"Polygon","coordinates":[[[130.719547,32.755523],[130.719012,32.755468],[130.719027,32.755686],[130.719026,32.755802],[130.719057,32.756032],[130.719229,32.756016],[130.719237,32.756129],[130.719305,32.75612],[130.719551,32.756065],[130.719571,32.756048],[130.719576,32.756035],[130.719569,32.756005],[130.719565,32.755991],[130.719563,32.755974],[130.719554,32.755941],[130.719546,32.755908],[130.719541,32.755886],[130.719536,32.755863],[130.719534,32.755843],[130.719535,32.75583],[130.719535,32.755807],[130.719536,32.755779],[130.719539,32.755747],[130.71954,32.755686],[130.719544,32.755609],[130.719547,32.755523]]]}},{"type":"Feature","properties":{"ParkName":"街区公園","ParkType":"公園","ParkCode":3021,"Pref":"熊本県","Citycode":"43100","Cityname":"熊本市","FNDate":null},"geometry":{"type":"Polygon","coordinates":[[[130.756602,32.787723],[130.757186,32.78775],[130.757204,32.787738],[130.757275,32.787529],[130.757299,32.787466],[130.757316,32.787413],[130.757329,32.787351],[130.757333,32.787272],[130.757327,32.787201],[130.757312,32.787131],[130.757278,32.787041],[130.757252,32.787029],[130.756623,32.78724],[130.756617,32.787261],[130.756589,32.787712],[130.756602,32.787723]]]}},{"type":"Feature","properties":{"ParkName":"街区公園","ParkType":"公園","ParkCode":3021,"Pref":"熊本県","Citycode":"43100","Cityname":"熊本市","FNDate":null},"geometry":{"type":"Polygon","coordinates":[[[130.705507,32.814925],[130.705937,32.814888],[130.705897,32.814643],[130.705787,32.814648],[130.70553,32.814674],[130.705511,32.814779],[130.705504,32.814825],[130.705507,32.814925]]]}},{"type":"Feature","properties":{"ParkName":"街区公園","ParkType":"公園","ParkCode":3021,"Pref":"熊本県","Citycode":"43100","Cityname":"熊本市","FNDate":null},"geometry":{"type":"Polygon","coordinates":[[[130.655222,32.784434],[130.655304,32.784454],[130.655314,32.784455],[130.65532,32.784452],[130.655328,32.78445],[130.655336,32.784444],[130.655338,32.784312],[130.655513,32.784316],[130.655517,32.784291],[130.655312,32.784285],[130.655059,32.784246],[130.65505,32.784173],[130.654924,32.784189],[130.654932,32.784463],[130.655074,32.784468],[130.65508,32.784426],[130.65509,32.78442],[130.655096,32.784418],[130.655104,32.784415],[130.655222,32.784434]]]}},{"type":"Feature","properties":{"ParkName":"街区公園","ParkType":"公園","ParkCode":3021,"Pref":"熊本県","Citycode":"43100","Cityname":"熊本市","FNDate":null},"geometry":{"type":"Polygon","coordinates":[[[130.725218,32.756568],[130.725249,32.75586],[130.724882,32.755847],[130.724537,32.755837],[130.724509,32.756549],[130.724547,32.756567],[130.72453,32.75685],[130.724645,32.756846],[130.724647,32.756638],[130.724589,32.75662],[130.724585,32.756567],[130.724977,32.756568],[130.725218,32.756568]]]}},{"type":"Feature","properties":{"ParkName":"街区公園","ParkType":"公園","ParkCode":3021,"Pref":"熊本県","Citycode":"43100","Cityname":"熊本市","FNDate":null},"geometry":{"type":"Polygon","coordinates":[[[130.731989,32.812991],[130.732016,32.812945],[130.732039,32.812863],[130.732047,32.812849],[130.732127,32.812713],[130.732166,32.812665],[130.732237,32.81258],[130.732238,32.812577],[130.732238,32.812569],[130.732266,32.812535],[130.732197,32.812494],[130.732135,32.812454],[130.732112,32.812463],[130.732019,32.812508],[130.731934,32.812555],[130.731871,32.812594],[130.731799,32.812645],[130.731735,32.812705],[130.731989,32.812991]]]}},{"type":"Feature","properties":{"ParkName":"街区公園","ParkType":"公園","ParkCode":3021,"Pref":"熊本県","Citycode":"43100","Cityname":"熊本市","FNDate":null},"geometry":{"type":"Polygon","coordinates":[[[130.68514,32.75155],[130.685153,32.751707],[130.685152,32.752011],[130.685463,32.751993],[130.685516,32.751707],[130.685431,32.751704],[130.685443,32.751553],[130.68514,32.75155]]]}},{"type":"Feature","properties":{"ParkName":"街区公園","ParkType":"公園","ParkCode":3021,"Pref":"熊本県","Citycode":"43100","Cityname":"熊本市","FNDate":null},"geometry":{"type":"Polygon","coordinates":[[[130.704743,32.822262],[130.704862,32.822335],[130.705015,32.822443],[130.705064,32.82236],[130.705185,32.822386],[130.705203,32.822333],[130.705246,32.822342],[130.70526,32.822273],[130.705239,32.822058],[130.705092,32.822049],[130.705043,32.822172],[130.704852,32.822117],[130.704832,32.822087],[130.704802,32.82216],[130.704743,32.822262]]]}},{"type":"Feature","properties":{"ParkName":"街区公園","ParkType":"公園","ParkCode":3021,"Pref":"熊本県","Citycode":"43100","Cityname":"熊本市","FNDate":null},"geometry":{"type":"Polygon","coordinates":[[[130.765586,32.840829],[130.765494,32.840754],[130.765263,32.840468],[130.765247,32.840473],[130.765065,32.84027],[130.765057,32.840296],[130.765044,32.840322],[130.765015,32.840342],[130.76456,32.840735],[130.764693,32.840827],[130.764916,32.840994],[130.764744,32.841122],[130.765015,32.841306],[130.765232,32.841473],[130.765493,32.841231],[130.76575,32.841012],[130.765746,32.840977],[130.765586,32.840829]]]}},{"type":"Feature","properties":{"ParkName":"近隣公園","ParkType":"公園","ParkCode":3021,"Pref":"熊本県","Citycode":"43100","Cityname":"熊本市","FNDate":null},"geometry":{"type":"Polygon","coordinates":[[[130.731949,32.806772],[130.733285,32.806864],[130.733376,32.805956],[130.732027,32.805854],[130.731949,32.806772]]]}},{"type":"Feature","properties":{"ParkName":"地区公園","ParkType":"公園","ParkCode":3021,"Pref":"熊本県","Citycode":"43100","Cityname":"熊本市","FNDate":null},"geometry":{"type":"Polygon","coordinates":[[[130.638239,32.775381],[130.63827,32.77534],[130.638112,32.775261],[130.638128,32.775175],[130.638164,32.775129],[130.638244,32.775108],[130.638196,32.774925],[130.63814,32.774959],[130.63793,32.775086],[130.637562,32.775296],[130.637287,32.775452],[130.636967,32.775636],[130.636898,32.775668],[130.636591,32.775775],[130.636465,32.775561],[130.636323,32.775617],[130.635953,32.775755],[130.635578,32.775897],[130.635406,32.775964],[130.635473,32.776116],[130.635264,32.776185],[130.635076,32.776244],[130.634865,32.776305],[130.6347,32.776355],[130.634553,32.77637],[130.634369,32.776421],[130.634144,32.776487],[130.633987,32.776533],[130.633827,32.776585],[130.633893,32.776609],[130.634252,32.776766],[130.634299,32.77679],[130.634476,32.776912],[130.634585,32.777006],[130.634697,32.77706],[130.634811,32.777107],[130.634858,32.777117],[130.634979,32.777111],[130.635009,32.777106],[130.635216,32.777075],[130.635495,32.777045],[130.635758,32.777011],[130.636052,32.776956],[130.636693,32.776751],[130.636786,32.776716],[130.637037,32.776532],[130.637274,32.776374],[130.637354,32.776306],[130.637525,32.776154],[130.637638,32.776051],[130.637714,32.775976],[130.637776,32.775904],[130.637795,32.775901],[130.637867,32.77584],[130.637918,32.775776],[130.637951,32.775708],[130.637978,32.775623],[130.63802,32.775476],[130.638099,32.775322],[130.638239,32.775381]]]}},{"type":"Feature","properties":{"ParkName":"地区公園","ParkType":"公園","ParkCode":3021,"Pref":"熊本県","Citycode":"43100","Cityname":"熊本市","FNDate":null},"geometry":{"type":"Polygon","coordinates":[[[130.685556,32.920619],[130.685735,32.92061],[130.685829,32.920603],[130.685882,32.920596],[130.686084,32.920564],[130.686106,32.92056],[130.686422,32.920509],[130.686655,32.920468],[130.687016,32.920411],[130.687009,32.920387],[130.687149,32.920328],[130.687143,32.920313],[130.687168,32.920257],[130.687218,32.920208],[130.687219,32.920201],[130.687233,32.920107],[130.687248,32.920058],[130.687263,32.920019],[130.687293,32.919972],[130.687324,32.919929],[130.687396,32.919846],[130.687471,32.919763],[130.687513,32.919728],[130.687553,32.919696],[130.687588,32.919664],[130.687624,32.919625],[130.687638,32.919608],[130.687645,32.919586],[130.687654,32.919541],[130.687651,32.919507],[130.687636,32.919393],[130.6876,32.919223],[130.687569,32.91911],[130.687526,32.918954],[130.687512,32.918917],[130.687499,32.918901],[130.687484,32.91889],[130.68747,32.918883],[130.68746,32.918882],[130.687441,32.918885],[130.687386,32.918895],[130.686847,32.919009],[130.686773,32.919022],[130.686584,32.919061],[130.685788,32.919223],[130.685638,32.919256],[130.685398,32.919303],[130.685258,32.919332],[130.685144,32.919357],[130.684974,32.919395],[130.684929,32.919404],[130.684811,32.919433],[130.684782,32.919442],[130.684759,32.919455],[130.684755,32.919468],[130.684757,32.919499],[130.684779,32.919607],[130.684918,32.919847],[130.685126,32.920249],[130.68527,32.920514],[130.68531,32.920595],[130.685346,32.920657],[130.68537,32.920677],[130.685401,32.92069],[130.685441,32.9207],[130.685472,32.920682],[130.685556,32.920619]]]}},{"type":"Feature","properties":{"ParkName":"運動公園","ParkType":"公園","ParkCode":3021,"Pref":"熊本県","Citycode":"43100","Cityname":"熊本市","FNDate":null},"geometry":{"type":"Polygon","coordinates":[[[130.806364,32.838122],[130.80608,32.837944],[130.806004,32.8379],[130.805816,32.837808],[130.805871,32.837748],[130.805859,32.837726],[130.805751,32.83765],[130.805649,32.837587],[130.805547,32.83754],[130.805392,32.837452],[130.805323,32.837416],[130.805276,32.837394],[130.805264,32.83739],[130.805233,32.837386],[130.805202,32.837391],[130.805178,32.837401],[130.805141,32.837438],[130.805079,32.837526],[130.805024,32.837525],[130.80497,32.837498],[130.804898,32.837471],[130.80487,32.837462],[130.80485,32.837461],[130.804834,32.837465],[130.804803,32.837487],[130.804778,32.837506],[130.804755,32.837491],[130.804715,32.837528],[130.804615,32.837477],[130.804283,32.837309],[130.80404,32.83719],[130.804049,32.837178],[130.803899,32.837102],[130.803588,32.836966],[130.803607,32.836936],[130.803575,32.836925],[130.803445,32.837137],[130.803698,32.837476],[130.80377,32.837558],[130.803869,32.837693],[130.803558,32.837859],[130.803286,32.837551],[130.803057,32.837282],[130.802348,32.836474],[130.802278,32.836398],[130.802205,32.836353],[130.802157,32.836354],[130.802129,32.836383],[130.802102,32.83642],[130.80197,32.836744],[130.801936,32.836849],[130.801754,32.837379],[130.801717,32.837447],[130.801636,32.837687],[130.801461,32.838223],[130.80126,32.838195],[130.801479,32.837579],[130.801627,32.837155],[130.801837,32.836543],[130.801879,32.836325],[130.801519,32.835919],[130.801403,32.835779],[130.801237,32.835613],[130.801032,32.835381],[130.800938,32.835276],[130.800815,32.835134],[130.800693,32.834991],[130.800519,32.834791],[130.80046,32.834735],[130.800338,32.834683],[130.800263,32.834657],[130.800149,32.834645],[130.800041,32.834637],[130.799925,32.83463],[130.799845,32.83463],[130.799668,32.83463],[130.799326,32.834642],[130.799292,32.834646],[130.799248,32.834656],[130.799215,32.83466],[130.798975,32.834766],[130.798952,32.834785],[130.798937,32.834811],[130.798924,32.834913],[130.798913,32.835022],[130.798914,32.83509],[130.798916,32.835268],[130.798907,32.835319],[130.798893,32.835366],[130.798872,32.835417],[130.798796,32.835567],[130.798772,32.835614],[130.798732,32.835694],[130.798713,32.835746],[130.798686,32.835833],[130.798663,32.835964],[130.798653,32.836008],[130.798638,32.836055],[130.798639,32.836091],[130.798638,32.836102],[130.798635,32.836109],[130.79862,32.836137],[130.798501,32.83631],[130.798472,32.836352],[130.798419,32.836442],[130.798403,32.836483],[130.798391,32.836517],[130.798385,32.836606],[130.798387,32.836633],[130.798397,32.836693],[130.798405,32.836777],[130.798402,32.836815],[130.79839,32.836878],[130.798377,32.836923],[130.798358,32.836969],[130.798304,32.837052],[130.798296,32.83706],[130.798238,32.837119],[130.798216,32.837137],[130.797617,32.837582],[130.797578,32.837605],[130.797557,32.837614],[130.797536,32.83762],[130.797502,32.837624],[130.797474,32.837623],[130.797445,32.83762],[130.797409,32.837612],[130.797325,32.837586],[130.796888,32.837452],[130.796848,32.83744],[130.7968,32.837445],[130.7966,32.837385],[130.796576,32.837362],[130.796563,32.837355],[130.796489,32.837331],[130.796393,32.837303],[130.796243,32.837256],[130.796033,32.837204],[130.795988,32.837196],[130.795949,32.837193],[130.795898,32.837194],[130.795857,32.837203],[130.795817,32.837215],[130.795776,32.837237],[130.795742,32.837262],[130.795722,32.837282],[130.795575,32.83743],[130.795533,32.83748],[130.795465,32.83756],[130.795291,32.837757],[130.795133,32.837884],[130.794956,32.838044],[130.794933,32.838083],[130.794919,32.838122],[130.794918,32.838138],[130.794918,32.838172],[130.794926,32.83821],[130.794941,32.83824],[130.794968,32.838276],[130.795003,32.838304],[130.795046,32.838326],[130.795237,32.838375],[130.795348,32.838383],[130.795533,32.838419],[130.795664,32.838464],[130.795905,32.838515],[130.795969,32.838278],[130.796327,32.838348],[130.796258,32.838586],[130.796416,32.83862],[130.796446,32.838636],[130.79647,32.838654],[130.796493,32.838682],[130.796512,32.838704],[130.79656,32.838957],[130.796568,32.839015],[130.796568,32.839071],[130.796547,32.839158],[130.796537,32.839185],[130.796505,32.839249],[130.796398,32.839423],[130.796236,32.839683],[130.796351,32.839736],[130.796278,32.839854],[130.796625,32.839879],[130.796611,32.839986],[130.796456,32.839971],[130.796482,32.839979],[130.79651,32.84],[130.79652,32.840012],[130.796524,32.840024],[130.796559,32.840101],[130.79657,32.840421],[130.796536,32.840485],[130.796541,32.840906],[130.796516,32.84111],[130.796452,32.841112],[130.796034,32.841116],[130.79544,32.841123],[130.795434,32.84113],[130.795436,32.841285],[130.795439,32.841473],[130.795404,32.841679],[130.795397,32.8417],[130.795389,32.841705],[130.795266,32.841729],[130.795048,32.841775],[130.795018,32.841811],[130.794597,32.841953],[130.794127,32.84209],[130.794037,32.842119],[130.794017,32.842105],[130.793822,32.842159],[130.793513,32.842241],[130.793456,32.842224],[130.793376,32.842186],[130.793322,32.842122],[130.793254,32.841992],[130.793154,32.841809],[130.793053,32.841544],[130.793018,32.841508],[130.792966,32.841353],[130.792943,32.841332],[130.792897,32.841326],[130.792577,32.841389],[130.792046,32.841489],[130.791819,32.841532],[130.791528,32.841578],[130.791392,32.841636],[130.791206,32.841636],[130.791021,32.841637],[130.790833,32.841616],[130.790716,32.841602],[130.790681,32.841554],[130.79064,32.841662],[130.790537,32.841943],[130.790381,32.842367],[130.790305,32.842571],[130.790183,32.842903],[130.790061,32.842883],[130.790183,32.842555],[130.790276,32.842304],[130.79048,32.841755],[130.79054,32.841592],[130.790315,32.841533],[130.790354,32.841427],[130.79036,32.841401],[130.790366,32.841325],[130.790334,32.841251],[130.790313,32.841221],[130.79028,32.841196],[130.79008,32.84114],[130.789903,32.840954],[130.789205,32.840052],[130.78901,32.839963],[130.78872,32.839845],[130.788616,32.839827],[130.788518,32.839769],[130.788409,32.839754],[130.788218,32.839753],[130.788095,32.839785],[130.788002,32.839781],[130.787889,32.839764],[130.78765,32.839712],[130.787492,32.839667],[130.787455,32.839646],[130.787363,32.839572],[130.787301,32.839543],[130.787198,32.839542],[130.787056,32.839366],[130.786968,32.839597],[130.786929,32.839621],[130.786895,32.8396],[130.786792,32.839511],[130.786543,32.839342],[130.78648,32.839284],[130.786364,32.839195],[130.786251,32.839123],[130.786163,32.839081],[130.785989,32.839041],[130.785884,32.839093],[130.785888,32.83935],[130.785505,32.839212],[130.785435,32.83941],[130.785229,32.839525],[130.784989,32.839488],[130.784862,32.839425],[130.784815,32.83935],[130.784614,32.839412],[130.784525,32.839371],[130.78439,32.839369],[130.784005,32.839341],[130.783223,32.839044],[130.78316,32.839138],[130.783029,32.839113],[130.782881,32.839349],[130.782592,32.839312],[130.782373,32.839325],[130.782104,32.839302],[130.781955,32.839721],[130.78207,32.839894],[130.781988,32.840051],[130.781966,32.840172],[130.781893,32.840276],[130.78187,32.840306],[130.78156,32.840087],[130.78143,32.840059],[130.781366,32.840056],[130.781202,32.840043],[130.781073,32.840016],[130.781015,32.840195],[130.780961,32.840296],[130.78084,32.840493],[130.78078,32.840592],[130.780662,32.840559],[130.780283,32.840689],[130.780364,32.840927],[130.780423,32.840906],[130.780554,32.840758],[130.780815,32.840859],[130.780974,32.840934],[130.781251,32.841046],[130.781301,32.841073],[130.781314,32.841092],[130.781312,32.841109],[130.781227,32.841266],[130.781227,32.841281],[130.781239,32.8413],[130.781253,32.841307],[130.78146,32.841388],[130.781528,32.841423],[130.781583,32.841459],[130.781607,32.841471],[130.781638,32.841481],[130.781669,32.841487],[130.781857,32.841513],[130.781885,32.841521],[130.781907,32.84153],[130.781927,32.841542],[130.781943,32.841562],[130.781947,32.841584],[130.781945,32.841599],[130.781893,32.841712],[130.781892,32.841733],[130.781895,32.841753],[130.781903,32.841767],[130.781949,32.841812],[130.781992,32.841845],[130.782049,32.841884],[130.782166,32.841962],[130.782218,32.842001],[130.782284,32.842061],[130.78236,32.842144],[130.782685,32.842331],[130.782778,32.84239],[130.782885,32.842486],[130.783053,32.842666],[130.783076,32.842685],[130.783153,32.842729],[130.783337,32.842809],[130.783457,32.842857],[130.783517,32.842877],[130.783772,32.842937],[130.78379,32.842936],[130.783806,32.842931],[130.783817,32.842922],[130.783829,32.842902],[130.783871,32.842803],[130.783879,32.842756],[130.783894,32.842708],[130.783903,32.842699],[130.783938,32.842684],[130.783952,32.842672],[130.78397,32.842602],[130.784132,32.842745],[130.784353,32.842914],[130.78445,32.842993],[130.78459,32.843059],[130.784631,32.84307],[130.784914,32.84318],[130.784978,32.843221],[130.784979,32.84325],[130.784969,32.843524],[130.784984,32.843554],[130.785381,32.843671],[130.785589,32.843733],[130.785838,32.843767],[130.785842,32.843854],[130.785839,32.844052],[130.785843,32.844073],[130.78602,32.844064],[130.786048,32.844065],[130.7864,32.844047],[130.786377,32.843854],[130.786357,32.843854],[130.786345,32.843835],[130.786345,32.843682],[130.78687,32.843721],[130.786969,32.843846],[130.786961,32.84397],[130.78695,32.844035],[130.787047,32.844148],[130.787386,32.844159],[130.787557,32.844161],[130.787713,32.844157],[130.787719,32.844252],[130.787582,32.844256],[130.787636,32.844307],[130.787674,32.844345],[130.78804,32.844487],[130.788148,32.84435],[130.788777,32.844501],[130.788933,32.844172],[130.788719,32.844185],[130.788674,32.844193],[130.78852,32.844202],[130.788257,32.844219],[130.787762,32.84425],[130.787756,32.844155],[130.787986,32.844141],[130.788466,32.84411],[130.788723,32.844094],[130.788926,32.844077],[130.789082,32.844059],[130.789232,32.844041],[130.789313,32.844035],[130.789348,32.844036],[130.789375,32.844038],[130.789401,32.84404],[130.789464,32.844046],[130.789486,32.844046],[130.789517,32.844041],[130.789541,32.844028],[130.789557,32.844014],[130.789574,32.84399],[130.789619,32.843916],[130.789715,32.843732],[130.789801,32.843579],[130.789823,32.843527],[130.790013,32.843013],[130.790135,32.843033],[130.789921,32.84361],[130.789858,32.843776],[130.789755,32.844043],[130.789751,32.844072],[130.789754,32.844101],[130.789762,32.844119],[130.789771,32.844132],[130.789783,32.844146],[130.789798,32.844155],[130.790011,32.844219],[130.790158,32.844267],[130.790581,32.844405],[130.790834,32.844474],[130.791042,32.844522],[130.791181,32.844548],[130.791307,32.844563],[130.791518,32.84457],[130.791666,32.844572],[130.791885,32.844573],[130.792225,32.844572],[130.792386,32.844577],[130.792534,32.844584],[130.792628,32.84459],[130.792769,32.844603],[130.793064,32.844643],[130.793334,32.844684],[130.793468,32.844703],[130.793545,32.844709],[130.793659,32.844711],[130.793745,32.844709],[130.793891,32.844695],[130.79396,32.844685],[130.79407,32.844663],[130.794299,32.844607],[130.794638,32.844512],[130.794883,32.844437],[130.79501,32.844395],[130.795376,32.844299],[130.795699,32.844225],[130.79648,32.844033],[130.796633,32.844006],[130.796776,32.843971],[130.796899,32.843924],[130.796973,32.843908],[130.797133,32.843879],[130.797293,32.843848],[130.797582,32.843794],[130.797633,32.84378],[130.797751,32.843769],[130.797844,32.84376],[130.797971,32.84377],[130.798195,32.84378],[130.79859,32.843803],[130.798673,32.843799],[130.798744,32.843786],[130.798829,32.843755],[130.798904,32.843718],[130.799229,32.843507],[130.799316,32.843473],[130.799375,32.843469],[130.799574,32.843445],[130.799599,32.843438],[130.799612,32.843432],[130.799626,32.843416],[130.799719,32.843108],[130.799772,32.842902],[130.799829,32.842564],[130.799897,32.842329],[130.800083,32.84169],[130.800091,32.841664],[130.800147,32.841484],[130.800336,32.840892],[130.800413,32.840662],[130.800517,32.840334],[130.800517,32.840306],[130.800506,32.840271],[130.800475,32.840239],[130.800441,32.840224],[130.800407,32.840213],[130.800323,32.840192],[130.800276,32.840183],[130.800292,32.840073],[130.800434,32.840081],[130.800491,32.84008],[130.800528,32.840073],[130.800551,32.840065],[130.80058,32.840049],[130.800617,32.840019],[130.800642,32.839986],[130.800657,32.839956],[130.800823,32.839474],[130.801211,32.838354],[130.801404,32.83838],[130.801077,32.839314],[130.80095,32.839687],[130.800859,32.839945],[130.800851,32.839996],[130.800855,32.840031],[130.800871,32.840058],[130.800889,32.840078],[130.800921,32.840097],[130.800967,32.840115],[130.801407,32.84014],[130.801722,32.840182],[130.802402,32.840225],[130.803051,32.840287],[130.803139,32.840295],[130.803181,32.840293],[130.803228,32.840281],[130.803262,32.840259],[130.803286,32.840231],[130.803308,32.840183],[130.803308,32.840165],[130.803423,32.840156],[130.803426,32.839988],[130.803434,32.83995],[130.803443,32.839924],[130.803466,32.839886],[130.803557,32.839881],[130.803654,32.839866],[130.803749,32.839845],[130.803796,32.839833],[130.803847,32.839815],[130.803934,32.839773],[130.803986,32.839743],[130.804061,32.8397],[130.804107,32.839677],[130.804139,32.839672],[130.804191,32.839664],[130.80436,32.83964],[130.804675,32.839612],[130.804773,32.839505],[130.804795,32.839371],[130.804755,32.839273],[130.804704,32.839206],[130.804531,32.838993],[130.804128,32.838499],[130.803909,32.838248],[130.80375,32.838073],[130.803586,32.83789],[130.803893,32.837726],[130.804196,32.838147],[130.804223,32.838169],[130.804239,32.838178],[130.804236,32.838207],[130.804319,32.838315],[130.804382,32.838394],[130.804503,32.838506],[130.804562,32.83856],[130.804639,32.838651],[130.804651,32.838665],[130.804745,32.83883],[130.805159,32.839359],[130.805322,32.839471],[130.805384,32.839539],[130.805444,32.839548],[130.805653,32.839334],[130.805727,32.839254],[130.805854,32.839095],[130.805914,32.838997],[130.805943,32.838956],[130.805965,32.838941],[130.80601,32.838924],[130.806097,32.838907],[130.806112,32.838902],[130.806119,32.838898],[130.806131,32.838888],[130.806144,32.838873],[130.806253,32.83871],[130.806304,32.838636],[130.806316,32.838626],[130.806333,32.838617],[130.806345,32.838614],[130.806384,32.838612],[130.80628,32.838527],[130.806338,32.838399],[130.806446,32.838212],[130.806441,32.83821],[130.806454,32.838185],[130.806364,32.838122]],[[130.800031,32.840169],[130.799789,32.840162],[130.799362,32.840137],[130.798934,32.840112],[130.798066,32.840072],[130.798038,32.840079],[130.798027,32.840086],[130.798077,32.840357],[130.797631,32.840349],[130.797534,32.840343],[130.79729,32.840278],[130.797245,32.840279],[130.796984,32.840269],[130.79699,32.840157],[130.796982,32.840109],[130.796962,32.840037],[130.796944,32.840021],[130.796918,32.839997],[130.796926,32.839903],[130.797152,32.83992],[130.797825,32.839956],[130.79886,32.840012],[130.799792,32.840068],[130.80004,32.840059],[130.800031,32.840169]]]}},{"type":"Feature","properties":{"ParkName":"小峰墓地","ParkType":"公園","ParkCode":3021,"Pref":"熊本県","Citycode":"43100","Cityname":"熊本市","FNDate":null},"geometry":{"type":"Polygon","coordinates":[[[130.726692,32.819833],[130.72671,32.819844],[130.726773,32.819883],[130.726931,32.81998],[130.727164,32.820123],[130.727354,32.820242],[130.727412,32.820278],[130.727542,32.820358],[130.727692,32.82045],[130.727774,32.820499],[130.72779,32.820508],[130.727878,32.820557],[130.727912,32.820572],[130.727924,32.820576],[130.727963,32.820586],[130.727992,32.820594],[130.727956,32.820573],[130.727914,32.820549],[130.727772,32.820468],[130.727758,32.82046],[130.727765,32.820436],[130.727807,32.820376],[130.727865,32.820292],[130.7279,32.820243],[130.728104,32.820155],[130.728254,32.820098],[130.728464,32.820009],[130.728746,32.8199],[130.728841,32.819863],[130.728864,32.819859],[130.729133,32.819734],[130.729485,32.819602],[130.729631,32.819541],[130.729634,32.819539],[130.729637,32.819538],[130.72964,32.819536],[130.729642,32.819534],[130.729645,32.819531],[130.729649,32.819527],[130.729652,32.819521],[130.729656,32.819511],[130.72965,32.819461],[130.729642,32.819388],[130.729635,32.819334],[130.72963,32.819285],[130.729619,32.819196],[130.729609,32.819105],[130.729598,32.819014],[130.729586,32.818917],[130.729493,32.818917],[130.729276,32.818917],[130.729163,32.818921],[130.72907,32.818873],[130.729013,32.818843],[130.728986,32.818574],[130.728977,32.818572],[130.728959,32.818567],[130.728932,32.818563],[130.728914,32.818561],[130.728896,32.818559],[130.728878,32.818559],[130.72886,32.81856],[130.728514,32.818628],[130.728374,32.818704],[130.728383,32.818717],[130.728235,32.818797],[130.72807,32.818902],[130.728032,32.818919],[130.728033,32.818926],[130.728034,32.818933],[130.728033,32.818937],[130.728015,32.819085],[130.728013,32.819097],[130.72801,32.819112],[130.728006,32.81913],[130.728004,32.819143],[130.728002,32.81915],[130.727938,32.819344],[130.727897,32.819478],[130.727888,32.819509],[130.727875,32.819553],[130.727875,32.819555],[130.727874,32.819556],[130.727872,32.819557],[130.72787,32.819558],[130.727869,32.819558],[130.727867,32.819559],[130.727821,32.819559],[130.727684,32.819561],[130.727651,32.819561],[130.727644,32.819497],[130.727647,32.819466],[130.727664,32.819374],[130.727669,32.819344],[130.727676,32.819313],[130.727685,32.819284],[130.727698,32.819251],[130.72768,32.819239],[130.727727,32.819103],[130.727651,32.819166],[130.727573,32.819101],[130.727432,32.819222],[130.727239,32.819389],[130.72716,32.819447],[130.727125,32.819469],[130.727086,32.819494],[130.72702,32.81953],[130.726783,32.81965],[130.726676,32.819704],[130.726645,32.819722],[130.72664,32.819802],[130.726692,32.819833]],[[130.727916,32.819565],[130.727938,32.819486],[130.727968,32.819388],[130.728106,32.819375],[130.728209,32.8194],[130.728221,32.819603],[130.728131,32.819596],[130.727936,32.819568],[130.727916,32.819565]],[[130.727906,32.8196],[130.727911,32.819585],[130.727932,32.819588],[130.728098,32.819611],[130.72812,32.819614],[130.728128,32.819615],[130.728239,32.819624],[130.728248,32.819809],[130.728135,32.819819],[130.728011,32.819832],[130.728012,32.819839],[130.727981,32.819845],[130.727947,32.819851],[130.727944,32.819851],[130.727941,32.81985],[130.727937,32.819849],[130.727935,32.819848],[130.727932,32.819846],[130.72793,32.819844],[130.727928,32.819842],[130.727927,32.819827],[130.727922,32.819785],[130.727912,32.819688],[130.727906,32.819627],[130.727906,32.819604],[130.727906,32.8196]],[[130.727805,32.81959],[130.727804,32.819576],[130.727863,32.819575],[130.727864,32.819575],[130.727866,32.819577],[130.727867,32.81958],[130.727867,32.819582],[130.727864,32.819595],[130.727863,32.819604],[130.727864,32.819629],[130.727869,32.819691],[130.727888,32.819863],[130.727872,32.819864],[130.727846,32.819866],[130.727825,32.819733],[130.727811,32.819634],[130.727805,32.81959]]]}},{"type":"Feature","properties":{"ParkName":"城山墓園","ParkType":"墓園","ParkCode":3024,"Pref":"熊本県","Citycode":"43100","Cityname":"熊本市","FNDate":null},"geometry":{"type":"Polygon","coordinates":[[[130.658875,32.784562],[130.658953,32.784574],[130.659002,32.784598],[130.659016,32.784641],[130.659109,32.784668],[130.659188,32.784697],[130.659255,32.784736],[130.659302,32.784761],[130.659339,32.784796],[130.659383,32.784871],[130.659404,32.784913],[130.659417,32.784998],[130.65942,32.785029],[130.659405,32.785091],[130.659397,32.785112],[130.659386,32.785135],[130.659375,32.785156],[130.659369,32.785163],[130.6594,32.785195],[130.659402,32.785195],[130.659409,32.7852],[130.659417,32.785204],[130.659431,32.785188],[130.659444,32.785167],[130.659456,32.785137],[130.65946,32.785125],[130.659469,32.785101],[130.659479,32.785061],[130.659495,32.785001],[130.659515,32.784922],[130.659524,32.784897],[130.659538,32.784863],[130.659558,32.784816],[130.659563,32.784806],[130.659584,32.784762],[130.659602,32.784733],[130.659623,32.784696],[130.659665,32.784676],[130.659712,32.784668],[130.65976,32.784674],[130.659858,32.784688],[130.659926,32.784704],[130.659971,32.784724],[130.660012,32.784756],[130.660046,32.784792],[130.660063,32.784819],[130.660074,32.784838],[130.660104,32.784893],[130.660135,32.784967],[130.660163,32.785062],[130.66018,32.785137],[130.660176,32.785155],[130.66016,32.785245],[130.660158,32.785289],[130.660215,32.785374],[130.660256,32.785409],[130.660334,32.785443],[130.6604,32.785445],[130.660487,32.785473],[130.660649,32.785546],[130.660727,32.78555],[130.660783,32.785562],[130.660869,32.78561],[130.660946,32.785659],[130.661013,32.785677],[130.661091,32.785678],[130.6612,32.785689],[130.661262,32.785704],[130.661406,32.785766],[130.661521,32.785812],[130.661619,32.785842],[130.661681,32.785844],[130.66175,32.785829],[130.661894,32.785775],[130.66193,32.785751],[130.661969,32.785721],[130.661999,32.785685],[130.662006,32.785663],[130.662006,32.785623],[130.662001,32.785585],[130.662001,32.785526],[130.662005,32.7855],[130.662016,32.785469],[130.662056,32.785388],[130.66211,32.785297],[130.662161,32.785241],[130.662227,32.785182],[130.662232,32.785096],[130.662321,32.78499],[130.662324,32.784976],[130.662316,32.784922],[130.662302,32.784849],[130.662258,32.784739],[130.662245,32.784674],[130.662233,32.784611],[130.662211,32.784563],[130.662172,32.784526],[130.66216,32.784501],[130.662148,32.784475],[130.662135,32.784392],[130.662151,32.784323],[130.662144,32.78425],[130.662129,32.784242],[130.662104,32.784236],[130.662087,32.784228],[130.662075,32.784211],[130.662042,32.784034],[130.662093,32.78396],[130.662045,32.783925],[130.662045,32.783807],[130.66206,32.783762],[130.662087,32.783723],[130.662111,32.783628],[130.662112,32.78357],[130.662117,32.783513],[130.662119,32.783483],[130.662068,32.783481],[130.662012,32.783473],[130.661939,32.783464],[130.661887,32.783462],[130.661834,32.783461],[130.66178,32.783459],[130.661738,32.78346],[130.661694,32.783466],[130.661684,32.783467],[130.661677,32.783468],[130.661667,32.783472],[130.661653,32.783492],[130.661617,32.783504],[130.661581,32.7835],[130.661531,32.78349],[130.661513,32.783484],[130.661452,32.783451],[130.66138,32.783409],[130.661371,32.783401],[130.661369,32.783378],[130.661369,32.783336],[130.661365,32.78331],[130.661358,32.783296],[130.661325,32.783283],[130.661273,32.783263],[130.661196,32.783243],[130.661134,32.783232],[130.661084,32.783224],[130.661059,32.783224],[130.661025,32.783219],[130.660997,32.783229],[130.660967,32.783257],[130.660913,32.78336],[130.660895,32.783387],[130.660843,32.783439],[130.660791,32.78349],[130.660772,32.783509],[130.660726,32.783541],[130.660717,32.783551],[130.660663,32.783575],[130.660592,32.783594],[130.660517,32.783603],[130.660503,32.783604],[130.660372,32.783609],[130.660289,32.783605],[130.660239,32.783579],[130.6602,32.783542],[130.660181,32.78352],[130.660177,32.783545],[130.660143,32.783666],[130.660097,32.783627],[130.660041,32.78356],[130.659949,32.783457],[130.659845,32.783293],[130.659799,32.783244],[130.659884,32.783172],[130.659875,32.783154],[130.659838,32.783128],[130.659808,32.78311],[130.659787,32.783099],[130.659759,32.783083],[130.65974,32.783069],[130.659716,32.783048],[130.659694,32.78302],[130.659673,32.782987],[130.659653,32.782951],[130.659635,32.782913],[130.659621,32.782877],[130.659611,32.78284],[130.659604,32.782801],[130.659599,32.782762],[130.659591,32.78271],[130.65958,32.78266],[130.65957,32.782625],[130.659559,32.782589],[130.659553,32.78257],[130.659541,32.782563],[130.659513,32.782571],[130.659496,32.782579],[130.659487,32.782585],[130.659464,32.782606],[130.65944,32.782628],[130.659419,32.782652],[130.659408,32.78267],[130.659404,32.782679],[130.659398,32.782694],[130.659394,32.782716],[130.659389,32.782763],[130.659387,32.782809],[130.659378,32.782901],[130.659371,32.782931],[130.659371,32.782933],[130.659367,32.782951],[130.659358,32.782979],[130.659342,32.783015],[130.659315,32.783073],[130.659291,32.783112],[130.659281,32.783127],[130.659269,32.783138],[130.659243,32.783157],[130.659216,32.783174],[130.659187,32.783192],[130.659169,32.7832],[130.659139,32.783213],[130.659092,32.783224],[130.65896,32.783254],[130.658865,32.783279],[130.658836,32.78329],[130.658825,32.783302],[130.658789,32.783346],[130.65876,32.783392],[130.658745,32.783416],[130.658731,32.783439],[130.658714,32.783465],[130.658676,32.783507],[130.658666,32.783515],[130.658656,32.783521],[130.658639,32.783531],[130.658616,32.783543],[130.658597,32.783552],[130.658581,32.783557],[130.658573,32.783559],[130.658564,32.783561],[130.658543,32.783562],[130.65853,32.783562],[130.658351,32.783569],[130.658368,32.783776],[130.658335,32.783792],[130.658314,32.783851],[130.658302,32.783912],[130.658299,32.783958],[130.658318,32.784027],[130.658324,32.78404],[130.658349,32.784088],[130.658397,32.784165],[130.658437,32.784213],[130.658509,32.78429],[130.658567,32.784353],[130.658628,32.784415],[130.658675,32.784454],[130.658715,32.784488],[130.658736,32.784507],[130.658789,32.784556],[130.658875,32.784562]]]}},{"type":"Feature","properties":{"ParkName":"桃尾墓園","ParkType":"墓園","ParkCode":3024,"Pref":"熊本県","Citycode":"43100","Cityname":"熊本市","FNDate":null},"geometry":{"type":"Polygon","coordinates":[[[130.819453,32.821941],[130.819396,32.821908],[130.81928,32.821861],[130.819208,32.821813],[130.819086,32.821697],[130.818997,32.821614],[130.818851,32.821522],[130.818691,32.821424],[130.818555,32.82136],[130.818411,32.821295],[130.818312,32.821248],[130.818045,32.821121],[130.817718,32.820961],[130.817674,32.820948],[130.817646,32.820962],[130.817629,32.820994],[130.81761,32.821028],[130.817565,32.821049],[130.817517,32.821058],[130.817486,32.821047],[130.817458,32.821025],[130.81743,32.820987],[130.817394,32.820966],[130.81712,32.820857],[130.816915,32.820777],[130.816856,32.820779],[130.816825,32.820799],[130.816731,32.820918],[130.816684,32.820943],[130.816641,32.820943],[130.816142,32.820876],[130.81609,32.82088],[130.816052,32.820902],[130.816034,32.820938],[130.816012,32.821311],[130.815964,32.82168],[130.815941,32.821738],[130.815892,32.82177],[130.815444,32.821994],[130.814814,32.822278],[130.814785,32.822327],[130.814756,32.822415],[130.814717,32.822461],[130.814625,32.822519],[130.814241,32.822728],[130.8142,32.822745],[130.814185,32.822795],[130.814324,32.82297],[130.814458,32.823119],[130.814776,32.823442],[130.81494,32.823623],[130.815077,32.8238],[130.815185,32.823975],[130.815536,32.824504],[130.815612,32.824598],[130.815698,32.824687],[130.815778,32.824761],[130.816117,32.825017],[130.816597,32.825378],[130.816932,32.825659],[130.817105,32.825833],[130.817181,32.825911],[130.817578,32.826291],[130.817698,32.826398],[130.817991,32.82668],[130.818194,32.826878],[130.818405,32.827078],[130.818698,32.827342],[130.818855,32.827508],[130.81899,32.827636],[130.819163,32.827764],[130.819278,32.827819],[130.819366,32.827839],[130.819414,32.827825],[130.819557,32.827671],[130.819814,32.827387],[130.819918,32.827277],[130.820028,32.827156],[130.820184,32.82699],[130.820244,32.826918],[130.820369,32.826757],[130.820373,32.826657],[130.820435,32.826571],[130.82045,32.826514],[130.82046,32.826462],[130.82046,32.82632],[130.820425,32.826137],[130.820408,32.826029],[130.820397,32.825906],[130.819376,32.825437],[130.820092,32.824367],[130.820934,32.82476],[130.820951,32.824718],[130.821001,32.824524],[130.821022,32.824376],[130.821041,32.824105],[130.821053,32.823985],[130.821085,32.8239],[130.82114,32.823785],[130.821188,32.823713],[130.821248,32.823644],[130.821313,32.82357],[130.821385,32.823495],[130.821524,32.823337],[130.82155,32.823297],[130.821475,32.823259],[130.82127,32.823159],[130.821004,32.823051],[130.820858,32.822982],[130.820914,32.822902],[130.82072,32.822795],[130.820533,32.822688],[130.820367,32.822602],[130.820204,32.822511],[130.820087,32.822445],[130.820019,32.822399],[130.819843,32.822258],[130.819575,32.822042],[130.819453,32.821941]]]}},{"type":"Feature","properties":{"ParkName":"立田山緑地","ParkType":"緑地","ParkCode":3022,"Pref":"熊本県","Citycode":"43100","Cityname":"熊本市","FNDate":null},"geometry":{"type":"Polygon","coordinates":[[[130.733469,32.822925],[130.733601,32.822832],[130.733662,32.822706],[130.73368,32.822556],[130.733674,32.822432],[130.733638,32.822284],[130.733825,32.821906],[130.733857,32.821703],[130.733901,32.821497],[130.733896,32.821262],[130.733877,32.821012],[130.733849,32.82084],[130.733772,32.820612],[130.733185,32.820838],[130.733013,32.820879],[130.732907,32.820876],[130.732806,32.820862],[130.732411,32.820713],[130.732112,32.820594],[130.731914,32.820533],[130.731654,32.820457],[130.731437,32.820365],[130.731277,32.820342],[130.73122,32.820363],[130.731162,32.820433],[130.731108,32.820446],[130.731033,32.820446],[130.730967,32.820429],[130.730907,32.820389],[130.730876,32.820358],[130.73081,32.82031],[130.730523,32.820314],[130.730235,32.820347],[130.73,32.820393],[130.729825,32.820436],[130.72973,32.820538],[130.729462,32.820692],[130.729386,32.821104],[130.729217,32.822039],[130.728895,32.821959],[130.728798,32.821874],[130.728755,32.821946],[130.728697,32.822008],[130.728456,32.822103],[130.728324,32.822132],[130.728195,32.822141],[130.727739,32.822531],[130.727238,32.822968],[130.726628,32.822907],[130.726744,32.823223],[130.726886,32.823607],[130.727002,32.823934],[130.727157,32.824357],[130.727252,32.824603],[130.727413,32.825076],[130.727559,32.825479],[130.727679,32.825816],[130.727733,32.826451],[130.727727,32.826846],[130.727783,32.827216],[130.727948,32.827534],[130.728011,32.827706],[130.728071,32.827881],[130.728257,32.828163],[130.728629,32.828462],[130.728841,32.828639],[130.729167,32.82912],[130.730098,32.829682],[130.735477,32.827996],[130.735202,32.827239],[130.733469,32.822925]],[[130.73141,32.821228],[130.731438,32.821367],[130.731088,32.821409],[130.730526,32.821166],[130.730332,32.820814],[130.730318,32.820647],[130.731211,32.820593],[130.731304,32.820978],[130.731166,32.821104],[130.731203,32.821257],[130.73141,32.821228]],[[130.731788,32.821533],[130.731543,32.821559],[130.731525,32.821436],[130.731769,32.82141],[130.731788,32.821533]],[[130.732202,32.826981],[130.731559,32.826922],[130.731591,32.826733],[130.732232,32.826792],[130.732202,32.826981]]]}},{"type":"Feature","properties":{"ParkName":"坪井川沿緑地","ParkType":"緑地","ParkCode":3022,"Pref":"熊本県","Citycode":"43100","Cityname":"熊本市","FNDate":null},"geometry":{"type":"Polygon","coordinates":[[[130.704494,32.802673],[130.704513,32.802605],[130.704514,32.802588],[130.704442,32.802566],[130.704343,32.802527],[130.704056,32.802405],[130.703784,32.802279],[130.703438,32.802112],[130.703315,32.802051],[130.702934,32.801897],[130.702795,32.801822],[130.702478,32.801655],[130.702458,32.801644],[130.702423,32.801687],[130.702446,32.801697],[130.702861,32.801911],[130.702929,32.801944],[130.703395,32.80217],[130.703585,32.802266],[130.703773,32.80236],[130.703974,32.802457],[130.704146,32.802539],[130.704293,32.802601],[130.704345,32.80262],[130.704444,32.802655],[130.704494,32.802673]]]}},{"type":"Feature","properties":{"ParkName":"坪井川沿緑地","ParkType":"緑地","ParkCode":3022,"Pref":"熊本県","Citycode":"43100","Cityname":"熊本市","FNDate":null},"geometry":{"type":"Polygon","coordinates":[[[130.70194,32.801322],[130.701779,32.801226],[130.701738,32.801272],[130.701877,32.801357],[130.702075,32.801475],[130.702297,32.801605],[130.702331,32.801564],[130.70236,32.801537],[130.702248,32.801482],[130.701987,32.801346],[130.70194,32.801322]]]}},{"type":"Feature","properties":{"ParkName":"大井手沿緑地","ParkType":"緑地","ParkCode":3022,"Pref":"熊本県","Citycode":"43100","Cityname":"熊本市","FNDate":null},"geometry":{"type":"Polygon","coordinates":[[[130.718321,32.802753],[130.718313,32.802744],[130.718309,32.802735],[130.718305,32.802726],[130.7183,32.802714],[130.718296,32.802703],[130.718291,32.80269],[130.718286,32.802679],[130.71825,32.802626],[130.718182,32.802529],[130.718015,32.802297],[130.718014,32.802296],[130.718013,32.802297],[130.718011,32.802294],[130.717996,32.802273],[130.717942,32.8023],[130.717936,32.802303],[130.717933,32.802306],[130.717932,32.802311],[130.717931,32.802314],[130.717931,32.802319],[130.717932,32.802325],[130.717935,32.802329],[130.717956,32.802356],[130.718026,32.80244],[130.718104,32.802537],[130.718142,32.802583],[130.718203,32.802654],[130.718291,32.802757],[130.718386,32.802835],[130.718404,32.802842],[130.718391,32.80283],[130.718386,32.802826],[130.718363,32.802801],[130.71834,32.802775],[130.718321,32.802753]]]}},{"type":"Feature","properties":{"ParkName":"神園山小山山緑地","ParkType":"緑地","ParkCode":3022,"Pref":"熊本県","Citycode":"43100","Cityname":"熊本市","FNDate":null},"geometry":{"type":"Polygon","coordinates":[[[130.793785,32.838875],[130.793873,32.838979],[130.794142,32.838922],[130.794181,32.838879],[130.794225,32.838851],[130.79427,32.838843],[130.79432,32.838842],[130.794358,32.838849],[130.794381,32.838866],[130.794399,32.83889],[130.794659,32.838814],[130.79477,32.838569],[130.794874,32.838551],[130.794867,32.83848],[130.794865,32.838455],[130.79487,32.838429],[130.794872,32.838412],[130.794871,32.838383],[130.794861,32.838363],[130.794712,32.83831],[130.794913,32.837991],[130.794954,32.837959],[130.795039,32.83789],[130.795125,32.83782],[130.795197,32.837759],[130.795254,32.837714],[130.7953,32.837664],[130.795339,32.83762],[130.795399,32.837553],[130.795463,32.837477],[130.795543,32.837385],[130.795629,32.837281],[130.7957,32.837207],[130.795747,32.837175],[130.795803,32.837151],[130.795858,32.837138],[130.79592,32.837127],[130.795969,32.837132],[130.796007,32.83714],[130.796064,32.837151],[130.796162,32.837178],[130.796915,32.837413],[130.797192,32.837491],[130.797298,32.837521],[130.797331,32.837529],[130.797351,32.837492],[130.797509,32.837511],[130.797544,32.83749],[130.797576,32.837515],[130.797656,32.83747],[130.797708,32.837437],[130.797819,32.837361],[130.798,32.837231],[130.798142,32.837118],[130.79823,32.837046],[130.79825,32.83702],[130.798289,32.836963],[130.798315,32.836909],[130.798333,32.836859],[130.798341,32.836802],[130.798336,32.836731],[130.798326,32.836677],[130.798323,32.836614],[130.798323,32.836562],[130.798329,32.836514],[130.798337,32.836466],[130.798352,32.836422],[130.798386,32.83637],[130.79843,32.836305],[130.798466,32.836241],[130.798541,32.836136],[130.798559,32.83609],[130.798593,32.835988],[130.798608,32.835907],[130.798629,32.835827],[130.798668,32.835714],[130.798707,32.835618],[130.798764,32.835505],[130.798811,32.835405],[130.798839,32.835336],[130.798855,32.835273],[130.798857,32.835173],[130.79885,32.835044],[130.798845,32.834914],[130.798832,32.834789],[130.798835,32.834748],[130.798793,32.834765],[130.798687,32.834631],[130.798601,32.834549],[130.798522,32.834479],[130.798449,32.834409],[130.798379,32.834356],[130.798293,32.834286],[130.798221,32.834233],[130.798149,32.834185],[130.798074,32.834127],[130.797903,32.834024],[130.79766,32.833899],[130.797589,32.833879],[130.797486,32.833866],[130.797352,32.833805],[130.797293,32.833744],[130.797191,32.833633],[130.797179,32.8336],[130.797179,32.833578],[130.797186,32.833551],[130.797218,32.8335],[130.796807,32.833131],[130.796726,32.832975],[130.796595,32.833163],[130.796624,32.833177],[130.796602,32.833215],[130.796575,32.833217],[130.796514,32.833189],[130.796542,32.833142],[130.796584,32.833156],[130.796731,32.832939],[130.796636,32.832862],[130.796256,32.832723],[130.796021,32.833139],[130.795948,32.833257],[130.795813,32.833249],[130.795765,32.833249],[130.795755,32.833242],[130.795721,32.833218],[130.795672,32.833202],[130.795637,32.833194],[130.795559,32.833176],[130.795583,32.833064],[130.795353,32.832973],[130.79514,32.833095],[130.795159,32.833351],[130.795089,32.833412],[130.794991,32.833396],[130.794922,32.833398],[130.794859,32.83342],[130.794828,32.833413],[130.794814,32.833385],[130.794639,32.833338],[130.794625,32.833231],[130.794655,32.833092],[130.794348,32.832972],[130.794355,32.832927],[130.794355,32.832894],[130.794378,32.832774],[130.794389,32.832724],[130.794418,32.832552],[130.794157,32.832558],[130.793925,32.83258],[130.793931,32.832932],[130.793716,32.833024],[130.793386,32.833084],[130.793361,32.832917],[130.79322,32.832909],[130.793174,32.832855],[130.793112,32.832886],[130.793146,32.833055],[130.793008,32.833069],[130.793074,32.833234],[130.793085,32.833265],[130.793107,32.833298],[130.793127,32.833314],[130.793176,32.833332],[130.793206,32.833352],[130.793241,32.833387],[130.793263,32.833439],[130.793277,32.8335],[130.792686,32.833639],[130.792739,32.833938],[130.792793,32.834033],[130.79281,32.834263],[130.792675,32.834317],[130.792497,32.834298],[130.792497,32.834275],[130.792208,32.834279],[130.792116,32.834282],[130.79211,32.834152],[130.79202,32.8342],[130.792002,32.833961],[130.791642,32.834124],[130.791592,32.834126],[130.79145,32.834251],[130.791166,32.834294],[130.791111,32.834263],[130.791043,32.834239],[130.790993,32.834361],[130.790872,32.834395],[130.790629,32.834458],[130.790418,32.834506],[130.790282,32.834187],[130.790422,32.834076],[130.790554,32.833797],[130.790425,32.833758],[130.790423,32.833633],[130.790241,32.833592],[130.790283,32.833409],[130.790246,32.833366],[130.789639,32.833295],[130.789642,32.833782],[130.789035,32.833771],[130.789018,32.833743],[130.788987,32.833704],[130.788955,32.833676],[130.788904,32.833646],[130.788839,32.833607],[130.788774,32.833561],[130.788739,32.833548],[130.788674,32.833531],[130.788593,32.833531],[130.788556,32.833534],[130.78852,32.833535],[130.788479,32.833534],[130.788398,32.833523],[130.78824,32.833492],[130.788198,32.833473],[130.788147,32.833426],[130.788076,32.833512],[130.788035,32.833574],[130.787985,32.833684],[130.787966,32.833742],[130.787955,32.833804],[130.787964,32.833911],[130.787981,32.834067],[130.788013,32.834278],[130.788033,32.834401],[130.788044,32.83453],[130.787994,32.834537],[130.787992,32.834607],[130.787997,32.834647],[130.788015,32.83468],[130.788016,32.834852],[130.787991,32.834868],[130.787973,32.834978],[130.787968,32.835071],[130.787999,32.835116],[130.787977,32.835184],[130.788034,32.835188],[130.788077,32.835194],[130.788133,32.835212],[130.78817,32.835238],[130.788184,32.835252],[130.788201,32.835276],[130.788229,32.835317],[130.788258,32.83536],[130.788355,32.835441],[130.788392,32.835447],[130.788435,32.835447],[130.788489,32.835445],[130.788512,32.83545],[130.788579,32.835471],[130.78861,32.835484],[130.788654,32.835526],[130.78867,32.835557],[130.788661,32.835649],[130.788669,32.835698],[130.788785,32.835846],[130.788781,32.836011],[130.788604,32.836227],[130.788296,32.836025],[130.788284,32.83602],[130.788261,32.836022],[130.788247,32.836026],[130.788068,32.836091],[130.788036,32.836587],[130.787977,32.836639],[130.787797,32.836587],[130.787799,32.836665],[130.788417,32.836833],[130.78848,32.836659],[130.788878,32.83674],[130.788796,32.836935],[130.789088,32.83701],[130.789142,32.836887],[130.789417,32.8369],[130.789664,32.836994],[130.789546,32.837272],[130.789436,32.837325],[130.78932,32.837321],[130.789241,32.838327],[130.789467,32.838591],[130.789686,32.838836],[130.789823,32.838947],[130.789928,32.839013],[130.789954,32.839024],[130.790185,32.839101],[130.790275,32.839134],[130.790368,32.839165],[130.790463,32.839204],[130.790549,32.839244],[130.790662,32.8393],[130.790698,32.839329],[130.790742,32.83937],[130.790785,32.839407],[130.790824,32.839469],[130.790865,32.839538],[130.79089,32.839598],[130.790903,32.839673],[130.790913,32.839755],[130.790925,32.839951],[130.79094,32.840128],[130.790948,32.840213],[130.790973,32.840224],[130.79102,32.840252],[130.791141,32.84025],[130.791249,32.840231],[130.791378,32.840212],[130.791536,32.840149],[130.791662,32.840094],[130.791918,32.839992],[130.792039,32.839947],[130.792189,32.839895],[130.792477,32.839842],[130.792849,32.839712],[130.793125,32.839601],[130.79303,32.839215],[130.792693,32.838927],[130.792328,32.839198],[130.791924,32.839273],[130.791686,32.838861],[130.791706,32.838796],[130.791733,32.838755],[130.79181,32.838677],[130.792002,32.838522],[130.792096,32.838492],[130.792171,32.83857],[130.792297,32.838723],[130.792473,32.83866],[130.792582,32.838544],[130.792686,32.838596],[130.792707,32.838611],[130.792723,32.838647],[130.792733,32.838666],[130.793016,32.838587],[130.793117,32.83851],[130.793131,32.838513],[130.793143,32.838517],[130.793233,32.838587],[130.793328,32.838601],[130.793427,32.83863],[130.793457,32.838671],[130.793507,32.838901],[130.793536,32.8389],[130.793537,32.8389],[130.793538,32.838899],[130.793539,32.838899],[130.793611,32.838878],[130.793612,32.838878],[130.793613,32.838878],[130.793614,32.838878],[130.793689,32.838872],[130.793689,32.838872],[130.793776,32.838871],[130.793778,32.838871],[130.793781,32.838872],[130.793783,32.838873],[130.793785,32.838875]]]}},{"type":"Feature","properties":{"ParkName":"神園山小山山緑地","ParkType":"緑地","ParkCode":3022,"Pref":"熊本県","Citycode":"43100","Cityname":"熊本市","FNDate":null},"geometry":{"type":"Polygon","coordinates":[[[130.790913,32.840866],[130.790881,32.840562],[130.790818,32.839814],[130.790811,32.839735],[130.790801,32.83967],[130.790778,32.839604],[130.79076,32.83955],[130.790717,32.839486],[130.790662,32.839432],[130.790608,32.839382],[130.790541,32.839338],[130.790449,32.839301],[130.790325,32.839248],[130.790183,32.839196],[130.79007,32.839161],[130.789975,32.839126],[130.789879,32.83908],[130.789812,32.83904],[130.789738,32.838997],[130.789671,32.838946],[130.789629,32.838909],[130.789583,32.838868],[130.789526,32.838802],[130.789463,32.838725],[130.789384,32.838622],[130.78927,32.838492],[130.789219,32.838426],[130.789178,32.838382],[130.789126,32.838337],[130.789072,32.838291],[130.788983,32.838224],[130.788872,32.838146],[130.788777,32.838085],[130.788697,32.838028],[130.78864,32.837978],[130.788558,32.837899],[130.788142,32.837408],[130.788022,32.837578],[130.787851,32.837417],[130.787806,32.837386],[130.787497,32.837288],[130.787457,32.83714],[130.787674,32.836786],[130.787394,32.836638],[130.787244,32.836513],[130.78694,32.836465],[130.786306,32.836382],[130.786235,32.836662],[130.786007,32.836641],[130.785857,32.836664],[130.785746,32.836667],[130.785749,32.837195],[130.785313,32.837197],[130.785203,32.837421],[130.785384,32.837819],[130.78525,32.837853],[130.785102,32.837882],[130.784965,32.837909],[130.784842,32.837934],[130.784743,32.837954],[130.784668,32.837968],[130.784614,32.837982],[130.78458,32.837995],[130.784552,32.838009],[130.784526,32.838025],[130.784486,32.838051],[130.78444,32.838087],[130.784374,32.838139],[130.78431,32.838201],[130.784257,32.838253],[130.784154,32.838363],[130.784064,32.838454],[130.784002,32.838508],[130.783573,32.838787],[130.783416,32.838861],[130.783285,32.838907],[130.783179,32.838958],[130.782776,32.839103],[130.78263,32.839122],[130.782373,32.839128],[130.782133,32.839142],[130.781803,32.839124],[130.781813,32.839288],[130.78186,32.83952],[130.781943,32.839648],[130.781971,32.839691],[130.782136,32.839222],[130.782794,32.839273],[130.783057,32.839037],[130.783184,32.839076],[130.783215,32.83901],[130.784,32.839338],[130.784477,32.839383],[130.784614,32.839462],[130.784808,32.839381],[130.78484,32.839421],[130.784976,32.839498],[130.7852,32.839573],[130.785418,32.839419],[130.785459,32.839227],[130.78586,32.839389],[130.785848,32.839123],[130.785878,32.839074],[130.785985,32.839028],[130.786049,32.839037],[130.786245,32.839112],[130.786584,32.839358],[130.786788,32.839514],[130.786846,32.839567],[130.786956,32.839666],[130.787023,32.839629],[130.787083,32.839368],[130.787224,32.839557],[130.787317,32.839555],[130.78738,32.839608],[130.787429,32.83964],[130.787624,32.839718],[130.788001,32.839779],[130.788065,32.839785],[130.78813,32.83977],[130.788574,32.83979],[130.788661,32.839848],[130.788814,32.839894],[130.789211,32.840061],[130.789849,32.840866],[130.789919,32.841001],[130.790054,32.841134],[130.790285,32.841201],[130.790431,32.841241],[130.790917,32.84105],[130.790913,32.840866]]]}},{"type":"Feature","properties":{"ParkName":"戸島山緑地","ParkType":"緑地","ParkCode":3022,"Pref":"熊本県","Citycode":"43100","Cityname":"熊本市","FNDate":null},"geometry":{"type":"Polygon","coordinates":[[[130.803437,32.820942],[130.803447,32.820732],[130.803454,32.820463],[130.803145,32.820511],[130.803045,32.820489],[130.802908,32.820464],[130.802702,32.820478],[130.802485,32.820527],[130.802477,32.8205],[130.802411,32.820419],[130.802377,32.820324],[130.802411,32.820217],[130.802418,32.820143],[130.802389,32.819985],[130.80235,32.819897],[130.802299,32.819789],[130.802279,32.819747],[130.802251,32.819643],[130.802203,32.819571],[130.802154,32.819514],[130.802078,32.819428],[130.801994,32.819266],[130.801921,32.819123],[130.801874,32.819027],[130.801826,32.818938],[130.801782,32.818874],[130.801719,32.818788],[130.801697,32.818747],[130.801694,32.818641],[130.801691,32.818569],[130.80167,32.818516],[130.801648,32.818498],[130.801628,32.818488],[130.801586,32.818476],[130.801476,32.818476],[130.801453,32.818458],[130.801406,32.818403],[130.801399,32.818382],[130.801403,32.818356],[130.801415,32.818331],[130.801419,32.81831],[130.801413,32.818291],[130.801402,32.818275],[130.801379,32.818252],[130.801274,32.818179],[130.801202,32.818136],[130.801043,32.818008],[130.801022,32.817985],[130.801007,32.817981],[130.800979,32.817981],[130.800848,32.818054],[130.800837,32.818059],[130.800728,32.818037],[130.800611,32.818007],[130.800522,32.817973],[130.80047,32.817934],[130.800462,32.817885],[130.800496,32.817759],[130.800206,32.817721],[130.799973,32.817635],[130.799864,32.817595],[130.799806,32.817571],[130.799737,32.817532],[130.799713,32.817499],[130.799712,32.817439],[130.799735,32.817371],[130.799565,32.817314],[130.799489,32.817721],[130.799335,32.817675],[130.799106,32.817628],[130.798718,32.817622],[130.798371,32.817689],[130.798217,32.817596],[130.79811,32.81778],[130.798038,32.817895],[130.798031,32.817996],[130.798049,32.818212],[130.798145,32.818414],[130.798225,32.818766],[130.798249,32.818825],[130.798225,32.818873],[130.798203,32.818938],[130.79833,32.818922],[130.798466,32.81891],[130.79867,32.81894],[130.798818,32.818961],[130.798804,32.819025],[130.798758,32.819217],[130.798722,32.81925],[130.798655,32.819253],[130.798564,32.819241],[130.798509,32.819221],[130.798461,32.819152],[130.798228,32.819114],[130.798148,32.819104],[130.798108,32.819114],[130.798118,32.819132],[130.798163,32.819257],[130.798163,32.819297],[130.798157,32.819341],[130.798116,32.819412],[130.79815,32.819426],[130.798379,32.819459],[130.798475,32.819463],[130.79859,32.819474],[130.798661,32.819506],[130.798707,32.81955],[130.798719,32.820026],[130.798718,32.820163],[130.798722,32.820296],[130.798733,32.820419],[130.798834,32.82052],[130.798865,32.820559],[130.798886,32.820632],[130.798888,32.820781],[130.798902,32.820906],[130.799017,32.821026],[130.79911,32.821097],[130.799223,32.821161],[130.799282,32.821194],[130.799344,32.821234],[130.799368,32.821263],[130.799368,32.821299],[130.799322,32.821418],[130.799299,32.821534],[130.799286,32.821654],[130.799593,32.821677],[130.799711,32.821678],[130.799747,32.821689],[130.799928,32.821729],[130.800133,32.821779],[130.800332,32.821824],[130.80051,32.821844],[130.800448,32.82204],[130.800428,32.822109],[130.800584,32.822121],[130.800576,32.822224],[130.800784,32.822267],[130.800664,32.822426],[130.80064,32.82256],[130.800639,32.822589],[130.800621,32.822639],[130.800568,32.822778],[130.800522,32.822875],[130.800493,32.823089],[130.800481,32.823213],[130.800518,32.823315],[130.800558,32.823327],[130.800603,32.823385],[130.80066,32.823466],[130.800691,32.8235],[130.800791,32.823586],[130.800822,32.823645],[130.800874,32.823734],[130.800929,32.823776],[130.801018,32.823818],[130.801145,32.823871],[130.801309,32.823928],[130.801425,32.823959],[130.801593,32.823948],[130.801931,32.823936],[130.802422,32.82396],[130.802638,32.823974],[130.802673,32.823953],[130.802688,32.823909],[130.802709,32.823832],[130.802751,32.82368],[130.802772,32.823616],[130.80279,32.823544],[130.802818,32.823441],[130.802823,32.823419],[130.80284,32.823358],[130.802861,32.823279],[130.802901,32.823143],[130.802926,32.823056],[130.802954,32.822955],[130.802963,32.822923],[130.802991,32.822815],[130.803017,32.822715],[130.803073,32.822506],[130.803087,32.822445],[130.803119,32.822341],[130.803128,32.822292],[130.803159,32.822147],[130.803179,32.82204],[130.803196,32.821961],[130.803221,32.821847],[130.803239,32.821772],[130.803257,32.821695],[130.803277,32.821601],[130.803301,32.821517],[130.803335,32.821403],[130.803381,32.821242],[130.803402,32.821164],[130.803418,32.821098],[130.803438,32.820998],[130.803437,32.820942]]]}},{"type":"Feature","properties":{"ParkName":"菰堀緑地","ParkType":"緑地","ParkCode":3022,"Pref":"熊本県","Citycode":"43100","Cityname":"熊本市","FNDate":null},"geometry":{"type":"Polygon","coordinates":[[[130.674006,32.748595],[130.674618,32.748548],[130.67464,32.748513],[130.674645,32.748497],[130.674641,32.748478],[130.674576,32.74832],[130.674533,32.748245],[130.674518,32.74823],[130.674494,32.748217],[130.674453,32.748211],[130.674349,32.748217],[130.674248,32.748231],[130.674167,32.748237],[130.674041,32.748236],[130.674009,32.74823],[130.673992,32.748288],[130.673985,32.748417],[130.673975,32.748467],[130.673928,32.748462],[130.673947,32.748526],[130.674006,32.748595]]]}},{"type":"Feature","properties":{"ParkName":"国府一丁目緑地（椿園）","ParkType":"緑地","ParkCode":3022,"Pref":"熊本県","Citycode":"43100","Cityname":"熊本市","FNDate":null},"geometry":{"type":"Polygon","coordinates":[[[130.726848,32.791131],[130.726999,32.791131],[130.727024,32.791164],[130.727581,32.791169],[130.72768,32.790812],[130.72767,32.790606],[130.727621,32.790582],[130.727023,32.790657],[130.727028,32.790852],[130.727007,32.790923],[130.726979,32.790967],[130.726915,32.791034],[130.72685,32.791031],[130.726678,32.791037],[130.726669,32.791085],[130.726659,32.791162],[130.726829,32.791164],[130.726848,32.791131]]]}},{"type":"Feature","properties":{"ParkName":"刈草町緑地","ParkType":"緑地","ParkCode":3022,"Pref":"熊本県","Citycode":"43100","Cityname":"熊本市","FNDate":null},"geometry":{"type":"Polygon","coordinates":[[[130.683996,32.761096],[130.684011,32.761089],[130.684117,32.761038],[130.684137,32.761029],[130.684145,32.761025],[130.684117,32.761002],[130.684045,32.760945],[130.683927,32.760857],[130.683836,32.760789],[130.683804,32.760767],[130.683713,32.760707],[130.683571,32.760618],[130.683412,32.760519],[130.683387,32.760501],[130.683359,32.760478],[130.683309,32.760436],[130.683228,32.760362],[130.683167,32.760305],[130.683122,32.760264],[130.683062,32.760214],[130.683019,32.760178],[130.682994,32.760156],[130.682959,32.76012],[130.68295,32.760112],[130.682947,32.760113],[130.682943,32.760133],[130.682914,32.760217],[130.682912,32.760228],[130.682912,32.760234],[130.682912,32.760251],[130.682911,32.76026],[130.682937,32.760278],[130.68294,32.76028],[130.683006,32.760326],[130.683058,32.760363],[130.683096,32.760392],[130.683138,32.760427],[130.683172,32.760456],[130.683213,32.760495],[130.683266,32.760541],[130.683316,32.760586],[130.683384,32.76064],[130.683474,32.760707],[130.683513,32.760733],[130.683641,32.760808],[130.683669,32.760827],[130.683687,32.76084],[130.683728,32.760873],[130.683757,32.760897],[130.683803,32.760937],[130.683805,32.760938],[130.683834,32.760964],[130.683852,32.760981],[130.683939,32.761057],[130.683988,32.7611],[130.683996,32.761096]]]}},{"type":"Feature","properties":{"ParkName":"刈草町緑地","ParkType":"緑地","ParkCode":3022,"Pref":"熊本県","Citycode":"43100","Cityname":"熊本市","FNDate":null},"geometry":{"type":"Polygon","coordinates":[[[130.684029,32.761144],[130.684064,32.761184],[130.684085,32.761211],[130.684096,32.761229],[130.684115,32.761255],[130.684133,32.761292],[130.684145,32.761318],[130.684284,32.761281],[130.68428,32.761265],[130.684252,32.76119],[130.684234,32.761142],[130.684209,32.76109],[130.684195,32.761069],[130.68419,32.761072],[130.68417,32.761081],[130.684052,32.761134],[130.684037,32.76114],[130.684029,32.761144]]]}},{"type":"Feature","properties":{"ParkName":"坪井川緑地","ParkType":"緑地","ParkCode":3022,"Pref":"熊本県","Citycode":"43100","Cityname":"熊本市","FNDate":null},"geometry":{"type":"Polygon","coordinates":[[[130.714636,32.82304],[130.715152,32.823459],[130.7152,32.823444],[130.715408,32.823165],[130.715473,32.823122],[130.715604,32.822935],[130.715768,32.822608],[130.715935,32.82224],[130.716036,32.821994],[130.716039,32.821942],[130.715804,32.822071],[130.715632,32.822203],[130.715442,32.822358],[130.715321,32.822465],[130.714636,32.82304]]]}},{"type":"Feature","properties":{"ParkName":"坪井川緑地","ParkType":"緑地","ParkCode":3022,"Pref":"熊本県","Citycode":"43100","Cityname":"熊本市","FNDate":null},"geometry":{"type":"Polygon","coordinates":[[[130.711926,32.818158],[130.713426,32.818113],[130.71366,32.818152],[130.713701,32.818129],[130.713722,32.818112],[130.713426,32.817958],[130.712888,32.817725],[130.712829,32.817689],[130.712788,32.817652],[130.712761,32.817612],[130.712744,32.817552],[130.712747,32.817479],[130.712771,32.817399],[130.712792,32.817324],[130.712798,32.817259],[130.712789,32.817237],[130.712769,32.817212],[130.712683,32.817159],[130.71265,32.817144],[130.712621,32.817141],[130.712565,32.817146],[130.712378,32.817173],[130.712337,32.817173],[130.712295,32.817168],[130.712236,32.817148],[130.71218,32.81712],[130.712147,32.81709],[130.712118,32.817048],[130.712063,32.816911],[130.712033,32.816796],[130.712007,32.816776],[130.711965,32.816756],[130.7119,32.816731],[130.711859,32.816716],[130.71164,32.816773],[130.711642,32.816813],[130.711405,32.816882],[130.711864,32.818027],[130.711926,32.818158]]]}},{"type":"Feature","properties":{"ParkName":"坪井川緑地","ParkType":"緑地","ParkCode":3022,"Pref":"熊本県","Citycode":"43100","Cityname":"熊本市","FNDate":null},"geometry":{"type":"Polygon","coordinates":[[[130.714585,32.823013],[130.715413,32.822278],[130.715618,32.822124],[130.7159,32.821947],[130.715725,32.821901],[130.715654,32.821879],[130.715577,32.821844],[130.714484,32.821295],[130.714618,32.821108],[130.715165,32.820238],[130.714932,32.819977],[130.714705,32.819647],[130.714437,32.819244],[130.714328,32.819098],[130.714265,32.819027],[130.714141,32.818874],[130.714091,32.818804],[130.71405,32.818737],[130.713997,32.818619],[130.713956,32.818531],[130.713926,32.818481],[130.713903,32.818446],[130.713841,32.818386],[130.713755,32.818326],[130.713684,32.818296],[130.713593,32.818265],[130.713495,32.818238],[130.713393,32.81822],[130.712274,32.818255],[130.711162,32.818307],[130.710923,32.818304],[130.710624,32.818311],[130.710588,32.818321],[130.710543,32.818356],[130.710523,32.818388],[130.710514,32.818431],[130.710507,32.818601],[130.710553,32.819939],[130.710547,32.819962],[130.710541,32.819984],[130.710515,32.820009],[130.710432,32.820054],[130.710384,32.820084],[130.710334,32.820126],[130.710322,32.820156],[130.710313,32.820221],[130.710313,32.820298],[130.710361,32.820863],[130.710393,32.820998],[130.710402,32.821117],[130.710407,32.821167],[130.710434,32.821217],[130.710455,32.821242],[130.710496,32.821285],[130.710537,32.82131],[130.710582,32.821325],[130.710635,32.821335],[130.711462,32.821434],[130.71158,32.821452],[130.711645,32.82147],[130.711737,32.82151],[130.71181,32.821565],[130.711852,32.821613],[130.711884,32.821658],[130.712304,32.822417],[130.712378,32.822568],[130.712395,32.82267],[130.713327,32.822552],[130.713617,32.822511],[130.71383,32.822544],[130.714069,32.822614],[130.714311,32.822772],[130.714585,32.823013]]]}},{"type":"Feature","properties":{"ParkName":"坪井川緑地","ParkType":"緑地","ParkCode":3022,"Pref":"熊本県","Citycode":"43100","Cityname":"熊本市","FNDate":null},"geometry":{"type":"Polygon","coordinates":[[[130.721026,32.827203],[130.720933,32.827104],[130.720844,32.827019],[130.720744,32.82695],[130.720704,32.826923],[130.720555,32.826846],[130.720378,32.82679],[130.720269,32.826766],[130.720185,32.826752],[130.719943,32.826739],[130.718586,32.826729],[130.718731,32.827198],[130.718817,32.827601],[130.718849,32.827763],[130.718854,32.827844],[130.718856,32.827907],[130.718856,32.827964],[130.718848,32.828029],[130.718851,32.828097],[130.718869,32.828178],[130.718881,32.828222],[130.718896,32.828296],[130.71888,32.828468],[130.718867,32.828654],[130.718854,32.828804],[130.718844,32.82888],[130.718829,32.828984],[130.718787,32.829184],[130.718764,32.829269],[130.71872,32.829516],[130.7187,32.82962],[130.718686,32.829699],[130.718674,32.82977],[130.71867,32.829835],[130.718669,32.8299],[130.718669,32.829991],[130.71868,32.830164],[130.718689,32.830277],[130.718702,32.830429],[130.718704,32.830495],[130.718701,32.83053],[130.718687,32.830579],[130.718652,32.830641],[130.718602,32.830704],[130.71857,32.830739],[130.718521,32.830781],[130.71845,32.830837],[130.718379,32.830898],[130.71829,32.830977],[130.718229,32.831034],[130.718193,32.831074],[130.718175,32.831102],[130.718159,32.831135],[130.718133,32.831228],[130.718117,32.831308],[130.718105,32.831381],[130.718094,32.831483],[130.718089,32.831599],[130.718082,32.831748],[130.718079,32.8319],[130.718079,32.831981],[130.718085,32.832091],[130.718096,32.832226],[130.718116,32.832353],[130.718126,32.832459],[130.718141,32.832593],[130.718151,32.83282],[130.718152,32.832885],[130.718146,32.833007],[130.718125,32.833332],[130.718129,32.833366],[130.718138,32.833393],[130.718149,32.833416],[130.718165,32.833436],[130.718187,32.833463],[130.718211,32.833488],[130.718239,32.833506],[130.718269,32.833516],[130.718461,32.833542],[130.719306,32.833526],[130.71932,32.833506],[130.719303,32.833183],[130.71929,32.833139],[130.719279,32.833106],[130.719275,32.833086],[130.719272,32.833037],[130.719266,32.832984],[130.719266,32.832949],[130.71927,32.832914],[130.719289,32.832887],[130.719311,32.832868],[130.719334,32.832857],[130.71939,32.832853],[130.719924,32.832839],[130.720237,32.832832],[130.720296,32.833062],[130.720325,32.833142],[130.720757,32.833011],[130.720734,32.832919],[130.720683,32.83276],[130.720631,32.83243],[130.720624,32.832349],[130.720567,32.831769],[130.720526,32.83123],[130.721459,32.831268],[130.721536,32.831215],[130.721754,32.830619],[130.721758,32.829822],[130.721656,32.829708],[130.721551,32.829698],[130.721511,32.829355],[130.721498,32.829055],[130.721483,32.828914],[130.721394,32.828901],[130.721352,32.828871],[130.72131,32.828821],[130.721285,32.828787],[130.721255,32.828735],[130.721238,32.82869],[130.721227,32.827899],[130.721228,32.8278],[130.721216,32.827706],[130.721189,32.827548],[130.721166,32.827474],[130.721136,32.827397],[130.721098,32.827314],[130.721026,32.827203]]]}},{"type":"Feature","properties":{"ParkName":"坪井川緑地","ParkType":"緑地","ParkCode":3022,"Pref":"熊本県","Citycode":"43100","Cityname":"熊本市","FNDate":null},"geometry":{"type":"Polygon","coordinates":[[[130.719956,32.822424],[130.719687,32.822465],[130.719596,32.822473],[130.719513,32.82247],[130.719208,32.822439],[130.719116,32.822422],[130.719054,32.822412],[130.718965,32.822411],[130.718844,32.822409],[130.718484,32.822416],[130.718099,32.82242],[130.718025,32.822415],[130.717978,32.822397],[130.717945,32.822372],[130.71793,32.822344],[130.717928,32.822289],[130.717934,32.822214],[130.717991,32.821829],[130.717988,32.821774],[130.717983,32.821744],[130.717968,32.821719],[130.717921,32.821687],[130.717853,32.821664],[130.717469,32.821551],[130.717398,32.821533],[130.717345,32.821528],[130.717259,32.821535],[130.71685,32.821632],[130.716433,32.821788],[130.716172,32.821917],[130.716071,32.822196],[130.716035,32.822416],[130.715936,32.822594],[130.715523,32.823164],[130.715485,32.823237],[130.715274,32.82353],[130.715548,32.823768],[130.716139,32.824137],[130.716431,32.824334],[130.71692,32.824682],[130.717266,32.824961],[130.71753,32.825214],[130.717851,32.825562],[130.717972,32.825701],[130.718223,32.826024],[130.718405,32.8263],[130.718605,32.826625],[130.719943,32.826646],[130.720235,32.826643],[130.720251,32.826529],[130.720285,32.826506],[130.720318,32.826495],[130.72034,32.826492],[130.720351,32.826489],[130.720377,32.826488],[130.720412,32.826491],[130.720416,32.826528],[130.720581,32.826588],[130.721149,32.826597],[130.72141,32.826596],[130.721502,32.826586],[130.721558,32.826566],[130.721599,32.826535],[130.721623,32.826511],[130.72164,32.826461],[130.721649,32.826305],[130.721655,32.826019],[130.721667,32.825709],[130.721675,32.825481],[130.721681,32.825215],[130.721679,32.824971],[130.721686,32.824712],[130.721672,32.824461],[130.721657,32.824277],[130.721634,32.824104],[130.721594,32.823965],[130.721577,32.823905],[130.72151,32.82364],[130.721482,32.823525],[130.721396,32.823332],[130.721302,32.823162],[130.721212,32.823018],[130.721081,32.822849],[130.720939,32.822674],[130.720911,32.822646],[130.720809,32.822552],[130.720718,32.822477],[130.720644,32.822424],[130.720584,32.822392],[130.720524,32.822368],[130.720443,32.82235],[130.720333,32.822365],[130.719956,32.822424]]]}},{"type":"Feature","properties":{"ParkName":"坪井川緑地","ParkType":"緑地","ParkCode":3022,"Pref":"熊本県","Citycode":"43100","Cityname":"熊本市","FNDate":null},"geometry":{"type":"Polygon","coordinates":[[[130.712409,32.82442],[130.712756,32.824407],[130.712803,32.824394],[130.712849,32.824372],[130.712891,32.824348],[130.712948,32.824306],[130.713127,32.824154],[130.713195,32.824083],[130.713228,32.824039],[130.713257,32.823992],[130.713276,32.823952],[130.713288,32.823902],[130.713298,32.823856],[130.713306,32.82377],[130.713325,32.823641],[130.713339,32.823601],[130.713393,32.823475],[130.71353,32.823228],[130.713513,32.823113],[130.713457,32.822633],[130.712403,32.822773],[130.712367,32.823001],[130.712348,32.823217],[130.712357,32.82343],[130.712392,32.823677],[130.712414,32.823802],[130.712418,32.823853],[130.712407,32.824095],[130.712344,32.824354],[130.712347,32.824373],[130.712361,32.824392],[130.712385,32.82441],[130.712409,32.82442]]]}},{"type":"Feature","properties":{"ParkName":"北岡緑道","ParkType":"公園","ParkCode":3021,"Pref":"熊本県","Citycode":"43100","Cityname":"熊本市","FNDate":null},"geometry":{"type":"Polygon","coordinates":[[[130.692549,32.797591],[130.692287,32.797932],[130.692403,32.797965],[130.69268,32.797606],[130.692722,32.797538],[130.69274,32.79749],[130.692862,32.796891],[130.693284,32.796936],[130.693265,32.796826],[130.692854,32.796777],[130.693066,32.796022],[130.693023,32.795985],[130.693062,32.79586],[130.693023,32.795721],[130.692982,32.795929],[130.692907,32.796128],[130.692849,32.796307],[130.692798,32.796527],[130.692755,32.796732],[130.692706,32.797041],[130.692612,32.797502],[130.692588,32.797548],[130.692549,32.797591]]]}},{"type":"Feature","properties":{"ParkName":"正保緑地","ParkType":"緑地","ParkCode":3022,"Pref":"熊本県","Citycode":"43100","Cityname":"熊本市","FNDate":null},"geometry":{"type":"Polygon","coordinates":[[[130.658972,32.757653],[130.659132,32.757638],[130.659189,32.757633],[130.659351,32.757617],[130.659278,32.757164],[130.658904,32.757194],[130.658972,32.757653]]]}},{"type":"Feature","properties":{"ParkName":"白川飽田緑地","ParkType":"緑地","ParkCode":3022,"Pref":"熊本県","Citycode":"43100","Cityname":"熊本市","FNDate":null},"geometry":{"type":"Polygon","coordinates":[[[130.656081,32.768101],[130.655642,32.768061],[130.655379,32.768049],[130.655082,32.768034],[130.654929,32.768031],[130.654774,32.768037],[130.654603,32.768038],[130.65453,32.768031],[130.654477,32.768026],[130.654431,32.768004],[130.65437,32.768],[130.654125,32.768002],[130.653862,32.768012],[130.653789,32.768024],[130.653733,32.768048],[130.65363,32.768131],[130.6535,32.76825],[130.653358,32.768365],[130.653335,32.768392],[130.653328,32.768457],[130.654172,32.768461],[130.655136,32.768488],[130.655621,32.768501],[130.65608,32.76852],[130.656532,32.76855],[130.657018,32.768594],[130.657442,32.768642],[130.657888,32.768708],[130.65829,32.768787],[130.658372,32.768343],[130.658225,32.768305],[130.658153,32.76828],[130.658119,32.768307],[130.658084,32.768328],[130.658025,32.768335],[130.657961,32.768332],[130.65786,32.768319],[130.65777,32.768295],[130.657697,32.768289],[130.657514,32.768281],[130.6575,32.768233],[130.657193,32.768225],[130.656563,32.768149],[130.656081,32.768101]]]}},{"type":"Feature","properties":{"ParkName":"白川飽田緑地","ParkType":"緑地","ParkCode":3022,"Pref":"熊本県","Citycode":"43100","Cityname":"熊本市","FNDate":null},"geometry":{"type":"Polygon","coordinates":[[[130.658421,32.768816],[130.658851,32.76892],[130.659208,32.76902],[130.659528,32.76912],[130.659923,32.769251],[130.660166,32.769346],[130.660456,32.769445],[130.660688,32.769532],[130.660879,32.76961],[130.661377,32.76982],[130.661726,32.769999],[130.661921,32.770089],[130.662258,32.770249],[130.662543,32.770391],[130.662799,32.770528],[130.663127,32.770702],[130.663397,32.770848],[130.663669,32.770981],[130.664009,32.771133],[130.664345,32.77127],[130.664604,32.77137],[130.664782,32.771436],[130.665106,32.771541],[130.665423,32.771632],[130.66575,32.771726],[130.666114,32.771818],[130.666501,32.771904],[130.666828,32.771964],[130.667171,32.772028],[130.667486,32.772074],[130.667826,32.772124],[130.668255,32.772171],[130.668751,32.772218],[130.669133,32.772254],[130.669447,32.772278],[130.669799,32.772293],[130.670226,32.772309],[130.67051,32.772317],[130.670759,32.772319],[130.67076,32.772169],[130.67079,32.772163],[130.670932,32.772131],[130.670984,32.772096],[130.671015,32.772066],[130.67069,32.771782],[130.66981,32.771733],[130.669228,32.771691],[130.669021,32.771681],[130.668515,32.77164],[130.668103,32.771604],[130.667599,32.771533],[130.667269,32.771483],[130.666741,32.771401],[130.666274,32.771304],[130.665933,32.77123],[130.66555,32.77112],[130.665418,32.771101],[130.665312,32.771088],[130.665282,32.771042],[130.66521,32.771023],[130.665082,32.770983],[130.664809,32.770881],[130.664528,32.770761],[130.664157,32.77059],[130.664056,32.77054],[130.663754,32.770389],[130.663419,32.770218],[130.663406,32.770196],[130.66291,32.769943],[130.662326,32.769648],[130.662314,32.769652],[130.662203,32.769591],[130.662008,32.769509],[130.661827,32.769426],[130.661702,32.769367],[130.661583,32.769316],[130.661451,32.76926],[130.66126,32.769199],[130.66101,32.769106],[130.660929,32.76907],[130.660913,32.76907],[130.660891,32.76907],[130.660871,32.769064],[130.660851,32.76905],[130.660837,32.769039],[130.660707,32.768991],[130.660315,32.768863],[130.659985,32.768762],[130.659958,32.768754],[130.659914,32.768744],[130.659393,32.768598],[130.658876,32.768465],[130.658787,32.768438],[130.658749,32.76842],[130.65873,32.768403],[130.658719,32.768384],[130.658712,32.768349],[130.658571,32.768353],[130.658506,32.768359],[130.658421,32.768816]]]}},{"type":"Feature","properties":{"ParkName":"近見緑地","ParkType":"緑地","ParkCode":3022,"Pref":"熊本県","Citycode":"43100","Cityname":"熊本市","FNDate":null},"geometry":{"type":"Polygon","coordinates":[[[130.691552,32.754494],[130.691541,32.754669],[130.692111,32.754699],[130.692111,32.754689],[130.692121,32.754558],[130.692123,32.754519],[130.692124,32.754516],[130.691552,32.754494]]]}},{"type":"Feature","properties":{"ParkName":"寂心緑地","ParkType":"緑地","ParkCode":3022,"Pref":"熊本県","Citycode":"43100","Cityname":"熊本市","FNDate":null},"geometry":{"type":"Polygon","coordinates":[[[130.683355,32.871538],[130.683477,32.871662],[130.683652,32.87177],[130.683803,32.871835],[130.684007,32.871905],[130.684351,32.871994],[130.684986,32.872149],[130.685277,32.872258],[130.685406,32.872214],[130.685511,32.871953],[130.685446,32.871702],[130.68542,32.871534],[130.685421,32.871376],[130.685423,32.87123],[130.685469,32.871019],[130.685522,32.870741],[130.685526,32.870705],[130.685577,32.870567],[130.685565,32.870393],[130.685512,32.870344],[130.685447,32.870308],[130.685368,32.870286],[130.68529,32.870267],[130.685154,32.870248],[130.685123,32.870237],[130.684945,32.870348],[130.684838,32.870402],[130.684706,32.870453],[130.684619,32.870497],[130.684532,32.870569],[130.684461,32.870623],[130.684414,32.870644],[130.684338,32.870669],[130.684248,32.870693],[130.684122,32.870722],[130.684003,32.870764],[130.683888,32.87081],[130.683822,32.870852],[130.683805,32.870869],[130.683797,32.87089],[130.683803,32.870936],[130.683789,32.87096],[130.683763,32.870983],[130.683476,32.871145],[130.683455,32.871169],[130.683432,32.871204],[130.683443,32.871262],[130.683453,32.871348],[130.683355,32.871538]]]}},{"type":"Feature","properties":{"ParkName":"植柳児童公園","ParkType":"公園","ParkCode":3021,"Pref":"熊本県","Citycode":"43202","Cityname":"八代市","FNDate":"昭和51年04月10日"},"geometry":{"type":"Polygon","coordinates":[[[130.598133,32.488751],[130.598156,32.488787],[130.59818,32.488822],[130.598204,32.488852],[130.598224,32.488873],[130.598242,32.48889],[130.598273,32.488906],[130.598503,32.488998],[130.598575,32.488994],[130.598595,32.488923],[130.598592,32.488852],[130.598589,32.48876],[130.598586,32.488684],[130.59857,32.488682],[130.598539,32.488677],[130.598475,32.488681],[130.598411,32.488686],[130.598196,32.48872],[130.598195,32.488742],[130.598133,32.488751]]]}},{"type":"Feature","properties":{"ParkName":"清水児童公園","ParkType":"公園","ParkCode":3021,"Pref":"熊本県","Citycode":"43202","Cityname":"八代市","FNDate":"昭和51年04月10日"},"geometry":{"type":"Polygon","coordinates":[[[130.61388,32.504432],[130.613957,32.504608],[130.614047,32.504802],[130.614637,32.504596],[130.614789,32.50455],[130.615034,32.504478],[130.61504,32.504491],[130.615229,32.504435],[130.615359,32.504387],[130.615432,32.504363],[130.61539,32.504182],[130.615357,32.504168],[130.613895,32.504407],[130.61388,32.504432]]]}},{"type":"Feature","properties":{"ParkName":"末広児童公園","ParkType":"公園","ParkCode":3021,"Pref":"熊本県","Citycode":"43202","Cityname":"八代市","FNDate":"昭和51年04月10日"},"geometry":{"type":"Polygon","coordinates":[[[130.618595,32.501297],[130.618859,32.501399],[130.618939,32.501432],[130.618995,32.501458],[130.619071,32.501497],[130.619404,32.501669],[130.619628,32.501351],[130.619643,32.501331],[130.619646,32.501325],[130.619497,32.50126],[130.619441,32.501236],[130.619405,32.501222],[130.619192,32.501135],[130.619113,32.501104],[130.618985,32.501055],[130.618837,32.500999],[130.618794,32.500987],[130.618595,32.501297]]]}},{"type":"Feature","properties":{"ParkName":"東中洲児童公園","ParkType":"公園","ParkCode":3021,"Pref":"熊本県","Citycode":"43202","Cityname":"八代市","FNDate":"昭和51年04月10日"},"geometry":{"type":"Polygon","coordinates":[[[130.613308,32.501973],[130.613393,32.502339],[130.61342,32.502355],[130.614893,32.50211],[130.614912,32.502087],[130.614828,32.501731],[130.614801,32.501711],[130.613321,32.501952],[130.613308,32.501973]]]}},{"type":"Feature","properties":{"ParkName":"西中洲児童公園","ParkType":"公園","ParkCode":3021,"Pref":"熊本県","Citycode":"43202","Cityname":"八代市","FNDate":"昭和51年04月10日"},"geometry":{"type":"Polygon","coordinates":[[[130.607621,32.502419],[130.607707,32.502784],[130.607733,32.502798],[130.608867,32.502612],[130.608883,32.502588],[130.6088,32.502229],[130.608769,32.502212],[130.608356,32.502276],[130.607642,32.502398],[130.607621,32.502419]]]}},{"type":"Feature","properties":{"ParkName":"内膳児童公園","ParkType":"公園","ParkCode":3021,"Pref":"熊本県","Citycode":"43202","Cityname":"八代市","FNDate":"昭和51年04月10日"},"geometry":{"type":"Polygon","coordinates":[[[130.606894,32.497221],[130.606916,32.49724],[130.607294,32.497244],[130.607318,32.497222],[130.607323,32.496903],[130.607297,32.496884],[130.606923,32.496879],[130.606897,32.496897],[130.606894,32.497221]]]}},{"type":"Feature","properties":{"ParkName":"古町児童公園","ParkType":"公園","ParkCode":3021,"Pref":"熊本県","Citycode":"43202","Cityname":"八代市","FNDate":"昭和51年04月10日"},"geometry":{"type":"Polygon","coordinates":[[[130.602214,32.496732],[130.602234,32.496752],[130.602466,32.496754],[130.602563,32.496756],[130.602613,32.496755],[130.602636,32.496733],[130.602641,32.49636],[130.602221,32.496358],[130.602214,32.496732]]]}},{"type":"Feature","properties":{"ParkName":"新開児童公園","ParkType":"公園","ParkCode":3021,"Pref":"熊本県","Citycode":"43202","Cityname":"八代市","FNDate":"昭和51年04月10日"},"geometry":{"type":"Polygon","coordinates":[[[130.580134,32.506918],[130.580208,32.50723],[130.580346,32.507216],[130.580444,32.507201],[130.580816,32.507145],[130.580763,32.506924],[130.580684,32.506886],[130.580134,32.506918]]]}},{"type":"Feature","properties":{"ParkName":"田中東児童公園","ParkType":"公園","ParkCode":3021,"Pref":"熊本県","Citycode":"43202","Cityname":"八代市","FNDate":"昭和51年04月10日"},"geometry":{"type":"Polygon","coordinates":[[[130.607115,32.520222],[130.607202,32.520592],[130.607232,32.520605],[130.607771,32.520513],[130.607777,32.520501],[130.607685,32.520116],[130.60767,32.520107],[130.607132,32.520201],[130.607115,32.520222]]]}},{"type":"Feature","properties":{"ParkName":"田中西児童公園","ParkType":"公園","ParkCode":3021,"Pref":"熊本県","Citycode":"43202","Cityname":"八代市","FNDate":"昭和51年04月10日"},"geometry":{"type":"Polygon","coordinates":[[[130.602528,32.52352],[130.602707,32.523859],[130.602743,32.52387],[130.603244,32.52367],[130.603253,32.523651],[130.603072,32.523308],[130.603047,32.523301],[130.60254,32.523493],[130.602528,32.52352]]]}},{"type":"Feature","properties":{"ParkName":"横手新町児童公園","ParkType":"公園","ParkCode":3021,"Pref":"熊本県","Citycode":"43202","Cityname":"八代市","FNDate":"平成27年03月17日"},"geometry":{"type":"Polygon","coordinates":[[[130.601117,32.51883],[130.601222,32.519463],[130.601251,32.519476],[130.601816,32.519262],[130.601987,32.519028],[130.601978,32.519008],[130.601134,32.518816],[130.601117,32.51883]]]}},{"type":"Feature","properties":{"ParkName":"上日置児童公園","ParkType":"公園","ParkCode":3021,"Pref":"熊本県","Citycode":"43202","Cityname":"八代市","FNDate":"昭和55年03月07日"},"geometry":{"type":"Polygon","coordinates":[[[130.630309,32.502592],[130.630507,32.502744],[130.630568,32.502792],[130.630632,32.502838],[130.630681,32.502795],[130.63073,32.502756],[130.630775,32.502723],[130.630855,32.502661],[130.630971,32.502768],[130.631025,32.502822],[130.631119,32.502759],[130.631127,32.502716],[130.63108,32.502664],[130.631027,32.502607],[130.630999,32.502571],[130.630975,32.502525],[130.630966,32.502502],[130.63096,32.502487],[130.630757,32.502243],[130.630751,32.502239],[130.63065,32.502299],[130.630611,32.502323],[130.63055,32.502372],[130.630492,32.502423],[130.630456,32.502449],[130.630447,32.502462],[130.630398,32.502505],[130.630309,32.502592]]]}},{"type":"Feature","properties":{"ParkName":"植柳新町北児童公園","ParkType":"公園","ParkCode":3021,"Pref":"熊本県","Citycode":"43202","Cityname":"八代市","FNDate":"昭和56年01月19日"},"geometry":{"type":"Polygon","coordinates":[[[130.590359,32.492218],[130.590373,32.492243],[130.59087,32.49239],[130.590903,32.492378],[130.591046,32.492034],[130.591031,32.492008],[130.590531,32.491859],[130.590502,32.491872],[130.590359,32.492218]]]}},{"type":"Feature","properties":{"ParkName":"植柳新町南児童公園","ParkType":"公園","ParkCode":3021,"Pref":"熊本県","Citycode":"43202","Cityname":"八代市","FNDate":"昭和56年01月19日"},"geometry":{"type":"Polygon","coordinates":[[[130.590206,32.488759],[130.590222,32.488786],[130.590845,32.488975],[130.590877,32.488963],[130.591015,32.488636],[130.590988,32.488614],[130.590987,32.488614],[130.590834,32.488486],[130.590833,32.488485],[130.590785,32.488445],[130.590556,32.488311],[130.590554,32.48831],[130.590504,32.488281],[130.590426,32.488237],[130.590206,32.488759]]]}},{"type":"Feature","properties":{"ParkName":"植柳新町西児童公園","ParkType":"公園","ParkCode":3021,"Pref":"熊本県","Citycode":"43202","Cityname":"八代市","FNDate":"昭和56年01月19日"},"geometry":{"type":"Polygon","coordinates":[[[130.586899,32.492308],[130.586931,32.492466],[130.586943,32.492526],[130.587106,32.4925],[130.587288,32.492472],[130.587248,32.492276],[130.587214,32.492259],[130.587165,32.492264],[130.586899,32.492308]]]}},{"type":"Feature","properties":{"ParkName":"松高１号児童公園","ParkType":"公園","ParkCode":3021,"Pref":"熊本県","Citycode":"43202","Cityname":"八代市","FNDate":"平成27年03月17日"},"geometry":{"type":"Polygon","coordinates":[[[130.597167,32.524937],[130.597656,32.524962],[130.597677,32.524941],[130.597626,32.524821],[130.597448,32.524408],[130.597363,32.524233],[130.597338,32.524215],[130.597239,32.52419],[130.597214,32.524205],[130.597196,32.524476],[130.597185,32.524704],[130.597167,32.524937]]]}},{"type":"Feature","properties":{"ParkName":"松高２号児童公園","ParkType":"公園","ParkCode":3021,"Pref":"熊本県","Citycode":"43202","Cityname":"八代市","FNDate":"昭和56年08月13日"},"geometry":{"type":"Polygon","coordinates":[[[130.598467,32.522762],[130.598607,32.523029],[130.598615,32.523045],[130.598715,32.523234],[130.59874,32.523244],[130.599249,32.523054],[130.599302,32.523034],[130.599348,32.523017],[130.599331,32.522802],[130.598467,32.522762]]]}},{"type":"Feature","properties":{"ParkName":"横手本町児童公園","ParkType":"公園","ParkCode":3021,"Pref":"熊本県","Citycode":"43202","Cityname":"八代市","FNDate":"昭和56年11月28日"},"geometry":{"type":"Polygon","coordinates":[[[130.612379,32.511717],[130.61238,32.511759],[130.612382,32.511758],[130.612467,32.511711],[130.61247,32.51171],[130.612483,32.511703],[130.612506,32.51169],[130.61254,32.511678],[130.612576,32.511669],[130.612618,32.511664],[130.612629,32.511664],[130.612669,32.511663],[130.61267,32.511663],[130.612674,32.511664],[130.612726,32.511673],[130.612815,32.511629],[130.612874,32.5116],[130.612874,32.511601],[130.612881,32.511597],[130.612891,32.511592],[130.6129,32.511587],[130.613005,32.511535],[130.612984,32.511507],[130.613238,32.511366],[130.613173,32.511266],[130.613225,32.511238],[130.613281,32.511208],[130.61321,32.511103],[130.613108,32.511169],[130.612968,32.510957],[130.612744,32.511077],[130.612794,32.511157],[130.612718,32.511198],[130.612945,32.511525],[130.612919,32.511538],[130.612918,32.511538],[130.61278,32.511604],[130.612775,32.511607],[130.612751,32.511618],[130.612726,32.51163],[130.612695,32.511628],[130.612692,32.511627],[130.612665,32.511625],[130.612638,32.511623],[130.612598,32.511626],[130.612597,32.511626],[130.612597,32.511626],[130.612529,32.511643],[130.612515,32.511649],[130.612498,32.511656],[130.612497,32.511656],[130.612496,32.511656],[130.612447,32.511679],[130.612428,32.511689],[130.612428,32.51169],[130.612412,32.511698],[130.612406,32.511701],[130.612379,32.511717]]]}},{"type":"Feature","properties":{"ParkName":"築添児童公園","ParkType":"公園","ParkCode":3021,"Pref":"熊本県","Citycode":"43202","Cityname":"八代市","FNDate":"昭和57年03月05日"},"geometry":{"type":"Polygon","coordinates":[[[130.577757,32.515601],[130.577769,32.515619],[130.577809,32.515675],[130.577853,32.515747],[130.57791,32.515768],[130.57797,32.515787],[130.577999,32.515794],[130.578055,32.515817],[130.578065,32.515841],[130.578088,32.51584],[130.578127,32.515837],[130.578164,32.515834],[130.578194,32.515829],[130.578224,32.515818],[130.578261,32.515802],[130.578324,32.515769],[130.578336,32.515759],[130.578342,32.515752],[130.578347,32.515742],[130.578355,32.515724],[130.578358,32.515714],[130.578355,32.515703],[130.578346,32.515671],[130.578346,32.51567],[130.578344,32.515662],[130.578337,32.515634],[130.578335,32.515627],[130.578318,32.515636],[130.578199,32.515566],[130.578073,32.515498],[130.577936,32.51544],[130.578023,32.515284],[130.577942,32.51525],[130.577926,32.515243],[130.577852,32.515388],[130.577916,32.515452],[130.577834,32.515533],[130.577829,32.515532],[130.577757,32.515601]]]}},{"type":"Feature","properties":{"ParkName":"上片児童公園","ParkType":"公園","ParkCode":3021,"Pref":"熊本県","Citycode":"43202","Cityname":"八代市","FNDate":"昭和58年01月10日"},"geometry":{"type":"MultiPolygon","coordinates":[[[[130.644522,32.505113],[130.64452,32.505114],[130.64452,32.505114],[130.644522,32.505113]]],[[[130.643949,32.505456],[130.643996,32.505492],[130.644014,32.505506],[130.644059,32.505531],[130.644298,32.505663],[130.644299,32.505664],[130.644404,32.505722],[130.644426,32.505699],[130.644505,32.505623],[130.644543,32.505566],[130.64455,32.505557],[130.644644,32.505419],[130.64452,32.505114],[130.644381,32.505184],[130.644323,32.505213],[130.644301,32.505223],[130.644281,32.50523],[130.644271,32.505232],[130.644263,32.505234],[130.644257,32.505235],[130.64425,32.505235],[130.644243,32.505235],[130.644236,32.505235],[130.644228,32.505235],[130.64422,32.505234],[130.644192,32.50523],[130.644181,32.505229],[130.644154,32.505259],[130.643916,32.505384],[130.643905,32.50539],[130.643885,32.505401],[130.643908,32.505424],[130.643934,32.505444],[130.643936,32.505445],[130.643949,32.505456]]]]}},{"type":"Feature","properties":{"ParkName":"古城児童公園","ParkType":"公園","ParkCode":3021,"Pref":"熊本県","Citycode":"43202","Cityname":"八代市","FNDate":"昭和59年07月06日"},"geometry":{"type":"Polygon","coordinates":[[[130.589823,32.499124],[130.589841,32.499139],[130.590034,32.499136],[130.590053,32.499118],[130.590034,32.498983],[130.590207,32.498903],[130.590328,32.498862],[130.59034,32.498845],[130.590333,32.498798],[130.59033,32.498654],[130.590308,32.498638],[130.589846,32.498639],[130.589829,32.498656],[130.589823,32.499124]]]}},{"type":"Feature","properties":{"ParkName":"豊原下児童公園","ParkType":"公園","ParkCode":3021,"Pref":"熊本県","Citycode":"43202","Cityname":"八代市","FNDate":"昭和62年12月17日"},"geometry":{"type":"Polygon","coordinates":[[[130.61858,32.486617],[130.618588,32.486627],[130.618605,32.486643],[130.618635,32.486667],[130.618692,32.486705],[130.618765,32.486749],[130.618778,32.48675],[130.618795,32.486745],[130.6189,32.486704],[130.618967,32.486683],[130.619032,32.486661],[130.619139,32.486625],[130.61918,32.486605],[130.619197,32.486582],[130.619206,32.486566],[130.619214,32.486549],[130.619222,32.486532],[130.619225,32.486517],[130.619217,32.486472],[130.619203,32.486395],[130.619191,32.48633],[130.619185,32.486296],[130.619172,32.486261],[130.618967,32.486333],[130.618932,32.486339],[130.618881,32.486344],[130.618733,32.486357],[130.618681,32.486367],[130.618638,32.486396],[130.618622,32.486413],[130.61858,32.486617]]]}},{"type":"Feature","properties":{"ParkName":"西片児童公園","ParkType":"公園","ParkCode":3021,"Pref":"熊本県","Citycode":"43202","Cityname":"八代市","FNDate":"昭和62年12月17日"},"geometry":{"type":"Polygon","coordinates":[[[130.636626,32.508897],[130.636633,32.508915],[130.636662,32.508927],[130.636648,32.508957],[130.636736,32.509],[130.636945,32.509101],[130.636973,32.509054],[130.637,32.509006],[130.637144,32.509057],[130.637243,32.50889],[130.637306,32.508783],[130.637289,32.508768],[130.63717,32.508664],[130.637096,32.508601],[130.637005,32.508518],[130.636965,32.508471],[130.636974,32.508449],[130.636993,32.508404],[130.637004,32.508395],[130.63702,32.508387],[130.636912,32.508372],[130.636942,32.508408],[130.636934,32.508415],[130.636913,32.508437],[130.636889,32.508469],[130.636882,32.508485],[130.636876,32.5085],[130.636871,32.508516],[130.636871,32.508533],[130.636871,32.508541],[130.636876,32.508552],[130.636896,32.50859],[130.636646,32.508512],[130.63664,32.508528],[130.636667,32.508561],[130.636692,32.508568],[130.636686,32.508593],[130.636663,32.508593],[130.636628,32.508612],[130.636645,32.508784],[130.63663,32.508883],[130.636626,32.508897]]]}},{"type":"Feature","properties":{"ParkName":"井上児童公園","ParkType":"公園","ParkCode":3021,"Pref":"熊本県","Citycode":"43202","Cityname":"八代市","FNDate":"平成元年12月22日"},"geometry":{"type":"Polygon","coordinates":[[[130.62696,32.512669],[130.626967,32.512706],[130.627005,32.51273],[130.62701,32.512734],[130.627042,32.512726],[130.627158,32.512695],[130.627364,32.512639],[130.627482,32.512606],[130.627539,32.512591],[130.627746,32.512534],[130.627754,32.512517],[130.627504,32.512336],[130.627264,32.512505],[130.627179,32.512485],[130.627103,32.512558],[130.627054,32.512606],[130.627037,32.512621],[130.627016,32.512636],[130.626997,32.51265],[130.62696,32.512669]]]}},{"type":"Feature","properties":{"ParkName":"沖町児童公園","ParkType":"公園","ParkCode":3021,"Pref":"熊本県","Citycode":"43202","Cityname":"八代市","FNDate":"平成3年02月22日"},"geometry":{"type":"Polygon","coordinates":[[[130.587706,32.526604],[130.587805,32.526792],[130.588192,32.526637],[130.588357,32.526966],[130.588486,32.526918],[130.588455,32.52685],[130.588416,32.526764],[130.588465,32.526745],[130.588446,32.526684],[130.588288,32.526388],[130.588251,32.526402],[130.587706,32.526604]]]}},{"type":"Feature","properties":{"ParkName":"大福寺児童公園","ParkType":"公園","ParkCode":3021,"Pref":"熊本県","Citycode":"43202","Cityname":"八代市","FNDate":"平成3年02月22日"},"geometry":{"type":"Polygon","coordinates":[[[130.601836,32.484756],[130.601911,32.484918],[130.601986,32.48507],[130.602014,32.485116],[130.602083,32.485209],[130.602099,32.485229],[130.602488,32.485029],[130.60241,32.484914],[130.602318,32.484775],[130.602285,32.484719],[130.602234,32.484631],[130.60221,32.484579],[130.602205,32.484582],[130.602181,32.484594],[130.602159,32.484606],[130.601838,32.484751],[130.601836,32.484756]]]}},{"type":"Feature","properties":{"ParkName":"新町児童公園","ParkType":"公園","ParkCode":3021,"Pref":"熊本県","Citycode":"43202","Cityname":"八代市","FNDate":"平成3年02月22日"},"geometry":{"type":"Polygon","coordinates":[[[130.611159,32.50686],[130.611247,32.507085],[130.611257,32.507083],[130.6115,32.507019],[130.61157,32.507003],[130.611697,32.506973],[130.611714,32.506949],[130.611641,32.506766],[130.61161,32.506752],[130.611174,32.506856],[130.611159,32.50686]]]}},{"type":"Feature","properties":{"ParkName":"出町児童公園","ParkType":"公園","ParkCode":3021,"Pref":"熊本県","Citycode":"43202","Cityname":"八代市","FNDate":"平成3年02月22日"},"geometry":{"type":"Polygon","coordinates":[[[130.607339,32.508037],[130.607468,32.508028],[130.607559,32.507925],[130.60761,32.50788],[130.607689,32.507832],[130.607765,32.507806],[130.608037,32.507729],[130.608104,32.50771],[130.608188,32.507686],[130.608152,32.507575],[130.60807,32.507577],[130.607805,32.507584],[130.607727,32.507585],[130.607464,32.507593],[130.607412,32.507594],[130.607364,32.507594],[130.607355,32.507593],[130.607354,32.5076],[130.607339,32.508037]]]}},{"type":"Feature","properties":{"ParkName":"田中児童公園","ParkType":"公園","ParkCode":3021,"Pref":"熊本県","Citycode":"43202","Cityname":"八代市","FNDate":"平成3年11月20日"},"geometry":{"type":"Polygon","coordinates":[[[130.607088,32.517169],[130.607113,32.517203],[130.607219,32.517341],[130.607308,32.517458],[130.607349,32.517446],[130.607401,32.517435],[130.607399,32.517409],[130.607396,32.517371],[130.607397,32.517354],[130.607401,32.517345],[130.607359,32.517296],[130.60738,32.517274],[130.607401,32.517243],[130.607417,32.51722],[130.607431,32.517213],[130.607447,32.517211],[130.607455,32.517213],[130.607469,32.517216],[130.607508,32.517158],[130.60753,32.517128],[130.607378,32.516981],[130.607296,32.517035],[130.60727,32.517054],[130.607155,32.517134],[130.607088,32.517169]]]}},{"type":"Feature","properties":{"ParkName":"古麓児童公園","ParkType":"公園","ParkCode":3021,"Pref":"熊本県","Citycode":"43202","Cityname":"八代市","FNDate":"平成4年12月24日"},"geometry":{"type":"Polygon","coordinates":[[[130.636216,32.494607],[130.636245,32.494632],[130.636286,32.494654],[130.636363,32.494711],[130.636408,32.494743],[130.636443,32.494765],[130.636483,32.49479],[130.636519,32.494802],[130.636531,32.494806],[130.636536,32.494805],[130.636548,32.494804],[130.636566,32.494797],[130.636594,32.494783],[130.636634,32.494759],[130.636694,32.494715],[130.636754,32.494668],[130.636827,32.494619],[130.636892,32.494577],[130.637009,32.494518],[130.63701,32.494517],[130.637036,32.494504],[130.637037,32.494504],[130.637036,32.494504],[130.636934,32.49437],[130.636819,32.494233],[130.636617,32.494344],[130.636637,32.494367],[130.636587,32.494394],[130.636523,32.494429],[130.636492,32.494445],[130.636414,32.49449],[130.636425,32.494499],[130.636409,32.494506],[130.636255,32.494589],[130.636216,32.494607]]]}},{"type":"Feature","properties":{"ParkName":"朝日児童公園","ParkType":"公園","ParkCode":3021,"Pref":"熊本県","Citycode":"43202","Cityname":"八代市","FNDate":"昭和49年04月11日"},"geometry":{"type":"Polygon","coordinates":[[[130.671652,32.563325],[130.671741,32.563466],[130.671746,32.563487],[130.671748,32.563492],[130.671759,32.563535],[130.671835,32.563516],[130.671818,32.563456],[130.672159,32.563387],[130.672158,32.563369],[130.672158,32.56335],[130.672158,32.563335],[130.672156,32.563311],[130.672154,32.56329],[130.672148,32.563272],[130.672141,32.563257],[130.672131,32.563242],[130.672117,32.563225],[130.672109,32.563217],[130.672106,32.563214],[130.672104,32.563213],[130.672088,32.563201],[130.67206,32.563183],[130.672053,32.563179],[130.672033,32.563173],[130.672011,32.563168],[130.67199,32.563163],[130.67197,32.563161],[130.67184,32.563156],[130.671808,32.563154],[130.671743,32.563151],[130.671742,32.563151],[130.671728,32.56315],[130.671714,32.563233],[130.671712,32.563241],[130.671699,32.563316],[130.671652,32.563325]]]}},{"type":"Feature","properties":{"ParkName":"内田児童公園","ParkType":"公園","ParkCode":3021,"Pref":"熊本県","Citycode":"43202","Cityname":"八代市","FNDate":"昭和50年12月12日"},"geometry":{"type":"Polygon","coordinates":[[[130.653014,32.565879],[130.653016,32.565881],[130.653018,32.565883],[130.653022,32.565887],[130.653035,32.565901],[130.653048,32.565915],[130.653052,32.56592],[130.653062,32.565934],[130.653071,32.565946],[130.653076,32.565953],[130.653087,32.565971],[130.653093,32.565981],[130.653109,32.566007],[130.653114,32.566016],[130.653118,32.566021],[130.65313,32.566045],[130.653133,32.566052],[130.653139,32.566063],[130.653147,32.566077],[130.653153,32.566075],[130.653157,32.566073],[130.653558,32.565852],[130.653413,32.565664],[130.653014,32.565879]]]}},{"type":"Feature","properties":{"ParkName":"宝出児童公園","ParkType":"公園","ParkCode":3021,"Pref":"熊本県","Citycode":"43202","Cityname":"八代市","FNDate":"昭和50年12月12日"},"geometry":{"type":"Polygon","coordinates":[[[130.644059,32.570213],[130.644359,32.570509],[130.644594,32.570344],[130.644596,32.570324],[130.644305,32.570037],[130.644059,32.570213]]]}},{"type":"Feature","properties":{"ParkName":"麦島東公園","ParkType":"公園","ParkCode":3021,"Pref":"熊本県","Citycode":"43202","Cityname":"八代市","FNDate":"昭和51年04月06日"},"geometry":{"type":"Polygon","coordinates":[[[130.614379,32.498643],[130.614395,32.498663],[130.61469,32.498653],[130.61534,32.498634],[130.615863,32.498611],[130.616052,32.498608],[130.61624,32.4986],[130.616405,32.498331],[130.616417,32.498311],[130.615915,32.498085],[130.615886,32.498073],[130.61514,32.497763],[130.615071,32.49773],[130.614893,32.497662],[130.614786,32.497622],[130.614738,32.497605],[130.614572,32.497538],[130.614397,32.497473],[130.614395,32.497609],[130.614395,32.497658],[130.614393,32.49777],[130.614392,32.497946],[130.614391,32.498009],[130.61439,32.498107],[130.614388,32.498276],[130.614386,32.498382],[130.614384,32.498561],[130.61438,32.49856],[130.614379,32.498643]]]}},{"type":"Feature","properties":{"ParkName":"北部中央公園","ParkType":"公園","ParkCode":3021,"Pref":"熊本県","Citycode":"43202","Cityname":"八代市","FNDate":"平成27年03月17日"},"geometry":{"type":"Polygon","coordinates":[[[130.602301,32.521489],[130.602704,32.522261],[130.602734,32.522272],[130.603851,32.521851],[130.603864,32.521821],[130.603461,32.521052],[130.603429,32.521041],[130.602312,32.521462],[130.602301,32.521489]]]}},{"type":"Feature","properties":{"ParkName":"松崎公園","ParkType":"公園","ParkCode":3021,"Pref":"熊本県","Citycode":"43202","Cityname":"八代市","FNDate":"昭和54年03月31日"},"geometry":{"type":"Polygon","coordinates":[[[130.586237,32.51366],[130.586318,32.513695],[130.586447,32.513746],[130.5867,32.51382],[130.586897,32.513865],[130.586995,32.513882],[130.587131,32.513897],[130.587744,32.513982],[130.588201,32.513761],[130.587196,32.512286],[130.586611,32.512714],[130.58635,32.512901],[130.586687,32.513402],[130.586237,32.51366]]]}},{"type":"Feature","properties":{"ParkName":"緑公園","ParkType":"公園","ParkCode":3021,"Pref":"熊本県","Citycode":"43202","Cityname":"八代市","FNDate":"平成3年11月20日"},"geometry":{"type":"Polygon","coordinates":[[[130.60969,32.505402],[130.609767,32.505729],[130.609775,32.505761],[130.609866,32.505949],[130.609882,32.505951],[130.610792,32.506036],[130.611279,32.505944],[130.611298,32.50592],[130.61116,32.505325],[130.611128,32.50518],[130.611102,32.505166],[130.610042,32.505344],[130.60969,32.505402]]]}},{"type":"Feature","properties":{"ParkName":"会地公園","ParkType":"公園","ParkCode":3021,"Pref":"熊本県","Citycode":"43202","Cityname":"八代市","FNDate":"平成9年01月21日"},"geometry":{"type":"Polygon","coordinates":[[[130.617716,32.518658],[130.61777,32.518787],[130.617773,32.518796],[130.617795,32.518799],[130.617977,32.518851],[130.618092,32.518883],[130.618167,32.518907],[130.618332,32.518957],[130.618427,32.518996],[130.618527,32.519027],[130.618653,32.519073],[130.618757,32.519056],[130.618995,32.519025],[130.618984,32.519097],[130.61895,32.519201],[130.619071,32.519293],[130.619105,32.519316],[130.619113,32.51932],[130.61907,32.51937],[130.619061,32.51938],[130.619289,32.519524],[130.619298,32.519532],[130.619308,32.519521],[130.619369,32.51947],[130.61946,32.519403],[130.619472,32.519394],[130.619483,32.519379],[130.61949,32.519363],[130.619502,32.519277],[130.619509,32.519245],[130.619531,32.519185],[130.619548,32.519135],[130.619551,32.519128],[130.619596,32.519002],[130.619625,32.518911],[130.619637,32.518841],[130.619638,32.518805],[130.619629,32.518768],[130.619587,32.518693],[130.619554,32.518637],[130.619547,32.518591],[130.619547,32.518536],[130.619551,32.518491],[130.619576,32.518443],[130.619587,32.518426],[130.619453,32.518408],[130.619505,32.5182],[130.619505,32.518197],[130.61933,32.518145],[130.619224,32.518114],[130.619055,32.518063],[130.618894,32.518016],[130.618815,32.518248],[130.618701,32.518213],[130.618676,32.518306],[130.61805,32.518222],[130.618042,32.518231],[130.617866,32.518421],[130.617823,32.518468],[130.617794,32.518508],[130.617759,32.518577],[130.617716,32.518658]]]}},{"type":"Feature","properties":{"ParkName":"鏡西部公園","ParkType":"公園","ParkCode":3021,"Pref":"熊本県","Citycode":"43202","Cityname":"八代市","FNDate":"昭和50年12月16日"},"geometry":{"type":"Polygon","coordinates":[[[130.621313,32.593009],[130.621455,32.593077],[130.621538,32.593117],[130.621544,32.593117],[130.621579,32.59313],[130.621638,32.593151],[130.621657,32.593157],[130.621663,32.593161],[130.621667,32.593165],[130.621721,32.593187],[130.621755,32.593205],[130.621783,32.593224],[130.621812,32.593251],[130.621832,32.593268],[130.621836,32.593271],[130.621841,32.593273],[130.621853,32.593282],[130.621884,32.593308],[130.621919,32.593338],[130.621932,32.593348],[130.621935,32.593352],[130.621959,32.59338],[130.621988,32.593413],[130.622109,32.59348],[130.622151,32.593508],[130.622236,32.593561],[130.62228,32.593592],[130.622285,32.593598],[130.622287,32.593602],[130.62229,32.593607],[130.622298,32.593614],[130.622314,32.593626],[130.622373,32.593665],[130.622431,32.593703],[130.622463,32.593721],[130.622536,32.593762],[130.62258,32.593784],[130.622599,32.593794],[130.622616,32.593803],[130.622624,32.593807],[130.622641,32.593816],[130.622654,32.593823],[130.622669,32.593831],[130.622691,32.593843],[130.622697,32.593844],[130.622701,32.593844],[130.622707,32.593847],[130.622728,32.593858],[130.622779,32.593888],[130.622806,32.593905],[130.622808,32.593909],[130.622849,32.593934],[130.622944,32.59382],[130.623087,32.59363],[130.623123,32.593583],[130.623158,32.593549],[130.623177,32.593508],[130.623185,32.593476],[130.623191,32.593447],[130.623193,32.593417],[130.623195,32.593349],[130.623187,32.593315],[130.623151,32.593237],[130.623123,32.59319],[130.623083,32.593133],[130.62302,32.593043],[130.622879,32.592895],[130.622814,32.59283],[130.622644,32.592661],[130.622477,32.592495],[130.622451,32.592476],[130.622425,32.592458],[130.622397,32.592444],[130.622368,32.592431],[130.622332,32.59242],[130.622294,32.592412],[130.622266,32.592408],[130.622242,32.592408],[130.622213,32.592409],[130.622179,32.592412],[130.622124,32.592418],[130.622064,32.592426],[130.622042,32.592432],[130.622026,32.592438],[130.621975,32.59246],[130.621949,32.592474],[130.621933,32.592484],[130.621904,32.592508],[130.621541,32.592806],[130.621485,32.592854],[130.621395,32.592931],[130.621337,32.592992],[130.621313,32.593009]]]}},{"type":"Feature","properties":{"ParkName":"県南運動公園","ParkType":"公園","ParkCode":3021,"Pref":"熊本県","Citycode":"43202","Cityname":"八代市","FNDate":"平成22年03月30日"},"geometry":{"type":"Polygon","coordinates":[[[130.553412,32.532672],[130.555256,32.535492],[130.555429,32.535534],[130.558482,32.534098],[130.558504,32.534013],[130.556711,32.531076],[130.556635,32.531056],[130.553472,32.532544],[130.553412,32.532672]]]}},{"type":"Feature","properties":{"ParkName":"球磨川河川緑地","ParkType":"緑地","ParkCode":3022,"Pref":"熊本県","Citycode":"43202","Cityname":"八代市","FNDate":"昭和54年03月31日"},"geometry":{"type":"Polygon","coordinates":[[[130.618076,32.496411],[130.618315,32.496519],[130.618726,32.49666],[130.619022,32.496741],[130.619204,32.49679],[130.619574,32.496856],[130.620035,32.49692],[130.620495,32.496943],[130.621287,32.496945],[130.621787,32.496896],[130.622583,32.496764],[130.623313,32.496578],[130.623876,32.496374],[130.624592,32.496024],[130.624935,32.495826],[130.625252,32.4956],[130.625588,32.495341],[130.625994,32.494958],[130.626454,32.494425],[130.626709,32.494026],[130.626836,32.493818],[130.627099,32.493297],[130.627248,32.492936],[130.627473,32.492215],[130.627623,32.491625],[130.627741,32.491139],[130.627929,32.490111],[130.628416,32.487186],[130.628103,32.487102],[130.628045,32.487412],[130.627931,32.487871],[130.627735,32.488482],[130.627521,32.489051],[130.627155,32.489861],[130.626662,32.490853],[130.626006,32.492112],[130.625737,32.492529],[130.625478,32.492889],[130.624972,32.493505],[130.624506,32.494023],[130.624216,32.494308],[130.623962,32.494498],[130.623806,32.494611],[130.623355,32.494869],[130.62302,32.495036],[130.62265,32.495201],[130.622202,32.49537],[130.621698,32.495536],[130.620853,32.495727],[130.620282,32.4958],[130.619659,32.495831],[130.619244,32.495826],[130.618297,32.495785],[130.618076,32.496411]]]}},{"type":"Feature","properties":{"ParkName":"本町緑地","ParkType":"緑地","ParkCode":3022,"Pref":"熊本県","Citycode":"43202","Cityname":"八代市","FNDate":"昭和63年12月14日"},"geometry":{"type":"Polygon","coordinates":[[[130.602483,32.504702],[130.602488,32.504799],[130.602511,32.505067],[130.602559,32.505063],[130.602857,32.505047],[130.602914,32.50504],[130.602889,32.50469],[130.602878,32.504509],[130.602793,32.504515],[130.602798,32.504656],[130.602755,32.504657],[130.602755,32.504687],[130.602692,32.504689],[130.602563,32.504697],[130.602483,32.504702]]]}},{"type":"Feature","properties":{"ParkName":"高島公園","ParkType":"公園","ParkCode":3021,"Pref":"熊本県","Citycode":"43202","Cityname":"八代市","FNDate":"昭和51年04月06日"},"geometry":{"type":"Polygon","coordinates":[[[130.575593,32.522089],[130.575596,32.522102],[130.575604,32.522137],[130.575628,32.522161],[130.575658,32.522188],[130.575695,32.522221],[130.575698,32.522223],[130.575741,32.522253],[130.575748,32.522256],[130.575827,32.522291],[130.575838,32.522296],[130.575849,32.522301],[130.575849,32.522301],[130.575879,32.522315],[130.57588,32.522316],[130.575906,32.52234],[130.575936,32.522358],[130.57597,32.522371],[130.576024,32.522392],[130.57606,32.522408],[130.576104,32.522427],[130.576109,32.522429],[130.576114,32.522431],[130.576146,32.522438],[130.576161,32.522441],[130.576184,32.522445],[130.576192,32.522446],[130.576195,32.522447],[130.576207,32.522448],[130.576248,32.522452],[130.576285,32.522456],[130.576313,32.522459],[130.576319,32.522458],[130.57644,32.522475],[130.576444,32.522394],[130.576615,32.522413],[130.576816,32.522469],[130.577111,32.522455],[130.577244,32.522497],[130.577322,32.522561],[130.577566,32.522636],[130.577574,32.522637],[130.577594,32.522638],[130.577699,32.522645],[130.577799,32.522653],[130.57784,32.522654],[130.57793,32.522657],[130.57803,32.52266],[130.57804,32.52266],[130.578154,32.522663],[130.578177,32.522664],[130.578245,32.522667],[130.578243,32.522663],[130.57823,32.522639],[130.578231,32.522609],[130.578235,32.522599],[130.578262,32.522532],[130.578262,32.522532],[130.578318,32.522409],[130.57809,32.522136],[130.577837,32.521683],[130.577888,32.52164],[130.578055,32.521655],[130.578145,32.5212],[130.577793,32.521167],[130.577601,32.521099],[130.577456,32.52107],[130.57741,32.521062],[130.577369,32.521039],[130.577373,32.520994],[130.577158,32.520914],[130.577094,32.520822],[130.576965,32.520872],[130.576768,32.520924],[130.576109,32.521025],[130.576105,32.521027],[130.576055,32.521047],[130.576017,32.521078],[130.576012,32.521082],[130.57601,32.521083],[130.576004,32.521088],[130.575685,32.521335],[130.575665,32.521499],[130.575698,32.521496],[130.575706,32.521556],[130.575674,32.521559],[130.575674,32.521569],[130.575674,32.521583],[130.575684,32.521624],[130.575685,32.521627],[130.575695,32.52169],[130.575696,32.521698],[130.575697,32.521712],[130.575698,32.521735],[130.5757,32.521757],[130.575701,32.52178],[130.575702,32.521795],[130.575701,32.521802],[130.5757,32.521825],[130.575698,32.52185],[130.575686,32.521907],[130.575671,32.52193],[130.575665,32.521939],[130.575663,32.521942],[130.575645,32.521969],[130.575635,32.521983],[130.575615,32.522014],[130.575612,32.52202],[130.575601,32.52205],[130.5756,32.522055],[130.575593,32.522089]]]}},{"type":"Feature","properties":{"ParkName":"会地公園","ParkType":"公園","ParkCode":3021,"Pref":"熊本県","Citycode":"43202","Cityname":"八代市","FNDate":"平成9年01月21日"},"geometry":{"type":"Polygon","coordinates":[[[130.618732,32.517928],[130.618737,32.51793],[130.618818,32.517954],[130.618928,32.517987],[130.619265,32.518087],[130.619275,32.51809],[130.619288,32.518055],[130.619371,32.517854],[130.619454,32.517643],[130.619455,32.517639],[130.619466,32.517612],[130.619565,32.517367],[130.619558,32.517366],[130.619224,32.517329],[130.619205,32.517385],[130.619184,32.517412],[130.619169,32.517424],[130.619082,32.517477],[130.619068,32.517484],[130.618997,32.517599],[130.618975,32.517633],[130.618959,32.517653],[130.618938,32.517682],[130.618921,32.517706],[130.618845,32.517796],[130.618801,32.517843],[130.618732,32.517928]]]}},{"type":"Feature","properties":{"ParkName":"八代城跡公園","ParkType":"公園","ParkCode":3021,"Pref":"熊本県","Citycode":"43202","Cityname":"八代市","FNDate":"昭和63年12月17日"},"geometry":{"type":"Polygon","coordinates":[[[130.597557,32.507596],[130.597576,32.507957],[130.597578,32.508003],[130.597578,32.508003],[130.59761,32.50867],[130.597624,32.508688],[130.597836,32.508675],[130.59797,32.508673],[130.59797,32.508679],[130.598308,32.508657],[130.598328,32.508656],[130.598351,32.508649],[130.598376,32.508639],[130.598389,32.508631],[130.598403,32.508616],[130.598413,32.5086],[130.598422,32.50858],[130.598426,32.508565],[130.598408,32.508271],[130.598405,32.508212],[130.598399,32.508209],[130.598401,32.508037],[130.598398,32.507936],[130.598387,32.507548],[130.598374,32.507536],[130.598279,32.507538],[130.597557,32.507596]]]}},{"type":"Feature","properties":{"ParkName":"八代城跡公園","ParkType":"公園","ParkCode":3021,"Pref":"熊本県","Citycode":"43202","Cityname":"八代市","FNDate":"昭和63年12月17日"},"geometry":{"type":"Polygon","coordinates":[[[130.596212,32.507717],[130.596227,32.508011],[130.596245,32.508356],[130.596255,32.508515],[130.596258,32.508555],[130.596259,32.508574],[130.596275,32.508822],[130.596323,32.508817],[130.596378,32.50881],[130.596876,32.508747],[130.597048,32.508725],[130.597043,32.508668],[130.597043,32.508668],[130.597027,32.508464],[130.597023,32.508415],[130.596991,32.508014],[130.596982,32.508013],[130.596973,32.508013],[130.59694,32.50801],[130.596921,32.508012],[130.596912,32.508014],[130.596907,32.508019],[130.596906,32.508023],[130.59673,32.50803],[130.596707,32.507664],[130.596609,32.507672],[130.596495,32.507681],[130.596225,32.507702],[130.596212,32.507717]]]}},{"type":"Feature","properties":{"ParkName":"八代城跡公園","ParkType":"公園","ParkCode":3021,"Pref":"熊本県","Citycode":"43202","Cityname":"八代市","FNDate":"昭和63年12月17日"},"geometry":{"type":"Polygon","coordinates":[[[130.59863,32.508509],[130.598637,32.508596],[130.598639,32.508609],[130.598645,32.508621],[130.598658,32.508632],[130.59868,32.508646],[130.598704,32.508656],[130.598736,32.508663],[130.598953,32.508659],[130.599213,32.508649],[130.599285,32.508647],[130.599412,32.508656],[130.599448,32.508658],[130.599511,32.508663],[130.600446,32.508617],[130.601064,32.508584],[130.601079,32.508564],[130.601068,32.508158],[130.601079,32.508063],[130.601064,32.507716],[130.601054,32.507427],[130.601047,32.507266],[130.601036,32.507009],[130.601028,32.506945],[130.601016,32.506885],[130.601007,32.506846],[130.60098,32.506799],[130.600931,32.506744],[130.600914,32.506731],[130.600878,32.506705],[130.600796,32.506671],[130.600716,32.506655],[130.600677,32.506656],[130.599641,32.506692],[130.599611,32.506699],[130.599489,32.506683],[130.599462,32.506637],[130.599446,32.506616],[130.599422,32.506601],[130.599334,32.506581],[130.599299,32.506582],[130.598527,32.506617],[130.598515,32.506618],[130.598504,32.506624],[130.598499,32.506642],[130.598592,32.507928],[130.598593,32.507941],[130.598593,32.507945],[130.59863,32.508509]],[[130.599631,32.507307],[130.599828,32.507301],[130.600091,32.507297],[130.600121,32.507704],[130.599923,32.507714],[130.599955,32.508097],[130.599362,32.508134],[130.599278,32.507275],[130.59963,32.507264],[130.599631,32.507307]]]}},{"type":"Feature","properties":{"ParkName":"八代城跡公園","ParkType":"公園","ParkCode":3021,"Pref":"熊本県","Citycode":"43202","Cityname":"八代市","FNDate":"昭和63年12月17日"},"geometry":{"type":"Polygon","coordinates":[[[130.5974,32.50974],[130.597787,32.509707],[130.59802,32.509686],[130.598054,32.509683],[130.598076,32.509682],[130.598243,32.509674],[130.598627,32.509657],[130.599965,32.509626],[130.600309,32.509612],[130.600335,32.509577],[130.600351,32.509555],[130.600345,32.509435],[130.600337,32.50925],[130.600326,32.508979],[130.600324,32.508951],[130.600323,32.50892],[130.600317,32.508768],[130.600115,32.50878],[130.599395,32.508815],[130.599394,32.508816],[130.599267,32.508828],[130.598838,32.508868],[130.598724,32.508873],[130.598654,32.508875],[130.598378,32.508886],[130.597821,32.50892],[130.597762,32.508924],[130.597575,32.508935],[130.5975,32.508935],[130.597453,32.508939],[130.597411,32.508942],[130.597394,32.508946],[130.597377,32.508953],[130.59736,32.508965],[130.597355,32.508969],[130.597338,32.508992],[130.59733,32.509005],[130.597322,32.50902],[130.597316,32.509037],[130.597314,32.509048],[130.597313,32.50906],[130.597318,32.509114],[130.597327,32.509208],[130.597349,32.509364],[130.5974,32.50974]],[[130.598929,32.509298],[130.598925,32.509219],[130.599055,32.509077],[130.599472,32.509059],[130.599495,32.509432],[130.59925,32.509442],[130.599234,32.509354],[130.598932,32.509369],[130.598929,32.509298]]]}},{"type":"Feature","properties":{"ParkName":"泉田公園　","ParkType":"公園","ParkCode":3021,"Pref":"熊本県","Citycode":"43203","Cityname":"人吉市","FNDate":null},"geometry":{"type":"Polygon","coordinates":[[[130.762285,32.217776],[130.762525,32.217725],[130.762415,32.217367],[130.7622,32.21742],[130.762285,32.217776]]]}},{"type":"Feature","properties":{"ParkName":"城本公園","ParkType":"公園","ParkCode":3021,"Pref":"熊本県","Citycode":"43203","Cityname":"人吉市","FNDate":null},"geometry":{"type":"MultiPolygon","coordinates":[[[[130.753516,32.216439],[130.753959,32.216568],[130.754281,32.216648],[130.754467,32.216735],[130.754724,32.216873],[130.754773,32.216808],[130.754547,32.216718],[130.75437,32.216635],[130.753448,32.216326],[130.753101,32.216207],[130.752755,32.216062],[130.752554,32.215968],[130.751608,32.21547],[130.751784,32.215618],[130.751913,32.215725],[130.752018,32.215788],[130.752183,32.215878],[130.752485,32.216006],[130.752912,32.216189],[130.753181,32.216301],[130.753516,32.216439]]],[[[130.752075,32.216025],[130.752441,32.216177],[130.752816,32.216368],[130.753556,32.216694],[130.753874,32.216894],[130.754249,32.217091],[130.754333,32.217139],[130.754398,32.217064],[130.754756,32.217337],[130.754849,32.21722],[130.755212,32.217373],[130.755134,32.217531],[130.7554,32.217648],[130.755573,32.217694],[130.75573,32.217787],[130.755815,32.21789],[130.755858,32.218011],[130.756174,32.217823],[130.755692,32.217347],[130.755516,32.217256],[130.754738,32.216915],[130.754283,32.216676],[130.753965,32.216606],[130.753658,32.216526],[130.753236,32.216362],[130.752756,32.216161],[130.752213,32.215929],[130.751826,32.215724],[130.751541,32.215466],[130.751364,32.215421],[130.751093,32.215403],[130.750419,32.215379],[130.750282,32.215351],[130.750085,32.215282],[130.74985,32.215188],[130.749798,32.215349],[130.75008,32.215446],[130.750386,32.215554],[130.750584,32.215596],[130.750789,32.215631],[130.751217,32.215709],[130.751528,32.215808],[130.752075,32.216025]]]]}},{"type":"Feature","properties":{"ParkName":"相良公園","ParkType":"公園","ParkCode":3021,"Pref":"熊本県","Citycode":"43203","Cityname":"人吉市","FNDate":null},"geometry":{"type":"Polygon","coordinates":[[[130.742803,32.208258],[130.742668,32.208768],[130.742947,32.20881],[130.742991,32.208796],[130.743035,32.208769],[130.743064,32.208714],[130.743073,32.208282],[130.742831,32.208254],[130.742803,32.208258]]]}},{"type":"Feature","properties":{"ParkName":"下新町公園","ParkType":"公園","ParkCode":3021,"Pref":"熊本県","Citycode":"43203","Cityname":"人吉市","FNDate":null},"geometry":{"type":"Polygon","coordinates":[[[130.767877,32.216627],[130.768776,32.216564],[130.768741,32.216278],[130.768256,32.216264],[130.768229,32.2165],[130.767872,32.216538],[130.767877,32.216627]]]}},{"type":"Feature","properties":{"ParkName":"願成寺公園","ParkType":"公園","ParkCode":3021,"Pref":"熊本県","Citycode":"43203","Cityname":"人吉市","FNDate":null},"geometry":{"type":"Polygon","coordinates":[[[130.772301,32.218852],[130.772778,32.218933],[130.772786,32.21861],[130.772328,32.218574],[130.772301,32.218852]]]}},{"type":"Feature","properties":{"ParkName":"瓦屋公園","ParkType":"公園","ParkCode":3021,"Pref":"熊本県","Citycode":"43203","Cityname":"人吉市","FNDate":null},"geometry":{"type":"Polygon","coordinates":[[[130.761112,32.224269],[130.760813,32.223876],[130.760513,32.223601],[130.760304,32.223478],[130.760339,32.223534],[130.760495,32.223866],[130.760608,32.224233],[130.760662,32.224294],[130.760824,32.224304],[130.76092,32.22432],[130.761022,32.224305],[130.761112,32.224269]]]}},{"type":"Feature","properties":{"ParkName":"西間公園","ParkType":"公園","ParkCode":3021,"Pref":"熊本県","Citycode":"43203","Cityname":"人吉市","FNDate":null},"geometry":{"type":"Polygon","coordinates":[[[130.764346,32.199852],[130.764373,32.200159],[130.764402,32.200168],[130.76441,32.200289],[130.764412,32.200342],[130.764454,32.200374],[130.764507,32.200389],[130.76457,32.200383],[130.764617,32.200385],[130.76462,32.200386],[130.76496,32.200056],[130.76519,32.199852],[130.764346,32.199852]]]}},{"type":"Feature","properties":{"ParkName":"中神公園","ParkType":"公園","ParkCode":3021,"Pref":"熊本県","Citycode":"43203","Cityname":"人吉市","FNDate":null},"geometry":{"type":"Polygon","coordinates":[[[130.726157,32.218283],[130.726599,32.218568],[130.726996,32.218179],[130.726791,32.218035],[130.726619,32.217899],[130.726157,32.218283]]]}},{"type":"Feature","properties":{"ParkName":"宝来町公園","ParkType":"公園","ParkCode":3021,"Pref":"熊本県","Citycode":"43203","Cityname":"人吉市","FNDate":null},"geometry":{"type":"Polygon","coordinates":[[[130.747446,32.211489],[130.747026,32.211469],[130.747116,32.211868],[130.747454,32.211731],[130.747446,32.211489]]]}},{"type":"Feature","properties":{"ParkName":"中川原公園","ParkType":"公園","ParkCode":3021,"Pref":"熊本県","Citycode":"43203","Cityname":"人吉市","FNDate":null},"geometry":{"type":"MultiPolygon","coordinates":[[[[130.757567,32.211892],[130.757567,32.211998],[130.757632,32.212062],[130.757948,32.212115],[130.758937,32.212176],[130.759057,32.212213],[130.759177,32.212254],[130.759393,32.212265],[130.759452,32.21172],[130.758923,32.211731],[130.758643,32.21177],[130.758383,32.21178],[130.758097,32.211799],[130.757827,32.211823],[130.75764,32.211814],[130.757567,32.211892]]],[[[130.760699,32.212219],[130.760749,32.21216],[130.760753,32.212111],[130.760753,32.21206],[130.760697,32.211995],[130.760587,32.211938],[130.760368,32.211898],[130.760138,32.211879],[130.759871,32.211873],[130.759792,32.211844],[130.759725,32.211807],[130.759689,32.211781],[130.759642,32.21173],[130.759576,32.212285],[130.759719,32.212305],[130.759872,32.212317],[130.760032,32.212324],[130.760282,32.212302],[130.760465,32.212286],[130.760615,32.212258],[130.760699,32.212219]]]]}},{"type":"Feature","properties":{"ParkName":"石野公園","ParkType":"公園","ParkCode":3021,"Pref":"熊本県","Citycode":"43203","Cityname":"人吉市","FNDate":null},"geometry":{"type":"MultiPolygon","coordinates":[[[[130.787539,32.194018],[130.787626,32.194051],[130.787659,32.194074],[130.787663,32.194077],[130.787718,32.194092],[130.787746,32.1941],[130.78784,32.194129],[130.787918,32.19416],[130.788024,32.194194],[130.788173,32.194229],[130.788192,32.194236],[130.788245,32.194254],[130.788331,32.194263],[130.788429,32.194279],[130.788467,32.194284],[130.788555,32.194292],[130.788683,32.19434],[130.788685,32.194338],[130.788755,32.194331],[130.788856,32.194381],[130.788931,32.194402],[130.78899,32.194426],[130.789008,32.19444],[130.789034,32.194456],[130.789113,32.194477],[130.789149,32.194483],[130.789161,32.194484],[130.7892,32.194487],[130.789268,32.194488],[130.789328,32.194488],[130.789408,32.194484],[130.789461,32.194479],[130.789653,32.194439],[130.789753,32.194383],[130.78978,32.194357],[130.789902,32.194239],[130.78993,32.194213],[130.790018,32.194104],[130.790047,32.194045],[130.790114,32.193989],[130.790172,32.193947],[130.790321,32.193819],[130.790337,32.193807],[130.790415,32.193721],[130.790565,32.193661],[130.790583,32.193654],[130.790642,32.193616],[130.79068,32.193577],[130.790704,32.193568],[130.790705,32.193567],[130.790726,32.193553],[130.790833,32.193483],[130.790877,32.193472],[130.790915,32.193465],[130.790949,32.19346],[130.79103,32.193447],[130.791128,32.193424],[130.791145,32.193421],[130.791256,32.193404],[130.791359,32.193439],[130.79137,32.193445],[130.791512,32.193538],[130.791566,32.193584],[130.791631,32.193554],[130.791712,32.193512],[130.791718,32.193486],[130.791721,32.193461],[130.791724,32.193422],[130.791772,32.193407],[130.791833,32.193386],[130.791918,32.193353],[130.791977,32.193326],[130.79203,32.193294],[130.792186,32.193184],[130.792217,32.193168],[130.792395,32.193117],[130.792679,32.193122],[130.792757,32.193136],[130.792871,32.193137],[130.792941,32.193099],[130.792999,32.193117],[130.793051,32.193151],[130.793095,32.193166],[130.79314,32.19313],[130.793219,32.193015],[130.793221,32.192953],[130.793237,32.192882],[130.793176,32.19279],[130.793133,32.192715],[130.793093,32.192649],[130.793131,32.192613],[130.793203,32.192498],[130.793206,32.192471],[130.793201,32.192444],[130.793209,32.192428],[130.793234,32.192446],[130.79325,32.192465],[130.793275,32.192504],[130.793303,32.192518],[130.793325,32.19251],[130.793353,32.192487],[130.793377,32.192442],[130.793397,32.192332],[130.793426,32.192287],[130.793492,32.192217],[130.793514,32.192179],[130.793506,32.192152],[130.793507,32.192122],[130.793532,32.1921],[130.793543,32.192077],[130.793557,32.192068],[130.793595,32.192048],[130.793673,32.192013],[130.793673,32.192012],[130.793698,32.191984],[130.793797,32.191911],[130.793796,32.191884],[130.793797,32.191863],[130.793801,32.191846],[130.793806,32.191836],[130.793688,32.191697],[130.793495,32.191504],[130.793279,32.191198],[130.79317,32.191108],[130.792925,32.190946],[130.792655,32.190832],[130.792482,32.190807],[130.79232,32.190889],[130.792324,32.190995],[130.792141,32.191097],[130.792041,32.191076],[130.791936,32.191107],[130.791959,32.191265],[130.791894,32.191282],[130.791498,32.191507],[130.791203,32.191502],[130.791368,32.191702],[130.791343,32.191764],[130.791217,32.191869],[130.790934,32.192026],[130.790645,32.192087],[130.790524,32.192131],[130.789958,32.192379],[130.789745,32.192162],[130.78968,32.192186],[130.789536,32.192],[130.789463,32.192055],[130.78935,32.192113],[130.789237,32.192146],[130.78895,32.19218],[130.788885,32.192118],[130.788777,32.192165],[130.788703,32.192252],[130.788601,32.192349],[130.788479,32.19246],[130.788376,32.19255],[130.788278,32.192598],[130.788171,32.192633],[130.788056,32.192647],[130.787958,32.192647],[130.787666,32.192419],[130.787765,32.192301],[130.788007,32.19211],[130.788128,32.191959],[130.788285,32.191731],[130.788486,32.191551],[130.788465,32.19151],[130.788312,32.191573],[130.788293,32.191526],[130.788399,32.191481],[130.788569,32.19138],[130.788737,32.19124],[130.78913,32.191138],[130.789038,32.19097],[130.789314,32.190783],[130.789314,32.190671],[130.789281,32.190393],[130.789186,32.1902],[130.78909,32.190062],[130.789016,32.189974],[130.788932,32.18992],[130.78881,32.18988],[130.788612,32.18993],[130.78853,32.189977],[130.787973,32.189648],[130.788224,32.189387],[130.788167,32.189334],[130.788122,32.189282],[130.787995,32.189216],[130.787889,32.189132],[130.787799,32.189195],[130.787725,32.189219],[130.787664,32.189163],[130.787639,32.189094],[130.787643,32.189031],[130.787545,32.188972],[130.787439,32.188933],[130.787357,32.188957],[130.787274,32.188887],[130.78716,32.188776],[130.787054,32.188846],[130.786758,32.189003],[130.787069,32.189353],[130.78738,32.189726],[130.787638,32.190166],[130.787983,32.190876],[130.787996,32.191014],[130.787956,32.191154],[130.78781,32.191481],[130.787444,32.192045],[130.78687,32.193223],[130.786785,32.193487],[130.786842,32.193703],[130.78699,32.193918],[130.787059,32.193976],[130.787243,32.193823],[130.787313,32.193882],[130.787334,32.193898],[130.787427,32.193962],[130.787443,32.193971],[130.787475,32.193987],[130.787498,32.193999],[130.787539,32.194018]]],[[[130.786915,32.194098],[130.78682,32.194146],[130.786829,32.194148],[130.786836,32.19414],[130.786863,32.194135],[130.78688,32.194131],[130.786888,32.194128],[130.786891,32.194126],[130.786916,32.19411],[130.786926,32.194092],[130.786915,32.194098]]]]}},{"type":"Feature","properties":{"ParkName":"人吉駅前広場","ParkType":"公園","ParkCode":3021,"Pref":"熊本県","Citycode":"43203","Cityname":"人吉市","FNDate":null},"geometry":{"type":"Polygon","coordinates":[[[130.75128,32.214874],[130.753164,32.215755],[130.753258,32.215611],[130.753874,32.215874],[130.754012,32.215659],[130.753577,32.215492],[130.753102,32.215271],[130.753006,32.215208],[130.752652,32.215039],[130.751616,32.214646],[130.751438,32.214591],[130.75128,32.214874]]]}},{"type":"Feature","properties":{"ParkName":"村山公園","ParkType":"公園","ParkCode":3021,"Pref":"熊本県","Citycode":"43203","Cityname":"人吉市","FNDate":null},"geometry":{"type":"Polygon","coordinates":[[[130.747636,32.218846],[130.74759,32.218845],[130.747584,32.218845],[130.747548,32.218849],[130.747513,32.218857],[130.747885,32.220057],[130.74774,32.220097],[130.747552,32.220163],[130.747488,32.220242],[130.747504,32.220334],[130.747654,32.220404],[130.747884,32.220491],[130.748058,32.220633],[130.748095,32.220772],[130.748049,32.220933],[130.747888,32.221029],[130.747597,32.221127],[130.747123,32.221192],[130.747033,32.22121],[130.746983,32.2212],[130.746913,32.221125],[130.746778,32.220696],[130.746616,32.220795],[130.746546,32.220795],[130.746514,32.220784],[130.746454,32.220856],[130.746277,32.220866],[130.745843,32.220971],[130.745972,32.221313],[130.745805,32.221379],[130.746104,32.221794],[130.745625,32.221933],[130.745769,32.2222],[130.745999,32.222605],[130.746046,32.222694],[130.746188,32.22265],[130.74624,32.222788],[130.746631,32.222379],[130.746856,32.222507],[130.74879,32.223654],[130.748833,32.223772],[130.74913,32.223898],[130.749214,32.223913],[130.749755,32.223964],[130.750037,32.223883],[130.750081,32.224042],[130.750566,32.224049],[130.750687,32.224],[130.750717,32.224264],[130.750686,32.224294],[130.750666,32.22433],[130.750679,32.224434],[130.750704,32.22452],[130.750748,32.224759],[130.750904,32.22477],[130.750938,32.224882],[130.751121,32.224691],[130.751287,32.224659],[130.751533,32.225233],[130.751504,32.225287],[130.751501,32.225343],[130.751544,32.225435],[130.751528,32.2255],[130.751532,32.225519],[130.751544,32.225591],[130.751608,32.225686],[130.751675,32.225716],[130.751751,32.225732],[130.751833,32.225727],[130.751877,32.225755],[130.751912,32.225767],[130.751941,32.22577],[130.751994,32.225758],[130.752293,32.22563],[130.752657,32.225408],[130.752706,32.225342],[130.752733,32.225235],[130.752734,32.225145],[130.752768,32.224769],[130.752757,32.22466],[130.752657,32.224477],[130.752608,32.224297],[130.752606,32.224118],[130.75261,32.223948],[130.752618,32.223684],[130.752616,32.223527],[130.752583,32.223228],[130.752546,32.223068],[130.752505,32.222948],[130.752345,32.222716],[130.752287,32.222445],[130.752293,32.22218],[130.752396,32.221499],[130.752371,32.220911],[130.752202,32.220619],[130.752202,32.220618],[130.752201,32.220618],[130.752201,32.220618],[130.752103,32.220437],[130.751972,32.220345],[130.751839,32.220253],[130.751835,32.22025],[130.751832,32.220247],[130.751829,32.220244],[130.751441,32.219821],[130.751438,32.219817],[130.751435,32.219813],[130.751433,32.21981],[130.751133,32.219234],[130.751132,32.219232],[130.751131,32.21923],[130.75113,32.219228],[130.75085,32.218435],[130.750849,32.218433],[130.750848,32.218431],[130.750848,32.218429],[130.75084,32.218386],[130.750815,32.218373],[130.750792,32.218356],[130.750776,32.218316],[130.750761,32.218286],[130.750747,32.218264],[130.750734,32.21825],[130.750707,32.21823],[130.750605,32.218158],[130.750576,32.218134],[130.750556,32.218109],[130.750535,32.218073],[130.750517,32.218032],[130.750502,32.217978],[130.750496,32.217968],[130.750485,32.217956],[130.750472,32.217947],[130.75046,32.217943],[130.750435,32.217941],[130.750421,32.217942],[130.750405,32.217946],[130.75039,32.217954],[130.75035,32.21798],[130.750277,32.218035],[130.750165,32.21811],[130.750137,32.218129],[130.750106,32.218145],[130.750059,32.218162],[130.750003,32.218172],[130.75,32.218172],[130.749951,32.218176],[130.74984,32.218179],[130.749805,32.218183],[130.749777,32.218191],[130.749747,32.218204],[130.749706,32.218227],[130.749675,32.218249],[130.749641,32.218274],[130.749595,32.218312],[130.749511,32.218384],[130.749396,32.218497],[130.74935,32.218546],[130.749325,32.21857],[130.749298,32.218593],[130.74927,32.21861],[130.749239,32.218626],[130.749191,32.218643],[130.749043,32.218682],[130.748991,32.218693],[130.748935,32.218704],[130.748903,32.218707],[130.74887,32.218709],[130.74883,32.21871],[130.748783,32.218709],[130.748718,32.218706],[130.748444,32.218675],[130.748416,32.218671],[130.748383,32.218669],[130.748358,32.218668],[130.748339,32.218669],[130.74832,32.218672],[130.7483,32.218678],[130.748279,32.218686],[130.74827,32.218692],[130.74826,32.218697],[130.74823,32.218721],[130.748125,32.218807],[130.748096,32.218829],[130.748065,32.218845],[130.748032,32.218858],[130.747993,32.218865],[130.747967,32.218868],[130.747912,32.218866],[130.747636,32.218846]]]}},{"type":"Feature","properties":{"ParkName":"人吉城跡公園","ParkType":"公園","ParkCode":3021,"Pref":"熊本県","Citycode":"43203","Cityname":"人吉市","FNDate":null},"geometry":{"type":"MultiPolygon","coordinates":[[[[130.76145,32.211241],[130.761199,32.211187],[130.76106,32.210812],[130.76106,32.210765],[130.761105,32.210643],[130.761226,32.210481],[130.761319,32.210337],[130.761385,32.210237],[130.761437,32.210175],[130.761489,32.210125],[130.761563,32.210063],[130.761599,32.210025],[130.761412,32.209945],[130.761331,32.210027],[130.761095,32.210343],[130.760886,32.210681],[130.760768,32.210646],[130.760568,32.210957],[130.760666,32.210981],[130.760633,32.211078],[130.761089,32.21118],[130.761101,32.211229],[130.762046,32.21143],[130.762062,32.211475],[130.763154,32.211681],[130.763137,32.211723],[130.763422,32.211788],[130.763423,32.211763],[130.763375,32.211742],[130.763232,32.211692],[130.763243,32.211657],[130.762989,32.211585],[130.762521,32.211475],[130.761928,32.211333],[130.76145,32.211241]]],[[[130.76226,32.211265],[130.763081,32.211516],[130.763103,32.211545],[130.763229,32.211464],[130.763207,32.211435],[130.763293,32.210673],[130.763223,32.210529],[130.763076,32.210472],[130.762954,32.210425],[130.762789,32.210415],[130.762586,32.210446],[130.762435,32.210496],[130.76232,32.210571],[130.762221,32.210655],[130.762121,32.210814],[130.762062,32.210964],[130.762062,32.211052],[130.762087,32.211167],[130.76226,32.211265]]],[[[130.767246,32.213033],[130.767881,32.213172],[130.768321,32.213202],[130.768831,32.213454],[130.769045,32.213493],[130.769248,32.213531],[130.769572,32.213506],[130.769761,32.213535],[130.769886,32.213518],[130.770055,32.21348],[130.77037,32.213664],[130.770492,32.213532],[130.770548,32.213254],[130.770557,32.213105],[130.770398,32.212874],[130.770103,32.212603],[130.769889,32.212297],[130.769594,32.212256],[130.769148,32.212154],[130.768758,32.211882],[130.768064,32.211935],[130.76796,32.211996],[130.767959,32.211994],[130.767944,32.211968],[130.767937,32.211914],[130.767579,32.211575],[130.767499,32.211527],[130.76742,32.21133],[130.767253,32.211059],[130.767046,32.210828],[130.766848,32.210597],[130.766697,32.210333],[130.766562,32.210122],[130.766419,32.209912],[130.764617,32.209861],[130.764522,32.209895],[130.763637,32.209866],[130.763627,32.209866],[130.763607,32.210322],[130.763582,32.211149],[130.763557,32.211148],[130.763582,32.211149],[130.763582,32.21115],[130.763549,32.211799],[130.763523,32.211798],[130.763536,32.211798],[130.763536,32.211799],[130.763536,32.211803],[130.763535,32.211814],[130.763565,32.211821],[130.76409,32.211995],[130.764127,32.211915],[130.764278,32.211976],[130.76422,32.212144],[130.765295,32.212509],[130.765349,32.212435],[130.765662,32.212534],[130.765655,32.21262],[130.766764,32.212982],[130.766994,32.212945],[130.767246,32.213033]]]]}},{"type":"Feature","properties":{"ParkName":"境崎公園","ParkType":"公園","ParkCode":3021,"Pref":"熊本県","Citycode":"43204","Cityname":"荒尾市","FNDate":"昭和56年"},"geometry":{"type":"Polygon","coordinates":[[[130.435287,32.994902],[130.435285,32.994874],[130.435242,32.994177],[130.43515,32.994185],[130.435132,32.994205],[130.435146,32.994325],[130.435159,32.994515],[130.435159,32.994555],[130.435168,32.994715],[130.435169,32.99474],[130.435178,32.994881],[130.435183,32.994966],[130.435188,32.995069],[130.435262,32.995075],[130.435293,32.995013],[130.435287,32.994902]]]}},{"type":"Feature","properties":{"ParkName":"住吉南公園","ParkType":"公園","ParkCode":3021,"Pref":"熊本県","Citycode":"43204","Cityname":"荒尾市","FNDate":"平成11年"},"geometry":{"type":"Polygon","coordinates":[[[130.443401,32.990282],[130.443401,32.990282],[130.443413,32.990289],[130.44358,32.990364],[130.443679,32.990409],[130.443827,32.990472],[130.443943,32.99053],[130.444002,32.99045],[130.444011,32.990429],[130.443994,32.990424],[130.44389,32.99037],[130.443824,32.990334],[130.443727,32.990271],[130.443617,32.990185],[130.443582,32.990153],[130.443575,32.990147],[130.443401,32.990282]]]}},{"type":"Feature","properties":{"ParkName":"住吉北公園","ParkType":"公園","ParkCode":3021,"Pref":"熊本県","Citycode":"43204","Cityname":"荒尾市","FNDate":"平成10年"},"geometry":{"type":"Polygon","coordinates":[[[130.442788,32.991522],[130.442766,32.991499],[130.442745,32.991477],[130.442743,32.991474],[130.442541,32.991265],[130.44251,32.991269],[130.442481,32.991329],[130.442382,32.991554],[130.442387,32.991583],[130.442513,32.991712],[130.442788,32.991522]]]}},{"type":"Feature","properties":{"ParkName":"水野公園","ParkType":"公園","ParkCode":3021,"Pref":"熊本県","Citycode":"43204","Cityname":"荒尾市","FNDate":"平成9年"},"geometry":{"type":"Polygon","coordinates":[[[130.458209,32.959285],[130.4582,32.959247],[130.458189,32.95923],[130.458109,32.959124],[130.458094,32.959115],[130.458027,32.95908],[130.457956,32.959038],[130.457819,32.958948],[130.457762,32.958852],[130.457806,32.958731],[130.457801,32.958647],[130.457777,32.958618],[130.456451,32.958842],[130.456466,32.958978],[130.456468,32.959107],[130.456471,32.95915],[130.456478,32.959184],[130.456491,32.95922],[130.456516,32.959253],[130.456541,32.959273],[130.456578,32.95929],[130.456619,32.959303],[130.456657,32.959313],[130.456698,32.959298],[130.456733,32.959288],[130.456767,32.959279],[130.456808,32.959269],[130.456958,32.959239],[130.457023,32.959233],[130.457125,32.959209],[130.45716,32.959187],[130.457191,32.959172],[130.457125,32.959115],[130.457049,32.959069],[130.457072,32.959053],[130.457066,32.959033],[130.45712,32.959023],[130.457202,32.959025],[130.457411,32.959042],[130.457455,32.959069],[130.457508,32.959132],[130.457501,32.959217],[130.457499,32.959243],[130.457508,32.959411],[130.457459,32.959403],[130.457345,32.959367],[130.457335,32.959388],[130.457331,32.959428],[130.457487,32.959458],[130.457601,32.959476],[130.457706,32.959505],[130.457855,32.959523],[130.457936,32.959526],[130.457971,32.959528],[130.458265,32.959593],[130.458278,32.959558],[130.458278,32.9595],[130.458262,32.959448],[130.458243,32.959408],[130.458227,32.959377],[130.458211,32.95935],[130.458209,32.959285]]]}},{"type":"Feature","properties":{"ParkName":"中央緑地","ParkType":"緑地","ParkCode":3022,"Pref":"熊本県","Citycode":"43204","Cityname":"荒尾市","FNDate":"昭和56年"},"geometry":{"type":"Polygon","coordinates":[[[130.451908,32.97537],[130.451422,32.975231],[130.450706,32.975022],[130.450675,32.975107],[130.450793,32.975139],[130.45135,32.975296],[130.45152,32.975342],[130.45165,32.975377],[130.451879,32.975438],[130.451908,32.97537]]]}},{"type":"Feature","properties":{"ParkName":"中央緑地","ParkType":"緑地","ParkCode":3022,"Pref":"熊本県","Citycode":"43204","Cityname":"荒尾市","FNDate":"昭和56年"},"geometry":{"type":"Polygon","coordinates":[[[130.454749,32.976331],[130.454049,32.97609],[130.45318,32.975789],[130.45231,32.9755],[130.451996,32.975402],[130.451967,32.97547],[130.452223,32.975559],[130.45271,32.975724],[130.453293,32.975921],[130.453633,32.976034],[130.454331,32.97627],[130.45482,32.976436],[130.454857,32.976366],[130.454749,32.976331]]]}},{"type":"Feature","properties":{"ParkName":"東屋形一丁目公園","ParkType":"公園","ParkCode":3021,"Pref":"熊本県","Citycode":"43204","Cityname":"荒尾市","FNDate":"平成16年"},"geometry":{"type":"Polygon","coordinates":[[[130.448347,32.984048],[130.448357,32.983951],[130.448568,32.983971],[130.448655,32.983997],[130.44867,32.984],[130.448694,32.984001],[130.448803,32.983994],[130.448799,32.983935],[130.448413,32.98385],[130.448385,32.983843],[130.448343,32.983834],[130.448339,32.983833],[130.447852,32.983722],[130.447689,32.983683],[130.447661,32.983697],[130.447633,32.983812],[130.447626,32.98384],[130.447616,32.983882],[130.448067,32.983985],[130.448347,32.984048]]]}},{"type":"Feature","properties":{"ParkName":"東屋形中央公園","ParkType":"公園","ParkCode":3021,"Pref":"熊本県","Citycode":"43204","Cityname":"荒尾市","FNDate":"平成12年"},"geometry":{"type":"Polygon","coordinates":[[[130.45178,32.983981],[130.451892,32.983638],[130.451908,32.983591],[130.451837,32.983617],[130.451508,32.983741],[130.451422,32.98377],[130.451307,32.983812],[130.451281,32.983823],[130.451272,32.98383],[130.451268,32.983836],[130.451267,32.983842],[130.451269,32.983851],[130.451275,32.983861],[130.45128,32.983865],[130.451288,32.983869],[130.451511,32.983919],[130.45178,32.983981]]]}},{"type":"Feature","properties":{"ParkName":"東屋形南公園","ParkType":"公園","ParkCode":3021,"Pref":"熊本県","Citycode":"43204","Cityname":"荒尾市","FNDate":"平成13年"},"geometry":{"type":"Polygon","coordinates":[[[130.45309,32.98075],[130.453266,32.980686],[130.453453,32.980619],[130.453438,32.980589],[130.453425,32.980564],[130.453398,32.980509],[130.45338,32.980475],[130.453354,32.980459],[130.453056,32.980443],[130.452967,32.980438],[130.452948,32.980459],[130.453085,32.980741],[130.45309,32.98075]]]}},{"type":"Feature","properties":{"ParkName":"東屋形北公園","ParkType":"公園","ParkCode":3021,"Pref":"熊本県","Citycode":"43204","Cityname":"荒尾市","FNDate":"平成14年"},"geometry":{"type":"Polygon","coordinates":[[[130.452105,32.984693],[130.452084,32.98485],[130.452053,32.985063],[130.452042,32.985127],[130.452383,32.985165],[130.452394,32.985104],[130.452401,32.98505],[130.452419,32.984924],[130.452439,32.984783],[130.452427,32.984768],[130.452396,32.984761],[130.452131,32.984699],[130.452112,32.984695],[130.452105,32.984693]]]}},{"type":"Feature","properties":{"ParkName":"緑ヶ丘1号公園","ParkType":"公園","ParkCode":3021,"Pref":"熊本県","Citycode":"43204","Cityname":"荒尾市","FNDate":"平成8年"},"geometry":{"type":"Polygon","coordinates":[[[130.471456,32.985346],[130.471454,32.985355],[130.47141,32.985525],[130.471385,32.985651],[130.471492,32.985618],[130.4715,32.985616],[130.47165,32.98558],[130.471862,32.985518],[130.471948,32.985494],[130.472038,32.98547],[130.472042,32.985467],[130.472044,32.985463],[130.472043,32.985458],[130.472038,32.985453],[130.471939,32.985433],[130.471889,32.985423],[130.471509,32.985355],[130.471456,32.985346],[130.471456,32.985346]]]}},{"type":"Feature","properties":{"ParkName":"緑ヶ丘2号公園","ParkType":"公園","ParkCode":3021,"Pref":"熊本県","Citycode":"43204","Cityname":"荒尾市","FNDate":"平成8年"},"geometry":{"type":"Polygon","coordinates":[[[130.473529,32.984969],[130.473499,32.985054],[130.473397,32.985275],[130.473805,32.985365],[130.473938,32.985389],[130.473973,32.985372],[130.473976,32.985366],[130.474075,32.985137],[130.474059,32.985106],[130.473879,32.985059],[130.473838,32.985048],[130.47378,32.985033],[130.473529,32.984969]]]}},{"type":"Feature","properties":{"ParkName":"緑ヶ丘3号公園","ParkType":"公園","ParkCode":3021,"Pref":"熊本県","Citycode":"43204","Cityname":"荒尾市","FNDate":"平成8年"},"geometry":{"type":"Polygon","coordinates":[[[130.475858,32.985803],[130.47576,32.985927],[130.475682,32.986021],[130.475702,32.986032],[130.475797,32.986085],[130.475822,32.986099],[130.475854,32.986118],[130.475867,32.986126],[130.475911,32.986148],[130.475984,32.986187],[130.476038,32.986214],[130.476079,32.9862],[130.476144,32.986061],[130.476167,32.986016],[130.476181,32.985989],[130.476172,32.98596],[130.476049,32.985896],[130.475927,32.985831],[130.475921,32.985827],[130.475897,32.985815],[130.475861,32.985796],[130.475858,32.985803]]]}},{"type":"Feature","properties":{"ParkName":"緑ヶ丘4号公園","ParkType":"公園","ParkCode":3021,"Pref":"熊本県","Citycode":"43204","Cityname":"荒尾市","FNDate":"平成8年"},"geometry":{"type":"Polygon","coordinates":[[[130.4789,32.986204],[130.478926,32.986178],[130.47895,32.986163],[130.478937,32.986153],[130.478924,32.98612],[130.478916,32.986091],[130.478909,32.98608],[130.478897,32.986063],[130.478845,32.985992],[130.478801,32.985931],[130.47874,32.985852],[130.47869,32.985787],[130.478673,32.985775],[130.478647,32.985725],[130.47861,32.985671],[130.47858,32.985633],[130.478563,32.985633],[130.478541,32.985631],[130.478521,32.985649],[130.47849,32.985672],[130.478473,32.985683],[130.478457,32.985694],[130.478441,32.985705],[130.478405,32.985823],[130.478375,32.98591],[130.478413,32.985925],[130.478559,32.985992],[130.478568,32.985996],[130.478662,32.986043],[130.478756,32.986102],[130.478818,32.98615],[130.478876,32.986187],[130.4789,32.986204]]]}},{"type":"Feature","properties":{"ParkName":"緑ヶ丘5号公園","ParkType":"公園","ParkCode":3021,"Pref":"熊本県","Citycode":"43204","Cityname":"荒尾市","FNDate":"平成8年"},"geometry":{"type":"Polygon","coordinates":[[[130.478362,32.98724],[130.478492,32.987312],[130.478649,32.987398],[130.478826,32.987498],[130.478856,32.987488],[130.478912,32.98737],[130.478896,32.987346],[130.478863,32.987327],[130.478832,32.987305],[130.478792,32.98727],[130.478745,32.987221],[130.478715,32.987196],[130.478592,32.987082],[130.478527,32.987027],[130.478526,32.987026],[130.478462,32.987113],[130.478381,32.987215],[130.478362,32.98724]]]}},{"type":"Feature","properties":{"ParkName":"高浜公園","ParkType":"公園","ParkCode":3021,"Pref":"熊本県","Citycode":"43204","Cityname":"荒尾市","FNDate":"昭和58年"},"geometry":{"type":"Polygon","coordinates":[[[130.460556,32.94406],[130.46056,32.94406],[130.460567,32.944064],[130.460722,32.944072],[130.460781,32.944083],[130.4608,32.944111],[130.460821,32.944134],[130.460965,32.944187],[130.46098,32.944191],[130.461082,32.9442],[130.46115,32.944182],[130.4612,32.944159],[130.461238,32.944119],[130.461255,32.944092],[130.461196,32.943909],[130.461181,32.943825],[130.461169,32.943691],[130.461062,32.943723],[130.461003,32.943728],[130.4609,32.943721],[130.460723,32.943607],[130.460638,32.94354],[130.460636,32.94354],[130.460602,32.943754],[130.46059,32.943802],[130.460576,32.943833],[130.460552,32.943873],[130.460506,32.943931],[130.460596,32.943927],[130.460582,32.943986],[130.460556,32.94406]]]}},{"type":"Feature","properties":{"ParkName":"東屋形三丁目公園","ParkType":"公園","ParkCode":3021,"Pref":"熊本県","Citycode":"43204","Cityname":"荒尾市","FNDate":null},"geometry":{"type":"Polygon","coordinates":[[[130.455385,32.982602],[130.455374,32.982583],[130.455375,32.982556],[130.455405,32.982516],[130.455444,32.982477],[130.4555,32.982374],[130.45554,32.982356],[130.455555,32.982351],[130.455537,32.982311],[130.455548,32.982271],[130.455556,32.982251],[130.455426,32.982298],[130.455311,32.982338],[130.45515,32.982398],[130.454929,32.98248],[130.454717,32.982558],[130.454539,32.982624],[130.454664,32.982866],[130.454766,32.982849],[130.454794,32.982793],[130.454808,32.982758],[130.45483,32.982675],[130.45485,32.982585],[130.454863,32.982527],[130.454899,32.982513],[130.455086,32.982589],[130.45512,32.982531],[130.455385,32.982602]]]}},{"type":"Feature","properties":{"ParkName":"中央公園","ParkType":"公園","ParkCode":3021,"Pref":"熊本県","Citycode":"43204","Cityname":"荒尾市","FNDate":"昭和40年"},"geometry":{"type":"Polygon","coordinates":[[[130.458841,32.978402],[130.459277,32.978486],[130.459445,32.978516],[130.459507,32.978293],[130.45951,32.97828],[130.459519,32.978247],[130.45954,32.978162],[130.459581,32.977995],[130.458983,32.977878],[130.458955,32.977899],[130.458948,32.977904],[130.45893,32.977976],[130.458889,32.978133],[130.458883,32.978155],[130.458876,32.978186],[130.458825,32.97838],[130.458824,32.978386],[130.458827,32.978393],[130.458831,32.978398],[130.458841,32.978402]]]}},{"type":"Feature","properties":{"ParkName":"洗池公園","ParkType":"公園","ParkCode":3021,"Pref":"熊本県","Citycode":"43204","Cityname":"荒尾市","FNDate":"昭和52年"},"geometry":{"type":"Polygon","coordinates":[[[130.462228,32.975736],[130.462176,32.975779],[130.46215,32.975802],[130.462108,32.975853],[130.462023,32.975958],[130.46198,32.976008],[130.461936,32.976045],[130.4619,32.976068],[130.461867,32.976086],[130.462028,32.976247],[130.46219,32.976139],[130.462329,32.976042],[130.462433,32.975971],[130.46244,32.975963],[130.46225,32.975759],[130.462228,32.975736]]]}},{"type":"Feature","properties":{"ParkName":"大和公園","ParkType":"公園","ParkCode":3021,"Pref":"熊本県","Citycode":"43204","Cityname":"荒尾市","FNDate":"昭和47年"},"geometry":{"type":"Polygon","coordinates":[[[130.472171,32.980579],[130.472125,32.980354],[130.471975,32.980374],[130.4718,32.980394],[130.471804,32.98044],[130.471576,32.980471],[130.47157,32.980475],[130.471857,32.980786],[130.471985,32.980924],[130.471997,32.98092],[130.472013,32.980916],[130.472047,32.980906],[130.472166,32.980871],[130.472188,32.98082],[130.472187,32.98077],[130.472181,32.980715],[130.472171,32.980579]]]}},{"type":"Feature","properties":{"ParkName":"大平公園","ParkType":"公園","ParkCode":3021,"Pref":"熊本県","Citycode":"43204","Cityname":"荒尾市","FNDate":"昭和44年"},"geometry":{"type":"Polygon","coordinates":[[[130.439038,32.991268],[130.439086,32.991274],[130.439115,32.991143],[130.43915,32.990996],[130.439244,32.990905],[130.439274,32.990791],[130.439523,32.990547],[130.439482,32.990519],[130.439116,32.990275],[130.439107,32.99027],[130.4391,32.990268],[130.439091,32.990266],[130.439086,32.990265],[130.439082,32.990266],[130.43908,32.990266],[130.438851,32.990503],[130.438843,32.990498],[130.438831,32.990512],[130.438923,32.990581],[130.438915,32.99058],[130.438907,32.990582],[130.438879,32.9906],[130.438856,32.990628],[130.438811,32.99072],[130.438804,32.990758],[130.438807,32.990804],[130.438831,32.990923],[130.438854,32.991009],[130.438859,32.991022],[130.438875,32.991032],[130.438956,32.991079],[130.438979,32.991101],[130.438993,32.99112],[130.439004,32.991144],[130.439011,32.991163],[130.439018,32.991178],[130.439022,32.991187],[130.439024,32.991187],[130.439026,32.991187],[130.439038,32.991268]]]}},{"type":"Feature","properties":{"ParkName":"万田公園","ParkType":"公園","ParkCode":3021,"Pref":"熊本県","Citycode":"43204","Cityname":"荒尾市","FNDate":"昭和49年"},"geometry":{"type":"Polygon","coordinates":[[[130.451982,32.999477],[130.451908,33.00002],[130.451906,33.000049],[130.451909,33.000082],[130.451915,33.000138],[130.451922,33.000182],[130.451934,33.000241],[130.45198,33.000471],[130.451987,33.000538],[130.451991,33.000596],[130.451992,33.000615],[130.45199,33.000637],[130.451988,33.000653],[130.451979,33.00069],[130.451993,33.000721],[130.452003,33.000742],[130.452023,33.00078],[130.452036,33.000789],[130.452146,33.000802],[130.452258,33.000821],[130.452271,33.000757],[130.452606,33.000378],[130.452599,33.000378],[130.452492,33.000345],[130.452361,33.000307],[130.452272,33.000293],[130.452235,33.000239],[130.452343,32.999657],[130.452361,32.999568],[130.452338,32.999517],[130.452055,32.999481],[130.451982,32.999477]]]}},{"type":"Feature","properties":{"ParkName":"桜山西公園","ParkType":"公園","ParkCode":3021,"Pref":"熊本県","Citycode":"43204","Cityname":"荒尾市","FNDate":"昭和48年"},"geometry":{"type":"Polygon","coordinates":[[[130.455978,32.965515],[130.455681,32.965539],[130.45563,32.965543],[130.455518,32.965554],[130.455503,32.965567],[130.455463,32.965853],[130.45548,32.965871],[130.455875,32.965907],[130.455989,32.965917],[130.45601,32.965903],[130.456023,32.965819],[130.456053,32.965601],[130.45606,32.965562],[130.455978,32.965572],[130.455978,32.965515]]]}},{"type":"Feature","properties":{"ParkName":"桜山東公園","ParkType":"公園","ParkCode":3021,"Pref":"熊本県","Citycode":"43204","Cityname":"荒尾市","FNDate":"昭和45年"},"geometry":{"type":"Polygon","coordinates":[[[130.459011,32.966093],[130.458968,32.966093],[130.45895,32.966245],[130.458934,32.966374],[130.45892,32.966509],[130.459067,32.966522],[130.459262,32.96654],[130.459489,32.966562],[130.459592,32.966573],[130.459617,32.966557],[130.459641,32.96637],[130.459669,32.966152],[130.459308,32.966121],[130.459011,32.966093]]]}},{"type":"Feature","properties":{"ParkName":"四ツ山山の下公園","ParkType":"公園","ParkCode":3021,"Pref":"熊本県","Citycode":"43204","Cityname":"荒尾市","FNDate":"昭和43年"},"geometry":{"type":"Polygon","coordinates":[[[130.427074,33.00386],[130.427154,33.003866],[130.427617,33.003892],[130.42763,33.00389],[130.427642,33.003881],[130.427728,33.003544],[130.427723,33.003528],[130.427711,33.003521],[130.427371,33.003493],[130.427346,33.003508],[130.427233,33.003651],[130.427192,33.003706],[130.427074,33.00386]]]}},{"type":"Feature","properties":{"ParkName":"四ツ山中央公園","ParkType":"公園","ParkCode":3021,"Pref":"熊本県","Citycode":"43204","Cityname":"荒尾市","FNDate":"昭和32年"},"geometry":{"type":"Polygon","coordinates":[[[130.429119,33.003306],[130.429104,33.003303],[130.429094,33.003304],[130.429081,33.003312],[130.429078,33.00332],[130.429073,33.003395],[130.42904,33.003824],[130.42913,33.003825],[130.429134,33.003879],[130.429158,33.003901],[130.42969,33.003515],[130.429695,33.003509],[130.429694,33.003502],[130.429677,33.003493],[130.429197,33.003333],[130.429119,33.003306]]]}},{"type":"Feature","properties":{"ParkName":"西原公園","ParkType":"公園","ParkCode":3021,"Pref":"熊本県","Citycode":"43204","Cityname":"荒尾市","FNDate":"昭和41年"},"geometry":{"type":"Polygon","coordinates":[[[130.435078,33.0045],[130.435348,33.004479],[130.435353,33.004476],[130.435356,33.004473],[130.435359,33.004468],[130.435359,33.004461],[130.435273,33.004163],[130.435236,33.004019],[130.435235,33.004016],[130.435233,33.004013],[130.435231,33.004011],[130.435228,33.004008],[130.435224,33.004007],[130.435222,33.004006],[130.43522,33.004006],[130.435219,33.004006],[130.434926,33.004045],[130.434921,33.004049],[130.434916,33.004054],[130.434914,33.004057],[130.434913,33.004063],[130.434914,33.004068],[130.435055,33.004495],[130.43506,33.004497],[130.435065,33.004499],[130.435071,33.0045],[130.435078,33.0045]]]}},{"type":"Feature","properties":{"ParkName":"大島公園","ParkType":"公園","ParkCode":3021,"Pref":"熊本県","Citycode":"43204","Cityname":"荒尾市","FNDate":"昭和42年"},"geometry":{"type":"Polygon","coordinates":[[[130.430997,32.995981],[130.430983,32.995995],[130.430949,32.996206],[130.430912,32.996472],[130.430892,32.99662],[130.430866,32.996809],[130.430848,32.996926],[130.430862,32.996941],[130.431014,32.996932],[130.43103,32.996931],[130.431069,32.996743],[130.431085,32.996657],[130.431112,32.996438],[130.43113,32.996174],[130.431137,32.996015],[130.431136,32.996004],[130.431133,32.995993],[130.431131,32.995989],[130.430997,32.995981]]]}},{"type":"Feature","properties":{"ParkName":"八幡北公園","ParkType":"公園","ParkCode":3021,"Pref":"熊本県","Citycode":"43204","Cityname":"荒尾市","FNDate":"昭和51年"},"geometry":{"type":"Polygon","coordinates":[[[130.481469,32.968922],[130.481444,32.968799],[130.481434,32.96872],[130.48142,32.968722],[130.48138,32.968729],[130.481359,32.968729],[130.48133,32.968728],[130.481142,32.968719],[130.481121,32.968718],[130.480974,32.968711],[130.48096,32.968709],[130.480953,32.968708],[130.480947,32.968706],[130.480943,32.968704],[130.48094,32.968699],[130.480938,32.968694],[130.480934,32.968684],[130.480913,32.968604],[130.480908,32.968587],[130.48083,32.968601],[130.480691,32.968626],[130.480665,32.96863],[130.480644,32.968633],[130.480623,32.968636],[130.480698,32.968938],[130.480701,32.968942],[130.480705,32.968946],[130.480709,32.968947],[130.480714,32.968948],[130.480722,32.968948],[130.481158,32.968925],[130.481347,32.968946],[130.481469,32.968922],[130.481469,32.968922]]]}},{"type":"Feature","properties":{"ParkName":"八幡中央公園","ParkType":"公園","ParkCode":3021,"Pref":"熊本県","Citycode":"43204","Cityname":"荒尾市","FNDate":"昭和50年"},"geometry":{"type":"Polygon","coordinates":[[[130.483468,32.964928],[130.48304,32.964887],[130.483015,32.965125],[130.483029,32.965139],[130.483425,32.965171],[130.483444,32.965157],[130.483461,32.964993],[130.483468,32.964928]]]}},{"type":"Feature","properties":{"ParkName":"荒尾運動公園","ParkType":"公園","ParkCode":3021,"Pref":"熊本県","Citycode":"43204","Cityname":"荒尾市","FNDate":"昭和36年"},"geometry":{"type":"Polygon","coordinates":[[[130.465992,32.981696],[130.466327,32.98145],[130.46658,32.981252],[130.466662,32.981155],[130.4667,32.981091],[130.466717,32.981046],[130.466754,32.98091],[130.466802,32.980741],[130.466828,32.980598],[130.466916,32.980199],[130.466828,32.980205],[130.466789,32.980199],[130.466728,32.980205],[130.466601,32.980221],[130.466561,32.980236],[130.466542,32.980248],[130.466347,32.980262],[130.466255,32.980281],[130.466133,32.980319],[130.465943,32.980278],[130.465832,32.98025],[130.465776,32.98023],[130.465704,32.980192],[130.46552,32.980071],[130.465468,32.980034],[130.465356,32.979947],[130.465264,32.979883],[130.465198,32.979844],[130.46513,32.979811],[130.465059,32.979784],[130.465005,32.979766],[130.464969,32.979757],[130.464896,32.97974],[130.464826,32.979723],[130.46472,32.979698],[130.464648,32.979682],[130.464551,32.979658],[130.464502,32.979645],[130.464435,32.979627],[130.464386,32.979613],[130.464357,32.979605],[130.464296,32.979592],[130.464174,32.979568],[130.464027,32.979535],[130.463862,32.979498],[130.463712,32.979468],[130.463639,32.979456],[130.463613,32.979456],[130.463569,32.979465],[130.463533,32.979467],[130.463498,32.979455],[130.463461,32.979417],[130.463438,32.979395],[130.46328,32.979367],[130.463082,32.979331],[130.462897,32.979298],[130.462878,32.97929],[130.462819,32.979532],[130.462662,32.979533],[130.462521,32.979541],[130.462381,32.979548],[130.462301,32.979547],[130.46225,32.979536],[130.462226,32.97953],[130.462195,32.979523],[130.462163,32.979515],[130.46213,32.979506],[130.4621,32.979497],[130.46207,32.979485],[130.462041,32.979471],[130.462015,32.979457],[130.461989,32.979442],[130.461964,32.979425],[130.461937,32.979405],[130.461907,32.979383],[130.461873,32.979366],[130.461836,32.979352],[130.461763,32.979331],[130.46165,32.979309],[130.461492,32.979282],[130.461331,32.979253],[130.461199,32.979228],[130.461088,32.979205],[130.46088,32.980711],[130.461043,32.981385],[130.46099,32.981387],[130.460863,32.981403],[130.460671,32.98144],[130.460473,32.981512],[130.460158,32.981626],[130.459786,32.981756],[130.459651,32.981802],[130.4595,32.981852],[130.459429,32.981885],[130.459367,32.981913],[130.459331,32.981942],[130.459323,32.982057],[130.45922,32.982381],[130.459176,32.982527],[130.459113,32.983049],[130.459098,32.983175],[130.458816,32.983777],[130.458825,32.983803],[130.458842,32.983839],[130.458854,32.983864],[130.458862,32.983876],[130.458878,32.983893],[130.459134,32.984202],[130.459166,32.9842],[130.459203,32.984197],[130.459222,32.984197],[130.459273,32.984198],[130.45931,32.9842],[130.459343,32.984204],[130.459403,32.984213],[130.45963,32.98425],[130.45977,32.984277],[130.459864,32.984296],[130.459941,32.984315],[130.460075,32.984356],[130.460164,32.98442],[130.460193,32.984447],[130.460221,32.984487],[130.460229,32.984515],[130.460233,32.984565],[130.46024,32.984584],[130.460612,32.984812],[130.461082,32.984805],[130.46109,32.984801],[130.461096,32.984785],[130.461176,32.984842],[130.461327,32.984952],[130.461408,32.985011],[130.461417,32.985055],[130.461406,32.985252],[130.461416,32.985755],[130.461806,32.985691],[130.462394,32.985586],[130.462804,32.985515],[130.462916,32.985498],[130.464202,32.98349],[130.464088,32.983442],[130.463949,32.983384],[130.463951,32.983312],[130.463958,32.983262],[130.463962,32.983198],[130.463991,32.983066],[130.464011,32.982936],[130.464018,32.982901],[130.464021,32.982866],[130.464032,32.982755],[130.464047,32.982709],[130.464173,32.982526],[130.464464,32.982187],[130.464521,32.982198],[130.464594,32.982219],[130.464749,32.98226],[130.464798,32.982279],[130.46515,32.982335],[130.465212,32.982279],[130.465742,32.981882],[130.465992,32.981696]]]}},{"type":"Feature","properties":{"ParkName":"屋形山公園","ParkType":"公園","ParkCode":3021,"Pref":"熊本県","Citycode":"43204","Cityname":"荒尾市","FNDate":null},"geometry":{"type":"Polygon","coordinates":[[[130.445836,32.977313],[130.44582,32.977304],[130.445696,32.977232],[130.44554,32.977141],[130.445524,32.977132],[130.44551,32.977161],[130.445509,32.97718],[130.445494,32.977212],[130.445338,32.977365],[130.445081,32.977572],[130.445021,32.97763],[130.444865,32.97787],[130.444862,32.977889],[130.444858,32.977904],[130.444849,32.977924],[130.444835,32.977947],[130.444793,32.97803],[130.444722,32.978181],[130.444686,32.978251],[130.44465,32.978316],[130.444625,32.978366],[130.444604,32.978425],[130.444596,32.978452],[130.44459,32.978471],[130.444566,32.97851],[130.444485,32.978662],[130.444381,32.978767],[130.444328,32.97882],[130.444232,32.978883],[130.444144,32.978928],[130.443949,32.978999],[130.44354,32.979164],[130.443291,32.979258],[130.443022,32.979384],[130.442798,32.979532],[130.442746,32.979586],[130.442697,32.979654],[130.442672,32.979729],[130.442665,32.979804],[130.442727,32.9798],[130.442794,32.979794],[130.442823,32.979794],[130.442846,32.979796],[130.442864,32.9798],[130.442876,32.979807],[130.442895,32.979823],[130.442943,32.979866],[130.442991,32.979916],[130.443066,32.979982],[130.443153,32.980068],[130.443215,32.980132],[130.443242,32.980159],[130.443276,32.980187],[130.443306,32.980209],[130.443349,32.980242],[130.443386,32.980269],[130.443433,32.980301],[130.443481,32.980332],[130.443571,32.980386],[130.443643,32.980429],[130.443763,32.980505],[130.443814,32.980535],[130.44393,32.980604],[130.444117,32.980715],[130.444228,32.980779],[130.444286,32.980808],[130.444344,32.980835],[130.444368,32.980846],[130.444423,32.980854],[130.444479,32.980855],[130.444536,32.980855],[130.444614,32.980847],[130.44472,32.980841],[130.444721,32.980841],[130.444777,32.980844],[130.44482,32.980832],[130.44483,32.980832],[130.444849,32.980835],[130.444894,32.980848],[130.444946,32.980864],[130.445027,32.980891],[130.445103,32.98092],[130.445149,32.980941],[130.445185,32.980963],[130.445215,32.980982],[130.445238,32.981001],[130.44526,32.981021],[130.445265,32.981025],[130.445282,32.981011],[130.445302,32.980991],[130.445328,32.980957],[130.445338,32.980947],[130.44535,32.980941],[130.445366,32.98094],[130.445396,32.980943],[130.445487,32.98095],[130.445574,32.980953],[130.445644,32.980952],[130.44573,32.980953],[130.445808,32.980957],[130.445835,32.980974],[130.44595,32.980983],[130.445959,32.980982],[130.445967,32.980976],[130.445998,32.98095],[130.446011,32.980946],[130.446053,32.980947],[130.44617,32.980953],[130.446204,32.980952],[130.446229,32.980952],[130.446251,32.980951],[130.44634,32.980956],[130.446351,32.980951],[130.446433,32.980921],[130.446511,32.980894],[130.446589,32.980863],[130.446636,32.980841],[130.446717,32.980799],[130.44674,32.980789],[130.446755,32.980787],[130.44678,32.980786],[130.446802,32.980788],[130.446965,32.980812],[130.446978,32.980815],[130.446993,32.980821],[130.446999,32.980825],[130.447011,32.980834],[130.44703,32.980851],[130.447105,32.980934],[130.447113,32.980938],[130.44713,32.980942],[130.447185,32.980953],[130.447299,32.980979],[130.447341,32.980994],[130.447396,32.981011],[130.44741,32.98102],[130.447448,32.981035],[130.44747,32.981043],[130.447499,32.981045],[130.447584,32.981038],[130.447613,32.981037],[130.447626,32.981039],[130.447636,32.98104],[130.447656,32.981046],[130.447658,32.981047],[130.44766,32.981049],[130.447663,32.98105],[130.447667,32.981053],[130.447675,32.981056],[130.447752,32.981084],[130.447782,32.981094],[130.447798,32.981099],[130.447807,32.981101],[130.447814,32.981101],[130.447818,32.981101],[130.447825,32.9811],[130.447835,32.981106],[130.447837,32.981108],[130.447838,32.981111],[130.447837,32.981114],[130.447835,32.981122],[130.447826,32.981141],[130.447817,32.981155],[130.447808,32.981164],[130.447799,32.981175],[130.447789,32.981183],[130.44775,32.981205],[130.447725,32.981216],[130.4477,32.981224],[130.447614,32.981253],[130.447594,32.981264],[130.447536,32.981301],[130.447525,32.981309],[130.447437,32.981362],[130.447415,32.981377],[130.447398,32.981397],[130.447382,32.981427],[130.44734,32.981496],[130.447322,32.981531],[130.447284,32.981617],[130.447278,32.981628],[130.447275,32.981636],[130.447271,32.981643],[130.447268,32.981656],[130.447269,32.981676],[130.447286,32.98173],[130.447307,32.981776],[130.447344,32.981855],[130.44737,32.981909],[130.44739,32.98197],[130.447393,32.981985],[130.447395,32.98202],[130.447396,32.982039],[130.447412,32.982099],[130.44743,32.982134],[130.447449,32.982169],[130.447479,32.982179],[130.447514,32.982194],[130.44756,32.982216],[130.447652,32.982256],[130.447682,32.982281],[130.447715,32.982318],[130.447728,32.982358],[130.447724,32.982381],[130.447683,32.982487],[130.447662,32.982543],[130.447659,32.982569],[130.447665,32.982608],[130.447668,32.982614],[130.447705,32.982681],[130.447744,32.982748],[130.447749,32.982756],[130.447755,32.982764],[130.447771,32.982781],[130.447785,32.982795],[130.447795,32.982804],[130.447801,32.982809],[130.447809,32.982814],[130.447823,32.982796],[130.447827,32.982798],[130.447839,32.982804],[130.447853,32.98281],[130.447874,32.982817],[130.447883,32.982819],[130.447898,32.982822],[130.447908,32.982824],[130.447917,32.982825],[130.447923,32.982825],[130.447942,32.982825],[130.447974,32.982823],[130.448016,32.982822],[130.44805,32.982822],[130.448081,32.982822],[130.448095,32.982827],[130.448126,32.982855],[130.448168,32.982864],[130.448212,32.982877],[130.448264,32.982893],[130.448317,32.982904],[130.448351,32.98291],[130.448401,32.982918],[130.448434,32.982923],[130.44847,32.98293],[130.448504,32.982939],[130.448533,32.982948],[130.448562,32.982958],[130.448591,32.982969],[130.448616,32.982979],[130.448655,32.982997],[130.448698,32.983022],[130.448751,32.98305],[130.448781,32.983067],[130.448805,32.983076],[130.448833,32.983083],[130.44887,32.983088],[130.448908,32.983091],[130.448935,32.983092],[130.449001,32.983093],[130.449126,32.983072],[130.449145,32.983066],[130.449159,32.98306],[130.449174,32.98305],[130.449183,32.983041],[130.449192,32.983028],[130.449195,32.983018],[130.449198,32.983005],[130.4492,32.982986],[130.449202,32.982941],[130.449211,32.982895],[130.449218,32.982877],[130.449229,32.982863],[130.449237,32.982854],[130.44925,32.982846],[130.449252,32.982846],[130.449261,32.982843],[130.449279,32.982842],[130.449298,32.982843],[130.449309,32.982844],[130.449325,32.982848],[130.449339,32.982852],[130.449352,32.982858],[130.449361,32.982864],[130.449367,32.982871],[130.449383,32.982889],[130.449431,32.982967],[130.449529,32.983113],[130.449569,32.983121],[130.449606,32.98313],[130.449652,32.983144],[130.449739,32.98318],[130.449848,32.983229],[130.449855,32.983231],[130.449867,32.983233],[130.44989,32.983234],[130.450011,32.983234],[130.450164,32.98323],[130.450309,32.983231],[130.450401,32.983228],[130.450462,32.983223],[130.450509,32.983218],[130.450599,32.983205],[130.450685,32.983189],[130.450732,32.983184],[130.450769,32.98318],[130.450865,32.983176],[130.451031,32.983168],[130.451061,32.98317],[130.45117,32.983142],[130.451249,32.983127],[130.451299,32.983116],[130.451373,32.983093],[130.451414,32.983073],[130.451495,32.983028],[130.451531,32.982991],[130.451565,32.982942],[130.451576,32.982733],[130.451578,32.982716],[130.4516,32.982606],[130.451634,32.98253],[130.45167,32.98247],[130.451765,32.982246],[130.451768,32.982239],[130.451801,32.982163],[130.451815,32.982137],[130.451859,32.98207],[130.451886,32.981992],[130.451905,32.981935],[130.451945,32.981851],[130.452053,32.981724],[130.452182,32.981672],[130.452294,32.981628],[130.452382,32.981589],[130.452491,32.98154],[130.452502,32.981515],[130.452494,32.981497],[130.452481,32.981471],[130.452457,32.981431],[130.45241,32.981361],[130.452332,32.981242],[130.45229,32.981171],[130.452268,32.98112],[130.45226,32.981099],[130.452248,32.981071],[130.452243,32.98106],[130.452178,32.98098],[130.452138,32.98088],[130.452103,32.980721],[130.452044,32.980505],[130.451969,32.980208],[130.451907,32.979975],[130.45187,32.97991],[130.451847,32.979877],[130.451819,32.979815],[130.451793,32.979747],[130.45172,32.979601],[130.451693,32.979549],[130.451669,32.979506],[130.451642,32.979466],[130.451607,32.979415],[130.451586,32.97939],[130.45154,32.979339],[130.451424,32.9792],[130.451162,32.978911],[130.451032,32.97876],[130.451005,32.978729],[130.451,32.978724],[130.450864,32.978569],[130.45086,32.978565],[130.450825,32.978525],[130.450735,32.978413],[130.450547,32.978272],[130.450469,32.97823],[130.450401,32.9783],[130.450347,32.978269],[130.45028,32.978232],[130.450236,32.978215],[130.450185,32.978204],[130.450122,32.978197],[130.450109,32.978198],[130.450052,32.978306],[130.450018,32.978374],[130.45,32.978378],[130.449876,32.978337],[130.449918,32.978277],[130.449967,32.978208],[130.450003,32.978136],[130.450009,32.978123],[130.450012,32.978115],[130.450012,32.97811],[130.450013,32.978068],[130.450011,32.978056],[130.450007,32.978042],[130.450006,32.978037],[130.450002,32.978028],[130.449967,32.977944],[130.449962,32.977938],[130.449957,32.977934],[130.449951,32.977931],[130.449743,32.977897],[130.449712,32.977892],[130.449702,32.977891],[130.449645,32.977884],[130.449573,32.977879],[130.449516,32.977878],[130.449487,32.977877],[130.449466,32.977879],[130.449435,32.977883],[130.449399,32.97789],[130.449363,32.977898],[130.449321,32.977907],[130.449285,32.977917],[130.44924,32.977928],[130.449173,32.977947],[130.449117,32.977963],[130.449123,32.977978],[130.449112,32.977981],[130.449081,32.97799],[130.448921,32.97803],[130.448739,32.978076],[130.448618,32.978105],[130.448524,32.978128],[130.448483,32.978138],[130.448439,32.978145],[130.448399,32.97815],[130.44836,32.978153],[130.448305,32.978155],[130.44825,32.978153],[130.448216,32.978151],[130.448191,32.978149],[130.448195,32.978169],[130.448206,32.978185],[130.448221,32.978197],[130.448261,32.978255],[130.448235,32.978257],[130.448234,32.978276],[130.448178,32.978286],[130.448052,32.978296],[130.448054,32.978311],[130.44806,32.978327],[130.448064,32.97834],[130.448056,32.978356],[130.447995,32.978381],[130.447903,32.978391],[130.447819,32.978402],[130.447821,32.978427],[130.447851,32.978469],[130.447831,32.978474],[130.447783,32.978475],[130.447716,32.978472],[130.447681,32.978469],[130.447645,32.978465],[130.447627,32.978425],[130.447624,32.978406],[130.447585,32.978403],[130.447478,32.978391],[130.447459,32.978396],[130.447441,32.978404],[130.447416,32.978422],[130.447411,32.978431],[130.447402,32.978441],[130.447378,32.978424],[130.447369,32.978431],[130.447362,32.978435],[130.44735,32.97844],[130.447288,32.978463],[130.447256,32.978476],[130.447235,32.978483],[130.447216,32.978492],[130.447203,32.9785],[130.447185,32.97851],[130.447171,32.978517],[130.447161,32.978518],[130.44714,32.978519],[130.447125,32.978519],[130.447108,32.978514],[130.447096,32.978511],[130.447089,32.978507],[130.447085,32.978503],[130.447076,32.978492],[130.447071,32.978484],[130.447071,32.978481],[130.447067,32.978437],[130.447037,32.978439],[130.446993,32.978436],[130.446971,32.978433],[130.446948,32.97842],[130.446936,32.978409],[130.446912,32.978368],[130.446853,32.978216],[130.446866,32.978185],[130.446885,32.978163],[130.446879,32.978147],[130.446851,32.978119],[130.44686,32.97807],[130.446856,32.978056],[130.446802,32.978039],[130.446716,32.978023],[130.446658,32.978009],[130.446644,32.978017],[130.446631,32.978032],[130.446595,32.978067],[130.446055,32.977742],[130.446025,32.977723],[130.445903,32.977648],[130.445696,32.977521],[130.445836,32.977313]]]}},{"type":"Feature","properties":{"ParkName":"有明公園","ParkType":"公園","ParkCode":3021,"Pref":"熊本県","Citycode":"43204","Cityname":"荒尾市","FNDate":"昭和58年"},"geometry":{"type":"Polygon","coordinates":[[[130.436239,32.963234],[130.436757,32.963272],[130.436827,32.963278],[130.436863,32.963212],[130.436927,32.963082],[130.436955,32.963003],[130.436959,32.962989],[130.436974,32.962938],[130.437011,32.962795],[130.43702,32.962762],[130.436907,32.962751],[130.436797,32.962738],[130.436302,32.962682],[130.436301,32.962691],[130.436263,32.963008],[130.436239,32.963234]]]}},{"type":"Feature","properties":{"ParkName":"矢の浦公園","ParkType":"公園","ParkCode":3021,"Pref":"熊本県","Citycode":"43204","Cityname":"荒尾市","FNDate":"平成4年"},"geometry":{"type":"Polygon","coordinates":[[[130.436166,32.980354],[130.43651,32.980317],[130.436472,32.980057],[130.4364,32.980064],[130.436374,32.980067],[130.436242,32.980079],[130.436131,32.980088],[130.436111,32.980109],[130.436129,32.980245],[130.436141,32.980337],[130.436166,32.980354]]]}},{"type":"Feature","properties":{"ParkName":"万田中尾公園","ParkType":"公園","ParkCode":3021,"Pref":"熊本県","Citycode":"43204","Cityname":"荒尾市","FNDate":"昭和60年"},"geometry":{"type":"Polygon","coordinates":[[[130.443011,32.99639],[130.443053,32.99635],[130.443069,32.996326],[130.443086,32.996306],[130.443121,32.996297],[130.443267,32.996283],[130.443421,32.996241],[130.443474,32.996231],[130.443487,32.996227],[130.443535,32.995963],[130.443552,32.995862],[130.443467,32.995877],[130.443297,32.995914],[130.443092,32.995949],[130.44293,32.995986],[130.443011,32.99639]]]}},{"type":"Feature","properties":{"ParkName":"日の出公園","ParkType":"公園","ParkCode":3021,"Pref":"熊本県","Citycode":"43204","Cityname":"荒尾市","FNDate":"昭和62年"},"geometry":{"type":"Polygon","coordinates":[[[130.432397,32.999071],[130.432622,32.999052],[130.432644,32.999236],[130.432748,32.999225],[130.43273,32.999043],[130.432825,32.999035],[130.432874,32.999029],[130.432969,32.999019],[130.432947,32.998866],[130.432938,32.998847],[130.432826,32.99886],[130.432373,32.998908],[130.432397,32.999071]]]}},{"type":"Feature","properties":{"ParkName":"東宮内公園","ParkType":"公園","ParkCode":3021,"Pref":"熊本県","Citycode":"43204","Cityname":"荒尾市","FNDate":"平成2年"},"geometry":{"type":"Polygon","coordinates":[[[130.445217,32.988031],[130.445157,32.987907],[130.445154,32.987894],[130.445154,32.98789],[130.445155,32.987887],[130.445157,32.987885],[130.44516,32.987882],[130.445165,32.98788],[130.445218,32.987865],[130.44526,32.987854],[130.44522,32.987785],[130.445119,32.987767],[130.444966,32.987739],[130.444944,32.987735],[130.444779,32.987705],[130.444757,32.987702],[130.444706,32.987718],[130.444744,32.98776],[130.444816,32.987845],[130.445004,32.988061],[130.445031,32.988087],[130.445042,32.988087],[130.445099,32.988068],[130.445114,32.988064],[130.445211,32.988033],[130.445217,32.988031]]]}},{"type":"Feature","properties":{"ParkName":"増永公園","ParkType":"公園","ParkCode":3021,"Pref":"熊本県","Citycode":"43204","Cityname":"荒尾市","FNDate":"昭和62年"},"geometry":{"type":"Polygon","coordinates":[[[130.441354,32.970503],[130.441662,32.970496],[130.441733,32.970491],[130.441738,32.97044],[130.441736,32.970418],[130.441727,32.970192],[130.441626,32.970189],[130.441074,32.970216],[130.441076,32.970231],[130.441065,32.970234],[130.441047,32.970238],[130.441025,32.970245],[130.440987,32.970257],[130.440942,32.97028],[130.440894,32.970316],[130.440827,32.970369],[130.440787,32.97039],[130.440757,32.970399],[130.440738,32.970404],[130.440725,32.970414],[130.440725,32.970414],[130.440697,32.970439],[130.440646,32.970489],[130.440608,32.970537],[130.440569,32.970584],[130.440551,32.970614],[130.440539,32.970632],[130.440535,32.970641],[130.440516,32.970688],[130.441363,32.970651],[130.441354,32.970503]]]}},{"type":"Feature","properties":{"ParkName":"原万田公園","ParkType":"公園","ParkCode":3021,"Pref":"熊本県","Citycode":"43204","Cityname":"荒尾市","FNDate":"昭和54年"},"geometry":{"type":"Polygon","coordinates":[[[130.442604,33.00187],[130.442614,33.001857],[130.442722,33.001723],[130.442767,33.001658],[130.442787,33.001627],[130.442785,33.001625],[130.442699,33.00156],[130.442672,33.001534],[130.442598,33.00144],[130.442594,33.001434],[130.442591,33.001433],[130.442586,33.001433],[130.442583,33.001434],[130.442336,33.001568],[130.442209,33.001642],[130.442217,33.001653],[130.442251,33.001681],[130.442531,33.00181],[130.442562,33.001825],[130.442586,33.001846],[130.442604,33.00187]]]}},{"type":"Feature","properties":{"ParkName":"月田公園","ParkType":"公園","ParkCode":3021,"Pref":"熊本県","Citycode":"43204","Cityname":"荒尾市","FNDate":"平成1年"},"geometry":{"type":"Polygon","coordinates":[[[130.438483,32.977034],[130.438515,32.976953],[130.438569,32.976887],[130.438548,32.976867],[130.438529,32.976827],[130.438524,32.976814],[130.438493,32.976702],[130.438406,32.976688],[130.438313,32.976675],[130.438197,32.97666],[130.438123,32.976658],[130.438092,32.976687],[130.438108,32.976701],[130.438127,32.976711],[130.438174,32.976768],[130.438163,32.976828],[130.438177,32.976869],[130.43823,32.977017],[130.438389,32.977028],[130.438483,32.977034]]]}},{"type":"Feature","properties":{"ParkName":"牛水公園","ParkType":"公園","ParkCode":3021,"Pref":"熊本県","Citycode":"43204","Cityname":"荒尾市","FNDate":"平成6年"},"geometry":{"type":"Polygon","coordinates":[[[130.438215,32.954415],[130.438017,32.954409],[130.438015,32.954435],[130.438004,32.954556],[130.438025,32.954576],[130.438099,32.95458],[130.438241,32.954587],[130.438394,32.954592],[130.438501,32.954593],[130.438616,32.954591],[130.438649,32.954264],[130.438244,32.954265],[130.438213,32.954266],[130.438215,32.954415]]]}},{"type":"Feature","properties":{"ParkName":"京侍公園","ParkType":"公園","ParkCode":3021,"Pref":"熊本県","Citycode":"43204","Cityname":"荒尾市","FNDate":"平成3年"},"geometry":{"type":"Polygon","coordinates":[[[130.458236,32.974199],[130.458112,32.974177],[130.457877,32.974133],[130.457825,32.974458],[130.458124,32.974497],[130.458171,32.97437],[130.458236,32.974199]]]}},{"type":"Feature","properties":{"ParkName":"北五反田公園","ParkType":"公園","ParkCode":3021,"Pref":"熊本県","Citycode":"43204","Cityname":"荒尾市","FNDate":"昭和57年"},"geometry":{"type":"Polygon","coordinates":[[[130.468632,32.97361],[130.468642,32.973589],[130.468705,32.973453],[130.46876,32.973368],[130.468861,32.973221],[130.468901,32.973169],[130.468976,32.973076],[130.469074,32.972969],[130.469164,32.972878],[130.469272,32.972768],[130.469353,32.972683],[130.469461,32.972569],[130.469521,32.972504],[130.469524,32.972499],[130.469525,32.972493],[130.469525,32.972485],[130.469524,32.972474],[130.469521,32.972465],[130.469515,32.972455],[130.469506,32.972446],[130.469494,32.972437],[130.469314,32.972356],[130.469284,32.972342],[130.469158,32.972295],[130.469069,32.972256],[130.468983,32.972218],[130.468903,32.972183],[130.468849,32.972159],[130.468816,32.972142],[130.468806,32.972139],[130.468798,32.97214],[130.468791,32.972143],[130.468707,32.97225],[130.46859,32.972405],[130.468399,32.972689],[130.468276,32.972839],[130.468167,32.972989],[130.4681,32.973099],[130.468095,32.973116],[130.46809,32.97313],[130.468034,32.973196],[130.467971,32.973264],[130.467969,32.973271],[130.467969,32.97328],[130.467972,32.973288],[130.467976,32.973291],[130.467992,32.973299],[130.468154,32.973372],[130.468437,32.973503],[130.468632,32.97361]]]}},{"type":"Feature","properties":{"ParkName":"四ツ山公園","ParkType":"公園","ParkCode":3021,"Pref":"熊本県","Citycode":"43204","Cityname":"荒尾市","FNDate":"昭和27年"},"geometry":{"type":"Polygon","coordinates":[[[130.428211,33.001154],[130.42821,33.001117],[130.428199,33.000987],[130.428195,33.000932],[130.428176,33.000822],[130.428128,33.000675],[130.428116,33.000657],[130.42809,33.000637],[130.428039,33.000605],[130.42783,33.000485],[130.427813,33.000468],[130.427696,33.00032],[130.427626,33.000258],[130.427539,33.00018],[130.427463,33.000119],[130.42741,33.000094],[130.427337,33.000061],[130.427088,33.00004],[130.427056,33.00002],[130.426965,33.000001],[130.426875,32.999996],[130.426831,33.000005],[130.426826,33.000008],[130.426811,33.000091],[130.426801,33.000094],[130.426746,33.000104],[130.426673,33.000104],[130.426601,33.000097],[130.42638,33.000089],[130.426335,33.000079],[130.426271,33.000051],[130.426173,33.000419],[130.425955,33.000384],[130.42588,33.000722],[130.425886,33.00075],[130.425948,33.000868],[130.425964,33.000898],[130.426006,33.000938],[130.42614,33.001066],[130.42639,33.001321],[130.426324,33.001457],[130.4263,33.001462],[130.425882,33.001328],[130.425737,33.001568],[130.425443,33.001477],[130.425432,33.001477],[130.42522,33.001668],[130.425491,33.002102],[130.425538,33.002091],[130.425693,33.002403],[130.425691,33.002418],[130.425572,33.002483],[130.425687,33.002677],[130.42559,33.002735],[130.425728,33.003011],[130.425635,33.003074],[130.425635,33.003082],[130.425719,33.003245],[130.426473,33.003414],[130.42729,33.002558],[130.427329,33.002518],[130.427694,33.001984],[130.428107,33.00137],[130.428148,33.001304],[130.428166,33.001253],[130.428205,33.001176],[130.428211,33.001154]],[[130.426326,33.002824],[130.426291,33.002844],[130.42614,33.002797],[130.426133,33.002775],[130.426134,33.002484],[130.426179,33.002336],[130.426193,33.002255],[130.426192,33.002238],[130.426178,33.002198],[130.426189,33.00208],[130.426197,33.002031],[130.426243,33.002022],[130.4263,33.002025],[130.426359,33.001985],[130.426399,33.001934],[130.426414,33.001898],[130.42647,33.001853],[130.426497,33.001837],[130.426534,33.001828],[130.426581,33.001829],[130.426645,33.001838],[130.426692,33.001841],[130.42674,33.001816],[130.426772,33.001786],[130.426852,33.001622],[130.427122,33.001676],[130.426887,33.00207],[130.426838,33.002117],[130.426589,33.002377],[130.426703,33.002433],[130.42671,33.002454],[130.426618,33.002652],[130.426437,33.002723],[130.426416,33.002761],[130.426326,33.002824]]]}},{"type":"Feature","properties":{"ParkName":null,"ParkType":"公園","ParkCode":3021,"Pref":"熊本県","Citycode":"43205","Cityname":"水俣市","FNDate":null},"geometry":{"type":"Polygon","coordinates":[[[130.421071,32.189522],[130.420737,32.189553],[130.420643,32.189577],[130.420594,32.189615],[130.420556,32.189683],[130.420516,32.189879],[130.420499,32.190128],[130.420481,32.190186],[130.420447,32.190223],[130.420127,32.190346],[130.420071,32.190382],[130.419852,32.19057],[130.419787,32.190642],[130.419496,32.19063],[130.419063,32.190564],[130.418537,32.190334],[130.417725,32.190339],[130.417386,32.190507],[130.416762,32.190929],[130.416611,32.191466],[130.416507,32.192263],[130.416124,32.192815],[130.415791,32.193058],[130.415879,32.193883],[130.415065,32.194269],[130.414278,32.194432],[130.413514,32.194646],[130.413738,32.19509],[130.414147,32.195313],[130.414288,32.19548],[130.414093,32.196054],[130.414032,32.196525],[130.414746,32.196091],[130.414922,32.195994],[130.415182,32.196092],[130.4154,32.195878],[130.415635,32.195781],[130.415978,32.195907],[130.416228,32.196171],[130.416661,32.195853],[130.41707,32.196269],[130.416645,32.19663],[130.41682,32.196844],[130.417121,32.196825],[130.417272,32.196749],[130.417635,32.196355],[130.417886,32.196356],[130.417972,32.19576],[130.417621,32.195676],[130.417636,32.195633],[130.417925,32.195294],[130.417996,32.195269],[130.418151,32.19531],[130.418217,32.195319],[130.418262,32.195314],[130.418307,32.195294],[130.418505,32.19506],[130.418594,32.194986],[130.418667,32.194946],[130.418728,32.194939],[130.419053,32.194978],[130.419132,32.194972],[130.419194,32.194953],[130.419238,32.194923],[130.419266,32.194886],[130.419421,32.194969],[130.419665,32.194583],[130.419632,32.194436],[130.419634,32.194369],[130.419557,32.194096],[130.419802,32.194106],[130.42006,32.194091],[130.420099,32.194138],[130.420143,32.194168],[130.42029,32.194191],[130.420619,32.194222],[130.420679,32.194144],[130.420767,32.194123],[130.420809,32.194091],[130.420836,32.193937],[130.420787,32.193589],[130.420802,32.193395],[130.420834,32.193146],[130.420872,32.192999],[130.420936,32.192923],[130.420994,32.192759],[130.421033,32.192715],[130.421336,32.192623],[130.421359,32.192584],[130.421543,32.192444],[130.421548,32.192394],[130.421531,32.19235],[130.421417,32.192255],[130.421249,32.192079],[130.421124,32.191868],[130.421028,32.191635],[130.420915,32.191068],[130.42104,32.190941],[130.421133,32.190761],[130.421237,32.190646],[130.421352,32.190545],[130.4214,32.190471],[130.421421,32.190391],[130.421406,32.190307],[130.42122,32.18993],[130.421178,32.189803],[130.42115,32.189646],[130.42114,32.189552],[130.42112,32.189524],[130.421071,32.189522]]]}},{"type":"Feature","properties":{"ParkName":null,"ParkType":"公園","ParkCode":3021,"Pref":"熊本県","Citycode":"43205","Cityname":"水俣市","FNDate":null},"geometry":{"type":"Polygon","coordinates":[[[130.403209,32.231405],[130.403176,32.231506],[130.403197,32.231596],[130.40326,32.231687],[130.403351,32.23175],[130.403454,32.231742],[130.403623,32.231839],[130.4039,32.231629],[130.403886,32.231249],[130.403718,32.231216],[130.403538,32.231161],[130.403493,32.231164],[130.403341,32.231268],[130.403209,32.231405]]]}},{"type":"Feature","properties":{"ParkName":null,"ParkType":"公園","ParkCode":3021,"Pref":"熊本県","Citycode":"43205","Cityname":"水俣市","FNDate":null},"geometry":{"type":"Polygon","coordinates":[[[130.41208,32.232337],[130.412209,32.232494],[130.412296,32.232524],[130.412388,32.232524],[130.412893,32.232257],[130.412876,32.232194],[130.412996,32.232141],[130.412846,32.231957],[130.412881,32.231916],[130.412883,32.231778],[130.412746,32.231723],[130.412171,32.231849],[130.412061,32.231903],[130.411987,32.231998],[130.411989,32.232157],[130.41208,32.232337]]]}},{"type":"Feature","properties":{"ParkName":null,"ParkType":"公園","ParkCode":3021,"Pref":"熊本県","Citycode":"43205","Cityname":"水俣市","FNDate":null},"geometry":{"type":"Polygon","coordinates":[[[130.415484,32.232254],[130.415894,32.232615],[130.416152,32.23241],[130.416093,32.232314],[130.415538,32.232084],[130.415477,32.232181],[130.415484,32.232254]]]}},{"type":"Feature","properties":{"ParkName":null,"ParkType":"公園","ParkCode":3021,"Pref":"熊本県","Citycode":"43205","Cityname":"水俣市","FNDate":null},"geometry":{"type":"Polygon","coordinates":[[[130.404998,32.219965],[130.4051,32.219969],[130.405382,32.219896],[130.405348,32.219779],[130.404884,32.219891],[130.404998,32.219965]]]}},{"type":"Feature","properties":{"ParkName":null,"ParkType":"公園","ParkCode":3021,"Pref":"熊本県","Citycode":"43205","Cityname":"水俣市","FNDate":null},"geometry":{"type":"Polygon","coordinates":[[[130.40676,32.210132],[130.407304,32.210208],[130.407426,32.209788],[130.407504,32.209428],[130.407536,32.209166],[130.40752,32.208497],[130.40745,32.207951],[130.407437,32.207842],[130.407094,32.207865],[130.40706,32.207654],[130.406544,32.207695],[130.406632,32.208076],[130.406643,32.208719],[130.40658,32.209072],[130.406503,32.209511],[130.406253,32.210365],[130.40676,32.210132]]]}},{"type":"Feature","properties":{"ParkName":null,"ParkType":"公園","ParkCode":3021,"Pref":"熊本県","Citycode":"43205","Cityname":"水俣市","FNDate":null},"geometry":{"type":"Polygon","coordinates":[[[130.414094,32.208698],[130.41432,32.208496],[130.414662,32.208387],[130.41503,32.208152],[130.414874,32.207756],[130.41475,32.207785],[130.414654,32.207687],[130.413823,32.207995],[130.41389,32.208232],[130.413689,32.208356],[130.413786,32.208498],[130.413945,32.208421],[130.413962,32.208589],[130.413989,32.208625],[130.414094,32.208698]]]}},{"type":"Feature","properties":{"ParkName":null,"ParkType":"公園","ParkCode":3021,"Pref":"熊本県","Citycode":"43205","Cityname":"水俣市","FNDate":null},"geometry":{"type":"Polygon","coordinates":[[[130.415586,32.207574],[130.415834,32.207915],[130.416223,32.207617],[130.416312,32.207618],[130.416357,32.207657],[130.416367,32.207732],[130.416408,32.20796],[130.416164,32.208186],[130.415529,32.20839],[130.415432,32.208563],[130.415383,32.208913],[130.415319,32.209018],[130.415232,32.209026],[130.415064,32.208967],[130.414801,32.209134],[130.414758,32.209201],[130.414663,32.209155],[130.414551,32.209016],[130.414418,32.208922],[130.41424,32.209125],[130.414299,32.209199],[130.414607,32.209189],[130.414656,32.209229],[130.414761,32.209256],[130.414927,32.209272],[130.415005,32.20926],[130.415131,32.209305],[130.415248,32.209183],[130.415436,32.209097],[130.415587,32.208991],[130.415916,32.208866],[130.416206,32.208699],[130.416537,32.208585],[130.416507,32.208527],[130.416719,32.208313],[130.416665,32.208037],[130.41659,32.207738],[130.416488,32.207588],[130.416249,32.20729],[130.416062,32.207394],[130.415998,32.20736],[130.415586,32.207574]]]}},{"type":"Feature","properties":{"ParkName":null,"ParkType":"公園","ParkCode":3021,"Pref":"熊本県","Citycode":"43205","Cityname":"水俣市","FNDate":null},"geometry":{"type":"Polygon","coordinates":[[[130.415586,32.207574],[130.415287,32.20709],[130.414719,32.20731],[130.414753,32.207465],[130.414874,32.207756],[130.41503,32.208152],[130.414662,32.208387],[130.41432,32.208496],[130.414094,32.208698],[130.414003,32.208786],[130.41424,32.209125],[130.414418,32.208922],[130.414551,32.209016],[130.414663,32.209155],[130.414758,32.209201],[130.414801,32.209134],[130.415064,32.208967],[130.415232,32.209026],[130.415319,32.209018],[130.415383,32.208913],[130.415432,32.208563],[130.415529,32.20839],[130.416164,32.208186],[130.416408,32.20796],[130.416367,32.207732],[130.416357,32.207657],[130.416312,32.207618],[130.416223,32.207617],[130.415834,32.207915],[130.415586,32.207574]]]}},{"type":"Feature","properties":{"ParkName":null,"ParkType":"公園","ParkCode":3021,"Pref":"熊本県","Citycode":"43205","Cityname":"水俣市","FNDate":null},"geometry":{"type":"Polygon","coordinates":[[[130.385197,32.199316],[130.384653,32.201191],[130.385461,32.201196],[130.386605,32.201414],[130.386668,32.20143],[130.387069,32.201529],[130.388519,32.202182],[130.388607,32.202762],[130.389004,32.202911],[130.389412,32.202046],[130.388991,32.201745],[130.386931,32.200811],[130.386833,32.2007],[130.386235,32.199629],[130.386135,32.199539],[130.385197,32.199316]]]}},{"type":"Feature","properties":{"ParkName":null,"ParkType":"公園","ParkCode":3021,"Pref":"熊本県","Citycode":"43205","Cityname":"水俣市","FNDate":null},"geometry":{"type":"Polygon","coordinates":[[[130.385197,32.199316],[130.384063,32.199047],[130.383176,32.198856],[130.382433,32.198863],[130.382267,32.198995],[130.381512,32.199379],[130.381845,32.199551],[130.381972,32.199617],[130.382272,32.199901],[130.382308,32.200147],[130.3822,32.200313],[130.382038,32.200463],[130.381858,32.200755],[130.381311,32.202445],[130.382535,32.202606],[130.382766,32.201446],[130.383372,32.201182],[130.384653,32.201191],[130.385197,32.199316]]]}},{"type":"Feature","properties":{"ParkName":null,"ParkType":"公園","ParkCode":3021,"Pref":"熊本県","Citycode":"43205","Cityname":"水俣市","FNDate":null},"geometry":{"type":"Polygon","coordinates":[[[130.381311,32.202445],[130.381858,32.200755],[130.382038,32.200463],[130.3822,32.200313],[130.382308,32.200147],[130.382272,32.199901],[130.381972,32.199617],[130.381845,32.199551],[130.381512,32.199379],[130.381333,32.199341],[130.37955,32.198729],[130.37937,32.199124],[130.378056,32.200831],[130.378363,32.20306],[130.380339,32.202317],[130.381311,32.202445]]]}},{"type":"Feature","properties":{"ParkName":"松木南児童公園","ParkType":"公園","ParkCode":3021,"Pref":"熊本県","Citycode":"43206","Cityname":"玉名市","FNDate":null},"geometry":{"type":"Polygon","coordinates":[[[130.55304,32.922684],[130.553092,32.922191],[130.55312,32.921876],[130.552821,32.921962],[130.552794,32.921985],[130.552766,32.922194],[130.552721,32.922648],[130.552728,32.922656],[130.552769,32.922665],[130.55304,32.922684]]]}},{"type":"Feature","properties":{"ParkName":"松木東児童公園","ParkType":"公園","ParkCode":3021,"Pref":"熊本県","Citycode":"43206","Cityname":"玉名市","FNDate":null},"geometry":{"type":"Polygon","coordinates":[[[130.555841,32.9249],[130.555844,32.92486],[130.555877,32.924516],[130.555893,32.924316],[130.555879,32.924303],[130.555628,32.92429],[130.555543,32.924282],[130.555513,32.924305],[130.555481,32.924602],[130.555469,32.924681],[130.555468,32.924694],[130.555459,32.924877],[130.555599,32.924888],[130.555841,32.9249]]]}},{"type":"Feature","properties":{"ParkName":"河崎児童公園","ParkType":"公園","ParkCode":3021,"Pref":"熊本県","Citycode":"43206","Cityname":"玉名市","FNDate":null},"geometry":{"type":"Polygon","coordinates":[[[130.569174,32.933302],[130.569086,32.933336],[130.568867,32.933413],[130.568628,32.933492],[130.568628,32.933497],[130.568696,32.933577],[130.568822,32.933504],[130.568998,32.933743],[130.569073,32.933691],[130.569078,32.933696],[130.569318,32.93356],[130.569251,32.933439],[130.569174,32.933302]]]}},{"type":"Feature","properties":{"ParkName":"松木西児童公園","ParkType":"公園","ParkCode":3021,"Pref":"熊本県","Citycode":"43206","Cityname":"玉名市","FNDate":null},"geometry":{"type":"Polygon","coordinates":[[[130.551962,32.924449],[130.55196,32.924449],[130.551994,32.924057],[130.551985,32.924034],[130.551672,32.924008],[130.55164,32.924029],[130.551604,32.924395],[130.551575,32.92465],[130.55193,32.92467],[130.551943,32.924574],[130.551962,32.924449]]]}},{"type":"Feature","properties":{"ParkName":"宮の下児童公園","ParkType":"公園","ParkCode":3021,"Pref":"熊本県","Citycode":"43206","Cityname":"玉名市","FNDate":null},"geometry":{"type":"Polygon","coordinates":[[[130.557145,32.925648],[130.556802,32.925715],[130.556738,32.925725],[130.556707,32.925748],[130.556715,32.92586],[130.556749,32.925881],[130.556927,32.925877],[130.557142,32.925879],[130.557166,32.925857],[130.557145,32.925648]]]}},{"type":"Feature","properties":{"ParkName":"俵ころがし水際緑地","ParkType":"緑地","ParkCode":3022,"Pref":"熊本県","Citycode":"43206","Cityname":"玉名市","FNDate":null},"geometry":{"type":"Polygon","coordinates":[[[130.561977,32.924161],[130.561974,32.923851],[130.561973,32.923741],[130.561972,32.923683],[130.561965,32.923539],[130.561931,32.923326],[130.561694,32.923374],[130.561732,32.92362],[130.561726,32.923702],[130.561725,32.923714],[130.561661,32.923839],[130.56166,32.923859],[130.561649,32.923896],[130.561649,32.923894],[130.561644,32.923914],[130.561612,32.923982],[130.561595,32.924148],[130.561604,32.924312],[130.561634,32.924479],[130.561767,32.924468],[130.561972,32.92442],[130.56198,32.924352],[130.561979,32.924271],[130.561977,32.924161]]]}},{"type":"Feature","properties":{"ParkName":"はまいで児童公園","ParkType":"公園","ParkCode":3021,"Pref":"熊本県","Citycode":"43206","Cityname":"玉名市","FNDate":null},"geometry":{"type":"Polygon","coordinates":[[[130.541204,32.922368],[130.541226,32.922411],[130.541361,32.922713],[130.541389,32.922728],[130.541671,32.92272],[130.541754,32.922708],[130.541765,32.922689],[130.541676,32.922499],[130.541561,32.922258],[130.541204,32.922368]]]}},{"type":"Feature","properties":{"ParkName":"ひらしま街区公園","ParkType":"公園","ParkCode":3021,"Pref":"熊本県","Citycode":"43206","Cityname":"玉名市","FNDate":null},"geometry":{"type":"Polygon","coordinates":[[[130.543875,32.924452],[130.543874,32.924443],[130.543597,32.924066],[130.543555,32.924076],[130.543202,32.924194],[130.54322,32.924235],[130.543303,32.924469],[130.543305,32.924472],[130.54346,32.924464],[130.543863,32.924452],[130.543875,32.924452]]]}},{"type":"Feature","properties":{"ParkName":"横枕児童公園","ParkType":"公園","ParkCode":3021,"Pref":"熊本県","Citycode":"43206","Cityname":"玉名市","FNDate":null},"geometry":{"type":"Polygon","coordinates":[[[130.576076,32.936395],[130.576088,32.936391],[130.576178,32.936355],[130.576216,32.93634],[130.57646,32.936246],[130.57646,32.936173],[130.576447,32.93598],[130.576431,32.935964],[130.576389,32.935966],[130.576278,32.935984],[130.57593,32.936046],[130.576076,32.936395]]]}},{"type":"Feature","properties":{"ParkName":"糖峯コミュニティー街区公園","ParkType":"公園","ParkCode":3021,"Pref":"熊本県","Citycode":"43206","Cityname":"玉名市","FNDate":null},"geometry":{"type":"Polygon","coordinates":[[[130.545689,32.941462],[130.545797,32.941568],[130.545972,32.941749],[130.546033,32.941624],[130.546097,32.941496],[130.545742,32.941379],[130.545707,32.941392],[130.54569,32.941427],[130.545689,32.941462]]]}},{"type":"Feature","properties":{"ParkName":"蛇ヶ谷公園","ParkType":"公園","ParkCode":3021,"Pref":"熊本県","Citycode":"43206","Cityname":"玉名市","FNDate":null},"geometry":{"type":"Polygon","coordinates":[[[130.545506,32.944586],[130.545479,32.944631],[130.545493,32.944748],[130.545501,32.944796],[130.545525,32.94488],[130.545524,32.944947],[130.545525,32.944956],[130.545542,32.945124],[130.545563,32.945275],[130.545575,32.945304],[130.545715,32.945306],[130.545709,32.945473],[130.545785,32.945478],[130.545765,32.945616],[130.545726,32.94566],[130.545715,32.945663],[130.545723,32.945682],[130.545809,32.946091],[130.545816,32.946275],[130.545817,32.946308],[130.545868,32.946421],[130.545879,32.946443],[130.54587,32.946453],[130.545883,32.94655],[130.545925,32.946774],[130.545948,32.946818],[130.54605,32.946929],[130.546083,32.946972],[130.546102,32.94703],[130.546106,32.947065],[130.546107,32.947104],[130.546103,32.94715],[130.546076,32.947285],[130.546047,32.947398],[130.546019,32.947466],[130.546066,32.947493],[130.546245,32.947548],[130.546362,32.947571],[130.546389,32.947579],[130.546483,32.947606],[130.546691,32.947678],[130.546832,32.947724],[130.546956,32.947754],[130.54704,32.947801],[130.547105,32.947844],[130.547154,32.947925],[130.547212,32.94801],[130.547235,32.948046],[130.547274,32.94808],[130.54728,32.94809],[130.547294,32.948097],[130.547516,32.948101],[130.547624,32.948094],[130.547706,32.948101],[130.547748,32.948112],[130.547835,32.948149],[130.547894,32.948159],[130.54795,32.948174],[130.548005,32.948175],[130.548035,32.948175],[130.54807,32.948171],[130.548257,32.948112],[130.548368,32.948098],[130.548403,32.948107],[130.548625,32.948246],[130.548648,32.948254],[130.54865,32.948255],[130.548705,32.948274],[130.548724,32.948277],[130.548812,32.948294],[130.548842,32.948299],[130.548925,32.948311],[130.548978,32.948313],[130.549054,32.948318],[130.549067,32.948313],[130.549116,32.948291],[130.549132,32.948263],[130.549134,32.94824],[130.549125,32.948216],[130.549098,32.94819],[130.549077,32.948183],[130.549045,32.948172],[130.549002,32.948169],[130.548936,32.948165],[130.548905,32.948155],[130.548895,32.948138],[130.548911,32.948123],[130.548986,32.948115],[130.549117,32.948123],[130.549173,32.948145],[130.549229,32.94821],[130.549269,32.948259],[130.549309,32.94829],[130.549347,32.948306],[130.549366,32.948307],[130.549382,32.948309],[130.549869,32.948225],[130.549881,32.948223],[130.54991,32.948215],[130.549995,32.948194],[130.550056,32.948156],[130.550084,32.948128],[130.550117,32.948096],[130.550142,32.948062],[130.550164,32.948031],[130.550203,32.947953],[130.550216,32.947928],[130.550246,32.947874],[130.550278,32.947831],[130.550289,32.94782],[130.550389,32.947732],[130.550559,32.947596],[130.5506,32.947542],[130.550644,32.947471],[130.550699,32.947385],[130.550834,32.9474],[130.551087,32.947432],[130.551195,32.947444],[130.551301,32.947444],[130.551445,32.947476],[130.551755,32.947493],[130.552023,32.947486],[130.552172,32.947432],[130.552331,32.947293],[130.552481,32.947011],[130.552492,32.946993],[130.55262,32.946799],[130.552635,32.946775],[130.552941,32.946238],[130.55308,32.945994],[130.553161,32.945853],[130.553166,32.945845],[130.553189,32.945779],[130.553084,32.945691],[130.553057,32.945614],[130.552858,32.945513],[130.552817,32.945498],[130.552599,32.945412],[130.552508,32.945425],[130.552134,32.945547],[130.552028,32.945542],[130.55199,32.945536],[130.551952,32.945539],[130.551717,32.94556],[130.551617,32.945561],[130.551593,32.945573],[130.551555,32.945591],[130.551395,32.94579],[130.55138,32.945806],[130.551337,32.945854],[130.551283,32.945901],[130.55122,32.945913],[130.551007,32.945881],[130.550794,32.945669],[130.550728,32.945547],[130.550675,32.945408],[130.550652,32.945279],[130.550653,32.945223],[130.550655,32.945183],[130.550645,32.945138],[130.55059,32.945103],[130.550553,32.945257],[130.550509,32.945482],[130.550363,32.945474],[130.550325,32.945479],[130.550132,32.945488],[130.550065,32.945461],[130.550053,32.945455],[130.54997,32.945403],[130.549877,32.945345],[130.549809,32.945287],[130.549777,32.945199],[130.549781,32.945061],[130.549637,32.945069],[130.549596,32.945071],[130.549585,32.945072],[130.549536,32.945094],[130.549503,32.945126],[130.549438,32.945194],[130.549286,32.94519],[130.549167,32.945204],[130.549125,32.94506],[130.549083,32.944946],[130.549077,32.944931],[130.54901,32.944853],[130.549001,32.944843],[130.548872,32.944731],[130.548869,32.944729],[130.548671,32.944685],[130.548571,32.944644],[130.548485,32.944631],[130.548186,32.944598],[130.547675,32.944583],[130.547575,32.944667],[130.547551,32.944671],[130.547543,32.944673],[130.547559,32.944704],[130.54758,32.944769],[130.547579,32.94484],[130.547231,32.944925],[130.547138,32.944857],[130.547138,32.944767],[130.547287,32.944639],[130.547312,32.944634],[130.54702,32.94457],[130.546853,32.944594],[130.546785,32.944583],[130.546774,32.944576],[130.546706,32.944534],[130.546625,32.944527],[130.546596,32.944471],[130.54558,32.944436],[130.545571,32.94446],[130.545545,32.944519],[130.545539,32.944533],[130.545506,32.944586]]]}},{"type":"Feature","properties":{"ParkName":"大倉河川緑地","ParkType":"緑地","ParkCode":3022,"Pref":"熊本県","Citycode":"43206","Cityname":"玉名市","FNDate":null},"geometry":{"type":"Polygon","coordinates":[[[130.563883,32.924408],[130.563981,32.924553],[130.564189,32.924816],[130.56442,32.92506],[130.564668,32.925328],[130.564949,32.925587],[130.565268,32.92583],[130.565431,32.925936],[130.565487,32.925978],[130.565827,32.9258],[130.56504,32.92486],[130.564873,32.924615],[130.56461,32.924223],[130.563883,32.924408]]]}},{"type":"Feature","properties":{"ParkName":"滑石河川緑地","ParkType":"緑地","ParkCode":3022,"Pref":"熊本県","Citycode":"43206","Cityname":"玉名市","FNDate":null},"geometry":{"type":"Polygon","coordinates":[[[130.534035,32.893172],[130.534161,32.893385],[130.534221,32.893366],[130.534255,32.893354],[130.534479,32.893935],[130.534606,32.89426],[130.53462,32.894256],[130.534739,32.894427],[130.534686,32.894439],[130.534649,32.894449],[130.534606,32.89446],[130.534689,32.894616],[130.534782,32.894597],[130.534991,32.895103],[130.535076,32.895297],[130.535086,32.895319],[130.535165,32.895482],[130.535202,32.895563],[130.535211,32.895581],[130.535325,32.89584],[130.535505,32.895819],[130.535517,32.896201],[130.535529,32.896204],[130.535548,32.896209],[130.535698,32.896007],[130.535596,32.895814],[130.535653,32.895609],[130.535675,32.895424],[130.535669,32.895161],[130.535721,32.894714],[130.535737,32.894356],[130.53571,32.894106],[130.535626,32.893861],[130.535507,32.89367],[130.535359,32.893544],[130.535119,32.893471],[130.53495,32.893393],[130.534708,32.893142],[130.534685,32.893113],[130.534674,32.893096],[130.534345,32.892751],[130.534246,32.892648],[130.533965,32.892379],[130.533782,32.892274],[130.533751,32.892272],[130.53374,32.892297],[130.533844,32.892494],[130.534031,32.892848],[130.534032,32.893014],[130.534035,32.893172]]]}},{"type":"Feature","properties":{"ParkName":"おおみなと児童公園","ParkType":"公園","ParkCode":3021,"Pref":"熊本県","Citycode":"43206","Cityname":"玉名市","FNDate":null},"geometry":{"type":"Polygon","coordinates":[[[130.545609,32.922578],[130.54588,32.922567],[130.546048,32.922558],[130.546327,32.922551],[130.546401,32.92255],[130.546578,32.922562],[130.546648,32.922567],[130.546642,32.922507],[130.546622,32.922439],[130.546452,32.922387],[130.546357,32.922341],[130.546178,32.92224],[130.546045,32.922164],[130.545946,32.922138],[130.545647,32.922055],[130.545645,32.922055],[130.545584,32.922353],[130.545594,32.922566],[130.545609,32.922578]]]}},{"type":"Feature","properties":{"ParkName":"糖峯児童公園","ParkType":"公園","ParkCode":3021,"Pref":"熊本県","Citycode":"43206","Cityname":"玉名市","FNDate":null},"geometry":{"type":"Polygon","coordinates":[[[130.545667,32.940595],[130.545673,32.940597],[130.545797,32.940349],[130.545481,32.940264],[130.545441,32.940274],[130.545359,32.940459],[130.545359,32.940477],[130.545667,32.940595]]]}},{"type":"Feature","properties":{"ParkName":"亀甲児童公園","ParkType":"公園","ParkCode":3021,"Pref":"熊本県","Citycode":"43206","Cityname":"玉名市","FNDate":null},"geometry":{"type":"Polygon","coordinates":[[[130.551607,32.929593],[130.551475,32.929568],[130.551473,32.929573],[130.551446,32.929643],[130.551406,32.929775],[130.55138,32.929859],[130.551356,32.929969],[130.551355,32.93004],[130.551594,32.930112],[130.551901,32.930214],[130.55208,32.930278],[130.552186,32.930342],[130.552248,32.930349],[130.552322,32.930326],[130.552351,32.930297],[130.552357,32.929965],[130.552371,32.929857],[130.552385,32.929805],[130.552083,32.929705],[130.552068,32.929701],[130.552067,32.929701],[130.551978,32.929682],[130.551761,32.929634],[130.551685,32.929614],[130.551607,32.929593]]]}},{"type":"Feature","properties":{"ParkName":"桃田運動公園","ParkType":"公園","ParkCode":3021,"Pref":"熊本県","Citycode":"43206","Cityname":"玉名市","FNDate":null},"geometry":{"type":"Polygon","coordinates":[[[130.569874,32.921316],[130.569873,32.921314],[130.569928,32.9212],[130.570025,32.921166],[130.570132,32.921138],[130.57018,32.92112],[130.570348,32.921054],[130.570568,32.920885],[130.570592,32.920868],[130.570707,32.920702],[130.570777,32.920542],[130.570813,32.920464],[130.570823,32.920427],[130.570826,32.920395],[130.570819,32.920354],[130.570814,32.920336],[130.570769,32.920261],[130.570756,32.920223],[130.570693,32.919982],[130.57066,32.919875],[130.57066,32.919738],[130.570654,32.91966],[130.570661,32.919614],[130.57066,32.919614],[130.570689,32.919487],[130.570664,32.919331],[130.570637,32.91924],[130.570619,32.919191],[130.570602,32.919143],[130.570602,32.919122],[130.570604,32.919055],[130.570604,32.91904],[130.570604,32.919029],[130.570604,32.919018],[130.570631,32.918955],[130.570659,32.918622],[130.570659,32.918469],[130.570719,32.918297],[130.570735,32.918195],[130.570728,32.918061],[130.570732,32.918006],[130.570733,32.917985],[130.570689,32.917934],[130.570668,32.917908],[130.570601,32.917829],[130.570582,32.917748],[130.570574,32.917642],[130.570573,32.917498],[130.570588,32.917419],[130.570538,32.917388],[130.570566,32.917223],[130.570366,32.917143],[130.570021,32.917006],[130.570011,32.917006],[130.569976,32.917004],[130.568905,32.916952],[130.568845,32.917004],[130.568737,32.917068],[130.568608,32.917186],[130.568538,32.917317],[130.568458,32.917439],[130.568388,32.91753],[130.568011,32.917865],[130.567964,32.917901],[130.567948,32.917931],[130.567963,32.9179],[130.567919,32.917932],[130.567886,32.917955],[130.567877,32.917962],[130.567863,32.917974],[130.567803,32.918026],[130.567756,32.918108],[130.567646,32.918574],[130.567613,32.918697],[130.56756,32.918848],[130.567462,32.919144],[130.567457,32.919148],[130.567436,32.919166],[130.567434,32.91917],[130.567403,32.919191],[130.567304,32.919271],[130.567202,32.919355],[130.567181,32.919369],[130.566941,32.919462],[130.566894,32.919523],[130.566899,32.919775],[130.566932,32.919876],[130.566951,32.919943],[130.566971,32.920237],[130.566941,32.920377],[130.566938,32.920455],[130.566961,32.920737],[130.56705,32.921014],[130.567047,32.921013],[130.567001,32.92102],[130.564685,32.921324],[130.564666,32.921327],[130.564653,32.921341],[130.564611,32.921347],[130.564524,32.921359],[130.564454,32.921369],[130.56445,32.921359],[130.564427,32.921362],[130.564419,32.921364],[130.564333,32.921377],[130.56436,32.921508],[130.564425,32.921498],[130.564454,32.921494],[130.56449,32.921489],[130.56449,32.921485],[130.564601,32.921473],[130.564671,32.921463],[130.564679,32.921481],[130.56469,32.92148],[130.564695,32.92148],[130.564812,32.921465],[130.564981,32.921443],[130.564963,32.921443],[130.56571,32.921348],[130.565798,32.921341],[130.565824,32.921341],[130.565889,32.921335],[130.565894,32.921334],[130.566907,32.921199],[130.566846,32.92131],[130.566781,32.921428],[130.56676,32.921465],[130.566755,32.921487],[130.566724,32.921538],[130.566601,32.921776],[130.566538,32.921896],[130.566531,32.92191],[130.566504,32.922023],[130.566493,32.922093],[130.566485,32.92212],[130.566485,32.922186],[130.566491,32.922195],[130.566513,32.922233],[130.566619,32.922401],[130.566645,32.922454],[130.566661,32.922485],[130.566672,32.922502],[130.566715,32.922569],[130.566749,32.922552],[130.566805,32.922532],[130.566834,32.922532],[130.566859,32.922532],[130.566894,32.922532],[130.566913,32.922532],[130.566985,32.922527],[130.567054,32.922508],[130.567121,32.922461],[130.56719,32.922403],[130.567268,32.922367],[130.567398,32.92233],[130.567501,32.922307],[130.567609,32.922302],[130.567703,32.922301],[130.567785,32.922316],[130.567841,32.922332],[130.56789,32.922347],[130.567986,32.922408],[130.568108,32.922487],[130.56817,32.922512],[130.568212,32.922518],[130.568312,32.922501],[130.568445,32.922473],[130.568527,32.922441],[130.568663,32.92239],[130.568864,32.922319],[130.568876,32.922316],[130.568894,32.922313],[130.568923,32.922325],[130.568983,32.922348],[130.56903,32.922351],[130.569107,32.922332],[130.569188,32.9223],[130.569257,32.922257],[130.569269,32.92225],[130.569319,32.922189],[130.569461,32.92206],[130.569613,32.921973],[130.569627,32.921964],[130.56963,32.921934],[130.569631,32.921919],[130.56959,32.921864],[130.569587,32.92186],[130.56957,32.921835],[130.56959,32.921798],[130.569598,32.921786],[130.569608,32.921766],[130.569735,32.921585],[130.569874,32.921316]]]}},{"type":"Feature","properties":{"ParkName":"梅林児童公園","ParkType":"公園","ParkCode":3021,"Pref":"熊本県","Citycode":"43206","Cityname":"玉名市","FNDate":null},"geometry":{"type":"Polygon","coordinates":[[[130.601562,32.934542],[130.601537,32.934474],[130.601526,32.934401],[130.601523,32.934302],[130.601512,32.934248],[130.601505,32.934233],[130.601479,32.934183],[130.601438,32.934161],[130.601375,32.934145],[130.601263,32.934143],[130.601173,32.934156],[130.601101,32.934187],[130.601076,32.934214],[130.601069,32.934262],[130.601068,32.934326],[130.601079,32.934373],[130.601116,32.934484],[130.601133,32.934548],[130.601185,32.934731],[130.601208,32.934731],[130.601251,32.934718],[130.601449,32.934671],[130.60142,32.934633],[130.601399,32.934591],[130.601562,32.934542]]]}},{"type":"Feature","properties":{"ParkName":"岱明中央公園","ParkType":"公園","ParkCode":3021,"Pref":"熊本県","Citycode":"43206","Cityname":"玉名市","FNDate":null},"geometry":{"type":"Polygon","coordinates":[[[130.513885,32.91866],[130.513809,32.918694],[130.513734,32.918718],[130.513529,32.918854],[130.513361,32.918972],[130.513308,32.919],[130.513197,32.91902],[130.513156,32.919015],[130.512461,32.918757],[130.512251,32.918692],[130.512199,32.918717],[130.512152,32.918835],[130.512128,32.918883],[130.512093,32.918898],[130.511681,32.918803],[130.511635,32.919177],[130.511198,32.919104],[130.511451,32.919439],[130.511574,32.919702],[130.511697,32.919951],[130.511744,32.920006],[130.511779,32.92],[130.511884,32.919966],[130.511989,32.919927],[130.51203,32.919927],[130.512163,32.919903],[130.512233,32.919899],[130.512292,32.919865],[130.512338,32.91986],[130.512536,32.919866],[130.512652,32.919871],[130.512757,32.919881],[130.51296,32.919912],[130.513151,32.919957],[130.513222,32.919981],[130.513238,32.92002],[130.513336,32.920104],[130.513208,32.920319],[130.512911,32.92033],[130.512925,32.9207],[130.512182,32.920807],[130.512336,32.920999],[130.512427,32.921187],[130.512423,32.921286],[130.512638,32.921471],[130.512732,32.921728],[130.513145,32.92166],[130.51346,32.921613],[130.513639,32.921721],[130.513691,32.921726],[130.514384,32.921479],[130.514443,32.921479],[130.514494,32.921523],[130.515012,32.921373],[130.515048,32.92129],[130.515744,32.921055],[130.515479,32.920662],[130.515432,32.920622],[130.515109,32.920395],[130.515073,32.920371],[130.515017,32.920169],[130.514953,32.920121],[130.514776,32.920019],[130.514724,32.919974],[130.514614,32.919891],[130.514527,32.919837],[130.514434,32.919797],[130.514376,32.919767],[130.514318,32.919757],[130.514219,32.919723],[130.513935,32.919663],[130.5139,32.919663],[130.513812,32.919707],[130.513667,32.919785],[130.513641,32.919776],[130.513588,32.919752],[130.513553,32.919723],[130.513531,32.919679],[130.51352,32.919619],[130.513532,32.91955],[130.513597,32.919394],[130.513684,32.919291],[130.513836,32.91914],[130.513895,32.919111],[130.513981,32.919063],[130.514105,32.918995],[130.514186,32.918931],[130.51422,32.918892],[130.514222,32.918884],[130.514228,32.918849],[130.514206,32.918824],[130.514153,32.918802],[130.514108,32.918778],[130.514071,32.918747],[130.514023,32.918699],[130.513986,32.918655],[130.513964,32.91864],[130.513895,32.918659],[130.513889,32.918658],[130.513885,32.91866]]]}},{"type":"Feature","properties":{"ParkName":"古閑近隣公園","ParkType":"公園","ParkCode":3021,"Pref":"熊本県","Citycode":"43206","Cityname":"玉名市","FNDate":null},"geometry":{"type":"Polygon","coordinates":[[[130.50586,32.931103],[130.505934,32.931091],[130.506019,32.931091],[130.506091,32.931085],[130.506088,32.930935],[130.506042,32.930842],[130.505928,32.930748],[130.505793,32.930654],[130.505577,32.93055],[130.505441,32.930471],[130.505332,32.930366],[130.505281,32.930273],[130.505379,32.930266],[130.505485,32.930245],[130.505545,32.930213],[130.505634,32.930156],[130.505767,32.929931],[130.505759,32.929878],[130.505712,32.929849],[130.50553,32.929762],[130.50531,32.929661],[130.505221,32.929639],[130.50514,32.929668],[130.505089,32.929735],[130.50505,32.929853],[130.505037,32.929975],[130.505057,32.930061],[130.505011,32.930072],[130.504909,32.930103],[130.50479,32.930106],[130.504768,32.930139],[130.504811,32.930171],[130.504887,32.930239],[130.50495,32.930329],[130.505,32.930415],[130.505028,32.930505],[130.505042,32.930545],[130.505158,32.930671],[130.505214,32.930719],[130.50526,32.930754],[130.505371,32.930826],[130.505455,32.930869],[130.505502,32.930901],[130.505544,32.930932],[130.505656,32.931027],[130.505748,32.93113],[130.505794,32.931154],[130.50586,32.931103]]]}},{"type":"Feature","properties":{"ParkName":"浜田児童公園","ParkType":"公園","ParkCode":3021,"Pref":"熊本県","Citycode":"43206","Cityname":"玉名市","FNDate":null},"geometry":{"type":"Polygon","coordinates":[[[130.504539,32.907111],[130.504591,32.907212],[130.504625,32.907267],[130.504647,32.907289],[130.504665,32.907301],[130.504691,32.907313],[130.504716,32.907318],[130.504754,32.90732],[130.50482,32.907329],[130.504869,32.907348],[130.504903,32.907328],[130.504975,32.907304],[130.505072,32.90728],[130.505283,32.907235],[130.505212,32.90698],[130.505117,32.906998],[130.504861,32.907044],[130.504539,32.907111]]]}},{"type":"Feature","properties":{"ParkName":"中公園","ParkType":"公園","ParkCode":3021,"Pref":"熊本県","Citycode":"43206","Cityname":"玉名市","FNDate":null},"geometry":{"type":"Polygon","coordinates":[[[130.514003,32.908439],[130.513971,32.908439],[130.513879,32.908481],[130.51385,32.9086],[130.513834,32.908904],[130.514128,32.908932],[130.514403,32.908954],[130.514446,32.908841],[130.514429,32.908763],[130.514136,32.90875],[130.51414,32.908675],[130.514151,32.908485],[130.514081,32.908461],[130.514003,32.908439]]]}},{"type":"Feature","properties":{"ParkName":"大相公園","ParkType":"公園","ParkCode":3021,"Pref":"熊本県","Citycode":"43206","Cityname":"玉名市","FNDate":null},"geometry":{"type":"Polygon","coordinates":[[[130.514495,32.894859],[130.514851,32.894697],[130.514503,32.89414],[130.51414,32.894303],[130.514495,32.894859]]]}},{"type":"Feature","properties":{"ParkName":"山下公園","ParkType":"公園","ParkCode":3021,"Pref":"熊本県","Citycode":"43206","Cityname":"玉名市","FNDate":null},"geometry":{"type":"Polygon","coordinates":[[[130.520715,32.915162],[130.520742,32.915341],[130.520826,32.915407],[130.520968,32.91545],[130.521151,32.915474],[130.521385,32.915415],[130.521562,32.915344],[130.521683,32.915261],[130.5215,32.91501],[130.521125,32.915098],[130.520715,32.915162]]]}},{"type":"Feature","properties":{"ParkName":"立山健康広場　","ParkType":"公園","ParkCode":3021,"Pref":"熊本県","Citycode":"43206","Cityname":"玉名市","FNDate":null},"geometry":{"type":"Polygon","coordinates":[[[130.499902,32.904326],[130.500082,32.904778],[130.500987,32.904502],[130.500983,32.904452],[130.500749,32.904519],[130.500603,32.904114],[130.499902,32.904326]]]}},{"type":"Feature","properties":{"ParkName":"扇崎公園","ParkType":"公園","ParkCode":3021,"Pref":"熊本県","Citycode":"43206","Cityname":"玉名市","FNDate":null},"geometry":{"type":"Polygon","coordinates":[[[130.489041,32.916366],[130.489201,32.91656],[130.489213,32.91661],[130.489424,32.916804],[130.489743,32.916744],[130.489803,32.916702],[130.489672,32.916558],[130.489736,32.916487],[130.489542,32.916311],[130.489933,32.916151],[130.489743,32.916011],[130.489041,32.916366]]]}},{"type":"Feature","properties":{"ParkName":"睦合区第２公園","ParkType":"公園","ParkCode":3021,"Pref":"熊本県","Citycode":"43206","Cityname":"玉名市","FNDate":null},"geometry":{"type":"Polygon","coordinates":[[[130.502419,32.928283],[130.50259,32.928187],[130.502531,32.928115],[130.502343,32.928211],[130.502419,32.928283]]]}},{"type":"Feature","properties":{"ParkName":"睦合区第１公園","ParkType":"公園","ParkCode":3021,"Pref":"熊本県","Citycode":"43206","Cityname":"玉名市","FNDate":null},"geometry":{"type":"Polygon","coordinates":[[[130.503989,32.928368],[130.504111,32.928629],[130.504276,32.928583],[130.50415,32.928322],[130.503989,32.928368]]]}},{"type":"Feature","properties":{"ParkName":"雲雀ケ丘健康広場公園","ParkType":"公園","ParkCode":3021,"Pref":"熊本県","Citycode":"43206","Cityname":"玉名市","FNDate":null},"geometry":{"type":"Polygon","coordinates":[[[130.499205,32.931764],[130.49921,32.931869],[130.499237,32.932013],[130.499305,32.932128],[130.499502,32.932243],[130.4997,32.93233],[130.499842,32.93222],[130.499757,32.932144],[130.499521,32.931938],[130.499262,32.931707],[130.499205,32.931764]]]}},{"type":"Feature","properties":{"ParkName":"雲雀ヶ丘第1公園","ParkType":"公園","ParkCode":3021,"Pref":"熊本県","Citycode":"43206","Cityname":"玉名市","FNDate":null},"geometry":{"type":"Polygon","coordinates":[[[130.499362,32.933927],[130.499514,32.934047],[130.499753,32.93389],[130.500162,32.933639],[130.49997,32.933595],[130.499788,32.933633],[130.499607,32.93368],[130.499476,32.933784],[130.499362,32.933927]]]}},{"type":"Feature","properties":{"ParkName":"雲雀ヶ丘第２公園","ParkType":"公園","ParkCode":3021,"Pref":"熊本県","Citycode":"43206","Cityname":"玉名市","FNDate":null},"geometry":{"type":"Polygon","coordinates":[[[130.497019,32.936007],[130.496951,32.936069],[130.496905,32.936246],[130.496898,32.936393],[130.496943,32.936508],[130.49705,32.936652],[130.497174,32.936628],[130.497113,32.936423],[130.497019,32.936007]]]}},{"type":"Feature","properties":{"ParkName":"雲雀ヶ丘第３公園","ParkType":"公園","ParkCode":3021,"Pref":"熊本県","Citycode":"43206","Cityname":"玉名市","FNDate":null},"geometry":{"type":"Polygon","coordinates":[[[130.498689,32.937011],[130.498716,32.937164],[130.498766,32.937293],[130.498828,32.937346],[130.498873,32.937489],[130.498946,32.93748],[130.498948,32.937218],[130.499169,32.937185],[130.499169,32.937047],[130.499142,32.936927],[130.499097,32.936817],[130.499057,32.936817],[130.499062,32.937008],[130.498705,32.937011],[130.498704,32.9368],[130.498671,32.9368],[130.498689,32.937011]]]}},{"type":"Feature","properties":{"ParkName":"松原河川緑地","ParkType":"緑地","ParkCode":3022,"Pref":"熊本県","Citycode":"43206","Cityname":"玉名市","FNDate":null},"geometry":{"type":"Polygon","coordinates":[[[130.538781,32.893566],[130.538447,32.893625],[130.538435,32.893894],[130.538429,32.894053],[130.538417,32.894338],[130.538361,32.894352],[130.538472,32.894687],[130.538855,32.894632],[130.538866,32.894586],[130.538991,32.894561],[130.538981,32.894433],[130.539058,32.89442],[130.538813,32.893584],[130.538781,32.893566]]]}},{"type":"Feature","properties":{"ParkName":"柊の木児童公園","ParkType":"公園","ParkCode":3021,"Pref":"熊本県","Citycode":"43206","Cityname":"玉名市","FNDate":null},"geometry":{"type":"Polygon","coordinates":[[[130.573151,32.910427],[130.572951,32.91034],[130.572849,32.910282],[130.572746,32.910244],[130.57271,32.910231],[130.57249,32.910167],[130.57224,32.910069],[130.572125,32.910287],[130.572391,32.910428],[130.57251,32.910464],[130.572578,32.910425],[130.572832,32.910494],[130.573027,32.910566],[130.573209,32.910627],[130.573226,32.910767],[130.573276,32.910774],[130.573336,32.910635],[130.573379,32.910539],[130.573151,32.910427]]]}},{"type":"Feature","properties":{"ParkName":"裏川水際緑地","ParkType":"緑地","ParkCode":3022,"Pref":"熊本県","Citycode":"43206","Cityname":"玉名市","FNDate":null},"geometry":{"type":"Polygon","coordinates":[[[130.563316,32.92759],[130.563141,32.927437],[130.563075,32.927487],[130.562746,32.927178],[130.562871,32.927073],[130.562641,32.92681],[130.562432,32.926551],[130.562242,32.926222],[130.562157,32.92624],[130.562263,32.926498],[130.562392,32.926761],[130.562645,32.92713],[130.563005,32.927527],[130.563355,32.927748],[130.563535,32.92792],[130.56389,32.928255],[130.564143,32.928528],[130.564447,32.928787],[130.564678,32.929017],[130.564774,32.929117],[130.565072,32.929367],[130.565175,32.929291],[130.565068,32.929199],[130.564848,32.928994],[130.564651,32.928835],[130.564442,32.928591],[130.564313,32.9285],[130.564098,32.928356],[130.563969,32.928232],[130.563749,32.927978],[130.563496,32.927767],[130.563316,32.92759]]]}},{"type":"Feature","properties":{"ParkName":"下河原公園","ParkType":"公園","ParkCode":3021,"Pref":"熊本県","Citycode":"43206","Cityname":"玉名市","FNDate":null},"geometry":{"type":"Polygon","coordinates":[[[130.539511,32.922203],[130.540179,32.922206],[130.539818,32.922009],[130.539518,32.921845],[130.539496,32.921859],[130.539511,32.922203]]]}},{"type":"Feature","properties":{"ParkName":"安楽寺児童公園","ParkType":"公園","ParkCode":3021,"Pref":"熊本県","Citycode":"43206","Cityname":"玉名市","FNDate":null},"geometry":{"type":"Polygon","coordinates":[[[130.602791,32.927313],[130.602786,32.927413],[130.60276,32.927524],[130.60273,32.927589],[130.60273,32.927606],[130.602803,32.92761],[130.602904,32.927593],[130.603032,32.927532],[130.602872,32.927281],[130.602791,32.927313]]]}},{"type":"Feature","properties":{"ParkName":"糖峯東児童公園","ParkType":"公園","ParkCode":3021,"Pref":"熊本県","Citycode":"43206","Cityname":"玉名市","FNDate":null},"geometry":{"type":"Polygon","coordinates":[[[130.546623,32.939686],[130.546759,32.939686],[130.54676,32.939438],[130.546624,32.939428],[130.546623,32.939686]]]}},{"type":"Feature","properties":{"ParkName":"上立願寺児童公園","ParkType":"公園","ParkCode":3021,"Pref":"熊本県","Citycode":"43206","Cityname":"玉名市","FNDate":null},"geometry":{"type":"Polygon","coordinates":[[[130.550429,32.941303],[130.550407,32.941183],[130.55005,32.941239],[130.550106,32.941454],[130.550207,32.941612],[130.550287,32.941778],[130.550486,32.941952],[130.550508,32.941943],[130.550568,32.941862],[130.550551,32.941742],[130.550552,32.941652],[130.550546,32.94159],[130.55045,32.941537],[130.550383,32.941498],[130.55044,32.941432],[130.550429,32.941303]]]}},{"type":"Feature","properties":{"ParkName":"北前原区公園","ParkType":"公園","ParkCode":3021,"Pref":"熊本県","Citycode":"43206","Cityname":"玉名市","FNDate":null},"geometry":{"type":"Polygon","coordinates":[[[130.529797,32.930092],[130.529875,32.930307],[130.529932,32.930293],[130.530216,32.930041],[130.529826,32.930063],[130.529797,32.930092]]]}},{"type":"Feature","properties":{"ParkName":"溝上河川緑地","ParkType":"緑地","ParkCode":3022,"Pref":"熊本県","Citycode":"43206","Cityname":"玉名市","FNDate":null},"geometry":{"type":"Polygon","coordinates":[[[130.592002,32.962972],[130.59234,32.96321],[130.592476,32.963253],[130.592604,32.963132],[130.592673,32.962989],[130.592563,32.962903],[130.592215,32.962701],[130.592096,32.962808],[130.592002,32.962972]]]}},{"type":"Feature","properties":{"ParkName":"裏川水際緑地","ParkType":"緑地","ParkCode":3022,"Pref":"熊本県","Citycode":"43206","Cityname":"玉名市","FNDate":null},"geometry":{"type":"Polygon","coordinates":[[[130.56105,32.928866],[130.561255,32.92889],[130.561255,32.928775],[130.56105,32.928866]]]}},{"type":"Feature","properties":{"ParkName":"市民広場公園","ParkType":"公園","ParkCode":3021,"Pref":"熊本県","Citycode":"43206","Cityname":"玉名市","FNDate":null},"geometry":{"type":"Polygon","coordinates":[[[130.559027,32.939119],[130.558944,32.939194],[130.559004,32.939257],[130.559105,32.939198],[130.559027,32.939119]]]}},{"type":"Feature","properties":{"ParkName":"梅林児童公園","ParkType":"公園","ParkCode":3021,"Pref":"熊本県","Citycode":"43206","Cityname":"玉名市","FNDate":null},"geometry":{"type":"Polygon","coordinates":[[[130.5948,32.958215],[130.594944,32.95832],[130.595089,32.95843],[130.595258,32.95855],[130.595417,32.958622],[130.595456,32.958661],[130.595459,32.958754],[130.595537,32.958706],[130.595491,32.958626],[130.595683,32.958546],[130.59586,32.95854],[130.595891,32.958511],[130.595973,32.958442],[130.595942,32.958394],[130.595849,32.958439],[130.595623,32.958516],[130.595435,32.958578],[130.595368,32.958551],[130.595273,32.958476],[130.595195,32.95838],[130.595178,32.958264],[130.59515,32.958192],[130.595026,32.958192],[130.5948,32.958215]]]}},{"type":"Feature","properties":{"ParkName":"新玉名駅前広場","ParkType":"公園","ParkCode":3021,"Pref":"熊本県","Citycode":"43206","Cityname":"玉名市","FNDate":null},"geometry":{"type":"Polygon","coordinates":[[[130.573719,32.941545],[130.573666,32.941461],[130.573638,32.941408],[130.573596,32.941354],[130.57354,32.941354],[130.573479,32.941386],[130.573437,32.941419],[130.573415,32.941434],[130.573415,32.941455],[130.57326,32.941435],[130.573263,32.941392],[130.573533,32.941267],[130.573558,32.941145],[130.573735,32.941077],[130.57398,32.940982],[130.574011,32.941054],[130.574125,32.941028],[130.574093,32.940965],[130.574019,32.940842],[130.573914,32.940708],[130.573847,32.940627],[130.573752,32.9406],[130.573632,32.940567],[130.573543,32.940608],[130.57338,32.940676],[130.573235,32.940744],[130.573026,32.940848],[130.57282,32.940964],[130.572653,32.941014],[130.572614,32.941094],[130.572631,32.941207],[130.572733,32.941384],[130.572817,32.941527],[130.57288,32.941596],[130.57294,32.941623],[130.573036,32.941629],[130.573121,32.941627],[130.573195,32.941618],[130.573248,32.941585],[130.573252,32.941544],[130.573256,32.941478],[130.573256,32.941473],[130.573412,32.941503],[130.573401,32.941544],[130.573407,32.941613],[130.57346,32.941676],[130.573531,32.941741],[130.573594,32.941771],[130.573657,32.94187],[130.573696,32.941966],[130.57372,32.942019],[130.573762,32.942094],[130.57378,32.942112],[130.57384,32.942073],[130.573897,32.942029],[130.573929,32.941999],[130.573957,32.941975],[130.57394,32.941928],[130.573884,32.941832],[130.573838,32.941751],[130.573768,32.941632],[130.573719,32.941545]]]}},{"type":"Feature","properties":{"ParkName":"北前原区公園","ParkType":"公園","ParkCode":3021,"Pref":"熊本県","Citycode":"43206","Cityname":"玉名市","FNDate":null},"geometry":{"type":"Polygon","coordinates":[[[130.525469,32.939947],[130.525691,32.939719],[130.52536,32.939635],[130.525351,32.939675],[130.525469,32.939947]]]}},{"type":"Feature","properties":{"ParkName":"津留河川緑地","ParkType":"緑地","ParkCode":3022,"Pref":"熊本県","Citycode":"43206","Cityname":"玉名市","FNDate":null},"geometry":{"type":"Polygon","coordinates":[[[130.584645,32.931045],[130.584912,32.930984],[130.585387,32.930919],[130.585993,32.930859],[130.586491,32.930822],[130.586763,32.930823],[130.587096,32.930844],[130.587103,32.930734],[130.586757,32.930714],[130.586492,32.930713],[130.585988,32.930749],[130.585371,32.930824],[130.584872,32.930884],[130.584601,32.93094],[130.584645,32.931045]]]}},{"type":"Feature","properties":{"ParkName":"市民広場公園","ParkType":"公園","ParkCode":3021,"Pref":"熊本県","Citycode":"43206","Cityname":"玉名市","FNDate":null},"geometry":{"type":"Polygon","coordinates":[[[130.55752,32.93805],[130.557758,32.93808],[130.557878,32.937889],[130.557748,32.937774],[130.557578,32.93786],[130.557544,32.937955],[130.55752,32.93805]]]}},{"type":"Feature","properties":{"ParkName":"大倉河川緑地","ParkType":"緑地","ParkCode":3022,"Pref":"熊本県","Citycode":"43206","Cityname":"玉名市","FNDate":null},"geometry":{"type":"Polygon","coordinates":[[[130.565714,32.926399],[130.566695,32.927382],[130.567382,32.928111],[130.567771,32.927898],[130.567371,32.927383],[130.567089,32.927239],[130.566956,32.926982],[130.56592,32.926304],[130.565714,32.926399]]]}},{"type":"Feature","properties":{"ParkName":"大倉河川緑地","ParkType":"緑地","ParkCode":3022,"Pref":"熊本県","Citycode":"43206","Cityname":"玉名市","FNDate":null},"geometry":{"type":"Polygon","coordinates":[[[130.570163,32.930443],[130.570099,32.930406],[130.570041,32.93036],[130.56996,32.930309],[130.569895,32.930267],[130.569808,32.930214],[130.569722,32.930162],[130.569645,32.930116],[130.569546,32.930059],[130.569452,32.930004],[130.569378,32.929961],[130.56929,32.929907],[130.569223,32.929869],[130.569156,32.929837],[130.569105,32.929808],[130.569063,32.929784],[130.569026,32.929759],[130.568938,32.929693],[130.568886,32.929652],[130.568833,32.92961],[130.56878,32.929561],[130.568726,32.929515],[130.56867,32.929469],[130.568626,32.929434],[130.568572,32.929389],[130.568548,32.929361],[130.568545,32.92934],[130.568546,32.929305],[130.568548,32.929267],[130.568539,32.929236],[130.568517,32.92919],[130.568481,32.929126],[130.56844,32.929075],[130.568395,32.929028],[130.568342,32.928972],[130.568289,32.928925],[130.56823,32.928876],[130.568175,32.928834],[130.568137,32.928807],[130.568199,32.928743],[130.56754,32.928437],[130.567666,32.928613],[130.567926,32.928978],[130.568185,32.929317],[130.568349,32.929523],[130.568497,32.9297],[130.568631,32.929848],[130.568725,32.929944],[130.56885,32.930094],[130.569017,32.930278],[130.569243,32.930506],[130.569503,32.93045],[130.569627,32.930413],[130.569896,32.93063],[130.569883,32.930655],[130.569844,32.930687],[130.569829,32.930716],[130.569827,32.930759],[130.569839,32.93079],[130.569868,32.930804],[130.569897,32.930808],[130.569938,32.930795],[130.569988,32.930762],[130.570053,32.930706],[130.570104,32.930664],[130.570161,32.930632],[130.570216,32.930593],[130.570248,32.93056],[130.570272,32.930539],[130.570311,32.930507],[130.570261,32.930485],[130.570215,32.930468],[130.570163,32.930443]]]}},{"type":"Feature","properties":{"ParkName":"糖峯東児童公園","ParkType":"公園","ParkCode":3021,"Pref":"熊本県","Citycode":"43206","Cityname":"玉名市","FNDate":null},"geometry":{"type":"Polygon","coordinates":[[[130.541242,32.932865],[130.541477,32.933041],[130.541615,32.933013],[130.541576,32.932961],[130.541449,32.932828],[130.541358,32.932776],[130.541242,32.932865]]]}},{"type":"Feature","properties":{"ParkName":"伊倉児童公園","ParkType":"公園","ParkCode":3021,"Pref":"熊本県","Citycode":"43206","Cityname":"玉名市","FNDate":null},"geometry":{"type":"Polygon","coordinates":[[[130.569463,32.90851],[130.569468,32.908509],[130.569473,32.908507],[130.569474,32.908506],[130.569483,32.908501],[130.569493,32.908494],[130.569498,32.908487],[130.5695,32.908479],[130.569505,32.908465],[130.569513,32.908429],[130.569537,32.908327],[130.569573,32.908222],[130.569577,32.908215],[130.569581,32.908211],[130.569585,32.908207],[130.569637,32.908178],[130.569661,32.908096],[130.56969,32.907982],[130.569705,32.907919],[130.569715,32.907876],[130.569721,32.90785],[130.569727,32.907814],[130.56973,32.907798],[130.569732,32.907781],[130.569733,32.907752],[130.569732,32.907732],[130.569729,32.907705],[130.569723,32.907688],[130.569717,32.907677],[130.569711,32.907669],[130.569693,32.907652],[130.569689,32.907648],[130.569667,32.907626],[130.56964,32.907597],[130.569618,32.907573],[130.569592,32.90754],[130.569584,32.907527],[130.569528,32.907624],[130.569528,32.907624],[130.569523,32.907645],[130.569518,32.907667],[130.569507,32.907773],[130.569459,32.907867],[130.569444,32.907895],[130.569433,32.907917],[130.56941,32.907988],[130.569323,32.908253],[130.569289,32.908358],[130.569273,32.908409],[130.569257,32.908451],[130.569256,32.908457],[130.569256,32.90846],[130.569258,32.908466],[130.56926,32.908468],[130.569362,32.908495],[130.569405,32.908503],[130.569463,32.90851]]]}},{"type":"Feature","properties":{"ParkName":"本堂山緑地","ParkType":"緑地","ParkCode":3022,"Pref":"熊本県","Citycode":"43206","Cityname":"玉名市","FNDate":null},"geometry":{"type":"Polygon","coordinates":[[[130.573521,32.908917],[130.57355,32.908859],[130.573557,32.90884],[130.573558,32.908837],[130.573558,32.908836],[130.573558,32.908833],[130.573557,32.908831],[130.573555,32.908829],[130.573553,32.908829],[130.573549,32.908829],[130.573546,32.908829],[130.57354,32.908831],[130.573533,32.908835],[130.573529,32.908836],[130.573525,32.908837],[130.573514,32.90884],[130.573499,32.908842],[130.573497,32.908842],[130.573491,32.908842],[130.573484,32.908843],[130.573474,32.908843],[130.573454,32.908841],[130.573329,32.908831],[130.573303,32.90883],[130.573287,32.908829],[130.573283,32.908829],[130.573266,32.90883],[130.573263,32.908831],[130.57325,32.908832],[130.573248,32.908833],[130.573231,32.908837],[130.573221,32.908839],[130.57321,32.908843],[130.573143,32.908867],[130.573061,32.908896],[130.573047,32.908901],[130.573036,32.908904],[130.573026,32.908906],[130.573023,32.908906],[130.573016,32.908907],[130.573003,32.908907],[130.572991,32.908907],[130.572981,32.908905],[130.572968,32.908902],[130.572832,32.90887],[130.572807,32.908864],[130.572741,32.908851],[130.572685,32.908839],[130.572583,32.908826],[130.572577,32.908825],[130.572437,32.908811],[130.572417,32.908808],[130.572391,32.908804],[130.572377,32.908801],[130.572365,32.908799],[130.572335,32.908788],[130.572318,32.90878],[130.5723,32.908771],[130.572283,32.90876],[130.572264,32.908749],[130.572249,32.908739],[130.572233,32.908725],[130.57222,32.90871],[130.572202,32.90867],[130.572194,32.908654],[130.572186,32.908631],[130.572184,32.908617],[130.572185,32.908602],[130.572185,32.9086],[130.57219,32.908541],[130.572148,32.908542],[130.57202,32.908539],[130.572007,32.908541],[130.572,32.908542],[130.571995,32.908557],[130.572003,32.908597],[130.572003,32.908597],[130.572055,32.908715],[130.572044,32.908723],[130.572019,32.90874],[130.572062,32.908796],[130.572079,32.908823],[130.572098,32.908853],[130.572103,32.908861],[130.572116,32.908881],[130.572125,32.908893],[130.572134,32.908903],[130.572143,32.908909],[130.572159,32.908919],[130.572176,32.908926],[130.572187,32.908931],[130.57227,32.908961],[130.57233,32.908979],[130.572363,32.908985],[130.572376,32.908987],[130.572415,32.908987],[130.572431,32.908986],[130.572443,32.908985],[130.572453,32.908983],[130.572525,32.908961],[130.572543,32.908956],[130.572553,32.908954],[130.572574,32.908951],[130.572588,32.90895],[130.572599,32.90895],[130.57261,32.908952],[130.572623,32.908954],[130.572723,32.908979],[130.57277,32.908991],[130.572792,32.908998],[130.572806,32.909004],[130.572816,32.909008],[130.572828,32.909015],[130.572844,32.909025],[130.572917,32.909076],[130.572935,32.909088],[130.572945,32.909094],[130.572956,32.909099],[130.57297,32.909104],[130.572979,32.909107],[130.572989,32.909109],[130.572999,32.909111],[130.573003,32.909111],[130.57302,32.909113],[130.573038,32.909112],[130.573058,32.909112],[130.573084,32.909034],[130.573111,32.908999],[130.57323,32.908897],[130.573521,32.908917]]]}},{"type":"Feature","properties":{"ParkName":"本堂山緑地","ParkType":"緑地","ParkCode":3022,"Pref":"熊本県","Citycode":"43206","Cityname":"玉名市","FNDate":null},"geometry":{"type":"Polygon","coordinates":[[[130.573547,32.908616],[130.573553,32.908608],[130.573554,32.908606],[130.573514,32.908581],[130.573476,32.908556],[130.573463,32.908547],[130.573354,32.908476],[130.57326,32.908413],[130.573258,32.908412],[130.573232,32.908394],[130.573216,32.908381],[130.573205,32.908374],[130.573173,32.908349],[130.57316,32.908338],[130.573141,32.908321],[130.573104,32.90829],[130.573098,32.908286],[130.573098,32.908285],[130.573096,32.908285],[130.572999,32.908275],[130.572987,32.908274],[130.572972,32.908271],[130.572955,32.908265],[130.572927,32.908255],[130.572922,32.908253],[130.572915,32.908251],[130.57291,32.90825],[130.572902,32.908249],[130.572893,32.908249],[130.572888,32.90825],[130.572855,32.908256],[130.572839,32.908259],[130.572824,32.908261],[130.572815,32.908262],[130.57281,32.908263],[130.572806,32.908263],[130.572786,32.908264],[130.572762,32.908264],[130.572743,32.908262],[130.572706,32.90826],[130.572681,32.908259],[130.572672,32.908259],[130.572667,32.908259],[130.572666,32.908259],[130.572653,32.90826],[130.572645,32.908261],[130.572631,32.908263],[130.572444,32.908308],[130.572379,32.908324],[130.572316,32.908343],[130.572304,32.908347],[130.572286,32.908353],[130.572283,32.908355],[130.572256,32.908367],[130.572235,32.908378],[130.572228,32.908382],[130.572204,32.908395],[130.572181,32.908409],[130.572178,32.908411],[130.572147,32.908434],[130.57214,32.908438],[130.572133,32.908443],[130.572128,32.908446],[130.57212,32.908451],[130.5721,32.908465],[130.572088,32.908472],[130.572057,32.908493],[130.572026,32.908509],[130.572059,32.908509],[130.572146,32.908511],[130.572149,32.908511],[130.57219,32.908512],[130.572289,32.908508],[130.572308,32.908507],[130.572338,32.908505],[130.572378,32.908506],[130.572414,32.908506],[130.572423,32.908494],[130.572434,32.908479],[130.572444,32.90847],[130.572452,32.908463],[130.572472,32.908453],[130.572488,32.908445],[130.572502,32.908437],[130.572532,32.908422],[130.57255,32.908412],[130.572568,32.908403],[130.57258,32.908397],[130.57259,32.908392],[130.572606,32.908385],[130.572613,32.908383],[130.572618,32.908382],[130.572644,32.908379],[130.57266,32.908378],[130.572675,32.908377],[130.572696,32.908375],[130.572708,32.908376],[130.572774,32.90838],[130.572793,32.908382],[130.572807,32.908383],[130.57297,32.908391],[130.57306,32.908405],[130.573077,32.908409],[130.573084,32.908411],[130.573108,32.90842],[130.573132,32.908428],[130.573154,32.908436],[130.573156,32.908437],[130.573167,32.908443],[130.573176,32.908448],[130.573178,32.908449],[130.573186,32.908454],[130.573193,32.908458],[130.573201,32.908463],[130.573208,32.908467],[130.573216,32.908472],[130.573223,32.908476],[130.573228,32.908479],[130.573233,32.908482],[130.573237,32.908486],[130.573253,32.9085],[130.573256,32.908505],[130.57326,32.90851],[130.573271,32.908535],[130.573284,32.908563],[130.57329,32.908566],[130.573291,32.908567],[130.573302,32.908571],[130.573348,32.908579],[130.573355,32.908581],[130.573439,32.908596],[130.57348,32.908604],[130.573524,32.908612],[130.573547,32.908616]]]}},{"type":"Feature","properties":{"ParkName":"一本松公園","ParkType":"公園","ParkCode":3021,"Pref":"熊本県","Citycode":"43206","Cityname":"玉名市","FNDate":null},"geometry":{"type":"Polygon","coordinates":[[[130.591417,32.915275],[130.591457,32.91524],[130.591539,32.915167],[130.591414,32.915071],[130.591296,32.915179],[130.591417,32.915275]]]}},{"type":"Feature","properties":{"ParkName":"鶴の河原河川緑地","ParkType":"緑地","ParkCode":3022,"Pref":"熊本県","Citycode":"43206","Cityname":"玉名市","FNDate":null},"geometry":{"type":"Polygon","coordinates":[[[130.55763,32.920085],[130.557637,32.920495],[130.557803,32.920517],[130.558623,32.920651],[130.55957,32.920914],[130.559852,32.921087],[130.560338,32.921383],[130.560517,32.921489],[130.561064,32.922002],[130.561191,32.922249],[130.561328,32.922513],[130.56155,32.922939],[130.561589,32.923035],[130.561704,32.922994],[130.561562,32.92249],[130.561451,32.922121],[130.561191,32.921481],[130.561035,32.921246],[130.560782,32.920955],[130.560539,32.920789],[130.560235,32.920576],[130.559832,32.920308],[130.559286,32.920144],[130.559012,32.920109],[130.558686,32.920093],[130.55763,32.920085]]]}},{"type":"Feature","properties":{"ParkName":"カルチャースポーツセンター","ParkType":"公園","ParkCode":3021,"Pref":"熊本県","Citycode":"43208","Cityname":"山鹿市","FNDate":null},"geometry":{"type":"Polygon","coordinates":[[[130.691969,33.034733],[130.692105,33.034846],[130.6921,33.034752],[130.692127,33.034688],[130.692235,33.034549],[130.692236,33.034547],[130.692373,33.034429],[130.692388,33.03443],[130.692606,33.034334],[130.692747,33.034334],[130.692767,33.034342],[130.692811,33.034335],[130.692825,33.034326],[130.692863,33.034331],[130.692883,33.034273],[130.692936,33.034085],[130.693076,33.033695],[130.693119,33.033568],[130.693125,33.033547],[130.693168,33.033366],[130.69317,33.033276],[130.693164,33.033193],[130.693144,33.033084],[130.693109,33.032972],[130.693078,33.032906],[130.693046,33.032849],[130.69301,33.032786],[130.69298,33.032728],[130.692875,33.032744],[130.692771,33.03276],[130.692734,33.032762],[130.692653,33.03276],[130.692565,33.032747],[130.692515,33.032732],[130.692389,33.032676],[130.692334,33.032639],[130.692196,33.032581],[130.692157,33.032544],[130.692118,33.03249],[130.692024,33.032366],[130.691914,33.032209],[130.691907,33.032199],[130.691832,33.032094],[130.691828,33.032086],[130.691819,33.032069],[130.6918,33.032033],[130.691781,33.031984],[130.691765,33.031941],[130.691756,33.03192],[130.691723,33.03187],[130.691672,33.031797],[130.691615,33.031728],[130.691552,33.031653],[130.691527,33.031632],[130.691442,33.031543],[130.691354,33.031465],[130.691222,33.031341],[130.691135,33.031257],[130.691081,33.03121],[130.691052,33.031172],[130.691037,33.031147],[130.691026,33.031118],[130.691011,33.031079],[130.691004,33.031042],[130.691,33.031019],[130.691,33.031018],[130.691,33.030995],[130.691,33.030972],[130.691,33.030966],[130.691,33.030944],[130.691,33.030927],[130.691007,33.0309],[130.691009,33.030889],[130.691009,33.030887],[130.691019,33.030861],[130.69104,33.030817],[130.691051,33.030799],[130.691062,33.030777],[130.691075,33.030763],[130.69108,33.030756],[130.691102,33.030733],[130.691132,33.030708],[130.691158,33.030689],[130.691195,33.030661],[130.69124,33.030625],[130.691278,33.030593],[130.691308,33.030562],[130.691333,33.030535],[130.691349,33.03051],[130.691359,33.030478],[130.691372,33.030442],[130.691384,33.030405],[130.691386,33.030382],[130.691389,33.030349],[130.691396,33.030268],[130.691397,33.030224],[130.691397,33.030198],[130.691395,33.030169],[130.691394,33.030142],[130.691391,33.030121],[130.691387,33.030087],[130.691381,33.030064],[130.691362,33.030008],[130.691338,33.029945],[130.691317,33.029899],[130.691291,33.029852],[130.691157,33.029687],[130.691176,33.029578],[130.691182,33.029554],[130.691182,33.029541],[130.691179,33.029532],[130.691126,33.029435],[130.691019,33.02931],[130.691005,33.029298],[130.690996,33.029294],[130.690978,33.029292],[130.690959,33.029285],[130.690943,33.029278],[130.690929,33.02927],[130.690917,33.029257],[130.690908,33.029241],[130.690862,33.029185],[130.690852,33.029168],[130.690827,33.029138],[130.690666,33.029001],[130.690546,33.028896],[130.690511,33.02886],[130.690496,33.028838],[130.690483,33.028819],[130.690479,33.028799],[130.690479,33.028754],[130.690488,33.028716],[130.690501,33.028635],[130.690505,33.028609],[130.690501,33.028589],[130.690482,33.028549],[130.690472,33.028533],[130.690456,33.028517],[130.690441,33.028506],[130.690427,33.028498],[130.690399,33.028489],[130.690376,33.028486],[130.69023,33.028486],[130.689902,33.028503],[130.689902,33.028314],[130.689789,33.028311],[130.689675,33.028278],[130.689582,33.028244],[130.689509,33.0282],[130.689452,33.028136],[130.68944,33.028053],[130.68942,33.028007],[130.689417,33.027932],[130.689427,33.027844],[130.689477,33.027661],[130.689518,33.02749],[130.689519,33.027378],[130.689667,33.027125],[130.689718,33.026968],[130.689698,33.026896],[130.689716,33.026844],[130.689735,33.026788],[130.689648,33.026625],[130.689639,33.026564],[130.689518,33.026402],[130.68948,33.026339],[130.689452,33.026286],[130.689389,33.026297],[130.689372,33.026324],[130.689354,33.026351],[130.689292,33.026506],[130.689214,33.026511],[130.689174,33.026505],[130.689137,33.026495],[130.689089,33.02652],[130.689042,33.026531],[130.688973,33.026549],[130.688924,33.026555],[130.68888,33.026556],[130.688746,33.026537],[130.68865,33.02653],[130.688555,33.026535],[130.688493,33.026543],[130.688474,33.026539],[130.688484,33.026505],[130.68849,33.026474],[130.688493,33.026448],[130.688493,33.026415],[130.68839,33.026399],[130.688201,33.026362],[130.688054,33.026346],[130.687892,33.026339],[130.687849,33.026337],[130.687828,33.026344],[130.687801,33.026388],[130.68776,33.026456],[130.687741,33.026468],[130.687711,33.026418],[130.68767,33.026399],[130.687587,33.026396],[130.687492,33.026402],[130.687409,33.026413],[130.687256,33.026476],[130.687234,33.026555],[130.687235,33.026626],[130.687257,33.026778],[130.687305,33.026904],[130.687448,33.027027],[130.687535,33.027083],[130.687836,33.027134],[130.687812,33.027207],[130.687847,33.027315],[130.687826,33.027407],[130.687752,33.027539],[130.68762,33.027721],[130.687552,33.027772],[130.687505,33.0278],[130.68748,33.027838],[130.687465,33.027891],[130.687426,33.027937],[130.687402,33.028052],[130.68742,33.028082],[130.687395,33.028136],[130.687419,33.028149],[130.687422,33.028192],[130.687419,33.028217],[130.68742,33.028242],[130.687417,33.028272],[130.687419,33.028307],[130.687425,33.028337],[130.687433,33.028361],[130.687442,33.028377],[130.687458,33.028395],[130.687459,33.028487],[130.687454,33.028547],[130.687463,33.028576],[130.687464,33.02861],[130.687451,33.028684],[130.687436,33.02873],[130.687416,33.028766],[130.687396,33.028798],[130.687346,33.028896],[130.68734,33.028916],[130.687331,33.028948],[130.687319,33.02898],[130.68731,33.02903],[130.687309,33.029032],[130.687304,33.029056],[130.687284,33.029107],[130.687263,33.029143],[130.687247,33.029164],[130.687228,33.029187],[130.687182,33.029221],[130.687158,33.029243],[130.687107,33.029269],[130.687052,33.029291],[130.686984,33.029312],[130.68694,33.029335],[130.686911,33.029359],[130.686856,33.029376],[130.686829,33.029382],[130.686788,33.029389],[130.686764,33.029391],[130.686726,33.029391],[130.686708,33.029392],[130.686701,33.02941],[130.686669,33.029413],[130.686647,33.029418],[130.686588,33.029447],[130.686582,33.02946],[130.686446,33.029532],[130.686498,33.029594],[130.686564,33.029654],[130.686469,33.029697],[130.686415,33.029643],[130.686378,33.029601],[130.686342,33.029554],[130.686294,33.029551],[130.686264,33.029553],[130.686221,33.029557],[130.686148,33.029562],[130.686085,33.02957],[130.68606,33.029574],[130.686032,33.029582],[130.686029,33.029591],[130.686032,33.029608],[130.686036,33.029626],[130.686046,33.029662],[130.686053,33.029695],[130.68607,33.029739],[130.686078,33.029778],[130.686088,33.029828],[130.686099,33.029891],[130.686107,33.029946],[130.686127,33.029976],[130.686145,33.029999],[130.68617,33.030028],[130.686176,33.030042],[130.686194,33.030061],[130.686205,33.030066],[130.686235,33.030072],[130.686262,33.030077],[130.686291,33.030079],[130.686328,33.030081],[130.686349,33.030085],[130.686381,33.030098],[130.686405,33.030113],[130.686448,33.030128],[130.686491,33.030147],[130.686513,33.030161],[130.686525,33.030171],[130.686541,33.030205],[130.68655,33.030225],[130.68657,33.030229],[130.686674,33.030282],[130.686715,33.030306],[130.686737,33.030313],[130.68676,33.030321],[130.686784,33.030326],[130.686799,33.030332],[130.686785,33.030367],[130.686787,33.030394],[130.686795,33.030425],[130.68681,33.03045],[130.686824,33.030472],[130.686842,33.0305],[130.686838,33.030516],[130.686827,33.030511],[130.686796,33.030498],[130.686777,33.030508],[130.686772,33.030512],[130.686762,33.030522],[130.686752,33.03053],[130.686745,33.030535],[130.686742,33.030536],[130.686727,33.030542],[130.686702,33.030557],[130.686693,33.030561],[130.686751,33.030636],[130.686781,33.030679],[130.6868,33.030712],[130.686809,33.030733],[130.686821,33.030752],[130.686828,33.030769],[130.686857,33.030816],[130.686851,33.030853],[130.686852,33.03087],[130.686846,33.030906],[130.686847,33.030914],[130.686848,33.030921],[130.686855,33.030928],[130.686868,33.030939],[130.686895,33.030959],[130.686877,33.030985],[130.686874,33.030997],[130.686872,33.031011],[130.686874,33.031021],[130.686879,33.031029],[130.686889,33.031035],[130.686896,33.031038],[130.686905,33.031039],[130.686932,33.031016],[130.686964,33.031012],[130.686973,33.031048],[130.686962,33.031135],[130.686959,33.03116],[130.68697,33.031274],[130.686987,33.031306],[130.686991,33.03132],[130.687001,33.031339],[130.687007,33.031349],[130.687011,33.03136],[130.687016,33.031371],[130.687029,33.031391],[130.687047,33.03141],[130.687055,33.031423],[130.687059,33.031433],[130.687045,33.031438],[130.687034,33.031445],[130.686966,33.031494],[130.686898,33.031546],[130.686916,33.031565],[130.687208,33.031915],[130.687389,33.031826],[130.687585,33.031815],[130.687611,33.031847],[130.687593,33.031849],[130.687718,33.03206],[130.687738,33.032078],[130.687848,33.032174],[130.687919,33.032339],[130.687959,33.032364],[130.68793,33.032399],[130.68795,33.032472],[130.687948,33.032508],[130.687943,33.03261],[130.687919,33.032659],[130.687831,33.032737],[130.687971,33.032841],[130.687949,33.032897],[130.687865,33.03299],[130.687993,33.033094],[130.688253,33.033195],[130.688371,33.033268],[130.688623,33.033444],[130.688829,33.033507],[130.688816,33.033572],[130.688923,33.033578],[130.68907,33.033658],[130.689102,33.033731],[130.689175,33.033829],[130.689184,33.033842],[130.689184,33.03388],[130.689184,33.033932],[130.68921,33.034044],[130.689226,33.034114],[130.689224,33.034264],[130.689237,33.034294],[130.689242,33.034304],[130.689437,33.034452],[130.689419,33.034508],[130.68956,33.034555],[130.689565,33.034557],[130.689566,33.034573],[130.689773,33.034577],[130.689835,33.034569],[130.689889,33.034555],[130.690021,33.034521],[130.690112,33.034515],[130.690272,33.034452],[130.690321,33.034413],[130.690333,33.034391],[130.690382,33.034434],[130.690433,33.034432],[130.690501,33.034378],[130.690647,33.034341],[130.690751,33.034333],[130.690862,33.034337],[130.690992,33.034353],[130.691057,33.034365],[130.691051,33.034521],[130.691067,33.034554],[130.691101,33.034626],[130.69117,33.034636],[130.691249,33.034704],[130.691255,33.034793],[130.691269,33.034803],[130.691285,33.034803],[130.691298,33.034798],[130.691312,33.034796],[130.691338,33.034826],[130.691362,33.034822],[130.6913,33.034901],[130.691307,33.034956],[130.69135,33.034972],[130.691404,33.034934],[130.691445,33.034934],[130.69152,33.034818],[130.691738,33.034752],[130.691859,33.034746],[130.691969,33.034733]]]}},{"type":"Feature","properties":{"ParkName":"泉田公園","ParkType":"公園","ParkCode":3021,"Pref":"熊本県","Citycode":"43208","Cityname":"山鹿市","FNDate":null},"geometry":{"type":"Polygon","coordinates":[[[130.686227,33.015927],[130.686685,33.01603],[130.686722,33.015845],[130.686741,33.01565],[130.686724,33.015624],[130.686366,33.015546],[130.686341,33.015561],[130.686227,33.015927]]]}},{"type":"Feature","properties":{"ParkName":"米の島公園","ParkType":"公園","ParkCode":3021,"Pref":"熊本県","Citycode":"43208","Cityname":"山鹿市","FNDate":null},"geometry":{"type":"Polygon","coordinates":[[[130.684441,33.018097],[130.685096,33.017663],[130.685098,33.017647],[130.68509,33.017631],[130.684613,33.017517],[130.684595,33.017525],[130.684422,33.018077],[130.684441,33.018097]]]}},{"type":"Feature","properties":{"ParkName":"皆根公園","ParkType":"公園","ParkCode":3021,"Pref":"熊本県","Citycode":"43208","Cityname":"山鹿市","FNDate":null},"geometry":{"type":"Polygon","coordinates":[[[130.680777,33.013668],[130.680784,33.013683],[130.681173,33.013768],[130.681282,33.013448],[130.68137,33.013176],[130.681371,33.013147],[130.681199,33.013029],[130.681165,33.01304],[130.681001,33.013246],[130.680872,33.013477],[130.680777,33.013668]]]}},{"type":"Feature","properties":{"ParkName":"長田公園","ParkType":"公園","ParkCode":3021,"Pref":"熊本県","Citycode":"43208","Cityname":"山鹿市","FNDate":null},"geometry":{"type":"Polygon","coordinates":[[[130.680269,33.016469],[130.680765,33.016575],[130.680781,33.016564],[130.680894,33.016217],[130.680856,33.016186],[130.680408,33.016082],[130.68037,33.016093],[130.680258,33.016442],[130.680269,33.016469]]]}},{"type":"Feature","properties":{"ParkName":"米田公園","ParkType":"公園","ParkCode":3021,"Pref":"熊本県","Citycode":"43208","Cityname":"山鹿市","FNDate":null},"geometry":{"type":"Polygon","coordinates":[[[130.68282,33.017031],[130.682845,33.017057],[130.683363,33.017174],[130.683391,33.017164],[130.683553,33.01667],[130.683542,33.016659],[130.683002,33.016529],[130.682978,33.01654],[130.68282,33.017031]]]}},{"type":"Feature","properties":{"ParkName":"石公園","ParkType":"公園","ParkCode":3021,"Pref":"熊本県","Citycode":"43208","Cityname":"山鹿市","FNDate":null},"geometry":{"type":"Polygon","coordinates":[[[130.680425,33.024101],[130.680375,33.024136],[130.680355,33.024158],[130.680301,33.024242],[130.680438,33.024322],[130.68067,33.024284],[130.681106,33.024245],[130.681047,33.024001],[130.68081,33.024],[130.6806,33.023993],[130.680589,33.024016],[130.680531,33.02405],[130.680425,33.024101]]]}},{"type":"Feature","properties":{"ParkName":"北公園","ParkType":"公園","ParkCode":3021,"Pref":"熊本県","Citycode":"43208","Cityname":"山鹿市","FNDate":null},"geometry":{"type":"Polygon","coordinates":[[[130.685374,33.019338],[130.686053,33.01939],[130.686059,33.019351],[130.686037,33.019276],[130.686038,33.019237],[130.686063,33.019156],[130.686149,33.019022],[130.685949,33.019007],[130.6858,33.018992],[130.685684,33.01901],[130.685363,33.019139],[130.685374,33.019338]]]}},{"type":"Feature","properties":{"ParkName":"楢の迫公園","ParkType":"公園","ParkCode":3021,"Pref":"熊本県","Citycode":"43208","Cityname":"山鹿市","FNDate":null},"geometry":{"type":"Polygon","coordinates":[[[130.702182,33.012563],[130.70224,33.012547],[130.702057,33.012105],[130.702181,33.012055],[130.702001,33.011809],[130.701938,33.0117],[130.701921,33.011682],[130.701896,33.011675],[130.701661,33.01166],[130.701933,33.012213],[130.702014,33.012193],[130.702182,33.012563]]]}},{"type":"Feature","properties":{"ParkName":"山鹿歴史公園","ParkType":"公園","ParkCode":3021,"Pref":"熊本県","Citycode":"43208","Cityname":"山鹿市","FNDate":null},"geometry":{"type":"Polygon","coordinates":[[[130.665974,33.026357],[130.666699,33.026458],[130.666867,33.026361],[130.666894,33.025785],[130.666951,33.025571],[130.666974,33.02504],[130.66757,33.024952],[130.667558,33.024827],[130.66749,33.024431],[130.667357,33.02405],[130.667136,33.02416],[130.667072,33.023817],[130.667012,33.023708],[130.666989,33.023654],[130.666874,33.023228],[130.666897,33.023073],[130.66698,33.022852],[130.666665,33.022846],[130.666583,33.022833],[130.666284,33.023265],[130.666229,33.023418],[130.666075,33.023404],[130.666111,33.023288],[130.666078,33.023141],[130.66573,33.022503],[130.665679,33.022775],[130.665429,33.022795],[130.665305,33.023241],[130.665101,33.023436],[130.665091,33.023512],[130.6653,33.02356],[130.665555,33.023689],[130.665844,33.023691],[130.665981,33.023708],[130.66604,33.023755],[130.665958,33.023914],[130.666007,33.024245],[130.665974,33.024704],[130.665935,33.024739],[130.665902,33.024743],[130.665804,33.025125],[130.666044,33.025387],[130.666063,33.025608],[130.666053,33.02602],[130.665974,33.026357]]]}},{"type":"Feature","properties":{"ParkName":"山鹿墓地","ParkType":"公園","ParkCode":3021,"Pref":"熊本県","Citycode":"43208","Cityname":"山鹿市","FNDate":null},"geometry":{"type":"Polygon","coordinates":[[[130.707806,33.008778],[130.708015,33.00874],[130.708019,33.009166],[130.70817,33.009142],[130.708136,33.008668],[130.708335,33.008599],[130.708493,33.008546],[130.708633,33.008489],[130.709174,33.008358],[130.70916,33.008147],[130.709155,33.007974],[130.709127,33.007715],[130.709108,33.007622],[130.709079,33.007522],[130.70901,33.006809],[130.708999,33.006747],[130.708993,33.006616],[130.708932,33.006627],[130.708583,33.006659],[130.70842,33.00666],[130.708258,33.006647],[130.708117,33.006649],[130.708012,33.006518],[130.707898,33.00645],[130.707876,33.006353],[130.707826,33.006345],[130.70777,33.006352],[130.707489,33.006405],[130.707344,33.006427],[130.707092,33.006579],[130.706943,33.006685],[130.706861,33.006772],[130.706838,33.006824],[130.706836,33.006861],[130.706919,33.007113],[130.707038,33.007276],[130.707111,33.007496],[130.707238,33.007794],[130.707324,33.00804],[130.707545,33.008338],[130.707686,33.008585],[130.707806,33.008778]]]}},{"type":"Feature","properties":{"ParkName":"前田公園","ParkType":"公園","ParkCode":3021,"Pref":"熊本県","Citycode":"43208","Cityname":"山鹿市","FNDate":null},"geometry":{"type":"Polygon","coordinates":[[[130.684209,33.013404],[130.684552,33.013484],[130.684567,33.013475],[130.684691,33.013108],[130.684676,33.013077],[130.684338,33.013002],[130.684313,33.013017],[130.684196,33.013381],[130.684209,33.013404]]]}},{"type":"Feature","properties":{"ParkName":"菊池川公園","ParkType":"公園","ParkCode":3021,"Pref":"熊本県","Citycode":"43208","Cityname":"山鹿市","FNDate":null},"geometry":{"type":"Polygon","coordinates":[[[130.677152,33.017294],[130.677248,33.01732],[130.677421,33.017297],[130.677827,33.017086],[130.678034,33.01696],[130.678312,33.016779],[130.678659,33.016479],[130.678912,33.016172],[130.679237,33.015636],[130.679424,33.015262],[130.679828,33.014358],[130.680001,33.014044],[130.680341,33.013432],[130.680568,33.013055],[130.680774,33.012752],[130.680591,33.012623],[130.679791,33.013404],[130.679471,33.01386],[130.679302,33.01412],[130.678786,33.015033],[130.67845,33.015548],[130.678233,33.015841],[130.678072,33.016022],[130.677793,33.016292],[130.677418,33.016545],[130.677267,33.016634],[130.677055,33.016744],[130.67693,33.016794],[130.676915,33.016892],[130.676955,33.017069],[130.677053,33.017215],[130.677152,33.017294]]]}},{"type":"Feature","properties":{"ParkName":"遊蛇口公園","ParkType":"公園","ParkCode":3021,"Pref":"熊本県","Citycode":"43210","Cityname":"菊池市","FNDate":null},"geometry":{"type":"Polygon","coordinates":[[[130.808252,32.990267],[130.808283,32.99028],[130.808373,32.990322],[130.808548,32.990405],[130.808572,32.990419],[130.808618,32.990336],[130.808696,32.990307],[130.808835,32.990274],[130.808898,32.990305],[130.808897,32.990298],[130.808913,32.990275],[130.808856,32.990242],[130.808856,32.990229],[130.808896,32.990183],[130.808952,32.99022],[130.808991,32.990164],[130.808998,32.990155],[130.808968,32.990124],[130.808882,32.99004],[130.80883,32.989993],[130.808798,32.989964],[130.808774,32.989948],[130.808743,32.989933],[130.808711,32.989916],[130.808657,32.989889],[130.808536,32.989832],[130.808526,32.989844],[130.808426,32.98996],[130.808417,32.989954],[130.808403,32.989972],[130.808286,32.990118],[130.808284,32.990121],[130.808338,32.990152],[130.808335,32.990156],[130.808272,32.990231],[130.808252,32.990267],[130.808252,32.990267]]]}},{"type":"Feature","properties":{"ParkName":"菊池公園","ParkType":"公園","ParkCode":3021,"Pref":"熊本県","Citycode":"43210","Cityname":"菊池市","FNDate":null},"geometry":{"type":"Polygon","coordinates":[[[130.814097,32.989394],[130.814144,32.989413],[130.814173,32.989423],[130.814229,32.989439],[130.814316,32.989456],[130.814338,32.98946],[130.814452,32.989485],[130.814559,32.989509],[130.814569,32.98951],[130.81485,32.989574],[130.814882,32.989568],[130.814924,32.989562],[130.814978,32.989554],[130.815153,32.98954],[130.815193,32.989551],[130.81524,32.98958],[130.815323,32.989657],[130.815375,32.989779],[130.815455,32.989986],[130.815476,32.990028],[130.815563,32.990078],[130.815668,32.990129],[130.81578,32.990158],[130.815928,32.99018],[130.816031,32.990181],[130.81651,32.990068],[130.816834,32.989965],[130.816893,32.989932],[130.817107,32.989808],[130.817211,32.989745],[130.81728,32.989725],[130.817399,32.989712],[130.817673,32.989773],[130.817709,32.989707],[130.817733,32.989675],[130.817755,32.989652],[130.817771,32.989642],[130.817794,32.98963],[130.817831,32.989619],[130.817865,32.98961],[130.817899,32.989565],[130.817924,32.989542],[130.817947,32.989527],[130.818004,32.989497],[130.81812,32.98945],[130.818183,32.989421],[130.81822,32.989395],[130.818252,32.989365],[130.818266,32.989343],[130.818278,32.989316],[130.818291,32.989128],[130.81841,32.989062],[130.818505,32.989012],[130.81854,32.988986],[130.818564,32.988959],[130.818584,32.988927],[130.818601,32.988888],[130.818609,32.988836],[130.818611,32.98879],[130.818597,32.988603],[130.818651,32.988557],[130.818724,32.988515],[130.818761,32.988494],[130.818802,32.988469],[130.818924,32.988408],[130.819044,32.988347],[130.81927,32.98826],[130.819447,32.988227],[130.819417,32.988135],[130.819366,32.987979],[130.819349,32.987937],[130.819314,32.98788],[130.819261,32.98778],[130.819237,32.987735],[130.819194,32.987666],[130.819154,32.987612],[130.819118,32.987573],[130.819105,32.987562],[130.81902,32.987516],[130.818976,32.98749],[130.818899,32.987456],[130.818837,32.987433],[130.818809,32.987423],[130.818768,32.987412],[130.81869,32.987395],[130.818609,32.987381],[130.818566,32.987374],[130.818515,32.987369],[130.818252,32.987363],[130.81813,32.987362],[130.818099,32.987361],[130.818069,32.98736],[130.818009,32.987355],[130.817957,32.987349],[130.817907,32.987343],[130.817842,32.987334],[130.817783,32.987324],[130.817729,32.987315],[130.817671,32.987301],[130.817616,32.987286],[130.817498,32.98725],[130.817474,32.987242],[130.817449,32.987233],[130.817334,32.987194],[130.817249,32.987164],[130.817208,32.98715],[130.817144,32.987124],[130.816982,32.98706],[130.816958,32.987051],[130.81687,32.987015],[130.816627,32.986929],[130.816358,32.986829],[130.816281,32.986801],[130.816245,32.986788],[130.816135,32.986747],[130.816097,32.986733],[130.816066,32.986717],[130.816029,32.986692],[130.816009,32.98667],[130.815991,32.986643],[130.815974,32.986612],[130.815966,32.986592],[130.815964,32.986575],[130.815964,32.986556],[130.815968,32.986537],[130.815975,32.986519],[130.815985,32.986498],[130.816003,32.986476],[130.816054,32.986417],[130.81611,32.986365],[130.81614,32.986338],[130.816296,32.9862],[130.816368,32.986137],[130.816405,32.98611],[130.816451,32.986088],[130.816494,32.986073],[130.816534,32.986065],[130.816576,32.98606],[130.816617,32.986059],[130.816666,32.986062],[130.81668,32.986065],[130.816853,32.986107],[130.816882,32.986111],[130.816895,32.986111],[130.816907,32.98611],[130.816927,32.986106],[130.816946,32.9861],[130.816962,32.986092],[130.816976,32.986082],[130.816988,32.98607],[130.816992,32.986065],[130.816998,32.986058],[130.817007,32.986037],[130.817009,32.986027],[130.81701,32.986014],[130.817007,32.985999],[130.817001,32.985981],[130.816992,32.985962],[130.816977,32.985942],[130.816965,32.985928],[130.81695,32.985915],[130.816926,32.985898],[130.816896,32.985881],[130.816865,32.985865],[130.816817,32.985844],[130.816766,32.985821],[130.816754,32.985815],[130.816659,32.985767],[130.816642,32.985755],[130.816633,32.985748],[130.81659,32.985719],[130.8165,32.985658],[130.81646,32.985632],[130.816446,32.985622],[130.816112,32.986006],[130.815898,32.986241],[130.815684,32.986414],[130.815564,32.986539],[130.81543,32.986707],[130.815335,32.986833],[130.815301,32.986858],[130.815236,32.986877],[130.814973,32.986929],[130.814909,32.986933],[130.814805,32.986926],[130.814749,32.987029],[130.814872,32.987069],[130.814908,32.987086],[130.815009,32.987145],[130.815056,32.987171],[130.815094,32.987202],[130.815133,32.987233],[130.815204,32.987326],[130.81522,32.987355],[130.81525,32.987377],[130.815293,32.987394],[130.815345,32.987414],[130.815385,32.987431],[130.815405,32.987442],[130.815423,32.987459],[130.815428,32.987504],[130.815423,32.987522],[130.815415,32.987538],[130.815402,32.987556],[130.81538,32.987583],[130.815318,32.987621],[130.815264,32.987654],[130.815374,32.987767],[130.815387,32.987759],[130.815516,32.987685],[130.815615,32.987632],[130.815779,32.987575],[130.815881,32.987559],[130.81609,32.987528],[130.81625,32.987501],[130.816453,32.987411],[130.816673,32.987291],[130.816733,32.987494],[130.81679,32.987754],[130.816522,32.987949],[130.816439,32.987923],[130.816381,32.988009],[130.816324,32.988058],[130.816262,32.988108],[130.816062,32.988203],[130.816001,32.98822],[130.815966,32.988232],[130.815696,32.988404],[130.815623,32.988464],[130.815494,32.988543],[130.815434,32.988565],[130.815361,32.988578],[130.815285,32.98858],[130.815184,32.988579],[130.815135,32.988575],[130.815079,32.988547],[130.815041,32.988513],[130.815008,32.988453],[130.814961,32.9884],[130.814915,32.988375],[130.814876,32.988368],[130.814736,32.988367],[130.81464,32.988364],[130.814597,32.988349],[130.814553,32.988307],[130.814512,32.98822],[130.81449,32.988135],[130.814465,32.988043],[130.81446,32.988033],[130.814455,32.988023],[130.814447,32.988019],[130.814442,32.988021],[130.814426,32.988033],[130.814412,32.988046],[130.814405,32.988054],[130.814399,32.988062],[130.81439,32.988077],[130.814367,32.988129],[130.814327,32.98827],[130.814301,32.988412],[130.814276,32.988591],[130.814264,32.98865],[130.814224,32.988748],[130.814226,32.988754],[130.814235,32.988779],[130.814236,32.98878],[130.814236,32.988782],[130.814237,32.988784],[130.814238,32.988786],[130.814244,32.988801],[130.814245,32.988806],[130.814262,32.98886],[130.814263,32.988863],[130.814274,32.988883],[130.814286,32.988894],[130.814292,32.988933],[130.814118,32.989342],[130.814097,32.989394]]]}},{"type":"Feature","properties":{"ParkName":"菊池川ふれあい清流公園","ParkType":"公園","ParkCode":3021,"Pref":"熊本県","Citycode":"43210","Cityname":"菊池市","FNDate":null},"geometry":{"type":"Polygon","coordinates":[[[130.822052,32.978586],[130.822055,32.978628],[130.82212,32.979015],[130.822176,32.979252],[130.822212,32.979411],[130.822252,32.979565],[130.82226,32.979595],[130.822287,32.979683],[130.822298,32.979717],[130.822328,32.979807],[130.82236,32.979881],[130.822377,32.979924],[130.822415,32.980005],[130.82244,32.980056],[130.822463,32.980102],[130.822514,32.980195],[130.822542,32.980244],[130.822564,32.980283],[130.822609,32.980354],[130.822645,32.980409],[130.822733,32.980529],[130.822771,32.980578],[130.822838,32.980659],[130.822876,32.980702],[130.822922,32.980752],[130.822961,32.980792],[130.822996,32.98083],[130.823008,32.980842],[130.823056,32.980889],[130.823084,32.980917],[130.823138,32.980966],[130.823172,32.980997],[130.823225,32.981042],[130.823319,32.981115],[130.823392,32.981168],[130.82348,32.981233],[130.823629,32.981329],[130.823771,32.981415],[130.823815,32.981441],[130.823876,32.981471],[130.823979,32.981521],[130.824018,32.98154],[130.824106,32.981575],[130.824153,32.981593],[130.824195,32.981607],[130.82421,32.981613],[130.824228,32.981623],[130.82428,32.981657],[130.82441,32.981735],[130.824425,32.981742],[130.824475,32.981762],[130.824567,32.981793],[130.824735,32.98184],[130.824753,32.981844],[130.824765,32.981847],[130.824779,32.981849],[130.824782,32.981849],[130.824791,32.98185],[130.824803,32.98185],[130.824838,32.981818],[130.82475,32.981694],[130.824627,32.981547],[130.824492,32.981404],[130.824303,32.981215],[130.824146,32.981051],[130.824033,32.980941],[130.823869,32.980791],[130.823695,32.980644],[130.823511,32.980462],[130.82327,32.980181],[130.82314,32.979995],[130.823137,32.97999],[130.823082,32.979909],[130.823051,32.979865],[130.823016,32.979809],[130.822991,32.979766],[130.822984,32.979753],[130.822913,32.979617],[130.822907,32.979603],[130.822844,32.979478],[130.822813,32.979415],[130.822776,32.979327],[130.822752,32.979267],[130.82272,32.979179],[130.82269,32.979089],[130.822688,32.979081],[130.822674,32.979028],[130.822666,32.978996],[130.822657,32.978955],[130.822623,32.978789],[130.822608,32.978725],[130.822594,32.978617],[130.822624,32.97854],[130.822594,32.978544],[130.822195,32.978581],[130.822081,32.978586],[130.822052,32.978586]]]}},{"type":"Feature","properties":{"ParkName":"菊池川ふれあい清流公園","ParkType":"公園","ParkCode":3021,"Pref":"熊本県","Citycode":"43210","Cityname":"菊池市","FNDate":null},"geometry":{"type":"Polygon","coordinates":[[[130.822024,32.978364],[130.82203,32.978442],[130.822037,32.97848],[130.822078,32.97848],[130.822082,32.97848],[130.822191,32.978474],[130.822281,32.978469],[130.822378,32.978463],[130.82252,32.978449],[130.822582,32.978442],[130.822572,32.978275],[130.822579,32.978097],[130.822604,32.977844],[130.822618,32.977723],[130.822648,32.977585],[130.822694,32.977453],[130.822692,32.977425],[130.822676,32.9774],[130.82256,32.977338],[130.822543,32.977339],[130.822517,32.977345],[130.822513,32.977347],[130.822411,32.977448],[130.822393,32.977467],[130.822378,32.977481],[130.822336,32.977544],[130.822278,32.977643],[130.822217,32.977764],[130.822143,32.977915],[130.822125,32.977957],[130.822094,32.978034],[130.822081,32.978071],[130.822074,32.978093],[130.822066,32.978118],[130.822056,32.978163],[130.822041,32.978223],[130.822024,32.978364]]]}},{"type":"Feature","properties":{"ParkName":"野間口公園","ParkType":"公園","ParkCode":3021,"Pref":"熊本県","Citycode":"43210","Cityname":"菊池市","FNDate":null},"geometry":{"type":"Polygon","coordinates":[[[130.789162,32.975143],[130.789253,32.975225],[130.78931,32.975278],[130.789385,32.975334],[130.789431,32.975364],[130.789451,32.975377],[130.78947,32.975396],[130.789524,32.975453],[130.789559,32.975492],[130.789574,32.975515],[130.78963,32.975564],[130.789833,32.975384],[130.789825,32.97539],[130.789639,32.975223],[130.789541,32.975294],[130.789277,32.975053],[130.789267,32.975061],[130.789261,32.975065],[130.789168,32.975138],[130.789162,32.975143]]]}},{"type":"Feature","properties":{"ParkName":"北古閑公園","ParkType":"公園","ParkCode":3021,"Pref":"熊本県","Citycode":"43210","Cityname":"菊池市","FNDate":null},"geometry":{"type":"Polygon","coordinates":[[[130.779847,32.972177],[130.779863,32.972192],[130.779914,32.972245],[130.779941,32.972272],[130.779951,32.972282],[130.779971,32.972303],[130.779986,32.972318],[130.780031,32.972365],[130.780122,32.972458],[130.780186,32.972525],[130.780342,32.972398],[130.779997,32.972068],[130.779847,32.972177]]]}},{"type":"Feature","properties":{"ParkName":"菊之池公園","ParkType":"公園","ParkCode":3021,"Pref":"熊本県","Citycode":"43210","Cityname":"菊池市","FNDate":null},"geometry":{"type":"Polygon","coordinates":[[[130.784867,32.970461],[130.784926,32.97052],[130.785089,32.970686],[130.785103,32.970698],[130.785214,32.970809],[130.785332,32.970929],[130.785376,32.970972],[130.785384,32.97098],[130.785479,32.971076],[130.785494,32.97107],[130.785646,32.970965],[130.785818,32.970846],[130.785696,32.970699],[130.785342,32.970347],[130.785291,32.970354],[130.785241,32.970366],[130.785199,32.970373],[130.785157,32.970381],[130.785142,32.970384],[130.785103,32.970395],[130.785047,32.970416],[130.785031,32.970422],[130.785013,32.970427],[130.784997,32.970431],[130.784981,32.970434],[130.784952,32.970439],[130.78494,32.97044],[130.784917,32.970443],[130.784894,32.970448],[130.784879,32.970455],[130.784867,32.970461]]]}},{"type":"Feature","properties":{"ParkName":"合志川河川公園","ParkType":"公園","ParkCode":3021,"Pref":"熊本県","Citycode":"43210","Cityname":"菊池市","FNDate":null},"geometry":{"type":"Polygon","coordinates":[[[130.770432,32.921546],[130.77047,32.92159],[130.770544,32.921636],[130.770646,32.921684],[130.770806,32.921714],[130.770944,32.92172],[130.771082,32.92172],[130.771216,32.921721],[130.77136,32.921705],[130.771392,32.921688],[130.771405,32.921653],[130.771409,32.921624],[130.771434,32.921594],[130.771482,32.921575],[130.771527,32.921586],[130.771543,32.921619],[130.771543,32.921662],[130.771533,32.921686],[130.771524,32.92171],[130.771709,32.921716],[130.77185,32.921697],[130.77201,32.921673],[130.772071,32.921671],[130.772145,32.921682],[130.772279,32.921687],[130.772382,32.921677],[130.772494,32.921658],[130.772628,32.921634],[130.772843,32.921621],[130.772987,32.921564],[130.773109,32.921513],[130.773141,32.921484],[130.773164,32.921457],[130.773112,32.921459],[130.772933,32.921462],[130.772635,32.921467],[130.772639,32.921434],[130.772555,32.921474],[130.772024,32.921463],[130.771371,32.921472],[130.771198,32.921464],[130.771118,32.921445],[130.771002,32.921461],[130.770932,32.921469],[130.770906,32.921439],[130.770836,32.921453],[130.770634,32.921487],[130.770432,32.921546]]]}},{"type":"Feature","properties":{"ParkName":"憩いの森公園","ParkType":"公園","ParkCode":3021,"Pref":"熊本県","Citycode":"43210","Cityname":"菊池市","FNDate":null},"geometry":{"type":"Polygon","coordinates":[[[130.785211,32.936151],[130.785212,32.936154],[130.785212,32.936157],[130.785213,32.936161],[130.785253,32.936229],[130.785267,32.936251],[130.785464,32.936565],[130.785478,32.936588],[130.785713,32.936992],[130.785727,32.937014],[130.785735,32.937027],[130.785965,32.937403],[130.785998,32.937457],[130.786118,32.937658],[130.786156,32.937722],[130.786188,32.937773],[130.786203,32.937796],[130.786308,32.93797],[130.78633,32.938006],[130.786638,32.937872],[130.786651,32.937847],[130.786841,32.937665],[130.787111,32.937391],[130.787111,32.937371],[130.78694,32.93712],[130.786906,32.937043],[130.786847,32.936896],[130.786842,32.936873],[130.786786,32.936403],[130.786797,32.936259],[130.786786,32.936119],[130.786587,32.935815],[130.786419,32.9358],[130.786301,32.9358],[130.786113,32.935866],[130.786014,32.935908],[130.786005,32.935912],[130.7859,32.935955],[130.785834,32.935984],[130.785689,32.936038],[130.785569,32.936071],[130.78525,32.936128],[130.785213,32.936136],[130.785213,32.936138],[130.785212,32.936143],[130.785211,32.936151]]]}},{"type":"Feature","properties":{"ParkName":"さくら山公園","ParkType":"公園","ParkCode":3021,"Pref":"熊本県","Citycode":"43210","Cityname":"菊池市","FNDate":null},"geometry":{"type":"Polygon","coordinates":[[[130.799538,32.915553],[130.799749,32.915525],[130.79978,32.915521],[130.799892,32.915512],[130.799949,32.915507],[130.800018,32.915429],[130.800182,32.915395],[130.800321,32.915362],[130.800307,32.915275],[130.800293,32.915192],[130.800267,32.915026],[130.800236,32.91481],[130.800409,32.914811],[130.800572,32.914798],[130.800658,32.914791],[130.800633,32.91463],[130.800641,32.914629],[130.8006,32.914495],[130.800456,32.914529],[130.800391,32.914533],[130.800208,32.914525],[130.800171,32.914512],[130.800082,32.914506],[130.799994,32.91451],[130.79969,32.91453],[130.799658,32.914997],[130.799655,32.915043],[130.799645,32.915274],[130.799643,32.915296],[130.799634,32.915352],[130.799618,32.915394],[130.799538,32.915553]]]}},{"type":"Feature","properties":{"ParkName":"菊池公園","ParkType":"公園","ParkCode":3021,"Pref":"熊本県","Citycode":"43210","Cityname":"菊池市","FNDate":null},"geometry":{"type":"Polygon","coordinates":[[[130.816208,32.986521],[130.816209,32.986534],[130.816213,32.986546],[130.816221,32.986562],[130.81623,32.986572],[130.816246,32.986586],[130.816274,32.986604],[130.816333,32.986632],[130.816415,32.986671],[130.816601,32.986668],[130.816672,32.986702],[130.816721,32.986734],[130.816772,32.986811],[130.816815,32.986873],[130.816924,32.986919],[130.817247,32.987051],[130.817268,32.987058],[130.817315,32.987069],[130.817436,32.98711],[130.817528,32.987146],[130.817553,32.987155],[130.817638,32.987182],[130.817746,32.987212],[130.817802,32.987225],[130.817819,32.987228],[130.817911,32.987242],[130.817916,32.987243],[130.817976,32.98725],[130.818055,32.987259],[130.81814,32.987266],[130.818213,32.987269],[130.818339,32.987271],[130.818436,32.987271],[130.818553,32.987272],[130.818602,32.98727],[130.81869,32.98726],[130.818726,32.987258],[130.818785,32.98726],[130.818835,32.987261],[130.818886,32.987276],[130.818937,32.987294],[130.818968,32.987309],[130.819022,32.987342],[130.819055,32.987384],[130.819103,32.987435],[130.819166,32.98748],[130.819202,32.987512],[130.819242,32.987548],[130.819317,32.987613],[130.819349,32.987652],[130.81938,32.987702],[130.819406,32.98775],[130.819431,32.987806],[130.819448,32.987851],[130.819477,32.987933],[130.819504,32.988018],[130.81954,32.988133],[130.819553,32.988173],[130.819652,32.988143],[130.819725,32.988113],[130.819804,32.988065],[130.819933,32.987968],[130.820199,32.98774],[130.820234,32.987699],[130.820265,32.98766],[130.820301,32.987618],[130.820328,32.987585],[130.820349,32.987556],[130.820389,32.987492],[130.820409,32.98746],[130.820409,32.987459],[130.820415,32.987457],[130.820456,32.987438],[130.820676,32.98732],[130.820737,32.987287],[130.820778,32.987261],[130.820798,32.987247],[130.82081,32.987238],[130.820835,32.987217],[130.820844,32.987208],[130.820872,32.987181],[130.820903,32.98715],[130.821102,32.986953],[130.821208,32.986848],[130.821255,32.986802],[130.821288,32.986774],[130.821331,32.986741],[130.821369,32.986716],[130.821413,32.986691],[130.82145,32.986673],[130.821485,32.986657],[130.821523,32.986643],[130.821547,32.986635],[130.821594,32.98662],[130.821713,32.986589],[130.82184,32.986561],[130.821893,32.986547],[130.821927,32.986537],[130.82195,32.986528],[130.821972,32.986519],[130.821999,32.986505],[130.822039,32.986483],[130.822079,32.986458],[130.822211,32.986357],[130.82228,32.986303],[130.822308,32.986283],[130.822343,32.98626],[130.822385,32.986236],[130.822416,32.986221],[130.822445,32.986209],[130.822482,32.986197],[130.822511,32.98619],[130.822549,32.986182],[130.822577,32.986177],[130.822604,32.986174],[130.822627,32.986172],[130.822652,32.986172],[130.822686,32.986172],[130.822715,32.986172],[130.822758,32.986175],[130.822961,32.986195],[130.823049,32.986199],[130.823039,32.986069],[130.823022,32.986023],[130.822949,32.985884],[130.822946,32.985863],[130.822949,32.985835],[130.822966,32.985782],[130.822999,32.985708],[130.823,32.985695],[130.823,32.985686],[130.822997,32.985678],[130.82299,32.98567],[130.822983,32.985666],[130.822976,32.985664],[130.822936,32.985649],[130.822898,32.98563],[130.822883,32.985618],[130.822862,32.985598],[130.822843,32.985579],[130.822805,32.98553],[130.822772,32.985479],[130.822745,32.985417],[130.822725,32.985322],[130.822776,32.985308],[130.822828,32.985292],[130.823215,32.985151],[130.823366,32.985096],[130.823443,32.985072],[130.823316,32.985005],[130.823248,32.984977],[130.822606,32.984598],[130.822471,32.984511],[130.822091,32.984239],[130.821808,32.984004],[130.821556,32.983784],[130.821321,32.983569],[130.8213,32.983548],[130.82113,32.983648],[130.820918,32.983839],[130.820832,32.983922],[130.820588,32.983914],[130.820512,32.983886],[130.820483,32.983821],[130.820476,32.983761],[130.820543,32.983629],[130.820607,32.983588],[130.82067,32.98357],[130.820727,32.983592],[130.820714,32.983578],[130.820498,32.983391],[130.820321,32.983343],[130.82018,32.983337],[130.820052,32.983348],[130.819861,32.983378],[130.819563,32.983664],[130.819542,32.983873],[130.819393,32.983968],[130.819166,32.984039],[130.819003,32.984154],[130.818961,32.984283],[130.818875,32.984349],[130.818677,32.984426],[130.818358,32.984509],[130.818255,32.984504],[130.817969,32.984585],[130.817849,32.984687],[130.817707,32.984783],[130.817579,32.984914],[130.817545,32.984956],[130.817496,32.984986],[130.817445,32.985005],[130.817367,32.98503],[130.817321,32.985051],[130.817268,32.985087],[130.817245,32.985106],[130.817176,32.985187],[130.817139,32.985242],[130.817112,32.985287],[130.817095,32.985315],[130.817063,32.985348],[130.817023,32.985382],[130.81691,32.985465],[130.816764,32.98571],[130.816947,32.985776],[130.816987,32.985791],[130.817026,32.985804],[130.81708,32.985833],[130.817098,32.985844],[130.817128,32.985873],[130.817157,32.985916],[130.817193,32.985979],[130.817196,32.986003],[130.817192,32.986034],[130.81718,32.986069],[130.81717,32.986093],[130.817163,32.986114],[130.817142,32.986146],[130.817121,32.98617],[130.817098,32.98619],[130.817071,32.986206],[130.817047,32.986219],[130.817028,32.986224],[130.816985,32.986233],[130.816957,32.986236],[130.816917,32.986234],[130.816821,32.986221],[130.816764,32.986211],[130.816696,32.986201],[130.816669,32.986198],[130.816647,32.986197],[130.816619,32.986197],[130.816593,32.986199],[130.816559,32.986204],[130.816538,32.986208],[130.816519,32.986214],[130.816495,32.986223],[130.816474,32.986234],[130.816454,32.986246],[130.816432,32.986261],[130.816274,32.986395],[130.816253,32.986414],[130.816242,32.986427],[130.81623,32.986443],[130.816222,32.98646],[130.816216,32.986475],[130.816211,32.98649],[130.816209,32.986508],[130.816208,32.986521]]]}},{"type":"Feature","properties":{"ParkName":"中西寺公園","ParkType":"公園","ParkCode":3021,"Pref":"熊本県","Citycode":"43210","Cityname":"菊池市","FNDate":null},"geometry":{"type":"Polygon","coordinates":[[[130.789707,32.970536],[130.789746,32.97075],[130.790058,32.970719],[130.790017,32.970513],[130.789946,32.970517],[130.78979,32.970527],[130.789776,32.970529],[130.789707,32.970536]]]}},{"type":"Feature","properties":{"ParkName":"街区公園","ParkType":"公園","ParkCode":3021,"Pref":"熊本県","Citycode":"43211","Cityname":"宇土市","FNDate":null},"geometry":{"type":"Polygon","coordinates":[[[130.657471,32.686967],[130.657473,32.686995],[130.657648,32.687116],[130.657679,32.687118],[130.657684,32.687116],[130.657729,32.687095],[130.657746,32.687087],[130.657885,32.687023],[130.658227,32.686864],[130.658197,32.686842],[130.658156,32.686814],[130.658105,32.686778],[130.658039,32.686732],[130.657936,32.68666],[130.657903,32.686637],[130.657902,32.686637],[130.657872,32.68664],[130.657471,32.686967]]]}},{"type":"Feature","properties":{"ParkName":"近隣公園","ParkType":"公園","ParkCode":3021,"Pref":"熊本県","Citycode":"43211","Cityname":"宇土市","FNDate":null},"geometry":{"type":"Polygon","coordinates":[[[130.652193,32.679736],[130.652195,32.679756],[130.652199,32.679816],[130.652239,32.679792],[130.652359,32.679935],[130.652319,32.679959],[130.652216,32.680093],[130.652199,32.680132],[130.65223,32.680147],[130.652366,32.680161],[130.652398,32.680166],[130.652444,32.68017],[130.652537,32.680183],[130.652677,32.68021],[130.652697,32.680216],[130.652721,32.68022],[130.652486,32.680703],[130.65256,32.680789],[130.652836,32.680245],[130.652974,32.680273],[130.653152,32.680306],[130.653286,32.680345],[130.653391,32.680176],[130.653398,32.680164],[130.653401,32.680161],[130.653407,32.680154],[130.653555,32.679995],[130.653735,32.680094],[130.653859,32.679938],[130.653933,32.679885],[130.65396,32.679827],[130.654063,32.679602],[130.654189,32.679124],[130.654164,32.679093],[130.654069,32.67905],[130.653947,32.678996],[130.653788,32.678942],[130.653666,32.67891],[130.653587,32.678894],[130.653574,32.67889],[130.653553,32.678896],[130.653222,32.678849],[130.653212,32.678848],[130.653213,32.678839],[130.653079,32.678852],[130.653029,32.678846],[130.652997,32.678836],[130.652905,32.678786],[130.652888,32.678789],[130.652855,32.67879],[130.652781,32.678816],[130.652582,32.678954],[130.652496,32.679033],[130.652473,32.67906],[130.652466,32.679068],[130.652442,32.679101],[130.652426,32.679124],[130.65236,32.679303],[130.652199,32.679556],[130.652235,32.679578],[130.652203,32.679614],[130.652195,32.679675],[130.652193,32.679736]]]}},{"type":"Feature","properties":{"ParkName":"街区公園","ParkType":"公園","ParkCode":3021,"Pref":"熊本県","Citycode":"43211","Cityname":"宇土市","FNDate":null},"geometry":{"type":"Polygon","coordinates":[[[130.67223,32.675981],[130.672349,32.676042],[130.672354,32.676035],[130.672499,32.676116],[130.672841,32.676252],[130.672872,32.676263],[130.67296,32.676293],[130.673159,32.676355],[130.673226,32.676375],[130.673289,32.676394],[130.673357,32.676385],[130.673402,32.676385],[130.673458,32.6764],[130.673516,32.676422],[130.673559,32.676446],[130.673522,32.676389],[130.673486,32.676347],[130.67341,32.676244],[130.673348,32.676084],[130.673336,32.676036],[130.67332,32.675959],[130.67331,32.675866],[130.67331,32.675798],[130.673312,32.675745],[130.673312,32.675718],[130.673297,32.675697],[130.673256,32.675681],[130.673199,32.675654],[130.673172,32.67564],[130.673143,32.675619],[130.673112,32.675596],[130.673085,32.675574],[130.673055,32.67557],[130.672778,32.675673],[130.672678,32.675715],[130.67263,32.675735],[130.672413,32.675833],[130.672311,32.675886],[130.672267,32.675933],[130.672265,32.675949],[130.672257,32.675949],[130.67223,32.675981]]]}},{"type":"Feature","properties":{"ParkName":"街区公園","ParkType":"公園","ParkCode":3021,"Pref":"熊本県","Citycode":"43211","Cityname":"宇土市","FNDate":null},"geometry":{"type":"Polygon","coordinates":[[[130.666941,32.694801],[130.667206,32.694837],[130.667297,32.694858],[130.667351,32.694884],[130.667401,32.694925],[130.667529,32.695042],[130.667582,32.695084],[130.667621,32.695111],[130.667671,32.69514],[130.667676,32.695143],[130.66768,32.69514],[130.667833,32.694973],[130.6679,32.694887],[130.667945,32.694844],[130.667775,32.694648],[130.667648,32.694677],[130.667558,32.694702],[130.666941,32.694801]]]}},{"type":"Feature","properties":{"ParkName":"地区公園","ParkType":"公園","ParkCode":3021,"Pref":"熊本県","Citycode":"43211","Cityname":"宇土市","FNDate":null},"geometry":{"type":"Polygon","coordinates":[[[130.66394,32.684249],[130.663982,32.684262],[130.66402,32.684279],[130.664053,32.6843],[130.664127,32.684365],[130.664153,32.684393],[130.664192,32.684437],[130.664219,32.684464],[130.664358,32.684584],[130.664488,32.684681],[130.664517,32.684701],[130.664586,32.684742],[130.664604,32.684752],[130.664613,32.684757],[130.66466,32.684783],[130.664655,32.684765],[130.664693,32.684697],[130.66478,32.68457],[130.664858,32.684454],[130.66501,32.684261],[130.665181,32.684036],[130.665279,32.683909],[130.665309,32.684021],[130.665329,32.684105],[130.665354,32.684267],[130.665363,32.684367],[130.665366,32.684472],[130.665366,32.684485],[130.665366,32.684485],[130.665364,32.684566],[130.665358,32.684658],[130.665345,32.684796],[130.665324,32.685028],[130.665436,32.684882],[130.665547,32.68474],[130.665932,32.684246],[130.665949,32.684257],[130.666182,32.684409],[130.666328,32.684234],[130.666512,32.684344],[130.666551,32.684297],[130.666643,32.684185],[130.666802,32.683991],[130.666826,32.683969],[130.666823,32.683952],[130.66681,32.683879],[130.666805,32.683855],[130.666786,32.683751],[130.666785,32.683742],[130.666765,32.683676],[130.666751,32.683606],[130.66675,32.683604],[130.666748,32.683584],[130.666746,32.683575],[130.666724,32.68342],[130.666724,32.683418],[130.66672,32.683394],[130.666709,32.683353],[130.666682,32.683234],[130.666666,32.683147],[130.66666,32.683113],[130.666659,32.683109],[130.666655,32.683087],[130.666607,32.682831],[130.666606,32.682828],[130.666499,32.682255],[130.666494,32.682229],[130.666461,32.682066],[130.666422,32.682042],[130.666325,32.681539],[130.665682,32.6816],[130.665499,32.681633],[130.665483,32.681635],[130.665215,32.681659],[130.665131,32.681667],[130.665055,32.681678],[130.664878,32.681723],[130.664761,32.68176],[130.66468,32.68179],[130.664637,32.681812],[130.664526,32.68213],[130.664522,32.682169],[130.664529,32.682215],[130.664665,32.682344],[130.664668,32.682346],[130.664778,32.68245],[130.664779,32.682447],[130.664789,32.682451],[130.66478,32.682488],[130.664762,32.682551],[130.664752,32.682571],[130.664741,32.682591],[130.664729,32.682606],[130.664716,32.682617],[130.664568,32.682685],[130.664554,32.682692],[130.664543,32.682699],[130.664532,32.682707],[130.664521,32.682719],[130.664512,32.682731],[130.664508,32.682741],[130.664506,32.682758],[130.664503,32.68284],[130.664534,32.683017],[130.664521,32.683026],[130.664471,32.683071],[130.664468,32.683073],[130.664451,32.683146],[130.664425,32.683234],[130.664391,32.683329],[130.664353,32.683408],[130.664288,32.68354],[130.664188,32.683743],[130.664188,32.683744],[130.664136,32.68385],[130.664108,32.683907],[130.664027,32.684073],[130.66394,32.684249]]]}},{"type":"Feature","properties":{"ParkName":"街区公園","ParkType":"公園","ParkCode":3021,"Pref":"熊本県","Citycode":"43211","Cityname":"宇土市","FNDate":null},"geometry":{"type":"Polygon","coordinates":[[[130.673138,32.675567],[130.673169,32.675591],[130.673205,32.675615],[130.673229,32.675628],[130.673273,32.675647],[130.673303,32.675659],[130.673331,32.675649],[130.673349,32.675592],[130.673361,32.675564],[130.673395,32.67549],[130.673372,32.67547],[130.673144,32.675539],[130.673138,32.675567]]]}},{"type":"Feature","properties":{"ParkName":"観音山総合公園","ParkType":"公園","ParkCode":3021,"Pref":"熊本県","Citycode":"43213","Cityname":"宇城市","FNDate":null},"geometry":{"type":"Polygon","coordinates":[[[130.716036,32.588065],[130.716188,32.587956],[130.716455,32.587769],[130.716464,32.587699],[130.716475,32.587596],[130.716485,32.587508],[130.716498,32.587331],[130.716512,32.587137],[130.716517,32.586968],[130.716517,32.586934],[130.716518,32.586855],[130.716518,32.586828],[130.716512,32.586642],[130.716512,32.58664],[130.716511,32.586621],[130.716508,32.586486],[130.716508,32.586462],[130.716505,32.586371],[130.716504,32.586345],[130.716502,32.586284],[130.716496,32.586248],[130.716495,32.586233],[130.716495,32.586229],[130.716488,32.586116],[130.716469,32.585928],[130.716456,32.585829],[130.716456,32.585827],[130.716448,32.585772],[130.716424,32.585596],[130.716412,32.58553],[130.716399,32.585453],[130.716398,32.585446],[130.716398,32.585444],[130.71636,32.585252],[130.716322,32.585084],[130.716319,32.585068],[130.716316,32.585056],[130.716315,32.585054],[130.716306,32.585019],[130.716259,32.584827],[130.716243,32.584771],[130.715699,32.584806],[130.715687,32.584804],[130.715674,32.584801],[130.715661,32.584799],[130.715648,32.584797],[130.715643,32.584796],[130.715606,32.584799],[130.715559,32.584802],[130.715473,32.584807],[130.715272,32.584818],[130.715212,32.584821],[130.715208,32.584821],[130.715197,32.584822],[130.715169,32.584823],[130.715162,32.584823],[130.715145,32.584822],[130.715145,32.584822],[130.715102,32.58482],[130.714983,32.584812],[130.714934,32.584808],[130.71484,32.584801],[130.714825,32.5848],[130.714821,32.5848],[130.714805,32.584798],[130.714748,32.584797],[130.714723,32.584799],[130.714717,32.584801],[130.714697,32.584804],[130.714688,32.584806],[130.714673,32.58481],[130.714627,32.584824],[130.714609,32.584832],[130.714568,32.584852],[130.714541,32.584871],[130.714527,32.584881],[130.714504,32.5849],[130.714471,32.584911],[130.714435,32.584827],[130.714261,32.584876],[130.714215,32.584889],[130.714215,32.584889],[130.714162,32.584906],[130.714113,32.584909],[130.714112,32.584909],[130.713975,32.584917],[130.713924,32.58492],[130.713839,32.584925],[130.713774,32.584929],[130.713749,32.58493],[130.713532,32.584942],[130.713458,32.584947],[130.713437,32.584948],[130.713424,32.584949],[130.713386,32.584952],[130.713332,32.584955],[130.713054,32.584972],[130.713046,32.584975],[130.712974,32.584973],[130.712974,32.584973],[130.712918,32.584979],[130.71289,32.584982],[130.712864,32.584985],[130.71286,32.584986],[130.712835,32.584989],[130.712824,32.58499],[130.712812,32.584993],[130.712809,32.584997],[130.712696,32.585015],[130.712305,32.584897],[130.711806,32.584806],[130.711374,32.584769],[130.710862,32.584935],[130.710854,32.58508],[130.711056,32.585321],[130.711461,32.585506],[130.712045,32.58575],[130.712215,32.585793],[130.712232,32.585797],[130.71225,32.585803],[130.712257,32.585806],[130.712266,32.585811],[130.712271,32.585813],[130.712321,32.585834],[130.71234,32.585842],[130.712358,32.585849],[130.712401,32.585868],[130.71243,32.58588],[130.712577,32.585942],[130.712696,32.585993],[130.712735,32.586011],[130.712806,32.586044],[130.712882,32.586076],[130.712893,32.586079],[130.712902,32.586083],[130.713012,32.586123],[130.713058,32.586141],[130.71306,32.586142],[130.713078,32.586149],[130.713097,32.586156],[130.713114,32.586163],[130.713135,32.586172],[130.713156,32.586187],[130.713168,32.586198],[130.713183,32.586213],[130.713183,32.586214],[130.713183,32.586214],[130.713196,32.586231],[130.713198,32.586235],[130.713201,32.58624],[130.713206,32.586248],[130.713213,32.586267],[130.713224,32.586312],[130.713232,32.586349],[130.713239,32.586383],[130.71324,32.586398],[130.713241,32.586402],[130.713246,32.586454],[130.713245,32.586489],[130.713239,32.586539],[130.713232,32.586581],[130.71323,32.586599],[130.713228,32.586609],[130.713226,32.586656],[130.713226,32.586662],[130.713229,32.586724],[130.713238,32.586762],[130.713239,32.586765],[130.713239,32.586765],[130.71324,32.586786],[130.71324,32.586795],[130.713258,32.58684],[130.71327,32.586868],[130.713277,32.586908],[130.713278,32.586913],[130.713279,32.586954],[130.713275,32.586986],[130.713272,32.587003],[130.713262,32.587049],[130.713259,32.587063],[130.713243,32.587129],[130.713242,32.587133],[130.71324,32.587142],[130.713222,32.587213],[130.713214,32.587241],[130.713205,32.587279],[130.713204,32.587282],[130.713197,32.587311],[130.713196,32.587315],[130.713194,32.587334],[130.7132,32.587349],[130.713209,32.587356],[130.713217,32.58736],[130.713358,32.587378],[130.713404,32.587381],[130.713477,32.587438],[130.713578,32.587515],[130.713654,32.587619],[130.713702,32.587819],[130.713776,32.587881],[130.713882,32.587916],[130.714111,32.58793],[130.71425,32.588039],[130.714306,32.588086],[130.714468,32.588128],[130.714684,32.588108],[130.714936,32.588001],[130.714948,32.588002],[130.714994,32.587996],[130.714994,32.587996],[130.715006,32.587995],[130.71506,32.587996],[130.715125,32.588003],[130.715158,32.588007],[130.715197,32.588009],[130.715227,32.588008],[130.71527,32.588003],[130.715303,32.587999],[130.715325,32.587997],[130.715376,32.587992],[130.715399,32.587992],[130.71541,32.587995],[130.715423,32.587998],[130.715463,32.588013],[130.715486,32.588021],[130.71549,32.588019],[130.715509,32.588025],[130.715526,32.588028],[130.715562,32.58803],[130.715586,32.588026],[130.715629,32.588016],[130.715693,32.588002],[130.715716,32.587994],[130.715752,32.587974],[130.715757,32.587972],[130.715791,32.587962],[130.715827,32.587956],[130.715876,32.587956],[130.715901,32.587958],[130.715916,32.587961],[130.715944,32.587972],[130.715971,32.587984],[130.715988,32.587994],[130.716008,32.588007],[130.71601,32.58801],[130.716021,32.588024],[130.716028,32.58804],[130.716036,32.588065]]]}},{"type":"Feature","properties":{"ParkName":"龍燈公園","ParkType":"公園","ParkCode":3021,"Pref":"熊本県","Citycode":"43213","Cityname":"宇城市","FNDate":null},"geometry":{"type":"Polygon","coordinates":[[[130.6591,32.649019],[130.659101,32.649019],[130.659105,32.649015],[130.659108,32.649008],[130.659108,32.649001],[130.659106,32.648977],[130.659104,32.648958],[130.659108,32.648927],[130.659114,32.648902],[130.659123,32.648878],[130.659125,32.648874],[130.659126,32.648873],[130.659138,32.648856],[130.659153,32.648842],[130.659157,32.648839],[130.659177,32.648825],[130.659194,32.648817],[130.6592,32.648814],[130.659205,32.648812],[130.65921,32.64881],[130.659289,32.648733],[130.659282,32.648694],[130.659282,32.648649],[130.659201,32.648656],[130.659196,32.648624],[130.659194,32.648615],[130.659189,32.648579],[130.659188,32.64857],[130.659182,32.648535],[130.659181,32.648526],[130.659175,32.64849],[130.659174,32.648481],[130.659168,32.648445],[130.659167,32.648436],[130.659161,32.6484],[130.65916,32.648392],[130.659158,32.648384],[130.659158,32.648384],[130.659155,32.648359],[130.659154,32.648356],[130.659153,32.648347],[130.659148,32.648311],[130.659147,32.648302],[130.659142,32.648266],[130.659141,32.648257],[130.659137,32.648221],[130.659135,32.648212],[130.659131,32.648176],[130.659129,32.648168],[130.659125,32.648132],[130.659124,32.648123],[130.659121,32.6481],[130.65912,32.648099],[130.659119,32.648087],[130.659118,32.648078],[130.659115,32.648056],[130.659125,32.648054],[130.659193,32.648042],[130.659189,32.648007],[130.659226,32.647977],[130.659265,32.647968],[130.659314,32.647958],[130.659317,32.647957],[130.659326,32.647955],[130.659329,32.647955],[130.659357,32.64795],[130.659372,32.647948],[130.65941,32.647943],[130.659471,32.647885],[130.659506,32.647852],[130.659566,32.647793],[130.659664,32.647701],[130.65971,32.647661],[130.659779,32.647607],[130.659819,32.647578],[130.659848,32.647556],[130.659876,32.647531],[130.659914,32.647499],[130.659951,32.647466],[130.659988,32.647434],[130.660061,32.647369],[130.660101,32.64733],[130.660132,32.647297],[130.660159,32.647262],[130.660176,32.647232],[130.660195,32.647189],[130.660204,32.647162],[130.660209,32.647134],[130.660211,32.647105],[130.66021,32.647072],[130.660205,32.647045],[130.660195,32.647012],[130.660182,32.646972],[130.660175,32.646956],[130.660155,32.646921],[130.660127,32.646882],[130.660095,32.646847],[130.660067,32.646822],[130.66004,32.646806],[130.660021,32.646797],[130.659998,32.646787],[130.659961,32.646774],[130.65991,32.64676],[130.659871,32.646751],[130.659845,32.646748],[130.659819,32.646746],[130.659777,32.646745],[130.659726,32.64675],[130.659686,32.646756],[130.659636,32.64677],[130.659599,32.646783],[130.659552,32.646804],[130.659518,32.646822],[130.659475,32.646849],[130.659446,32.646872],[130.659413,32.646907],[130.65939,32.646935],[130.659367,32.646976],[130.659351,32.647007],[130.659336,32.64705],[130.659326,32.647083],[130.659319,32.647127],[130.65932,32.647161],[130.659326,32.647206],[130.659334,32.647239],[130.659338,32.647257],[130.659361,32.647371],[130.659367,32.647407],[130.659342,32.647424],[130.659329,32.647434],[130.659274,32.64747],[130.659227,32.647499],[130.659176,32.647526],[130.659125,32.647552],[130.659119,32.647554],[130.659117,32.647556],[130.659116,32.647557],[130.659021,32.647593],[130.65898,32.647606],[130.658939,32.647621],[130.658899,32.647638],[130.658899,32.647642],[130.658837,32.647666],[130.658822,32.647674],[130.658763,32.647707],[130.658708,32.64774],[130.658665,32.647764],[130.658648,32.647775],[130.658633,32.647784],[130.658612,32.647799],[130.658581,32.647822],[130.658562,32.647837],[130.658547,32.647849],[130.658542,32.647853],[130.658454,32.647926],[130.658428,32.647947],[130.658403,32.647965],[130.658368,32.647988],[130.65833,32.648011],[130.658293,32.648031],[130.658261,32.648042],[130.658238,32.648047],[130.658229,32.648047],[130.65821,32.648048],[130.658151,32.648052],[130.658135,32.648055],[130.658125,32.648056],[130.658089,32.648062],[130.658083,32.648063],[130.658072,32.648065],[130.658049,32.648069],[130.658043,32.64807],[130.65803,32.648072],[130.65802,32.648073],[130.658003,32.648076],[130.657995,32.648077],[130.657975,32.648081],[130.657968,32.648083],[130.657963,32.648085],[130.657949,32.64809],[130.657929,32.648097],[130.657923,32.6481],[130.6579,32.648111],[130.6579,32.648111],[130.657883,32.64812],[130.657882,32.64812],[130.657874,32.648125],[130.657839,32.648146],[130.65783,32.648151],[130.657823,32.648156],[130.65782,32.648157],[130.657798,32.648168],[130.657795,32.648169],[130.657794,32.64817],[130.657784,32.648173],[130.657775,32.648177],[130.65777,32.648178],[130.657759,32.648184],[130.657748,32.648191],[130.657745,32.648192],[130.657744,32.648192],[130.657726,32.648201],[130.657704,32.648209],[130.657682,32.648218],[130.65767,32.648225],[130.657653,32.648236],[130.65763,32.648253],[130.657576,32.648295],[130.657566,32.648303],[130.657565,32.648304],[130.657495,32.648361],[130.657424,32.648416],[130.65734,32.648479],[130.657279,32.648521],[130.657258,32.648534],[130.657248,32.648538],[130.657236,32.648544],[130.657214,32.648554],[130.657133,32.648589],[130.657096,32.648607],[130.657077,32.64862],[130.657065,32.648631],[130.657056,32.648643],[130.657045,32.648662],[130.657039,32.648682],[130.657033,32.648708],[130.65703,32.648724],[130.657038,32.648872],[130.657058,32.649064],[130.65737,32.649082],[130.657535,32.649134],[130.657627,32.649082],[130.657677,32.649061],[130.657708,32.649057],[130.657765,32.649063],[130.657802,32.649068],[130.657833,32.649072],[130.657867,32.649072],[130.657923,32.649072],[130.657993,32.649064],[130.658024,32.649056],[130.658066,32.649042],[130.658146,32.649017],[130.658171,32.649013],[130.658196,32.649015],[130.658241,32.649027],[130.658257,32.649034],[130.658363,32.649082],[130.658363,32.649082],[130.658407,32.649102],[130.658435,32.649111],[130.658462,32.649116],[130.658486,32.649118],[130.658503,32.649117],[130.658548,32.649114],[130.658669,32.649089],[130.658838,32.649055],[130.65884,32.649054],[130.658893,32.649044],[130.65892,32.649038],[130.658971,32.649027],[130.659091,32.649021],[130.6591,32.649019]]]}},{"type":"Feature","properties":{"ParkName":"御領児童公園","ParkType":"公園","ParkCode":3021,"Pref":"熊本県","Citycode":"43213","Cityname":"宇城市","FNDate":null},"geometry":{"type":"Polygon","coordinates":[[[130.674543,32.659224],[130.67454,32.659231],[130.674522,32.65927],[130.67452,32.659273],[130.67452,32.659273],[130.674502,32.659315],[130.6745,32.659323],[130.674492,32.65935],[130.674463,32.659443],[130.674455,32.659475],[130.674453,32.659484],[130.674451,32.659497],[130.674447,32.659525],[130.674443,32.659562],[130.674443,32.659566],[130.674442,32.659576],[130.674442,32.65962],[130.674443,32.65964],[130.674445,32.659652],[130.674452,32.659664],[130.674473,32.659674],[130.674478,32.659676],[130.674496,32.659677],[130.674523,32.65968],[130.674559,32.659679],[130.67467,32.659676],[130.674804,32.659672],[130.674947,32.659669],[130.675075,32.659666],[130.675101,32.659666],[130.675128,32.659665],[130.675133,32.659664],[130.67513,32.659574],[130.67513,32.659538],[130.675129,32.659482],[130.675128,32.659475],[130.675119,32.659464],[130.675066,32.65941],[130.67501,32.659374],[130.674967,32.659351],[130.674934,32.659334],[130.674901,32.659324],[130.67478,32.659291],[130.674778,32.65929],[130.674662,32.659257],[130.674546,32.659225],[130.674543,32.659224]]]}},{"type":"Feature","properties":{"ParkName":"岡岳公園","ParkType":"公園","ParkCode":3021,"Pref":"熊本県","Citycode":"43213","Cityname":"宇城市","FNDate":null},"geometry":{"type":"Polygon","coordinates":[[[130.680547,32.660471],[130.680506,32.660449],[130.680541,32.660329],[130.680554,32.660273],[130.680555,32.660228],[130.680549,32.660195],[130.680539,32.660168],[130.680482,32.660093],[130.680429,32.660042],[130.680366,32.659992],[130.68026,32.659891],[130.68021,32.659832],[130.680164,32.659727],[130.680126,32.659595],[130.680098,32.65952],[130.680053,32.659439],[130.679987,32.659334],[130.679909,32.659216],[130.679898,32.659187],[130.679909,32.659096],[130.679917,32.659019],[130.679947,32.658909],[130.679973,32.658816],[130.680004,32.6587],[130.680018,32.658617],[130.680006,32.658598],[130.679982,32.658579],[130.679944,32.658465],[130.679895,32.658458],[130.679818,32.658445],[130.679788,32.658439],[130.679767,32.658435],[130.679736,32.658427],[130.679652,32.658402],[130.679487,32.658351],[130.67942,32.658328],[130.67938,32.658313],[130.679339,32.658293],[130.679312,32.658278],[130.679286,32.658261],[130.679258,32.65824],[130.679241,32.658227],[130.67923,32.658219],[130.679198,32.65819],[130.679157,32.658146],[130.679123,32.658109],[130.679105,32.658087],[130.679089,32.65806],[130.679061,32.658009],[130.679044,32.65798],[130.679031,32.657959],[130.679009,32.657931],[130.679005,32.657926],[130.678991,32.657911],[130.678977,32.657897],[130.678949,32.657874],[130.678946,32.657864],[130.678945,32.657856],[130.678943,32.657841],[130.67894,32.657808],[130.678939,32.657775],[130.678938,32.657771],[130.678935,32.657733],[130.678934,32.657725],[130.678927,32.657639],[130.678922,32.657591],[130.678919,32.657563],[130.678942,32.657492],[130.678952,32.657459],[130.678966,32.657404],[130.678971,32.657359],[130.678962,32.657281],[130.678944,32.657209],[130.678918,32.657152],[130.678881,32.657099],[130.67883,32.657048],[130.678782,32.657016],[130.678751,32.657006],[130.678719,32.656998],[130.678682,32.656985],[130.678656,32.656968],[130.678604,32.656924],[130.678527,32.656846],[130.678461,32.65679],[130.678376,32.656736],[130.678319,32.656707],[130.678249,32.65669],[130.678176,32.656685],[130.678069,32.656686],[130.678004,32.656695],[130.677967,32.656708],[130.677936,32.656719],[130.677883,32.656723],[130.677832,32.656713],[130.677764,32.656689],[130.677625,32.656622],[130.677581,32.6566],[130.677524,32.656598],[130.677364,32.656599],[130.677277,32.656604],[130.677197,32.656606],[130.677101,32.656633],[130.67699,32.656656],[130.676888,32.656697],[130.676822,32.656724],[130.676709,32.656794],[130.676627,32.656851],[130.676553,32.656899],[130.67644,32.656965],[130.676291,32.657126],[130.676269,32.657193],[130.676258,32.657443],[130.676265,32.657506],[130.676297,32.657621],[130.676376,32.657788],[130.676441,32.657892],[130.676507,32.657984],[130.676589,32.658086],[130.676661,32.658153],[130.676811,32.658265],[130.676972,32.658384],[130.677373,32.65868],[130.677494,32.658769],[130.677567,32.658886],[130.677589,32.659002],[130.677553,32.659117],[130.67749,32.659172],[130.677397,32.659214],[130.677273,32.659238],[130.677189,32.659255],[130.677096,32.659297],[130.677042,32.659339],[130.677017,32.659378],[130.677018,32.659423],[130.677048,32.659497],[130.677115,32.659533],[130.677186,32.659546],[130.677283,32.65952],[130.677373,32.659513],[130.677486,32.659533],[130.677606,32.659562],[130.677719,32.659601],[130.677784,32.659629],[130.677903,32.659663],[130.677981,32.659667],[130.678022,32.659662],[130.678042,32.659658],[130.678072,32.65964],[130.678109,32.659572],[130.678139,32.659535],[130.678204,32.659487],[130.678255,32.659614],[130.678319,32.659686],[130.678357,32.659771],[130.678414,32.659905],[130.67847,32.659966],[130.678536,32.660002],[130.678595,32.660007],[130.678652,32.659991],[130.678722,32.659958],[130.678792,32.659926],[130.678883,32.659891],[130.678977,32.659862],[130.679054,32.659845],[130.679134,32.65984],[130.679213,32.659847],[130.679348,32.659879],[130.679441,32.659909],[130.679544,32.659961],[130.679628,32.660032],[130.679725,32.66018],[130.679773,32.660233],[130.679923,32.660458],[130.680036,32.660541],[130.680107,32.660626],[130.680206,32.66069],[130.680335,32.660707],[130.680397,32.660706],[130.680466,32.660681],[130.680512,32.660615],[130.680554,32.660515],[130.680547,32.660471]]]}},{"type":"Feature","properties":{"ParkName":"稲川スポーツ公園","ParkType":"公園","ParkCode":3021,"Pref":"熊本県","Citycode":"43213","Cityname":"宇城市","FNDate":null},"geometry":{"type":"Polygon","coordinates":[[[130.715544,32.577906],[130.715538,32.57791],[130.715538,32.57791],[130.715502,32.577918],[130.715492,32.57792],[130.715486,32.577921],[130.71545,32.577926],[130.71544,32.577928],[130.715398,32.577934],[130.715387,32.577935],[130.715345,32.577941],[130.715335,32.577943],[130.715331,32.577943],[130.715293,32.577948],[130.715282,32.577949],[130.71524,32.577955],[130.715229,32.577956],[130.715213,32.577958],[130.715187,32.577962],[130.715185,32.577962],[130.715177,32.577963],[130.715159,32.577964],[130.715158,32.577965],[130.715134,32.577967],[130.715124,32.577968],[130.715113,32.577969],[130.715081,32.577968],[130.715071,32.577968],[130.715055,32.577967],[130.715028,32.577966],[130.715027,32.577963],[130.715025,32.577962],[130.715021,32.577961],[130.715019,32.577963],[130.715017,32.577965],[130.714975,32.577963],[130.714964,32.577963],[130.714922,32.57796],[130.714915,32.57796],[130.714869,32.577958],[130.714858,32.577958],[130.714815,32.577956],[130.714805,32.577956],[130.714785,32.577955],[130.714785,32.577955],[130.714762,32.577954],[130.714751,32.577954],[130.714737,32.577954],[130.714709,32.577954],[130.714698,32.577954],[130.714694,32.577954],[130.714665,32.577958],[130.714656,32.57796],[130.714646,32.577961],[130.714604,32.577968],[130.714593,32.577969],[130.714592,32.577969],[130.714586,32.57797],[130.714551,32.577972],[130.71454,32.577973],[130.71452,32.577973],[130.714519,32.577974],[130.714506,32.577973],[130.714495,32.577973],[130.714478,32.577969],[130.71444,32.577962],[130.714433,32.577961],[130.714395,32.577961],[130.714393,32.577961],[130.714387,32.577963],[130.714377,32.577965],[130.714337,32.577978],[130.714333,32.577979],[130.714327,32.577981],[130.714286,32.577991],[130.714276,32.577994],[130.714271,32.577995],[130.71426,32.577998],[130.714236,32.578007],[130.714236,32.578007],[130.714228,32.578011],[130.714212,32.578023],[130.714199,32.578036],[130.714197,32.578037],[130.71419,32.578044],[130.71419,32.578044],[130.714189,32.578046],[130.714178,32.57806],[130.714178,32.57806],[130.714166,32.578074],[130.714161,32.578082],[130.71414,32.578113],[130.714135,32.578121],[130.714125,32.578137],[130.714122,32.578144],[130.714105,32.578177],[130.714101,32.578185],[130.714084,32.578219],[130.71408,32.578227],[130.714075,32.578238],[130.714075,32.578238],[130.714064,32.57826],[130.71406,32.578268],[130.714043,32.578302],[130.714039,32.57831],[130.714022,32.578343],[130.714018,32.578351],[130.714018,32.578351],[130.714003,32.578383],[130.714001,32.578385],[130.713996,32.578392],[130.713986,32.578406],[130.713986,32.578406],[130.713977,32.578419],[130.713974,32.578423],[130.713971,32.578422],[130.713967,32.578423],[130.713965,32.578425],[130.713965,32.578428],[130.713967,32.57843],[130.713964,32.578434],[130.713954,32.578444],[130.713963,32.578449],[130.713986,32.578465],[130.713996,32.578471],[130.714041,32.578501],[130.714017,32.57854],[130.714008,32.578551],[130.713998,32.578562],[130.713991,32.578578],[130.713987,32.57859],[130.713987,32.578591],[130.713983,32.578602],[130.71398,32.578625],[130.713984,32.578667],[130.714,32.578809],[130.714019,32.578954],[130.714033,32.579042],[130.714044,32.579112],[130.714043,32.579121],[130.714034,32.579175],[130.714029,32.579216],[130.714031,32.579232],[130.714036,32.579247],[130.714049,32.57926],[130.714068,32.57927],[130.714077,32.579274],[130.7141,32.579277],[130.714126,32.579273],[130.71414,32.579268],[130.714208,32.579245],[130.714358,32.579195],[130.714561,32.579128],[130.714561,32.579128],[130.714588,32.579119],[130.714875,32.579031],[130.714915,32.579019],[130.714917,32.579018],[130.715057,32.578974],[130.715141,32.578949],[130.715307,32.5789],[130.715382,32.578876],[130.71551,32.578837],[130.715765,32.57876],[130.715919,32.578713],[130.71597,32.578694],[130.715999,32.578683],[130.716006,32.578681],[130.716018,32.578676],[130.716029,32.578665],[130.716033,32.578643],[130.715996,32.578584],[130.715948,32.578509],[130.715946,32.578506],[130.715862,32.578374],[130.715747,32.578195],[130.715715,32.578143],[130.715713,32.578141],[130.715676,32.578082],[130.715644,32.578034],[130.715618,32.577995],[130.715573,32.577928],[130.71556,32.577912],[130.715554,32.577905],[130.715544,32.577906]]]}},{"type":"Feature","properties":{"ParkName":"大塚公園","ParkType":"公園","ParkCode":3021,"Pref":"熊本県","Citycode":"43213","Cityname":"宇城市","FNDate":null},"geometry":{"type":"Polygon","coordinates":[[[130.679965,32.648657],[130.679928,32.648638],[130.679907,32.648633],[130.679869,32.648624],[130.679863,32.648624],[130.679865,32.648617],[130.679879,32.648565],[130.67988,32.64856],[130.679884,32.648545],[130.679887,32.648534],[130.679876,32.648493],[130.679839,32.648456],[130.679782,32.648426],[130.679684,32.648396],[130.679663,32.648393],[130.679654,32.648396],[130.679626,32.648405],[130.679614,32.648407],[130.679609,32.648408],[130.679596,32.648412],[130.679594,32.648413],[130.679586,32.648416],[130.679568,32.648422],[130.679549,32.648432],[130.679548,32.648432],[130.679546,32.648434],[130.679541,32.648439],[130.679533,32.648446],[130.679529,32.648452],[130.679518,32.648469],[130.679515,32.648468],[130.679514,32.648469],[130.679511,32.648472],[130.679511,32.648473],[130.679501,32.648484],[130.679493,32.648495],[130.679476,32.648523],[130.679472,32.648527],[130.679466,32.648542],[130.679461,32.648555],[130.679457,32.648561],[130.67945,32.648573],[130.679449,32.648574],[130.679437,32.648594],[130.679434,32.648598],[130.679423,32.648617],[130.679421,32.648621],[130.679411,32.648635],[130.679408,32.648639],[130.679393,32.648661],[130.679387,32.648671],[130.67938,32.648679],[130.679376,32.648684],[130.679368,32.648692],[130.679363,32.648694],[130.67936,32.648697],[130.679343,32.64871],[130.679337,32.648716],[130.679332,32.648722],[130.679315,32.648736],[130.679308,32.648742],[130.679292,32.648757],[130.679267,32.64878],[130.679246,32.648799],[130.679246,32.648799],[130.679241,32.648804],[130.679236,32.648808],[130.679201,32.648837],[130.679187,32.64885],[130.679186,32.648854],[130.679183,32.648861],[130.679183,32.648862],[130.679182,32.648875],[130.679209,32.648919],[130.679245,32.648964],[130.679271,32.648996],[130.679278,32.649003],[130.679318,32.649035],[130.679346,32.649055],[130.679348,32.649056],[130.679377,32.649037],[130.679376,32.649036],[130.679381,32.649032],[130.679449,32.648976],[130.679477,32.648952],[130.67948,32.64895],[130.67951,32.648926],[130.679525,32.648914],[130.67954,32.648903],[130.679555,32.648891],[130.679566,32.648883],[130.679569,32.64888],[130.679584,32.648869],[130.679598,32.648859],[130.679605,32.648854],[130.679614,32.64885],[130.679631,32.648843],[130.679646,32.648836],[130.679658,32.64883],[130.679666,32.648827],[130.679669,32.648827],[130.679694,32.648818],[130.679698,32.648817],[130.679737,32.648805],[130.679777,32.648793],[130.679792,32.648789],[130.679814,32.648783],[130.679841,32.648766],[130.679865,32.648751],[130.679871,32.648747],[130.679961,32.64866],[130.679965,32.648657]]]}},{"type":"Feature","properties":{"ParkName":"大野公園","ParkType":"公園","ParkCode":3021,"Pref":"熊本県","Citycode":"43213","Cityname":"宇城市","FNDate":null},"geometry":{"type":"Polygon","coordinates":[[[130.682732,32.647616],[130.682729,32.647616],[130.68271,32.647613],[130.682565,32.647596],[130.682528,32.647614],[130.682524,32.647615],[130.682505,32.647625],[130.682507,32.647643],[130.682508,32.647652],[130.682509,32.647664],[130.682512,32.647687],[130.682513,32.647694],[130.682515,32.647709],[130.682515,32.647709],[130.682515,32.647714],[130.682514,32.647731],[130.682514,32.647732],[130.682513,32.647741],[130.682511,32.647761],[130.682502,32.647776],[130.682497,32.647784],[130.682497,32.647784],[130.682476,32.647806],[130.682471,32.647812],[130.682465,32.64782],[130.682441,32.647849],[130.682437,32.647853],[130.682435,32.647857],[130.682432,32.647862],[130.682428,32.647874],[130.682428,32.647874],[130.682422,32.647891],[130.68242,32.647899],[130.682419,32.6479],[130.682414,32.647917],[130.682411,32.647925],[130.682409,32.647931],[130.682407,32.647949],[130.682405,32.647958],[130.682402,32.647981],[130.682401,32.647994],[130.6824,32.648003],[130.6824,32.648013],[130.6824,32.648032],[130.6824,32.648033],[130.682402,32.648102],[130.682403,32.648115],[130.682404,32.648128],[130.682407,32.648144],[130.682407,32.648146],[130.682408,32.648151],[130.682408,32.648153],[130.682409,32.648156],[130.682411,32.648168],[130.682413,32.648177],[130.682413,32.64818],[130.682419,32.648213],[130.682421,32.648222],[130.682423,32.648237],[130.682428,32.648258],[130.68243,32.648266],[130.682434,32.648287],[130.682439,32.648302],[130.682441,32.64831],[130.682441,32.64831],[130.682446,32.648323],[130.682457,32.648344],[130.682459,32.648347],[130.682462,32.648352],[130.682466,32.648358],[130.682467,32.648358],[130.682474,32.648369],[130.682485,32.648382],[130.682492,32.648389],[130.682494,32.648391],[130.68252,32.648416],[130.68252,32.648416],[130.682527,32.648423],[130.682556,32.64845],[130.682563,32.648456],[130.682591,32.648483],[130.682598,32.64849],[130.682601,32.648493],[130.682602,32.648492],[130.682612,32.648487],[130.682634,32.648473],[130.682648,32.648465],[130.682649,32.648465],[130.682699,32.648434],[130.682725,32.648419],[130.682766,32.648397],[130.682803,32.648378],[130.682836,32.648364],[130.682855,32.648356],[130.682855,32.648356],[130.682901,32.64838],[130.682908,32.648375],[130.682922,32.648368],[130.682931,32.648364],[130.68295,32.648354],[130.682973,32.648343],[130.682972,32.648342],[130.682995,32.64833],[130.683018,32.648319],[130.683019,32.64832],[130.683042,32.648309],[130.683065,32.648297],[130.683088,32.648286],[130.683109,32.648275],[130.683123,32.648268],[130.683127,32.648266],[130.683121,32.648259],[130.683071,32.64819],[130.68303,32.648111],[130.682949,32.647956],[130.682935,32.647932],[130.682857,32.647825],[130.682825,32.647792],[130.68276,32.647723],[130.682724,32.64772],[130.682732,32.647616]]]}},{"type":"Feature","properties":{"ParkName":"久具公園","ParkType":"公園","ParkCode":3021,"Pref":"熊本県","Citycode":"43213","Cityname":"宇城市","FNDate":null},"geometry":{"type":"Polygon","coordinates":[[[130.698087,32.647817],[130.698071,32.647786],[130.698055,32.647754],[130.698049,32.647734],[130.698048,32.647693],[130.698053,32.647637],[130.698058,32.647592],[130.698073,32.647469],[130.698084,32.647432],[130.698091,32.647415],[130.698109,32.647384],[130.698138,32.647334],[130.698162,32.647293],[130.698194,32.647237],[130.698218,32.647238],[130.698225,32.64724],[130.698246,32.64724],[130.698281,32.647238],[130.698323,32.647237],[130.698381,32.64723],[130.698384,32.64723],[130.698403,32.647227],[130.698424,32.647221],[130.69846,32.647215],[130.698458,32.647212],[130.698451,32.647198],[130.698447,32.64719],[130.698431,32.647156],[130.698427,32.647148],[130.698411,32.647115],[130.698407,32.647106],[130.698403,32.647098],[130.698391,32.647073],[130.698387,32.647065],[130.698371,32.647031],[130.698367,32.647023],[130.698351,32.646989],[130.698347,32.646981],[130.698345,32.646977],[130.698342,32.64697],[130.698341,32.646968],[130.698338,32.64696],[130.698327,32.646934],[130.698327,32.646933],[130.698317,32.646907],[130.698306,32.646881],[130.698296,32.646856],[130.698296,32.646855],[130.698286,32.64683],[130.698276,32.646805],[130.698266,32.646781],[130.698256,32.646757],[130.698247,32.646733],[130.698243,32.646722],[130.698237,32.646709],[130.698227,32.646684],[130.698218,32.64666],[130.698217,32.646659],[130.698208,32.646635],[130.698198,32.64661],[130.698188,32.646585],[130.698183,32.646572],[130.698178,32.64656],[130.698176,32.646556],[130.698168,32.646535],[130.698157,32.646509],[130.698147,32.646483],[130.698137,32.646457],[130.698126,32.646431],[130.698115,32.646405],[130.698108,32.646387],[130.698105,32.646378],[130.698094,32.646351],[130.698083,32.646324],[130.698077,32.64631],[130.698077,32.646308],[130.698076,32.646306],[130.698067,32.6463],[130.698053,32.64629],[130.69802,32.646265],[130.697976,32.646275],[130.697948,32.646284],[130.697907,32.6463],[130.697888,32.64631],[130.697887,32.646311],[130.697882,32.646316],[130.697875,32.646321],[130.69786,32.646339],[130.697857,32.646344],[130.697842,32.646362],[130.697827,32.646382],[130.697826,32.646383],[130.697823,32.646388],[130.697808,32.646407],[130.697798,32.646422],[130.697792,32.646429],[130.697777,32.646449],[130.697771,32.646458],[130.697769,32.646462],[130.697746,32.646493],[130.697745,32.646494],[130.69767,32.646597],[130.69763,32.646652],[130.69763,32.646653],[130.697575,32.646728],[130.69755,32.646762],[130.697531,32.646789],[130.69753,32.646793],[130.69753,32.646797],[130.697532,32.6468],[130.697532,32.646801],[130.697533,32.646803],[130.697567,32.64682],[130.697571,32.646822],[130.697588,32.646831],[130.697579,32.646889],[130.697577,32.646905],[130.697553,32.646952],[130.697528,32.646988],[130.697518,32.647003],[130.697508,32.647016],[130.6975,32.647028],[130.697492,32.64704],[130.697484,32.647051],[130.697475,32.647063],[130.697467,32.647074],[130.697459,32.647086],[130.697451,32.647098],[130.697443,32.647109],[130.697434,32.647121],[130.697426,32.647133],[130.697417,32.647145],[130.697417,32.647146],[130.69741,32.647159],[130.697403,32.647173],[130.697396,32.647188],[130.697389,32.647202],[130.697382,32.647217],[130.697375,32.647231],[130.697368,32.647246],[130.697361,32.647261],[130.697354,32.647275],[130.69735,32.647282],[130.697347,32.64729],[130.69734,32.647305],[130.697333,32.647321],[130.697326,32.647336],[130.697319,32.647351],[130.697312,32.647366],[130.697305,32.647381],[130.697298,32.647396],[130.697291,32.647411],[130.697287,32.647418],[130.697286,32.647421],[130.697284,32.647426],[130.697277,32.647441],[130.69727,32.647458],[130.697267,32.647466],[130.697262,32.647478],[130.697263,32.647487],[130.697256,32.647491],[130.697252,32.647503],[130.697271,32.647509],[130.697276,32.64751],[130.697306,32.647519],[130.697307,32.647522],[130.697308,32.64752],[130.69734,32.647529],[130.697372,32.647539],[130.697405,32.647549],[130.697438,32.647558],[130.697471,32.647568],[130.697483,32.647572],[130.697503,32.647579],[130.697508,32.647581],[130.697525,32.647587],[130.697559,32.647599],[130.697592,32.64761],[130.697625,32.647622],[130.697657,32.647633],[130.697691,32.647645],[130.697732,32.647659],[130.697744,32.647664],[130.697764,32.647671],[130.697778,32.647676],[130.697809,32.647689],[130.697841,32.647702],[130.697871,32.647714],[130.697901,32.647726],[130.69792,32.647733],[130.697931,32.647738],[130.697947,32.647744],[130.697956,32.647753],[130.697958,32.647755],[130.697968,32.647772],[130.697968,32.647773],[130.697974,32.64779],[130.697974,32.647791],[130.697975,32.647793],[130.697978,32.647803],[130.697979,32.64781],[130.69798,32.647812],[130.69798,32.647817],[130.69798,32.647832],[130.69798,32.647832],[130.697977,32.647848],[130.697974,32.647853],[130.697964,32.647873],[130.697964,32.647874],[130.697955,32.647889],[130.697956,32.647893],[130.697957,32.647899],[130.697962,32.647905],[130.697962,32.647905],[130.697975,32.64791],[130.697988,32.647915],[130.698001,32.64792],[130.698014,32.647924],[130.698024,32.647928],[130.698037,32.647933],[130.698049,32.647937],[130.698049,32.647938],[130.698061,32.647942],[130.698061,32.647942],[130.698074,32.647943],[130.698088,32.647943],[130.69809,32.647943],[130.698094,32.647938],[130.698095,32.647936],[130.698095,32.647935],[130.698097,32.647925],[130.698098,32.647921],[130.698098,32.647912],[130.698097,32.647907],[130.698093,32.647898],[130.698087,32.647885],[130.698083,32.647876],[130.698082,32.647873],[130.69808,32.647861],[130.698079,32.647855],[130.69808,32.64785],[130.698081,32.647842],[130.698082,32.647839],[130.698085,32.647828],[130.698087,32.647817]]]}},{"type":"Feature","properties":{"ParkName":"仲の江駅前公園","ParkType":"公園","ParkCode":3021,"Pref":"熊本県","Citycode":"43213","Cityname":"宇城市","FNDate":null},"geometry":{"type":"Polygon","coordinates":[[[130.69454,32.600465],[130.694541,32.600458],[130.69454,32.600457],[130.69454,32.600456],[130.694538,32.600454],[130.694535,32.600452],[130.694532,32.60045],[130.694531,32.60045],[130.694519,32.600449],[130.69452,32.600441],[130.694527,32.600366],[130.694534,32.600281],[130.694469,32.600274],[130.694453,32.600342],[130.694453,32.600343],[130.694437,32.600411],[130.694437,32.600414],[130.694436,32.600416],[130.694421,32.600484],[130.694421,32.600486],[130.694407,32.600548],[130.694404,32.60056],[130.694403,32.600563],[130.694402,32.600568],[130.694399,32.600582],[130.694389,32.600626],[130.694386,32.60064],[130.694384,32.600646],[130.694383,32.600655],[130.694382,32.600656],[130.69438,32.600666],[130.694378,32.600674],[130.694388,32.600677],[130.694392,32.600678],[130.694392,32.600679],[130.694388,32.600696],[130.694382,32.60073],[130.69436,32.600842],[130.694364,32.600843],[130.694354,32.600891],[130.694344,32.600935],[130.694369,32.60094],[130.694405,32.600946],[130.694392,32.601004],[130.694392,32.601004],[130.694372,32.601097],[130.694364,32.601134],[130.694354,32.601178],[130.694338,32.601175],[130.694336,32.60118],[130.694331,32.601202],[130.694323,32.601235],[130.694296,32.60135],[130.694241,32.601341],[130.694218,32.60143],[130.694206,32.601436],[130.694187,32.601533],[130.694161,32.601639],[130.694117,32.601812],[130.694064,32.602025],[130.694018,32.602224],[130.693992,32.60234],[130.694072,32.602352],[130.694148,32.602148],[130.69419,32.602057],[130.69425,32.601928],[130.694292,32.601832],[130.694381,32.601549],[130.694406,32.601473],[130.694422,32.601442],[130.694434,32.601422],[130.694488,32.601332],[130.694493,32.601321],[130.694498,32.601311],[130.694502,32.6013],[130.694504,32.601289],[130.694505,32.601264],[130.694499,32.60125],[130.69449,32.601235],[130.694472,32.601209],[130.694452,32.601176],[130.694446,32.601165],[130.694441,32.601152],[130.69444,32.601141],[130.694441,32.60113],[130.694464,32.60103],[130.694473,32.600997],[130.694479,32.600987],[130.694486,32.60098],[130.694498,32.600972],[130.694532,32.600953],[130.694546,32.600945],[130.694563,32.600932],[130.694572,32.600924],[130.694578,32.600914],[130.694582,32.600904],[130.694584,32.600892],[130.694583,32.600881],[130.69458,32.600867],[130.694575,32.600848],[130.694553,32.600771],[130.694543,32.600739],[130.694538,32.600723],[130.694537,32.600705],[130.694538,32.600604],[130.69454,32.60048],[130.69454,32.600465]]]}},{"type":"Feature","properties":{"ParkName":null,"ParkType":"公園","ParkCode":3021,"Pref":"熊本県","Citycode":"43368","Cityname":"長洲町","FNDate":null},"geometry":{"type":"MultiPolygon","coordinates":[[[[130.491867,32.927364],[130.491868,32.927364],[130.491867,32.927362],[130.491867,32.927364]]],[[[130.491989,32.927518],[130.492038,32.927498],[130.492117,32.92749],[130.492212,32.927492],[130.492284,32.92749],[130.492311,32.927493],[130.492345,32.927482],[130.492379,32.927466],[130.492436,32.927468],[130.49247,32.927483],[130.492539,32.927514],[130.492693,32.927558],[130.492869,32.927611],[130.492937,32.927462],[130.492974,32.927367],[130.492974,32.927319],[130.492974,32.927265],[130.492943,32.927178],[130.492928,32.927151],[130.492295,32.927275],[130.491868,32.927364],[130.491989,32.927518]]]]}},{"type":"Feature","properties":{"ParkName":null,"ParkType":"公園","ParkCode":3021,"Pref":"熊本県","Citycode":"43368","Cityname":"長洲町","FNDate":null},"geometry":{"type":"Polygon","coordinates":[[[130.476198,32.918023],[130.476213,32.918054],[130.476525,32.918142],[130.476609,32.917906],[130.476975,32.917977],[130.476958,32.917902],[130.476885,32.917851],[130.476819,32.917798],[130.476797,32.917772],[130.476782,32.917734],[130.476781,32.917667],[130.476781,32.917614],[130.476781,32.917589],[130.476759,32.917563],[130.476729,32.917538],[130.476676,32.917508],[130.476553,32.917479],[130.476437,32.917444],[130.476411,32.917474],[130.4764,32.917511],[130.476387,32.917505],[130.476203,32.918025],[130.476198,32.918023]]]}},{"type":"Feature","properties":{"ParkName":null,"ParkType":"公園","ParkCode":3021,"Pref":"熊本県","Citycode":"43368","Cityname":"長洲町","FNDate":null},"geometry":{"type":"Polygon","coordinates":[[[130.457389,32.924605],[130.458467,32.924581],[130.458432,32.924387],[130.457433,32.924285],[130.457389,32.924605]]]}},{"type":"Feature","properties":{"ParkName":null,"ParkType":"公園","ParkCode":3021,"Pref":"熊本県","Citycode":"43368","Cityname":"長洲町","FNDate":null},"geometry":{"type":"Polygon","coordinates":[[[130.494055,32.926853],[130.494532,32.926529],[130.494617,32.926497],[130.494805,32.926423],[130.494794,32.926384],[130.494695,32.92619],[130.49462,32.92596],[130.49462,32.925854],[130.494684,32.92544],[130.494654,32.925372],[130.494539,32.925275],[130.494302,32.925167],[130.494126,32.92516],[130.493762,32.925178],[130.493593,32.925264],[130.493519,32.925332],[130.493538,32.925374],[130.49363,32.925439],[130.493702,32.925536],[130.493763,32.92564],[130.49382,32.925718],[130.493697,32.925788],[130.493512,32.925914],[130.493285,32.926126],[130.49335,32.926191],[130.493437,32.926276],[130.493521,32.926318],[130.493747,32.926458],[130.493842,32.926545],[130.493926,32.926646],[130.493952,32.92673],[130.493975,32.926779],[130.493998,32.926824],[130.494055,32.926853]]]}},{"type":"Feature","properties":{"ParkName":null,"ParkType":"公園","ParkCode":3021,"Pref":"熊本県","Citycode":"43368","Cityname":"長洲町","FNDate":null},"geometry":{"type":"MultiPolygon","coordinates":[[[[130.488982,32.928291],[130.489141,32.928313],[130.489231,32.928321],[130.489325,32.928323],[130.48945,32.928315],[130.489504,32.928308],[130.489534,32.928272],[130.489519,32.928171],[130.489502,32.928044],[130.48949,32.927947],[130.489463,32.927911],[130.489405,32.927909],[130.489311,32.927983],[130.489155,32.928105],[130.489043,32.928191],[130.488971,32.928247],[130.488982,32.928291]]],[[[130.48897,32.928247],[130.488971,32.928247],[130.488971,32.928246],[130.48897,32.928247]]]]}},{"type":"Feature","properties":{"ParkName":null,"ParkType":"公園","ParkCode":3021,"Pref":"熊本県","Citycode":"43368","Cityname":"長洲町","FNDate":null},"geometry":{"type":"MultiPolygon","coordinates":[[[[130.481033,32.927148],[130.481156,32.927081],[130.481095,32.926993],[130.481217,32.926759],[130.481158,32.926736],[130.480655,32.926507],[130.480623,32.926518],[130.480458,32.92691],[130.481033,32.927148]]],[[[130.480458,32.92691],[130.480455,32.926909],[130.480455,32.926916],[130.480458,32.92691]]]]}},{"type":"Feature","properties":{"ParkName":null,"ParkType":"公園","ParkCode":3021,"Pref":"熊本県","Citycode":"43368","Cityname":"長洲町","FNDate":null},"geometry":{"type":"Polygon","coordinates":[[[130.485127,32.933143],[130.485077,32.93313],[130.485036,32.93313],[130.485009,32.933138],[130.484974,32.933153],[130.48494,32.933179],[130.484898,32.93322],[130.484865,32.933259],[130.484841,32.933297],[130.484821,32.933322],[130.484784,32.933349],[130.484674,32.933414],[130.484643,32.933434],[130.484635,32.933438],[130.484596,32.933441],[130.484543,32.933446],[130.484493,32.933459],[130.484456,32.933485],[130.484387,32.933542],[130.484435,32.933558],[130.484481,32.93357],[130.484644,32.933625],[130.48479,32.933672],[130.48487,32.933691],[130.484897,32.933697],[130.484934,32.933702],[130.484968,32.933704],[130.485008,32.933706],[130.485064,32.933703],[130.485125,32.933699],[130.485164,32.933695],[130.485348,32.933637],[130.485274,32.933475],[130.485437,32.933401],[130.485384,32.933347],[130.48533,32.933307],[130.485261,32.933258],[130.485199,32.933204],[130.485127,32.933143]]]}},{"type":"Feature","properties":{"ParkName":null,"ParkType":"公園","ParkCode":3021,"Pref":"熊本県","Citycode":"43368","Cityname":"長洲町","FNDate":null},"geometry":{"type":"Polygon","coordinates":[[[130.483857,32.933813],[130.48386,32.933815],[130.483582,32.933952],[130.483536,32.934133],[130.483668,32.934286],[130.483942,32.934244],[130.483942,32.934225],[130.48392,32.934116],[130.483935,32.934051],[130.483972,32.934016],[130.483964,32.933937],[130.483933,32.933861],[130.483857,32.933813]]]}},{"type":"Feature","properties":{"ParkName":null,"ParkType":"公園","ParkCode":3021,"Pref":"熊本県","Citycode":"43368","Cityname":"長洲町","FNDate":null},"geometry":{"type":"Polygon","coordinates":[[[130.482878,32.9299],[130.482978,32.929974],[130.48313,32.930086],[130.483237,32.930157],[130.483308,32.930211],[130.483386,32.930243],[130.483455,32.930265],[130.483576,32.93029],[130.483662,32.930293],[130.483675,32.930279],[130.483628,32.930229],[130.483552,32.930133],[130.483524,32.93008],[130.483504,32.930022],[130.483475,32.929939],[130.483454,32.929849],[130.483443,32.929802],[130.483351,32.929786],[130.483178,32.929741],[130.483115,32.929714],[130.482873,32.929897],[130.482878,32.9299]]]}},{"type":"Feature","properties":{"ParkName":null,"ParkType":"公園","ParkCode":3021,"Pref":"熊本県","Citycode":"43368","Cityname":"長洲町","FNDate":null},"geometry":{"type":"Polygon","coordinates":[[[130.473231,32.916145],[130.473234,32.916146],[130.473359,32.916141],[130.473517,32.916133],[130.473601,32.916129],[130.473747,32.91614],[130.473876,32.916147],[130.473953,32.916157],[130.473954,32.91608],[130.473936,32.91608],[130.473918,32.915878],[130.473904,32.91587],[130.473837,32.915859],[130.47377,32.915851],[130.473676,32.915854],[130.473543,32.915869],[130.473441,32.915879],[130.473367,32.915895],[130.473264,32.915919],[130.473186,32.915933],[130.473231,32.916145]]]}},{"type":"Feature","properties":{"ParkName":null,"ParkType":"公園","ParkCode":3021,"Pref":"熊本県","Citycode":"43368","Cityname":"長洲町","FNDate":null},"geometry":{"type":"MultiPolygon","coordinates":[[[[130.454647,32.92472],[130.454648,32.924719],[130.454646,32.92472],[130.454647,32.92472]]],[[[130.45451,32.925116],[130.455403,32.925345],[130.455433,32.925318],[130.455307,32.924674],[130.454647,32.92472],[130.45451,32.925116]]]]}},{"type":"Feature","properties":{"ParkName":null,"ParkType":"公園","ParkCode":3021,"Pref":"熊本県","Citycode":"43368","Cityname":"長洲町","FNDate":null},"geometry":{"type":"MultiPolygon","coordinates":[[[[130.446359,32.929051],[130.446464,32.928554],[130.446133,32.928503],[130.446042,32.929011],[130.446359,32.929051]]],[[[130.446042,32.929013],[130.446042,32.929011],[130.446038,32.929011],[130.446042,32.929013]]]]}},{"type":"Feature","properties":{"ParkName":null,"ParkType":"公園","ParkCode":3021,"Pref":"熊本県","Citycode":"43368","Cityname":"長洲町","FNDate":null},"geometry":{"type":"Polygon","coordinates":[[[130.473034,32.931309],[130.473034,32.931311],[130.473139,32.931053],[130.473257,32.931025],[130.473263,32.930915],[130.473347,32.930914],[130.473349,32.930878],[130.47332,32.930826],[130.47325,32.930791],[130.473225,32.930785],[130.473109,32.930764],[130.472982,32.930744],[130.472858,32.930729],[130.472799,32.930743],[130.472804,32.930801],[130.472815,32.930915],[130.472836,32.93103],[130.472852,32.93111],[130.47285,32.931213],[130.472847,32.931291],[130.473034,32.931309]]]}},{"type":"Feature","properties":{"ParkName":null,"ParkType":"公園","ParkCode":3021,"Pref":"熊本県","Citycode":"43368","Cityname":"長洲町","FNDate":null},"geometry":{"type":"MultiPolygon","coordinates":[[[[130.459649,32.934866],[130.45965,32.934865],[130.459648,32.934866],[130.459649,32.934866]]],[[[130.459609,32.93498],[130.459542,32.935158],[130.459542,32.935186],[130.459557,32.935204],[130.459644,32.935259],[130.459742,32.935321],[130.459804,32.935372],[130.459849,32.93542],[130.459958,32.935553],[130.46017,32.935486],[130.460176,32.935469],[130.460151,32.935359],[130.460108,32.935259],[130.459993,32.935152],[130.459863,32.935032],[130.459757,32.934945],[130.459736,32.934913],[130.459703,32.934886],[130.459649,32.934866],[130.459609,32.93498]]]]}},{"type":"Feature","properties":{"ParkName":null,"ParkType":"公園","ParkCode":3021,"Pref":"熊本県","Citycode":"43368","Cityname":"長洲町","FNDate":null},"geometry":{"type":"Polygon","coordinates":[[[130.45425,32.938258],[130.454254,32.938254],[130.45426,32.93826],[130.454292,32.938274],[130.45433,32.93828],[130.454373,32.938276],[130.454468,32.938248],[130.454491,32.938236],[130.454574,32.938213],[130.454687,32.93819],[130.454846,32.938194],[130.454916,32.938195],[130.45491,32.938173],[130.45491,32.938139],[130.454908,32.93805],[130.454896,32.937969],[130.45489,32.937907],[130.454316,32.937879],[130.45425,32.938258]]]}},{"type":"Feature","properties":{"ParkName":null,"ParkType":"公園","ParkCode":3021,"Pref":"熊本県","Citycode":"43368","Cityname":"長洲町","FNDate":null},"geometry":{"type":"MultiPolygon","coordinates":[[[[130.475359,32.905646],[130.475462,32.905593],[130.475494,32.905637],[130.475464,32.905666],[130.475492,32.905705],[130.475672,32.905711],[130.475686,32.905233],[130.475559,32.90521],[130.475539,32.904963],[130.47543,32.904962],[130.47528,32.905071],[130.475365,32.905173],[130.475097,32.905337],[130.475359,32.905646]]],[[[130.475096,32.905338],[130.475097,32.905337],[130.475096,32.905336],[130.475096,32.905338]]]]}},{"type":"Feature","properties":{"ParkName":"潮井自然公園","ParkType":"公園","ParkCode":3021,"Pref":"熊本県","Citycode":"43443","Cityname":"益城町","FNDate":null},"geometry":{"type":"Polygon","coordinates":[[[130.871513,32.815039],[130.871436,32.815052],[130.871371,32.815062],[130.871331,32.815066],[130.871296,32.815068],[130.871264,32.815067],[130.871232,32.815065],[130.871192,32.815059],[130.871164,32.815053],[130.871079,32.815032],[130.870909,32.814991],[130.870851,32.814976],[130.87083,32.81497],[130.870808,32.814961],[130.870803,32.814959],[130.870801,32.814958],[130.870787,32.81495],[130.870768,32.814936],[130.870747,32.814917],[130.87074,32.814909],[130.87072,32.814887],[130.870681,32.814834],[130.870659,32.814804],[130.870646,32.81479],[130.870604,32.814744],[130.870569,32.814707],[130.87056,32.814696],[130.870533,32.814662],[130.87052,32.814646],[130.870497,32.814615],[130.870485,32.814601],[130.870447,32.81456],[130.870415,32.814527],[130.870406,32.814519],[130.870369,32.814486],[130.870369,32.814486],[130.870343,32.814464],[130.870292,32.814422],[130.870249,32.814391],[130.870209,32.814364],[130.87017,32.814343],[130.870136,32.814326],[130.870133,32.814324],[130.870127,32.814322],[130.870096,32.814308],[130.870096,32.814308],[130.870096,32.814309],[130.870075,32.814302],[130.870021,32.814289],[130.870007,32.814292],[130.870007,32.814292],[130.869957,32.81429],[130.86993,32.814295],[130.869904,32.814307],[130.869867,32.81433],[130.869831,32.814373],[130.869816,32.814373],[130.869809,32.814384],[130.869808,32.814385],[130.869799,32.814398],[130.869789,32.814411],[130.869779,32.814426],[130.869759,32.814454],[130.869744,32.814473],[130.869733,32.814488],[130.869719,32.814506],[130.869706,32.814516],[130.869691,32.814527],[130.86969,32.814528],[130.869678,32.814538],[130.869666,32.814549],[130.869662,32.814552],[130.869654,32.814558],[130.869642,32.814568],[130.869631,32.814576],[130.869624,32.814581],[130.869621,32.814584],[130.869611,32.814592],[130.869593,32.814606],[130.869586,32.81461],[130.869584,32.814612],[130.869575,32.814619],[130.869567,32.814625],[130.869559,32.814631],[130.869558,32.814631],[130.869552,32.814636],[130.86955,32.814637],[130.869543,32.814642],[130.869535,32.814647],[130.869528,32.814652],[130.869516,32.81466],[130.869514,32.814661],[130.869506,32.814666],[130.869499,32.81467],[130.869491,32.814675],[130.869487,32.814677],[130.869482,32.81468],[130.869479,32.814682],[130.869473,32.814685],[130.869464,32.81469],[130.869453,32.814696],[130.86945,32.814698],[130.869445,32.814708],[130.869441,32.814716],[130.869438,32.814719],[130.86943,32.814728],[130.86942,32.814732],[130.869413,32.814733],[130.869391,32.814735],[130.869355,32.814737],[130.869352,32.814736],[130.869298,32.814734],[130.869288,32.814732],[130.869257,32.814725],[130.869234,32.81472],[130.869199,32.814714],[130.869176,32.814711],[130.86917,32.814711],[130.869139,32.814713],[130.869104,32.814715],[130.869066,32.814718],[130.869065,32.814701],[130.869048,32.814684],[130.869035,32.814671],[130.86903,32.814666],[130.869026,32.814663],[130.868851,32.814594],[130.868732,32.814535],[130.868645,32.814492],[130.86863,32.814468],[130.868605,32.814426],[130.868597,32.814412],[130.868592,32.814405],[130.868558,32.814382],[130.868544,32.814372],[130.868537,32.814367],[130.868531,32.814362],[130.868519,32.814351],[130.868512,32.814344],[130.868507,32.81434],[130.868495,32.814329],[130.868488,32.814322],[130.868466,32.814306],[130.868446,32.814291],[130.868437,32.814284],[130.868429,32.814278],[130.868426,32.814276],[130.868415,32.81427],[130.868393,32.814258],[130.868382,32.814252],[130.868371,32.814246],[130.86836,32.814239],[130.868338,32.814227],[130.868327,32.814221],[130.868316,32.814215],[130.868305,32.814209],[130.868295,32.814203],[130.868284,32.814197],[130.868278,32.814194],[130.868273,32.814191],[130.868263,32.814184],[130.868253,32.814178],[130.868243,32.814171],[130.868232,32.814165],[130.868222,32.814158],[130.868202,32.814145],[130.868192,32.814138],[130.868171,32.814125],[130.868161,32.814119],[130.868151,32.814112],[130.868148,32.814111],[130.86814,32.814106],[130.868129,32.8141],[130.868118,32.814094],[130.868107,32.814088],[130.868096,32.814082],[130.868069,32.814067],[130.868052,32.814058],[130.868041,32.814052],[130.868024,32.814069],[130.867984,32.814102],[130.867912,32.814169],[130.867903,32.814207],[130.868008,32.814316],[130.86809,32.814406],[130.868113,32.814432],[130.868115,32.814434],[130.868222,32.814541],[130.86823,32.814548],[130.868289,32.814599],[130.868364,32.814657],[130.868449,32.814716],[130.86847,32.81473],[130.868561,32.8148],[130.868609,32.814845],[130.868623,32.814872],[130.868633,32.814894],[130.868636,32.8149],[130.868641,32.814936],[130.86865,32.814954],[130.868709,32.815002],[130.868886,32.81514],[130.86893,32.815174],[130.869015,32.815229],[130.869048,32.815248],[130.869086,32.81527],[130.869144,32.815295],[130.869154,32.8153],[130.869221,32.815323],[130.869246,32.815331],[130.869297,32.815347],[130.869335,32.815355],[130.869382,32.815365],[130.869407,32.815369],[130.869472,32.815378],[130.869508,32.815383],[130.869517,32.815383],[130.869591,32.815387],[130.869624,32.815387],[130.869641,32.815387],[130.869658,32.815386],[130.869692,32.815386],[130.869695,32.815386],[130.869709,32.815385],[130.869726,32.815383],[130.869743,32.815382],[130.86976,32.81538],[130.869769,32.815379],[130.869777,32.815378],[130.869793,32.815374],[130.86981,32.815371],[130.869843,32.815365],[130.869859,32.815362],[130.869861,32.815361],[130.869875,32.815357],[130.869888,32.815354],[130.869912,32.815348],[130.869937,32.815341],[130.869961,32.815334],[130.869973,32.815331],[130.870009,32.815322],[130.870022,32.815316],[130.870046,32.815307],[130.870057,32.815302],[130.870081,32.815293],[130.870089,32.815289],[130.870117,32.815278],[130.870271,32.815187],[130.870439,32.815081],[130.870464,32.815065],[130.870492,32.815045],[130.87063,32.815027],[130.870659,32.81502],[130.870686,32.815015],[130.870769,32.815004],[130.870789,32.815008],[130.870898,32.81504],[130.871028,32.815072],[130.871031,32.815073],[130.871058,32.81508],[130.871096,32.815087],[130.871116,32.81509],[130.871137,32.815094],[130.871181,32.815101],[130.871236,32.815108],[130.871269,32.815136],[130.8713,32.815143],[130.871418,32.81517],[130.871486,32.815184],[130.87161,32.815211],[130.871819,32.815266],[130.871834,32.81527],[130.871847,32.815274],[130.871948,32.8153],[130.872044,32.81532],[130.87218,32.815337],[130.872304,32.815333],[130.872454,32.815299],[130.872704,32.815292],[130.872845,32.815282],[130.873028,32.815238],[130.873161,32.815223],[130.873161,32.815223],[130.873204,32.815218],[130.8733,32.815181],[130.873303,32.815152],[130.873304,32.815132],[130.873348,32.815135],[130.873454,32.815143],[130.873491,32.815094],[130.873498,32.815068],[130.873513,32.815009],[130.873519,32.814988],[130.873494,32.81498],[130.87347,32.814973],[130.873445,32.814967],[130.873422,32.814964],[130.873408,32.814962],[130.873368,32.81496],[130.873289,32.815003],[130.873251,32.815024],[130.873167,32.815061],[130.873116,32.815082],[130.873099,32.815088],[130.873044,32.815106],[130.87297,32.815127],[130.872905,32.815145],[130.872867,32.815158],[130.872842,32.815166],[130.872823,32.81517],[130.872804,32.815173],[130.872779,32.815174],[130.872711,32.815172],[130.872671,32.815171],[130.872631,32.81517],[130.872604,32.815167],[130.872581,32.815162],[130.872562,32.815157],[130.872554,32.815154],[130.872544,32.815149],[130.872534,32.815145],[130.872499,32.815125],[130.872499,32.815125],[130.872494,32.815123],[130.87246,32.815107],[130.872409,32.815083],[130.872388,32.815073],[130.872357,32.815058],[130.872336,32.815048],[130.872272,32.815015],[130.872221,32.814987],[130.872196,32.814972],[130.87217,32.814958],[130.87215,32.81495],[130.872145,32.814949],[130.872131,32.814944],[130.87211,32.81494],[130.872084,32.814937],[130.872013,32.814933],[130.871939,32.814928],[130.871903,32.814931],[130.871848,32.81494],[130.871837,32.814941],[130.871708,32.814983],[130.871637,32.815005],[130.87156,32.815029],[130.871513,32.815039]]]}},{"type":"Feature","properties":{"ParkName":"潮井自然公園","ParkType":"公園","ParkCode":3021,"Pref":"熊本県","Citycode":"43443","Cityname":"益城町","FNDate":null},"geometry":{"type":"Polygon","coordinates":[[[130.872128,32.814824],[130.872134,32.814825],[130.872153,32.814829],[130.872199,32.814843],[130.872253,32.814874],[130.87236,32.814942],[130.872451,32.81501],[130.872461,32.815018],[130.87249,32.815034],[130.872503,32.81504],[130.872524,32.815047],[130.872544,32.815051],[130.872553,32.815053],[130.872598,32.815057],[130.87265,32.815058],[130.872662,32.815059],[130.872706,32.815069],[130.872755,32.815082],[130.87277,32.815085],[130.872781,32.815085],[130.872823,32.81508],[130.872872,32.815067],[130.872907,32.815054],[130.872945,32.815036],[130.873012,32.814996],[130.87309,32.814932],[130.87311,32.814915],[130.873135,32.814882],[130.873138,32.814877],[130.873162,32.814853],[130.873174,32.814849],[130.87318,32.814849],[130.873192,32.814849],[130.8732,32.81485],[130.873212,32.814854],[130.873222,32.814858],[130.873235,32.814863],[130.873244,32.814865],[130.873264,32.814863],[130.873277,32.814859],[130.873281,32.814856],[130.873286,32.814853],[130.873294,32.814847],[130.873299,32.814845],[130.873327,32.814839],[130.873345,32.81484],[130.873393,32.814844],[130.873408,32.814846],[130.873467,32.814862],[130.873548,32.814899],[130.873579,32.814912],[130.87363,32.814932],[130.873689,32.814954],[130.873712,32.814912],[130.873716,32.814852],[130.87371,32.814834],[130.873699,32.814813],[130.873683,32.814795],[130.873664,32.814779],[130.873646,32.814762],[130.873631,32.814744],[130.873616,32.814725],[130.873602,32.814706],[130.873587,32.814687],[130.873574,32.81467],[130.873559,32.814652],[130.873543,32.814631],[130.873523,32.814615],[130.873481,32.814589],[130.873384,32.814542],[130.873193,32.814482],[130.872983,32.81442],[130.872831,32.814393],[130.872824,32.814298],[130.872819,32.81426],[130.872815,32.814231],[130.872805,32.8142],[130.872795,32.814168],[130.872789,32.814131],[130.87278,32.814095],[130.872772,32.814081],[130.872764,32.814068],[130.872757,32.814045],[130.87275,32.814014],[130.872737,32.81398],[130.872546,32.814006],[130.872543,32.814006],[130.872494,32.814013],[130.872166,32.813918],[130.872124,32.81391],[130.872104,32.813909],[130.872085,32.81391],[130.872067,32.813904],[130.87205,32.813898],[130.872046,32.813897],[130.872034,32.813898],[130.872019,32.8139],[130.872003,32.813901],[130.871998,32.813902],[130.871968,32.813866],[130.871914,32.813836],[130.871911,32.813835],[130.87186,32.813826],[130.871849,32.813826],[130.871847,32.813826],[130.871761,32.813832],[130.871619,32.813853],[130.871455,32.813885],[130.87137,32.813909],[130.871353,32.813914],[130.871277,32.813941],[130.871234,32.81398],[130.871179,32.814024],[130.871177,32.814044],[130.871137,32.814054],[130.871104,32.814058],[130.871062,32.814057],[130.870978,32.814044],[130.870838,32.814058],[130.870818,32.814059],[130.870804,32.814061],[130.8708,32.814061],[130.870745,32.814064],[130.870692,32.814064],[130.870656,32.814064],[130.870635,32.814063],[130.87062,32.814064],[130.870584,32.814064],[130.870548,32.814065],[130.870537,32.814065],[130.870378,32.814079],[130.870274,32.814083],[130.870226,32.814093],[130.870145,32.814109],[130.870058,32.814153],[130.870058,32.814153],[130.870083,32.814152],[130.87009,32.814153],[130.870107,32.814154],[130.870107,32.814154],[130.870123,32.814157],[130.870134,32.814159],[130.870154,32.814166],[130.870159,32.814167],[130.870165,32.81417],[130.870221,32.814207],[130.870232,32.814214],[130.870233,32.814215],[130.870254,32.814229],[130.870257,32.814231],[130.870281,32.814249],[130.870281,32.814249],[130.870294,32.814238],[130.870296,32.814236],[130.870303,32.814241],[130.870441,32.814328],[130.870493,32.814366],[130.870493,32.814366],[130.870533,32.814396],[130.870542,32.814403],[130.870566,32.814421],[130.870607,32.814452],[130.870625,32.814465],[130.870671,32.814499],[130.870711,32.814529],[130.87071,32.814533],[130.870707,32.814561],[130.870712,32.814584],[130.870728,32.814604],[130.870784,32.814658],[130.870844,32.814708],[130.8709,32.814758],[130.870959,32.814804],[130.871001,32.814828],[130.871037,32.814845],[130.871045,32.814848],[130.871083,32.814863],[130.871121,32.814873],[130.871165,32.814879],[130.871209,32.814879],[130.871257,32.814878],[130.871305,32.814872],[130.871366,32.814859],[130.871388,32.814854],[130.87147,32.814829],[130.871552,32.814804],[130.8716,32.814791],[130.871629,32.814783],[130.871688,32.814768],[130.871706,32.814763],[130.871784,32.814746],[130.871848,32.814733],[130.871913,32.814724],[130.871952,32.814724],[130.871991,32.814726],[130.871994,32.814726],[130.872037,32.81473],[130.872081,32.81474],[130.872082,32.814741],[130.87209,32.814744],[130.872096,32.814746],[130.872097,32.814747],[130.872107,32.814754],[130.872106,32.814768],[130.872107,32.814784],[130.87211,32.814798],[130.872118,32.814812],[130.872128,32.814824]]]}},{"type":"Feature","properties":{"ParkName":"益城町総合運動公園","ParkType":"公園","ParkCode":3021,"Pref":"熊本県","Citycode":"43443","Cityname":"益城町","FNDate":null},"geometry":{"type":"Polygon","coordinates":[[[130.824818,32.787987],[130.825592,32.786536],[130.825593,32.786536],[130.825594,32.786537],[130.825592,32.786535],[130.825525,32.786502],[130.825,32.786234],[130.824855,32.78616],[130.824703,32.786082],[130.824311,32.785884],[130.824211,32.785834],[130.824202,32.78583],[130.824134,32.785794],[130.824064,32.785758],[130.823908,32.785681],[130.8238,32.785626],[130.823777,32.785618],[130.823731,32.785601],[130.823722,32.785619],[130.823709,32.785613],[130.823708,32.785612],[130.82369,32.785603],[130.823663,32.78559],[130.823595,32.785555],[130.823559,32.785537],[130.823549,32.785532],[130.82348,32.785498],[130.823411,32.785463],[130.823365,32.78544],[130.823319,32.785417],[130.823296,32.785406],[130.823153,32.785334],[130.823091,32.785303],[130.823078,32.785297],[130.823053,32.785285],[130.82299,32.785253],[130.822925,32.78522],[130.822885,32.785201],[130.822832,32.785174],[130.822791,32.785153],[130.822722,32.785119],[130.822694,32.785105],[130.82268,32.785098],[130.822652,32.785084],[130.822637,32.785077],[130.822623,32.78507],[130.822609,32.785062],[130.82258,32.785048],[130.822565,32.785041],[130.822551,32.785033],[130.822521,32.785019],[130.822506,32.785011],[130.822492,32.785004],[130.822477,32.784996],[130.822417,32.784966],[130.822402,32.784959],[130.822371,32.784944],[130.822356,32.784936],[130.82234,32.784928],[130.822325,32.78492],[130.822309,32.784913],[130.822294,32.784905],[130.822262,32.784889],[130.822246,32.784881],[130.82223,32.784873],[130.822215,32.784865],[130.822199,32.784857],[130.82215,32.784833],[130.822134,32.784825],[130.822118,32.784817],[130.822101,32.784809],[130.822085,32.7848],[130.822068,32.784792],[130.822018,32.784767],[130.821985,32.78475],[130.821968,32.784742],[130.821951,32.784734],[130.821934,32.784725],[130.821917,32.784716],[130.8219,32.784708],[130.821882,32.784699],[130.821865,32.784691],[130.821848,32.784682],[130.82183,32.784673],[130.821813,32.784664],[130.821795,32.784656],[130.821777,32.784647],[130.82176,32.784638],[130.821742,32.784629],[130.821724,32.78462],[130.821706,32.784611],[130.821688,32.784602],[130.82167,32.784593],[130.821652,32.784584],[130.821634,32.784575],[130.821615,32.784566],[130.821597,32.784556],[130.821596,32.784556],[130.821587,32.784545],[130.821572,32.78453],[130.821571,32.784529],[130.821571,32.784528],[130.821561,32.784521],[130.821554,32.784514],[130.821551,32.784513],[130.82154,32.784507],[130.821534,32.784503],[130.821529,32.784501],[130.821518,32.784495],[130.821507,32.78449],[130.821495,32.784484],[130.821484,32.784478],[130.821473,32.784473],[130.82145,32.784461],[130.821439,32.784456],[130.821427,32.78445],[130.821405,32.784439],[130.821393,32.784433],[130.821382,32.784427],[130.821348,32.78441],[130.821337,32.784405],[130.821325,32.784399],[130.821305,32.784389],[130.821304,32.784388],[130.821288,32.784378],[130.821284,32.784376],[130.821272,32.784365],[130.821271,32.784364],[130.821264,32.784353],[130.821259,32.784339],[130.821259,32.784337],[130.821259,32.784326],[130.82122,32.784382],[130.821194,32.784447],[130.821151,32.784526],[130.821087,32.784666],[130.821083,32.78468],[130.821083,32.784719],[130.821066,32.784755],[130.821042,32.78479],[130.821015,32.784821],[130.820991,32.784844],[130.820957,32.784879],[130.820935,32.784905],[130.820922,32.784926],[130.820911,32.784954],[130.820896,32.785004],[130.820872,32.785101],[130.820847,32.785243],[130.820824,32.785391],[130.820815,32.785486],[130.82081,32.785611],[130.8208,32.785841],[130.820804,32.785918],[130.820812,32.786041],[130.820826,32.786117],[130.820833,32.7863],[130.820833,32.786305],[130.82082,32.786323],[130.820818,32.786374],[130.820817,32.786393],[130.820812,32.786501],[130.820845,32.786503],[130.820966,32.786529],[130.821269,32.786612],[130.821372,32.786643],[130.821489,32.786685],[130.821766,32.786787],[130.821769,32.786789],[130.821842,32.786822],[130.821952,32.786906],[130.822339,32.787184],[130.82251,32.787314],[130.822804,32.787537],[130.822887,32.787594],[130.822989,32.787664],[130.82305,32.787703],[130.823103,32.787734],[130.823156,32.787763],[130.823191,32.78778],[130.823246,32.787802],[130.823266,32.787807],[130.823461,32.787851],[130.823665,32.787901],[130.823847,32.787926],[130.823872,32.787952],[130.823873,32.787953],[130.823897,32.787957],[130.823922,32.787962],[130.823943,32.787968],[130.823997,32.787982],[130.824148,32.78801],[130.824214,32.788022],[130.82462,32.788095],[130.824682,32.788106],[130.824749,32.788118],[130.824751,32.788115],[130.824785,32.788051],[130.824818,32.787987]]]}},{"type":"Feature","properties":{"ParkName":"辻の城公園","ParkType":"公園","ParkCode":3021,"Pref":"熊本県","Citycode":"43443","Cityname":"益城町","FNDate":null},"geometry":{"type":"Polygon","coordinates":[[[130.819884,32.796609],[130.819626,32.796561],[130.819625,32.796561],[130.819599,32.796575],[130.819519,32.796889],[130.819536,32.796912],[130.819789,32.796959],[130.819843,32.79697],[130.819875,32.796976],[130.820301,32.797059],[130.820311,32.797054],[130.820324,32.797047],[130.820411,32.796729],[130.820396,32.796708],[130.819884,32.796609]]]}},{"type":"Feature","properties":{"ParkName":"益城町中央公園","ParkType":"公園","ParkCode":3021,"Pref":"熊本県","Citycode":"43443","Cityname":"益城町","FNDate":null},"geometry":{"type":"Polygon","coordinates":[[[130.813784,32.788612],[130.813785,32.788612],[130.813786,32.788613],[130.813786,32.788613],[130.813789,32.788613],[130.81379,32.788613],[130.813791,32.788613],[130.814555,32.788734],[130.814481,32.788641],[130.81439,32.788518],[130.814372,32.788494],[130.814347,32.78846],[130.81432,32.788425],[130.814336,32.788419],[130.814329,32.7883],[130.814326,32.788253],[130.814325,32.788238],[130.814327,32.78818],[130.814327,32.788176],[130.81433,32.78816],[130.814324,32.788155],[130.814323,32.788154],[130.814308,32.788142],[130.814291,32.788129],[130.814267,32.78811],[130.814266,32.78811],[130.814248,32.7881],[130.814211,32.788081],[130.814189,32.788069],[130.814161,32.788053],[130.81416,32.788053],[130.814157,32.788051],[130.814151,32.788048],[130.814134,32.788039],[130.814129,32.788036],[130.814122,32.788032],[130.814106,32.788023],[130.814102,32.788021],[130.814093,32.788018],[130.814066,32.788006],[130.814064,32.788006],[130.814044,32.787997],[130.814032,32.787992],[130.81403,32.787991],[130.814022,32.787988],[130.814017,32.787987],[130.814017,32.787987],[130.814015,32.78799],[130.814012,32.787997],[130.814009,32.788003],[130.814006,32.788008],[130.814,32.788021],[130.813993,32.788033],[130.813992,32.788037],[130.813988,32.788044],[130.813986,32.788047],[130.813977,32.78807],[130.813958,32.788119],[130.813938,32.78817],[130.813906,32.78825],[130.813903,32.788258],[130.813897,32.788274],[130.813896,32.788277],[130.813877,32.788324],[130.813877,32.788325],[130.813873,32.788334],[130.813871,32.788339],[130.813871,32.78834],[130.813866,32.788372],[130.813864,32.788388],[130.813857,32.788431],[130.813857,32.788431],[130.813856,32.788436],[130.813856,32.788438],[130.813854,32.788446],[130.813853,32.78845],[130.813851,32.788457],[130.813851,32.788458],[130.813849,32.788464],[130.813849,32.788465],[130.813849,32.788467],[130.813847,32.788473],[130.813847,32.788475],[130.813846,32.788476],[130.813845,32.788482],[130.813844,32.788484],[130.813842,32.788492],[130.813841,32.788494],[130.813841,32.788496],[130.813839,32.788501],[130.813839,32.788502],[130.813839,32.788503],[130.813838,32.788504],[130.813838,32.788505],[130.813837,32.788506],[130.813833,32.788515],[130.813833,32.788516],[130.81383,32.78852],[130.813827,32.788528],[130.813826,32.788529],[130.813826,32.78853],[130.813826,32.78853],[130.813825,32.788532],[130.813824,32.788534],[130.813823,32.788536],[130.813822,32.788537],[130.813819,32.788545],[130.813818,32.788546],[130.813818,32.788547],[130.813817,32.788549],[130.813815,32.788553],[130.813814,32.788555],[130.813813,32.788556],[130.813812,32.788558],[130.81381,32.788563],[130.813809,32.788565],[130.813807,32.78857],[130.813806,32.788572],[130.813803,32.788576],[130.813803,32.788578],[130.8138,32.788584],[130.813799,32.788584],[130.813797,32.78859],[130.813796,32.788591],[130.813793,32.788596],[130.813793,32.788597],[130.813791,32.7886],[130.813791,32.788601],[130.813789,32.788603],[130.813787,32.788608],[130.813786,32.788609],[130.813786,32.78861],[130.813785,32.788611],[130.813785,32.788611],[130.813784,32.788612],[130.813784,32.788612]]]}},{"type":"Feature","properties":{"ParkName":"テクノ中央緑地","ParkType":"緑地","ParkCode":3022,"Pref":"熊本県","Citycode":"43443","Cityname":"益城町","FNDate":null},"geometry":{"type":"Polygon","coordinates":[[[130.845116,32.821101],[130.845066,32.821096],[130.844849,32.821078],[130.844737,32.821069],[130.844714,32.821067],[130.844545,32.821051],[130.844327,32.82103],[130.844141,32.821018],[130.844068,32.821013],[130.844046,32.821014],[130.844026,32.821021],[130.844014,32.82103],[130.84399,32.821061],[130.843924,32.821191],[130.843653,32.821671],[130.843604,32.821758],[130.843381,32.822148],[130.843357,32.82219],[130.843115,32.822616],[130.84303,32.822765],[130.843017,32.822789],[130.842873,32.823042],[130.842854,32.823077],[130.842892,32.823167],[130.843329,32.82334],[130.843368,32.823356],[130.843472,32.823397],[130.843565,32.823434],[130.843676,32.823478],[130.843681,32.82348],[130.843717,32.823494],[130.843881,32.823559],[130.844157,32.823671],[130.844259,32.823632],[130.844444,32.823301],[130.844459,32.823274],[130.844478,32.823241],[130.844856,32.822576],[130.84505,32.82223],[130.845067,32.822201],[130.845209,32.821946],[130.84533,32.821734],[130.845345,32.821707],[130.845451,32.821521],[130.845591,32.821263],[130.845595,32.82125],[130.845596,32.821238],[130.845596,32.821227],[130.845594,32.821218],[130.84559,32.821213],[130.845584,32.821207],[130.845565,32.821195],[130.84554,32.821187],[130.845513,32.821176],[130.845476,32.821162],[130.845414,32.821143],[130.845361,32.821129],[130.845354,32.821128],[130.845251,32.821113],[130.845178,32.821106],[130.845116,32.821101]]]}},{"type":"Feature","properties":{"ParkName":"テクノ中央緑地","ParkType":"緑地","ParkCode":3022,"Pref":"熊本県","Citycode":"43443","Cityname":"益城町","FNDate":null},"geometry":{"type":"Polygon","coordinates":[[[130.842822,32.823293],[130.842718,32.823324],[130.842556,32.823604],[130.842537,32.823637],[130.84247,32.823753],[130.842802,32.823887],[130.843119,32.824015],[130.843205,32.82405],[130.84388,32.824308],[130.844152,32.823823],[130.844124,32.823812],[130.84401,32.823766],[130.843975,32.823752],[130.84381,32.823686],[130.843528,32.823574],[130.84349,32.823558],[130.84341,32.823527],[130.843377,32.823514],[130.843325,32.823493],[130.843296,32.823482],[130.842822,32.823293]]]}},{"type":"Feature","properties":{"ParkName":null,"ParkType":"公園","ParkCode":3021,"Pref":"熊本県","Citycode":"43482","Cityname":"芦北町","FNDate":null},"geometry":{"type":"Polygon","coordinates":[[[130.501452,32.305173],[130.501593,32.305154],[130.501689,32.305117],[130.50179,32.30505],[130.501864,32.304979],[130.501926,32.304865],[130.501983,32.304793],[130.502513,32.304437],[130.502682,32.304381],[130.50271,32.3044],[130.502889,32.304558],[130.502961,32.304649],[130.503068,32.304707],[130.503259,32.304736],[130.503416,32.304742],[130.503422,32.304594],[130.503681,32.304518],[130.503726,32.304485],[130.503901,32.304309],[130.50402,32.304205],[130.504128,32.303909],[130.50414,32.303776],[130.504141,32.303666],[130.504108,32.303556],[130.503985,32.303417],[130.50396,32.30293],[130.504135,32.302764],[130.504388,32.302679],[130.5044,32.302464],[130.504485,32.302422],[130.504474,32.302288],[130.504352,32.301987],[130.50433,32.301891],[130.504394,32.301543],[130.504322,32.301323],[130.504238,32.301252],[130.504143,32.301203],[130.504036,32.301193],[130.503924,32.301236],[130.503653,32.301416],[130.503456,32.301544],[130.503304,32.301601],[130.502831,32.30168],[130.502567,32.301751],[130.502488,32.30177],[130.502346,32.302132],[130.501871,32.302583],[130.501768,32.302979],[130.501641,32.303604],[130.501864,32.30381],[130.501649,32.304148],[130.501761,32.304239],[130.501546,32.304539],[130.501595,32.304711],[130.501452,32.305173]]]}},{"type":"Feature","properties":{"ParkName":null,"ParkType":"公園","ParkCode":3021,"Pref":"熊本県","Citycode":"43482","Cityname":"芦北町","FNDate":null},"geometry":{"type":"Polygon","coordinates":[[[130.496143,32.283769],[130.496177,32.283801],[130.496539,32.28357],[130.497013,32.28334],[130.497068,32.283328],[130.497372,32.283182],[130.497546,32.282911],[130.497711,32.28262],[130.497813,32.282429],[130.49794,32.282278],[130.498147,32.282058],[130.498153,32.28204],[130.498235,32.281961],[130.498391,32.281793],[130.498432,32.281739],[130.49845,32.28171],[130.498489,32.281646],[130.498634,32.281521],[130.498656,32.281505],[130.498722,32.281446],[130.498771,32.281388],[130.498798,32.281334],[130.498839,32.281215],[130.498866,32.28107],[130.498869,32.281037],[130.498868,32.280984],[130.498867,32.280949],[130.498858,32.280871],[130.498778,32.280477],[130.498746,32.280306],[130.498812,32.279888],[130.498707,32.279873],[130.49862,32.280288],[130.498574,32.280477],[130.498551,32.280562],[130.498451,32.280903],[130.498398,32.281072],[130.49829,32.281375],[130.498237,32.281524],[130.498193,32.281615],[130.498182,32.281628],[130.498094,32.281774],[130.498057,32.281838],[130.498034,32.281936],[130.497986,32.281998],[130.497868,32.28215],[130.497684,32.282374],[130.497469,32.2826],[130.497057,32.282996],[130.4966,32.283381],[130.496143,32.283769]]]}},{"type":"Feature","properties":{"ParkName":null,"ParkType":"公園","ParkCode":3021,"Pref":"熊本県","Citycode":"43482","Cityname":"芦北町","FNDate":null},"geometry":{"type":"Polygon","coordinates":[[[130.471459,32.318061],[130.471046,32.318799],[130.470926,32.318986],[130.470816,32.319204],[130.470672,32.319554],[130.470542,32.319997],[130.470618,32.320031],[130.470586,32.320133],[130.470551,32.320265],[130.470475,32.320358],[130.470488,32.320452],[130.470561,32.320568],[130.470649,32.320658],[130.470842,32.320795],[130.470885,32.320836],[130.470946,32.320895],[130.471013,32.320983],[130.471037,32.321006],[130.471381,32.321619],[130.471399,32.32169],[130.471404,32.321835],[130.47138,32.321945],[130.471424,32.321966],[130.4715,32.322029],[130.471631,32.322104],[130.471671,32.322134],[130.471702,32.322158],[130.471764,32.322216],[130.471869,32.322388],[130.471903,32.32248],[130.471933,32.322597],[130.471966,32.322685],[130.472014,32.322805],[130.472043,32.322878],[130.472059,32.322899],[130.472077,32.322916],[130.472121,32.322937],[130.472155,32.322946],[130.472206,32.322949],[130.472258,32.322944],[130.472343,32.322923],[130.472407,32.322901],[130.472472,32.322877],[130.472545,32.322852],[130.472604,32.322845],[130.472642,32.322826],[130.472766,32.322849],[130.472844,32.322764],[130.472829,32.322696],[130.472772,32.32261],[130.472758,32.322577],[130.47274,32.322508],[130.472731,32.322383],[130.472748,32.32234],[130.472853,32.322202],[130.472863,32.322169],[130.472866,32.322105],[130.472792,32.32179],[130.472651,32.321533],[130.472628,32.321433],[130.472623,32.321357],[130.472623,32.321303],[130.472628,32.321236],[130.472676,32.321104],[130.472747,32.32095],[130.472777,32.320887],[130.472853,32.320782],[130.472906,32.320748],[130.472992,32.320714],[130.473095,32.320682],[130.473411,32.320613],[130.4736,32.320563],[130.473675,32.320541],[130.473775,32.320498],[130.473831,32.320452],[130.474045,32.320182],[130.47415,32.320103],[130.474282,32.320051],[130.474419,32.320009],[130.474569,32.319972],[130.47473,32.319943],[130.474918,32.319929],[130.475148,32.319913],[130.475311,32.319873],[130.475364,32.319837],[130.475404,32.319803],[130.475414,32.319767],[130.475417,32.319742],[130.475407,32.319701],[130.475379,32.319657],[130.474996,32.319362],[130.474929,32.31931],[130.474897,32.319268],[130.474828,32.319179],[130.474724,32.319091],[130.474658,32.319049],[130.474467,32.318949],[130.474463,32.318909],[130.474438,32.318885],[130.474362,32.318772],[130.473469,32.318537],[130.47321,32.318492],[130.472593,32.31844],[130.471995,32.31828],[130.471643,32.318175],[130.471459,32.318061]]]}}]}