{"type":"FeatureCollection","features":[{"type":"Feature","geometry":{"type":"Point","coordinates":[130.73302,32.837208]},"properties":{"FAR":"60","ABBR":"1低","BCR":"30","YoutoName":"第１種低層住居専用地域","R":0.000457}},{"type":"Feature","geometry":{"type":"Point","coordinates":[130.740813,32.775626]},"properties":{"FAR":"60","ABBR":"1低","BCR":"30","YoutoName":"第１種低層住居専用地域","R":0.000251}},{"type":"Feature","geometry":{"type":"Point","coordinates":[130.671722,32.811594]},"properties":{"FAR":"60","ABBR":"1低","BCR":"30","YoutoName":"第１種低層住居専用地域","R":0.000748}},{"type":"Feature","geometry":{"type":"Point","coordinates":[130.675102,32.815756]},"properties":{"FAR":"60","ABBR":"1低","BCR":"30","YoutoName":"第１種低層住居専用地域","R":0.000757}},{"type":"Feature","geometry":{"type":"Point","coordinates":[130.742252,32.780744]},"properties":{"FAR":"60","ABBR":"1低","BCR":"30","YoutoName":"第１種低層住居専用地域","R":0.000638}},{"type":"Feature","geometry":{"type":"Point","coordinates":[130.743891,32.832397]},"properties":{"FAR":"60","ABBR":"1低","BCR":"30","YoutoName":"第１種低層住居専用地域","R":0.000302}},{"type":"Feature","geometry":{"type":"Point","coordinates":[130.736779,32.838206]},"properties":{"FAR":"80","ABBR":"1低","BCR":"40","YoutoName":"第１種低層住居専用地域","R":5.4e-05}},{"type":"Feature","geometry":{"type":"Point","coordinates":[130.735786,32.837933]},"properties":{"FAR":"80","ABBR":"1低","BCR":"40","YoutoName":"第１種低層住居専用地域","R":5.8e-05}},{"type":"Feature","geometry":{"type":"Point","coordinates":[130.737226,32.838728]},"properties":{"FAR":"80","ABBR":"1低","BCR":"40","YoutoName":"第１種低層住居専用地域","R":0.000108}},{"type":"Feature","geometry":{"type":"Point","coordinates":[130.730586,32.833505]},"properties":{"FAR":"80","ABBR":"1低","BCR":"40","YoutoName":"第１種低層住居専用地域","R":0.000115}},{"type":"Feature","geometry":{"type":"Point","coordinates":[130.735445,32.838561]},"properties":{"FAR":"80","ABBR":"1低","BCR":"40","YoutoName":"第１種低層住居専用地域","R":0.000134}},{"type":"Feature","geometry":{"type":"Point","coordinates":[130.735005,32.838027]},"properties":{"FAR":"80","ABBR":"1低","BCR":"40","YoutoName":"第１種低層住居専用地域","R":0.000159}},{"type":"Feature","geometry":{"type":"Point","coordinates":[130.727209,32.7572]},"properties":{"FAR":"80","ABBR":"1低","BCR":"40","YoutoName":"第１種低層住居専用地域","R":0.00101}},{"type":"Feature","geometry":{"type":"Point","coordinates":[130.75279,32.840732]},"properties":{"FAR":"80","ABBR":"1低","BCR":"40","YoutoName":"第１種低層住居専用地域","R":0.000773}},{"type":"Feature","geometry":{"type":"Point","coordinates":[130.75284,32.832616]},"properties":{"FAR":"80","ABBR":"1低","BCR":"40","YoutoName":"第１種低層住居専用地域","R":0.000883}},{"type":"Feature","geometry":{"type":"Point","coordinates":[130.673162,32.751003]},"properties":{"FAR":"80","ABBR":"1低","BCR":"40","YoutoName":"第１種低層住居専用地域","R":0.001192}},{"type":"Feature","geometry":{"type":"Point","coordinates":[130.707615,32.87837]},"properties":{"FAR":"80","ABBR":"1低","BCR":"40","YoutoName":"第１種低層住居専用地域","R":0.000918}},{"type":"Feature","geometry":{"type":"Point","coordinates":[130.769552,32.770467]},"properties":{"FAR":"80","ABBR":"1低","BCR":"40","YoutoName":"第１種低層住居専用地域","R":0.001277}},{"type":"Feature","geometry":{"type":"Point","coordinates":[130.663739,32.780795]},"properties":{"FAR":"80","ABBR":"1低","BCR":"40","YoutoName":"第１種低層住居専用地域","R":0.001104}},{"type":"Feature","geometry":{"type":"Point","coordinates":[130.667453,32.770185]},"properties":{"FAR":"80","ABBR":"1低","BCR":"40","YoutoName":"第１種低層住居専用地域","R":0.000924}},{"type":"Feature","geometry":{"type":"Point","coordinates":[130.736552,32.783116]},"properties":{"FAR":"80","ABBR":"1低","BCR":"40","YoutoName":"第１種低層住居専用地域","R":0.000761}},{"type":"Feature","geometry":{"type":"Point","coordinates":[130.736652,32.779626]},"properties":{"FAR":"80","ABBR":"1低","BCR":"40","YoutoName":"第１種低層住居専用地域","R":0.001444}},{"type":"Feature","geometry":{"type":"Point","coordinates":[130.745994,32.853742]},"properties":{"FAR":"80","ABBR":"1低","BCR":"40","YoutoName":"第１種低層住居専用地域","R":0.001324}},{"type":"Feature","geometry":{"type":"Point","coordinates":[130.744587,32.828975]},"properties":{"FAR":"80","ABBR":"1低","BCR":"40","YoutoName":"第１種低層住居専用地域","R":0.000859}},{"type":"Feature","geometry":{"type":"Point","coordinates":[130.780922,32.797648]},"properties":{"FAR":"80","ABBR":"1低","BCR":"40","YoutoName":"第１種低層住居専用地域","R":0.001002}},{"type":"Feature","geometry":{"type":"Point","coordinates":[130.743162,32.776186]},"properties":{"FAR":"80","ABBR":"1低","BCR":"40","YoutoName":"第１種低層住居専用地域","R":0.00119}},{"type":"Feature","geometry":{"type":"Point","coordinates":[130.674888,32.76272]},"properties":{"FAR":"80","ABBR":"1低","BCR":"40","YoutoName":"第１種低層住居専用地域","R":0.001031}},{"type":"Feature","geometry":{"type":"Point","coordinates":[130.729048,32.866837]},"properties":{"FAR":"80","ABBR":"1低","BCR":"40","YoutoName":"第１種低層住居専用地域","R":0.001935}},{"type":"Feature","geometry":{"type":"Point","coordinates":[130.726277,32.761776]},"properties":{"FAR":"80","ABBR":"1低","BCR":"40","YoutoName":"第１種低層住居専用地域","R":0.001695}},{"type":"Feature","geometry":{"type":"Point","coordinates":[130.744821,32.835037]},"properties":{"FAR":"80","ABBR":"1低","BCR":"40","YoutoName":"第１種低層住居専用地域","R":0.001663}},{"type":"Feature","geometry":{"type":"Point","coordinates":[130.739792,32.768711]},"properties":{"FAR":"80","ABBR":"1低","BCR":"40","YoutoName":"第１種低層住居専用地域","R":0.001685}},{"type":"Feature","geometry":{"type":"Point","coordinates":[130.763614,32.769571]},"properties":{"FAR":"80","ABBR":"1低","BCR":"40","YoutoName":"第１種低層住居専用地域","R":0.001978}},{"type":"Feature","geometry":{"type":"Point","coordinates":[130.715044,32.825583]},"properties":{"FAR":"80","ABBR":"1低","BCR":"40","YoutoName":"第１種低層住居専用地域","R":0.001748}},{"type":"Feature","geometry":{"type":"Point","coordinates":[130.778363,32.785547]},"properties":{"FAR":"80","ABBR":"1低","BCR":"40","YoutoName":"第１種低層住居専用地域","R":0.002578}},{"type":"Feature","geometry":{"type":"Point","coordinates":[130.668941,32.794242]},"properties":{"FAR":"80","ABBR":"1低","BCR":"40","YoutoName":"第１種低層住居専用地域","R":0.00109}},{"type":"Feature","geometry":{"type":"Point","coordinates":[130.755989,32.773048]},"properties":{"FAR":"80","ABBR":"1低","BCR":"40","YoutoName":"第１種低層住居専用地域","R":0.002156}},{"type":"Feature","geometry":{"type":"Point","coordinates":[130.678113,32.814494]},"properties":{"FAR":"80","ABBR":"1低","BCR":"40","YoutoName":"第１種低層住居専用地域","R":0.001897}},{"type":"Feature","geometry":{"type":"Point","coordinates":[130.743598,32.771377]},"properties":{"FAR":"80","ABBR":"1低","BCR":"40","YoutoName":"第１種低層住居専用地域","R":0.001924}},{"type":"Feature","geometry":{"type":"Point","coordinates":[130.704508,32.830801]},"properties":{"FAR":"80","ABBR":"1低","BCR":"40","YoutoName":"第１種低層住居専用地域","R":0.002766}},{"type":"Feature","geometry":{"type":"Point","coordinates":[130.721927,32.777304]},"properties":{"FAR":"80","ABBR":"1低","BCR":"40","YoutoName":"第１種低層住居専用地域","R":0.002285}},{"type":"Feature","geometry":{"type":"Point","coordinates":[130.687214,32.82642]},"properties":{"FAR":"80","ABBR":"1低","BCR":"40","YoutoName":"第１種低層住居専用地域","R":0.003835}},{"type":"Feature","geometry":{"type":"Point","coordinates":[130.736009,32.837699]},"properties":{"FAR":"80","ABBR":"1低","BCR":"40","YoutoName":"第１種低層住居専用地域","R":1.5e-05}},{"type":"Feature","geometry":{"type":"Point","coordinates":[130.743143,32.783009]},"properties":{"FAR":"80","ABBR":"1低","BCR":"50","YoutoName":"第１種低層住居専用地域","R":0.000141}},{"type":"Feature","geometry":{"type":"Point","coordinates":[130.773706,32.856384]},"properties":{"FAR":"80","ABBR":"1低","BCR":"50","YoutoName":"第１種低層住居専用地域","R":0.000329}},{"type":"Feature","geometry":{"type":"Point","coordinates":[130.769484,32.854961]},"properties":{"FAR":"80","ABBR":"1低","BCR":"50","YoutoName":"第１種低層住居専用地域","R":0.000721}},{"type":"Feature","geometry":{"type":"Point","coordinates":[130.757868,32.851853]},"properties":{"FAR":"80","ABBR":"1低","BCR":"50","YoutoName":"第１種低層住居専用地域","R":0.000416}},{"type":"Feature","geometry":{"type":"Point","coordinates":[130.705956,32.845849]},"properties":{"FAR":"80","ABBR":"1低","BCR":"50","YoutoName":"第１種低層住居専用地域","R":0.000822}},{"type":"Feature","geometry":{"type":"Point","coordinates":[130.738134,32.784314]},"properties":{"FAR":"80","ABBR":"1低","BCR":"50","YoutoName":"第１種低層住居専用地域","R":0.000835}},{"type":"Feature","geometry":{"type":"Point","coordinates":[130.7073,32.841994]},"properties":{"FAR":"80","ABBR":"1低","BCR":"50","YoutoName":"第１種低層住居専用地域","R":0.000882}},{"type":"Feature","geometry":{"type":"Point","coordinates":[130.746296,32.778769]},"properties":{"FAR":"80","ABBR":"1低","BCR":"50","YoutoName":"第１種低層住居専用地域","R":0.000796}},{"type":"Feature","geometry":{"type":"Point","coordinates":[130.696264,32.882991]},"properties":{"FAR":"80","ABBR":"1低","BCR":"50","YoutoName":"第１種低層住居専用地域","R":0.000583}},{"type":"Feature","geometry":{"type":"Point","coordinates":[130.757454,32.84524]},"properties":{"FAR":"80","ABBR":"1低","BCR":"50","YoutoName":"第１種低層住居専用地域","R":0.001089}},{"type":"Feature","geometry":{"type":"Point","coordinates":[130.769406,32.85217]},"properties":{"FAR":"80","ABBR":"1低","BCR":"50","YoutoName":"第１種低層住居専用地域","R":0.000993}},{"type":"Feature","geometry":{"type":"Point","coordinates":[130.686917,32.902851]},"properties":{"FAR":"80","ABBR":"1低","BCR":"50","YoutoName":"第１種低層住居専用地域","R":0.00149}},{"type":"Feature","geometry":{"type":"Point","coordinates":[130.709593,32.871414]},"properties":{"FAR":"80","ABBR":"1低","BCR":"50","YoutoName":"第１種低層住居専用地域","R":0.00134}},{"type":"Feature","geometry":{"type":"Point","coordinates":[130.715616,32.839956]},"properties":{"FAR":"80","ABBR":"1低","BCR":"50","YoutoName":"第１種低層住居専用地域","R":0.00163}},{"type":"Feature","geometry":{"type":"Point","coordinates":[130.783689,32.781788]},"properties":{"FAR":"80","ABBR":"1低","BCR":"50","YoutoName":"第１種低層住居専用地域","R":0.001705}},{"type":"Feature","geometry":{"type":"Point","coordinates":[130.733919,32.839523]},"properties":{"FAR":"80","ABBR":"1低","BCR":"50","YoutoName":"第１種低層住居専用地域","R":0.001563}},{"type":"Feature","geometry":{"type":"Point","coordinates":[130.740529,32.783544]},"properties":{"FAR":"80","ABBR":"1低","BCR":"50","YoutoName":"第１種低層住居専用地域","R":7.1e-05}},{"type":"Feature","geometry":{"type":"Point","coordinates":[130.671501,32.883801]},"properties":{"FAR":"100","ABBR":"1低","BCR":"50","YoutoName":"第１種低層住居専用地域","R":0.001082}},{"type":"Feature","geometry":{"type":"Point","coordinates":[130.680408,32.717467]},"properties":{"FAR":"100","ABBR":"1低","BCR":"50","YoutoName":"第１種低層住居専用地域","R":0.001843}},{"type":"Feature","geometry":{"type":"Point","coordinates":[130.671744,32.879845]},"properties":{"FAR":"100","ABBR":"1低","BCR":"50","YoutoName":"第１種低層住居専用地域","R":0.001327}},{"type":"Feature","geometry":{"type":"Point","coordinates":[130.689524,32.819916]},"properties":{"FAR":"80","ABBR":"2低","BCR":"40","YoutoName":"第２種低層住居専用地域","R":0.001781}},{"type":"Feature","geometry":{"type":"Point","coordinates":[130.693975,32.820565]},"properties":{"FAR":"80","ABBR":"2低","BCR":"40","YoutoName":"第２種低層住居専用地域","R":0.001474}},{"type":"Feature","geometry":{"type":"Point","coordinates":[130.737412,32.716946]},"properties":{"FAR":"80","ABBR":"2低","BCR":"40","YoutoName":"第２種低層住居専用地域","R":0.000868}},{"type":"Feature","geometry":{"type":"Point","coordinates":[130.737312,32.714385]},"properties":{"FAR":"100","ABBR":"2低","BCR":"50","YoutoName":"第２種低層住居専用地域","R":0.000602}},{"type":"Feature","geometry":{"type":"Point","coordinates":[130.685385,32.891464]},"properties":{"FAR":"100","ABBR":"2低","BCR":"50","YoutoName":"第２種低層住居専用地域","R":0.00063}},{"type":"Feature","geometry":{"type":"Point","coordinates":[130.727384,32.711836]},"properties":{"FAR":"100","ABBR":"2低","BCR":"50","YoutoName":"第２種低層住居専用地域","R":0.0007}},{"type":"Feature","geometry":{"type":"Point","coordinates":[130.723722,32.703768]},"properties":{"FAR":"100","ABBR":"2低","BCR":"50","YoutoName":"第２種低層住居専用地域","R":0.000529}},{"type":"Feature","geometry":{"type":"Point","coordinates":[130.730062,32.713853]},"properties":{"FAR":"100","ABBR":"2低","BCR":"50","YoutoName":"第２種低層住居専用地域","R":0.000662}},{"type":"Feature","geometry":{"type":"Point","coordinates":[130.743441,32.828003]},"properties":{"FAR":"100","ABBR":"2低","BCR":"50","YoutoName":"第２種低層住居専用地域","R":0.000353}},{"type":"Feature","geometry":{"type":"Point","coordinates":[130.742453,32.768426]},"properties":{"FAR":"100","ABBR":"2低","BCR":"50","YoutoName":"第２種低層住居専用地域","R":0.000453}},{"type":"Feature","geometry":{"type":"Point","coordinates":[130.732269,32.710795]},"properties":{"FAR":"100","ABBR":"2低","BCR":"50","YoutoName":"第２種低層住居専用地域","R":0.001393}},{"type":"Feature","geometry":{"type":"Point","coordinates":[130.732726,32.707132]},"properties":{"FAR":"100","ABBR":"2低","BCR":"50","YoutoName":"第２種低層住居専用地域","R":0.001527}},{"type":"Feature","geometry":{"type":"Point","coordinates":[130.733413,32.716683]},"properties":{"FAR":"100","ABBR":"2低","BCR":"50","YoutoName":"第２種低層住居専用地域","R":0.000461}},{"type":"Feature","geometry":{"type":"Point","coordinates":[130.744253,32.843422]},"properties":{"FAR":"100","ABBR":"1中高","BCR":"40","YoutoName":"第１種中高層住居専用地域","R":0.001446}},{"type":"Feature","geometry":{"type":"Point","coordinates":[130.732123,32.868966]},"properties":{"FAR":"150","ABBR":"1中高","BCR":"60","YoutoName":"第１種中高層住居専用地域","R":0.000109}},{"type":"Feature","geometry":{"type":"Point","coordinates":[130.666922,32.765561]},"properties":{"FAR":"150","ABBR":"1中高","BCR":"60","YoutoName":"第１種中高層住居専用地域","R":0.00013}},{"type":"Feature","geometry":{"type":"Point","coordinates":[130.74865,32.85722]},"properties":{"FAR":"150","ABBR":"1中高","BCR":"60","YoutoName":"第１種中高層住居専用地域","R":0.000209}},{"type":"Feature","geometry":{"type":"Point","coordinates":[130.669814,32.767414]},"properties":{"FAR":"150","ABBR":"1中高","BCR":"60","YoutoName":"第１種中高層住居専用地域","R":0.000194}},{"type":"Feature","geometry":{"type":"Point","coordinates":[130.763373,32.776025]},"properties":{"FAR":"150","ABBR":"1中高","BCR":"60","YoutoName":"第１種中高層住居専用地域","R":0.000555}},{"type":"Feature","geometry":{"type":"Point","coordinates":[130.741193,32.846111]},"properties":{"FAR":"150","ABBR":"1中高","BCR":"60","YoutoName":"第１種中高層住居専用地域","R":0.000527}},{"type":"Feature","geometry":{"type":"Point","coordinates":[130.673423,32.883063]},"properties":{"FAR":"150","ABBR":"1中高","BCR":"60","YoutoName":"第１種中高層住居専用地域","R":0.000341}},{"type":"Feature","geometry":{"type":"Point","coordinates":[130.748199,32.825095]},"properties":{"FAR":"150","ABBR":"1中高","BCR":"60","YoutoName":"第１種中高層住居専用地域","R":0.000428}},{"type":"Feature","geometry":{"type":"Point","coordinates":[130.708348,32.869771]},"properties":{"FAR":"150","ABBR":"1中高","BCR":"60","YoutoName":"第１種中高層住居専用地域","R":0.000486}},{"type":"Feature","geometry":{"type":"Point","coordinates":[130.669875,32.880307]},"properties":{"FAR":"150","ABBR":"1中高","BCR":"60","YoutoName":"第１種中高層住居専用地域","R":0.000367}},{"type":"Feature","geometry":{"type":"Point","coordinates":[130.714824,32.84474]},"properties":{"FAR":"150","ABBR":"1中高","BCR":"60","YoutoName":"第１種中高層住居専用地域","R":0.000726}},{"type":"Feature","geometry":{"type":"Point","coordinates":[130.758924,32.856386]},"properties":{"FAR":"150","ABBR":"1中高","BCR":"60","YoutoName":"第１種中高層住居専用地域","R":0.00058}},{"type":"Feature","geometry":{"type":"Point","coordinates":[130.772184,32.856443]},"properties":{"FAR":"150","ABBR":"1中高","BCR":"60","YoutoName":"第１種中高層住居専用地域","R":0.000741}},{"type":"Feature","geometry":{"type":"Point","coordinates":[130.650679,32.760365]},"properties":{"FAR":"150","ABBR":"1中高","BCR":"60","YoutoName":"第１種中高層住居専用地域","R":0.000796}},{"type":"Feature","geometry":{"type":"Point","coordinates":[130.698583,32.8808]},"properties":{"FAR":"150","ABBR":"1中高","BCR":"60","YoutoName":"第１種中高層住居専用地域","R":0.000645}},{"type":"Feature","geometry":{"type":"Point","coordinates":[130.710517,32.878313]},"properties":{"FAR":"150","ABBR":"1中高","BCR":"60","YoutoName":"第１種中高層住居専用地域","R":0.000857}},{"type":"Feature","geometry":{"type":"Point","coordinates":[130.678351,32.761483]},"properties":{"FAR":"150","ABBR":"1中高","BCR":"60","YoutoName":"第１種中高層住居専用地域","R":0.000665}},{"type":"Feature","geometry":{"type":"Point","coordinates":[130.637691,32.770773]},"properties":{"FAR":"150","ABBR":"1中高","BCR":"60","YoutoName":"第１種中高層住居専用地域","R":0.000933}},{"type":"Feature","geometry":{"type":"Point","coordinates":[130.767322,32.846245]},"properties":{"FAR":"150","ABBR":"1中高","BCR":"60","YoutoName":"第１種中高層住居専用地域","R":0.000674}},{"type":"Feature","geometry":{"type":"Point","coordinates":[130.633105,32.782128]},"properties":{"FAR":"150","ABBR":"1中高","BCR":"60","YoutoName":"第１種中高層住居専用地域","R":0.000744}},{"type":"Feature","geometry":{"type":"Point","coordinates":[130.713222,32.869735]},"properties":{"FAR":"150","ABBR":"1中高","BCR":"60","YoutoName":"第１種中高層住居専用地域","R":0.000788}},{"type":"Feature","geometry":{"type":"Point","coordinates":[130.733476,32.851537]},"properties":{"FAR":"150","ABBR":"1中高","BCR":"60","YoutoName":"第１種中高層住居専用地域","R":0.00058}},{"type":"Feature","geometry":{"type":"Point","coordinates":[130.775447,32.856971]},"properties":{"FAR":"150","ABBR":"1中高","BCR":"60","YoutoName":"第１種中高層住居専用地域","R":0.000719}},{"type":"Feature","geometry":{"type":"Point","coordinates":[130.753082,32.776325]},"properties":{"FAR":"150","ABBR":"1中高","BCR":"60","YoutoName":"第１種中高層住居専用地域","R":0.000458}},{"type":"Feature","geometry":{"type":"Point","coordinates":[130.77588,32.788478]},"properties":{"FAR":"150","ABBR":"1中高","BCR":"60","YoutoName":"第１種中高層住居専用地域","R":0.000717}},{"type":"Feature","geometry":{"type":"Point","coordinates":[130.760779,32.851044]},"properties":{"FAR":"150","ABBR":"1中高","BCR":"60","YoutoName":"第１種中高層住居専用地域","R":0.000767}},{"type":"Feature","geometry":{"type":"Point","coordinates":[130.707096,32.850699]},"properties":{"FAR":"150","ABBR":"1中高","BCR":"60","YoutoName":"第１種中高層住居専用地域","R":0.001038}},{"type":"Feature","geometry":{"type":"Point","coordinates":[130.69436,32.896134]},"properties":{"FAR":"150","ABBR":"1中高","BCR":"60","YoutoName":"第１種中高層住居専用地域","R":0.001083}},{"type":"Feature","geometry":{"type":"Point","coordinates":[130.738903,32.813742]},"properties":{"FAR":"150","ABBR":"1中高","BCR":"60","YoutoName":"第１種中高層住居専用地域","R":0.001109}},{"type":"Feature","geometry":{"type":"Point","coordinates":[130.737967,32.852158]},"properties":{"FAR":"150","ABBR":"1中高","BCR":"60","YoutoName":"第１種中高層住居専用地域","R":0.000928}},{"type":"Feature","geometry":{"type":"Point","coordinates":[130.690395,32.884189]},"properties":{"FAR":"150","ABBR":"1中高","BCR":"60","YoutoName":"第１種中高層住居専用地域","R":0.001158}},{"type":"Feature","geometry":{"type":"Point","coordinates":[130.757332,32.795685]},"properties":{"FAR":"150","ABBR":"1中高","BCR":"60","YoutoName":"第１種中高層住居専用地域","R":0.001012}},{"type":"Feature","geometry":{"type":"Point","coordinates":[130.718186,32.844001]},"properties":{"FAR":"150","ABBR":"1中高","BCR":"60","YoutoName":"第１種中高層住居専用地域","R":0.000858}},{"type":"Feature","geometry":{"type":"Point","coordinates":[130.694201,32.894078]},"properties":{"FAR":"150","ABBR":"1中高","BCR":"60","YoutoName":"第１種中高層住居専用地域","R":0.000937}},{"type":"Feature","geometry":{"type":"Point","coordinates":[130.776441,32.854652]},"properties":{"FAR":"150","ABBR":"1中高","BCR":"60","YoutoName":"第１種中高層住居専用地域","R":0.001001}},{"type":"Feature","geometry":{"type":"Point","coordinates":[130.683687,32.744913]},"properties":{"FAR":"150","ABBR":"1中高","BCR":"60","YoutoName":"第１種中高層住居専用地域","R":0.000942}},{"type":"Feature","geometry":{"type":"Point","coordinates":[130.758685,32.770405]},"properties":{"FAR":"150","ABBR":"1中高","BCR":"60","YoutoName":"第１種中高層住居専用地域","R":0.000877}},{"type":"Feature","geometry":{"type":"Point","coordinates":[130.75243,32.783372]},"properties":{"FAR":"150","ABBR":"1中高","BCR":"60","YoutoName":"第１種中高層住居専用地域","R":0.001298}},{"type":"Feature","geometry":{"type":"Point","coordinates":[130.721346,32.762813]},"properties":{"FAR":"150","ABBR":"1中高","BCR":"60","YoutoName":"第１種中高層住居専用地域","R":0.000801}},{"type":"Feature","geometry":{"type":"Point","coordinates":[130.804855,32.814905]},"properties":{"FAR":"150","ABBR":"1中高","BCR":"60","YoutoName":"第１種中高層住居専用地域","R":0.001285}},{"type":"Feature","geometry":{"type":"Point","coordinates":[130.633464,32.778829]},"properties":{"FAR":"150","ABBR":"1中高","BCR":"60","YoutoName":"第１種中高層住居専用地域","R":0.001297}},{"type":"Feature","geometry":{"type":"Point","coordinates":[130.723376,32.856088]},"properties":{"FAR":"150","ABBR":"1中高","BCR":"60","YoutoName":"第１種中高層住居専用地域","R":0.001203}},{"type":"Feature","geometry":{"type":"Point","coordinates":[130.702909,32.75756]},"properties":{"FAR":"150","ABBR":"1中高","BCR":"60","YoutoName":"第１種中高層住居専用地域","R":0.001215}},{"type":"Feature","geometry":{"type":"Point","coordinates":[130.634225,32.771891]},"properties":{"FAR":"150","ABBR":"1中高","BCR":"60","YoutoName":"第１種中高層住居専用地域","R":0.001254}},{"type":"Feature","geometry":{"type":"Point","coordinates":[130.786164,32.853023]},"properties":{"FAR":"150","ABBR":"1中高","BCR":"60","YoutoName":"第１種中高層住居専用地域","R":0.001431}},{"type":"Feature","geometry":{"type":"Point","coordinates":[130.767436,32.776567]},"properties":{"FAR":"150","ABBR":"1中高","BCR":"60","YoutoName":"第１種中高層住居専用地域","R":0.000941}},{"type":"Feature","geometry":{"type":"Point","coordinates":[130.628242,32.781664]},"properties":{"FAR":"150","ABBR":"1中高","BCR":"60","YoutoName":"第１種中高層住居専用地域","R":0.00154}},{"type":"Feature","geometry":{"type":"Point","coordinates":[130.726585,32.812729]},"properties":{"FAR":"150","ABBR":"1中高","BCR":"60","YoutoName":"第１種中高層住居専用地域","R":0.001177}},{"type":"Feature","geometry":{"type":"Point","coordinates":[130.65875,32.763541]},"properties":{"FAR":"150","ABBR":"1中高","BCR":"60","YoutoName":"第１種中高層住居専用地域","R":0.000998}},{"type":"Feature","geometry":{"type":"Point","coordinates":[130.767657,32.854411]},"properties":{"FAR":"150","ABBR":"1中高","BCR":"60","YoutoName":"第１種中高層住居専用地域","R":0.001057}},{"type":"Feature","geometry":{"type":"Point","coordinates":[130.782511,32.835176]},"properties":{"FAR":"150","ABBR":"1中高","BCR":"60","YoutoName":"第１種中高層住居専用地域","R":0.001741}},{"type":"Feature","geometry":{"type":"Point","coordinates":[130.762859,32.773106]},"properties":{"FAR":"150","ABBR":"1中高","BCR":"60","YoutoName":"第１種中高層住居専用地域","R":0.001398}},{"type":"Feature","geometry":{"type":"Point","coordinates":[130.778269,32.850985]},"properties":{"FAR":"150","ABBR":"1中高","BCR":"60","YoutoName":"第１種中高層住居専用地域","R":0.001681}},{"type":"Feature","geometry":{"type":"Point","coordinates":[130.762268,32.847731]},"properties":{"FAR":"150","ABBR":"1中高","BCR":"60","YoutoName":"第１種中高層住居専用地域","R":0.001732}},{"type":"Feature","geometry":{"type":"Point","coordinates":[130.710444,32.848017]},"properties":{"FAR":"150","ABBR":"1中高","BCR":"60","YoutoName":"第１種中高層住居専用地域","R":0.001605}},{"type":"Feature","geometry":{"type":"Point","coordinates":[130.681628,32.811517]},"properties":{"FAR":"150","ABBR":"1中高","BCR":"60","YoutoName":"第１種中高層住居専用地域","R":0.001038}},{"type":"Feature","geometry":{"type":"Point","coordinates":[130.666105,32.767563]},"properties":{"FAR":"150","ABBR":"1中高","BCR":"60","YoutoName":"第１種中高層住居専用地域","R":0.001185}},{"type":"Feature","geometry":{"type":"Point","coordinates":[130.768284,32.773215]},"properties":{"FAR":"150","ABBR":"1中高","BCR":"60","YoutoName":"第１種中高層住居専用地域","R":0.001549}},{"type":"Feature","geometry":{"type":"Point","coordinates":[130.690615,32.738936]},"properties":{"FAR":"150","ABBR":"1中高","BCR":"60","YoutoName":"第１種中高層住居専用地域","R":0.001337}},{"type":"Feature","geometry":{"type":"Point","coordinates":[130.785651,32.810008]},"properties":{"FAR":"150","ABBR":"1中高","BCR":"60","YoutoName":"第１種中高層住居専用地域","R":0.00193}},{"type":"Feature","geometry":{"type":"Point","coordinates":[130.687054,32.817772]},"properties":{"FAR":"150","ABBR":"1中高","BCR":"60","YoutoName":"第１種中高層住居専用地域","R":0.001162}},{"type":"Feature","geometry":{"type":"Point","coordinates":[130.647527,32.789076]},"properties":{"FAR":"150","ABBR":"1中高","BCR":"60","YoutoName":"第１種中高層住居専用地域","R":0.001628}},{"type":"Feature","geometry":{"type":"Point","coordinates":[130.781207,32.825318]},"properties":{"FAR":"150","ABBR":"1中高","BCR":"60","YoutoName":"第１種中高層住居専用地域","R":0.002027}},{"type":"Feature","geometry":{"type":"Point","coordinates":[130.748215,32.793594]},"properties":{"FAR":"150","ABBR":"1中高","BCR":"60","YoutoName":"第１種中高層住居専用地域","R":0.002142}},{"type":"Feature","geometry":{"type":"Point","coordinates":[130.77205,32.786986]},"properties":{"FAR":"150","ABBR":"1中高","BCR":"60","YoutoName":"第１種中高層住居専用地域","R":0.001767}},{"type":"Feature","geometry":{"type":"Point","coordinates":[130.761454,32.815851]},"properties":{"FAR":"150","ABBR":"1中高","BCR":"60","YoutoName":"第１種中高層住居専用地域","R":0.00168}},{"type":"Feature","geometry":{"type":"Point","coordinates":[130.65973,32.788029]},"properties":{"FAR":"150","ABBR":"1中高","BCR":"60","YoutoName":"第１種中高層住居専用地域","R":0.000956}},{"type":"Feature","geometry":{"type":"Point","coordinates":[130.722656,32.849445]},"properties":{"FAR":"150","ABBR":"1中高","BCR":"60","YoutoName":"第１種中高層住居専用地域","R":0.001887}},{"type":"Feature","geometry":{"type":"Point","coordinates":[130.701587,32.869513]},"properties":{"FAR":"150","ABBR":"1中高","BCR":"60","YoutoName":"第１種中高層住居専用地域","R":0.001599}},{"type":"Feature","geometry":{"type":"Point","coordinates":[130.698411,32.833267]},"properties":{"FAR":"150","ABBR":"1中高","BCR":"60","YoutoName":"第１種中高層住居専用地域","R":0.002571}},{"type":"Feature","geometry":{"type":"Point","coordinates":[130.753919,32.778739]},"properties":{"FAR":"150","ABBR":"1中高","BCR":"60","YoutoName":"第１種中高層住居専用地域","R":0.001396}},{"type":"Feature","geometry":{"type":"Point","coordinates":[130.685417,32.741119]},"properties":{"FAR":"150","ABBR":"1中高","BCR":"60","YoutoName":"第１種中高層住居専用地域","R":0.002269}},{"type":"Feature","geometry":{"type":"Point","coordinates":[130.652764,32.779653]},"properties":{"FAR":"150","ABBR":"1中高","BCR":"60","YoutoName":"第１種中高層住居専用地域","R":0.001856}},{"type":"Feature","geometry":{"type":"Point","coordinates":[130.751913,32.803107]},"properties":{"FAR":"150","ABBR":"1中高","BCR":"60","YoutoName":"第１種中高層住居専用地域","R":0.002577}},{"type":"Feature","geometry":{"type":"Point","coordinates":[130.679477,32.757622]},"properties":{"FAR":"150","ABBR":"1中高","BCR":"60","YoutoName":"第１種中高層住居専用地域","R":0.001957}},{"type":"Feature","geometry":{"type":"Point","coordinates":[130.706778,32.837073]},"properties":{"FAR":"150","ABBR":"1中高","BCR":"60","YoutoName":"第１種中高層住居専用地域","R":0.00175}},{"type":"Feature","geometry":{"type":"Point","coordinates":[130.757431,32.783005]},"properties":{"FAR":"150","ABBR":"1中高","BCR":"60","YoutoName":"第１種中高層住居専用地域","R":0.002697}},{"type":"Feature","geometry":{"type":"Point","coordinates":[130.752686,32.797975]},"properties":{"FAR":"150","ABBR":"1中高","BCR":"60","YoutoName":"第１種中高層住居専用地域","R":0.00194}},{"type":"Feature","geometry":{"type":"Point","coordinates":[130.777984,32.812612]},"properties":{"FAR":"150","ABBR":"1中高","BCR":"60","YoutoName":"第１種中高層住居専用地域","R":0.002188}},{"type":"Feature","geometry":{"type":"Point","coordinates":[130.659555,32.759889]},"properties":{"FAR":"150","ABBR":"1中高","BCR":"60","YoutoName":"第１種中高層住居専用地域","R":0.002087}},{"type":"Feature","geometry":{"type":"Point","coordinates":[130.755023,32.809715]},"properties":{"FAR":"150","ABBR":"1中高","BCR":"60","YoutoName":"第１種中高層住居専用地域","R":0.003532}},{"type":"Feature","geometry":{"type":"Point","coordinates":[130.661734,32.784248]},"properties":{"FAR":"150","ABBR":"1中高","BCR":"60","YoutoName":"第１種中高層住居専用地域","R":0.002157}},{"type":"Feature","geometry":{"type":"Point","coordinates":[130.750382,32.846226]},"properties":{"FAR":"150","ABBR":"1中高","BCR":"60","YoutoName":"第１種中高層住居専用地域","R":0.002664}},{"type":"Feature","geometry":{"type":"Point","coordinates":[130.752912,32.852787]},"properties":{"FAR":"150","ABBR":"1中高","BCR":"60","YoutoName":"第１種中高層住居専用地域","R":0.002586}},{"type":"Feature","geometry":{"type":"Point","coordinates":[130.750342,32.829984]},"properties":{"FAR":"150","ABBR":"1中高","BCR":"60","YoutoName":"第１種中高層住居専用地域","R":0.001898}},{"type":"Feature","geometry":{"type":"Point","coordinates":[130.713719,32.835328]},"properties":{"FAR":"150","ABBR":"1中高","BCR":"60","YoutoName":"第１種中高層住居専用地域","R":0.003127}},{"type":"Feature","geometry":{"type":"Point","coordinates":[130.725124,32.871167]},"properties":{"FAR":"150","ABBR":"1中高","BCR":"60","YoutoName":"第１種中高層住居専用地域","R":0.002874}},{"type":"Feature","geometry":{"type":"Point","coordinates":[130.77546,32.820981]},"properties":{"FAR":"150","ABBR":"1中高","BCR":"60","YoutoName":"第１種中高層住居専用地域","R":0.003857}},{"type":"Feature","geometry":{"type":"Point","coordinates":[130.717884,32.75846]},"properties":{"FAR":"150","ABBR":"1中高","BCR":"60","YoutoName":"第１種中高層住居専用地域","R":0.003949}},{"type":"Feature","geometry":{"type":"Point","coordinates":[130.760471,32.832652]},"properties":{"FAR":"150","ABBR":"1中高","BCR":"60","YoutoName":"第１種中高層住居専用地域","R":0.002673}},{"type":"Feature","geometry":{"type":"Point","coordinates":[130.72588,32.81833]},"properties":{"FAR":"150","ABBR":"1中高","BCR":"60","YoutoName":"第１種中高層住居専用地域","R":0.003772}},{"type":"Feature","geometry":{"type":"Point","coordinates":[130.759796,32.852579]},"properties":{"FAR":"150","ABBR":"1中高","BCR":"60","YoutoName":"第１種中高層住居専用地域","R":3.5e-05}},{"type":"Feature","geometry":{"type":"Point","coordinates":[130.690251,32.903173]},"properties":{"FAR":"200","ABBR":"1中高","BCR":"60","YoutoName":"第１種中高層住居専用地域","R":0.001435}},{"type":"Feature","geometry":{"type":"Point","coordinates":[130.688079,32.893001]},"properties":{"FAR":"200","ABBR":"1中高","BCR":"60","YoutoName":"第１種中高層住居専用地域","R":0.001636}},{"type":"Feature","geometry":{"type":"Point","coordinates":[130.710963,32.770903]},"properties":{"FAR":"100","ABBR":"2中高","BCR":"50","YoutoName":"第２種中高層住居専用地域","R":0.00094}},{"type":"Feature","geometry":{"type":"Point","coordinates":[130.69905,32.903582]},"properties":{"FAR":"100","ABBR":"2中高","BCR":"60","YoutoName":"第２種中高層住居専用地域","R":0.001947}},{"type":"Feature","geometry":{"type":"Point","coordinates":[130.76088,32.80436]},"properties":{"FAR":"150","ABBR":"2中高","BCR":"60","YoutoName":"第２種中高層住居専用地域","R":0.000435}},{"type":"Feature","geometry":{"type":"Point","coordinates":[130.767931,32.850943]},"properties":{"FAR":"150","ABBR":"2中高","BCR":"60","YoutoName":"第２種中高層住居専用地域","R":0.000918}},{"type":"Feature","geometry":{"type":"Point","coordinates":[130.710603,32.851895]},"properties":{"FAR":"150","ABBR":"2中高","BCR":"60","YoutoName":"第２種中高層住居専用地域","R":0.00088}},{"type":"Feature","geometry":{"type":"Point","coordinates":[130.781086,32.838063]},"properties":{"FAR":"150","ABBR":"2中高","BCR":"60","YoutoName":"第２種中高層住居専用地域","R":0.001091}},{"type":"Feature","geometry":{"type":"Point","coordinates":[130.784186,32.844199]},"properties":{"FAR":"150","ABBR":"2中高","BCR":"60","YoutoName":"第２種中高層住居専用地域","R":0.001019}},{"type":"Feature","geometry":{"type":"Point","coordinates":[130.748955,32.805396]},"properties":{"FAR":"150","ABBR":"2中高","BCR":"60","YoutoName":"第２種中高層住居専用地域","R":0.000894}},{"type":"Feature","geometry":{"type":"Point","coordinates":[130.710088,32.863743]},"properties":{"FAR":"150","ABBR":"2中高","BCR":"60","YoutoName":"第２種中高層住居専用地域","R":0.000869}},{"type":"Feature","geometry":{"type":"Point","coordinates":[130.689992,32.733847]},"properties":{"FAR":"150","ABBR":"2中高","BCR":"60","YoutoName":"第２種中高層住居専用地域","R":0.001}},{"type":"Feature","geometry":{"type":"Point","coordinates":[130.772474,32.813038]},"properties":{"FAR":"150","ABBR":"2中高","BCR":"60","YoutoName":"第２種中高層住居専用地域","R":0.0014}},{"type":"Feature","geometry":{"type":"Point","coordinates":[130.751127,32.786091]},"properties":{"FAR":"150","ABBR":"2中高","BCR":"60","YoutoName":"第２種中高層住居専用地域","R":0.001422}},{"type":"Feature","geometry":{"type":"Point","coordinates":[130.765641,32.814159]},"properties":{"FAR":"150","ABBR":"2中高","BCR":"60","YoutoName":"第２種中高層住居専用地域","R":0.001626}},{"type":"Feature","geometry":{"type":"Point","coordinates":[130.77349,32.849554]},"properties":{"FAR":"150","ABBR":"2中高","BCR":"60","YoutoName":"第２種中高層住居専用地域","R":0.001464}},{"type":"Feature","geometry":{"type":"Point","coordinates":[130.750624,32.790045]},"properties":{"FAR":"150","ABBR":"2中高","BCR":"60","YoutoName":"第２種中高層住居専用地域","R":0.001539}},{"type":"Feature","geometry":{"type":"Point","coordinates":[130.757656,32.822666]},"properties":{"FAR":"150","ABBR":"2中高","BCR":"60","YoutoName":"第２種中高層住居専用地域","R":0.00114}},{"type":"Feature","geometry":{"type":"Point","coordinates":[130.767005,32.810553]},"properties":{"FAR":"150","ABBR":"2中高","BCR":"60","YoutoName":"第２種中高層住居専用地域","R":0.0013}},{"type":"Feature","geometry":{"type":"Point","coordinates":[130.724166,32.831937]},"properties":{"FAR":"150","ABBR":"2中高","BCR":"60","YoutoName":"第２種中高層住居専用地域","R":0.001271}},{"type":"Feature","geometry":{"type":"Point","coordinates":[130.755811,32.791516]},"properties":{"FAR":"150","ABBR":"2中高","BCR":"60","YoutoName":"第２種中高層住居専用地域","R":0.002418}},{"type":"Feature","geometry":{"type":"Point","coordinates":[130.774849,32.808154]},"properties":{"FAR":"150","ABBR":"2中高","BCR":"60","YoutoName":"第２種中高層住居専用地域","R":0.002243}},{"type":"Feature","geometry":{"type":"Point","coordinates":[130.760391,32.81967]},"properties":{"FAR":"150","ABBR":"2中高","BCR":"60","YoutoName":"第２種中高層住居専用地域","R":0.001502}},{"type":"Feature","geometry":{"type":"Point","coordinates":[130.769611,32.805813]},"properties":{"FAR":"150","ABBR":"2中高","BCR":"60","YoutoName":"第２種中高層住居専用地域","R":0.002655}},{"type":"Feature","geometry":{"type":"Point","coordinates":[130.777163,32.774929]},"properties":{"FAR":"150","ABBR":"2中高","BCR":"60","YoutoName":"第２種中高層住居専用地域","R":0.002327}},{"type":"Feature","geometry":{"type":"Point","coordinates":[130.715939,32.854729]},"properties":{"FAR":"150","ABBR":"2中高","BCR":"60","YoutoName":"第２種中高層住居専用地域","R":0.003099}},{"type":"Feature","geometry":{"type":"Point","coordinates":[130.770955,32.82637]},"properties":{"FAR":"150","ABBR":"2中高","BCR":"60","YoutoName":"第２種中高層住居専用地域","R":0.002331}},{"type":"Feature","geometry":{"type":"Point","coordinates":[130.773287,32.836259]},"properties":{"FAR":"150","ABBR":"2中高","BCR":"60","YoutoName":"第２種中高層住居専用地域","R":0.002814}},{"type":"Feature","geometry":{"type":"Point","coordinates":[130.788352,32.830342]},"properties":{"FAR":"150","ABBR":"2中高","BCR":"60","YoutoName":"第２種中高層住居専用地域","R":0.003047}},{"type":"Feature","geometry":{"type":"Point","coordinates":[130.772155,32.797149]},"properties":{"FAR":"150","ABBR":"2中高","BCR":"60","YoutoName":"第２種中高層住居専用地域","R":0.004073}},{"type":"Feature","geometry":{"type":"Point","coordinates":[130.784883,32.855871]},"properties":{"FAR":"150","ABBR":"2中高","BCR":"60","YoutoName":"第２種中高層住居専用地域","R":0.000361}},{"type":"Feature","geometry":{"type":"Point","coordinates":[130.636338,32.770495]},"properties":{"FAR":"200","ABBR":"2中高","BCR":"60","YoutoName":"第２種中高層住居専用地域","R":0.000396}},{"type":"Feature","geometry":{"type":"Point","coordinates":[130.765167,32.776766]},"properties":{"FAR":"200","ABBR":"2中高","BCR":"60","YoutoName":"第２種中高層住居専用地域","R":0.000551}},{"type":"Feature","geometry":{"type":"Point","coordinates":[130.661865,32.763454]},"properties":{"FAR":"200","ABBR":"2中高","BCR":"60","YoutoName":"第２種中高層住居専用地域","R":0.000339}},{"type":"Feature","geometry":{"type":"Point","coordinates":[130.705761,32.759344]},"properties":{"FAR":"200","ABBR":"2中高","BCR":"60","YoutoName":"第２種中高層住居専用地域","R":0.00046}},{"type":"Feature","geometry":{"type":"Point","coordinates":[130.733935,32.712137]},"properties":{"FAR":"200","ABBR":"2中高","BCR":"60","YoutoName":"第２種中高層住居専用地域","R":0.000336}},{"type":"Feature","geometry":{"type":"Point","coordinates":[130.685694,32.743911]},"properties":{"FAR":"200","ABBR":"2中高","BCR":"60","YoutoName":"第２種中高層住居専用地域","R":0.000311}},{"type":"Feature","geometry":{"type":"Point","coordinates":[130.768062,32.845481]},"properties":{"FAR":"200","ABBR":"2中高","BCR":"60","YoutoName":"第２種中高層住居専用地域","R":0.000303}},{"type":"Feature","geometry":{"type":"Point","coordinates":[130.669796,32.767928]},"properties":{"FAR":"200","ABBR":"2中高","BCR":"60","YoutoName":"第２種中高層住居専用地域","R":0.000311}},{"type":"Feature","geometry":{"type":"Point","coordinates":[130.742721,32.848753]},"properties":{"FAR":"200","ABBR":"2中高","BCR":"60","YoutoName":"第２種中高層住居専用地域","R":0.000392}},{"type":"Feature","geometry":{"type":"Point","coordinates":[130.749268,32.778751]},"properties":{"FAR":"200","ABBR":"2中高","BCR":"60","YoutoName":"第２種中高層住居専用地域","R":0.000333}},{"type":"Feature","geometry":{"type":"Point","coordinates":[130.736869,32.849316]},"properties":{"FAR":"200","ABBR":"2中高","BCR":"60","YoutoName":"第２種中高層住居専用地域","R":0.000613}},{"type":"Feature","geometry":{"type":"Point","coordinates":[130.754924,32.796325]},"properties":{"FAR":"200","ABBR":"2中高","BCR":"60","YoutoName":"第２種中高層住居専用地域","R":0.000314}},{"type":"Feature","geometry":{"type":"Point","coordinates":[130.745697,32.796156]},"properties":{"FAR":"200","ABBR":"2中高","BCR":"60","YoutoName":"第２種中高層住居専用地域","R":0.000884}},{"type":"Feature","geometry":{"type":"Point","coordinates":[130.753799,32.78531]},"properties":{"FAR":"200","ABBR":"2中高","BCR":"60","YoutoName":"第２種中高層住居専用地域","R":0.000402}},{"type":"Feature","geometry":{"type":"Point","coordinates":[130.767333,32.770449]},"properties":{"FAR":"200","ABBR":"2中高","BCR":"60","YoutoName":"第２種中高層住居専用地域","R":0.000559}},{"type":"Feature","geometry":{"type":"Point","coordinates":[130.760705,32.774135]},"properties":{"FAR":"200","ABBR":"2中高","BCR":"60","YoutoName":"第２種中高層住居専用地域","R":0.000396}},{"type":"Feature","geometry":{"type":"Point","coordinates":[130.763469,32.79684]},"properties":{"FAR":"200","ABBR":"2中高","BCR":"60","YoutoName":"第２種中高層住居専用地域","R":0.000253}},{"type":"Feature","geometry":{"type":"Point","coordinates":[130.785393,32.854975]},"properties":{"FAR":"200","ABBR":"2中高","BCR":"60","YoutoName":"第２種中高層住居専用地域","R":0.000646}},{"type":"Feature","geometry":{"type":"Point","coordinates":[130.677009,32.774271]},"properties":{"FAR":"200","ABBR":"2中高","BCR":"60","YoutoName":"第２種中高層住居専用地域","R":0.000677}},{"type":"Feature","geometry":{"type":"Point","coordinates":[130.650247,32.75847]},"properties":{"FAR":"200","ABBR":"2中高","BCR":"60","YoutoName":"第２種中高層住居専用地域","R":0.000394}},{"type":"Feature","geometry":{"type":"Point","coordinates":[130.755829,32.82292]},"properties":{"FAR":"200","ABBR":"2中高","BCR":"60","YoutoName":"第２種中高層住居専用地域","R":0.000338}},{"type":"Feature","geometry":{"type":"Point","coordinates":[130.74924,32.799871]},"properties":{"FAR":"200","ABBR":"2中高","BCR":"60","YoutoName":"第２種中高層住居専用地域","R":0.000327}},{"type":"Feature","geometry":{"type":"Point","coordinates":[130.773868,32.775648]},"properties":{"FAR":"200","ABBR":"2中高","BCR":"60","YoutoName":"第２種中高層住居専用地域","R":0.000878}},{"type":"Feature","geometry":{"type":"Point","coordinates":[130.740685,32.852379]},"properties":{"FAR":"200","ABBR":"2中高","BCR":"60","YoutoName":"第２種中高層住居専用地域","R":0.000356}},{"type":"Feature","geometry":{"type":"Point","coordinates":[130.752594,32.79227]},"properties":{"FAR":"200","ABBR":"2中高","BCR":"60","YoutoName":"第２種中高層住居専用地域","R":0.000614}},{"type":"Feature","geometry":{"type":"Point","coordinates":[130.718554,32.804251]},"properties":{"FAR":"200","ABBR":"2中高","BCR":"60","YoutoName":"第２種中高層住居専用地域","R":0.001063}},{"type":"Feature","geometry":{"type":"Point","coordinates":[130.678995,32.762943]},"properties":{"FAR":"200","ABBR":"2中高","BCR":"60","YoutoName":"第２種中高層住居専用地域","R":0.00079}},{"type":"Feature","geometry":{"type":"Point","coordinates":[130.727083,32.755541]},"properties":{"FAR":"200","ABBR":"2中高","BCR":"60","YoutoName":"第２種中高層住居専用地域","R":0.000493}},{"type":"Feature","geometry":{"type":"Point","coordinates":[130.680125,32.723657]},"properties":{"FAR":"200","ABBR":"2中高","BCR":"60","YoutoName":"第２種中高層住居専用地域","R":0.001205}},{"type":"Feature","geometry":{"type":"Point","coordinates":[130.73646,32.711463]},"properties":{"FAR":"200","ABBR":"2中高","BCR":"60","YoutoName":"第２種中高層住居専用地域","R":0.001214}},{"type":"Feature","geometry":{"type":"Point","coordinates":[130.676088,32.723024]},"properties":{"FAR":"200","ABBR":"2中高","BCR":"60","YoutoName":"第２種中高層住居専用地域","R":0.001141}},{"type":"Feature","geometry":{"type":"Point","coordinates":[130.721456,32.807988]},"properties":{"FAR":"200","ABBR":"2中高","BCR":"60","YoutoName":"第２種中高層住居専用地域","R":0.001245}},{"type":"Feature","geometry":{"type":"Point","coordinates":[130.736026,32.814759]},"properties":{"FAR":"200","ABBR":"2中高","BCR":"60","YoutoName":"第２種中高層住居専用地域","R":0.000366}},{"type":"Feature","geometry":{"type":"Point","coordinates":[130.706235,32.774303]},"properties":{"FAR":"200","ABBR":"2中高","BCR":"60","YoutoName":"第２種中高層住居専用地域","R":0.001456}},{"type":"Feature","geometry":{"type":"Point","coordinates":[130.744056,32.785903]},"properties":{"FAR":"200","ABBR":"2中高","BCR":"60","YoutoName":"第２種中高層住居専用地域","R":0.001577}},{"type":"Feature","geometry":{"type":"Point","coordinates":[130.686594,32.767167]},"properties":{"FAR":"200","ABBR":"2中高","BCR":"60","YoutoName":"第２種中高層住居専用地域","R":0.001648}},{"type":"Feature","geometry":{"type":"Point","coordinates":[130.777096,32.782122]},"properties":{"FAR":"200","ABBR":"2中高","BCR":"60","YoutoName":"第２種中高層住居専用地域","R":0.000781}},{"type":"Feature","geometry":{"type":"Point","coordinates":[130.73686,32.79011]},"properties":{"FAR":"200","ABBR":"2中高","BCR":"60","YoutoName":"第２種中高層住居専用地域","R":0.002121}},{"type":"Feature","geometry":{"type":"Point","coordinates":[130.701732,32.774186]},"properties":{"FAR":"200","ABBR":"2中高","BCR":"60","YoutoName":"第２種中高層住居専用地域","R":0.001734}},{"type":"Feature","geometry":{"type":"Point","coordinates":[130.677772,32.7886]},"properties":{"FAR":"200","ABBR":"2中高","BCR":"60","YoutoName":"第２種中高層住居専用地域","R":0.001991}},{"type":"Feature","geometry":{"type":"Point","coordinates":[130.704646,32.824934]},"properties":{"FAR":"200","ABBR":"2中高","BCR":"60","YoutoName":"第２種中高層住居専用地域","R":0.001725}},{"type":"Feature","geometry":{"type":"Point","coordinates":[130.737599,32.794694]},"properties":{"FAR":"200","ABBR":"2中高","BCR":"60","YoutoName":"第２種中高層住居専用地域","R":0.001711}},{"type":"Feature","geometry":{"type":"Point","coordinates":[130.680456,32.779182]},"properties":{"FAR":"200","ABBR":"2中高","BCR":"60","YoutoName":"第２種中高層住居専用地域","R":0.002588}},{"type":"Feature","geometry":{"type":"Point","coordinates":[130.762204,32.821841]},"properties":{"FAR":"200","ABBR":"2中高","BCR":"60","YoutoName":"第２種中高層住居専用地域","R":0.000338}},{"type":"Feature","geometry":{"type":"Point","coordinates":[130.653428,32.787181]},"properties":{"FAR":"200","ABBR":"2中高","BCR":"60","YoutoName":"第２種中高層住居専用地域","R":0.000726}},{"type":"Feature","geometry":{"type":"Point","coordinates":[130.732663,32.810191]},"properties":{"FAR":"200","ABBR":"2中高","BCR":"60","YoutoName":"第２種中高層住居専用地域","R":0.002701}},{"type":"Feature","geometry":{"type":"Point","coordinates":[130.677613,32.768319]},"properties":{"FAR":"200","ABBR":"2中高","BCR":"60","YoutoName":"第２種中高層住居専用地域","R":0.002639}},{"type":"Feature","geometry":{"type":"Point","coordinates":[130.709691,32.823581]},"properties":{"FAR":"200","ABBR":"2中高","BCR":"60","YoutoName":"第２種中高層住居専用地域","R":0.002322}},{"type":"Feature","geometry":{"type":"Point","coordinates":[130.746143,32.81185]},"properties":{"FAR":"200","ABBR":"2中高","BCR":"60","YoutoName":"第２種中高層住居専用地域","R":0.002436}},{"type":"Feature","geometry":{"type":"Point","coordinates":[130.715914,32.769916]},"properties":{"FAR":"200","ABBR":"2中高","BCR":"60","YoutoName":"第２種中高層住居専用地域","R":0.002849}},{"type":"Feature","geometry":{"type":"Point","coordinates":[130.73073,32.803136]},"properties":{"FAR":"200","ABBR":"2中高","BCR":"60","YoutoName":"第２種中高層住居専用地域","R":0.003093}},{"type":"Feature","geometry":{"type":"Point","coordinates":[130.768007,32.784796]},"properties":{"FAR":"200","ABBR":"2中高","BCR":"60","YoutoName":"第２種中高層住居専用地域","R":0.002589}},{"type":"Feature","geometry":{"type":"Point","coordinates":[130.741177,32.801242]},"properties":{"FAR":"200","ABBR":"2中高","BCR":"60","YoutoName":"第２種中高層住居専用地域","R":0.003948}},{"type":"Feature","geometry":{"type":"Point","coordinates":[130.726663,32.78563]},"properties":{"FAR":"200","ABBR":"2中高","BCR":"60","YoutoName":"第２種中高層住居専用地域","R":0.005696}},{"type":"Feature","geometry":{"type":"Point","coordinates":[130.687288,32.80362]},"properties":{"FAR":"200","ABBR":"2中高","BCR":"60","YoutoName":"第２種中高層住居専用地域","R":0.005402}},{"type":"Feature","geometry":{"type":"Point","coordinates":[130.67114,32.88184]},"properties":{"FAR":"200","ABBR":"2中高","BCR":"60","YoutoName":"第２種中高層住居専用地域","R":0.000364}},{"type":"Feature","geometry":{"type":"Point","coordinates":[130.724321,32.799412]},"properties":{"FAR":"300","ABBR":"2住居","BCR":"60","YoutoName":"第２種住居地域","R":0.000406}},{"type":"Feature","geometry":{"type":"Point","coordinates":[130.700225,32.818329]},"properties":{"FAR":"300","ABBR":"2住居","BCR":"60","YoutoName":"第２種住居地域","R":0.000219}},{"type":"Feature","geometry":{"type":"Point","coordinates":[130.750831,32.811817]},"properties":{"FAR":"200","ABBR":"近商","BCR":"80","YoutoName":"近隣商業地域","R":0.000326}},{"type":"Feature","geometry":{"type":"Point","coordinates":[130.661059,32.762596]},"properties":{"FAR":"200","ABBR":"近商","BCR":"80","YoutoName":"近隣商業地域","R":0.000334}},{"type":"Feature","geometry":{"type":"Point","coordinates":[130.763197,32.80556]},"properties":{"FAR":"200","ABBR":"近商","BCR":"80","YoutoName":"近隣商業地域","R":0.000471}},{"type":"Feature","geometry":{"type":"Point","coordinates":[130.722894,32.834865]},"properties":{"FAR":"200","ABBR":"近商","BCR":"80","YoutoName":"近隣商業地域","R":0.000509}},{"type":"Feature","geometry":{"type":"Point","coordinates":[130.72498,32.848124]},"properties":{"FAR":"200","ABBR":"近商","BCR":"80","YoutoName":"近隣商業地域","R":0.000462}},{"type":"Feature","geometry":{"type":"Point","coordinates":[130.687779,32.810743]},"properties":{"FAR":"200","ABBR":"近商","BCR":"80","YoutoName":"近隣商業地域","R":0.000583}},{"type":"Feature","geometry":{"type":"Point","coordinates":[130.658621,32.785252]},"properties":{"FAR":"200","ABBR":"近商","BCR":"80","YoutoName":"近隣商業地域","R":0.00062}},{"type":"Feature","geometry":{"type":"Point","coordinates":[130.637254,32.77797]},"properties":{"FAR":"200","ABBR":"近商","BCR":"80","YoutoName":"近隣商業地域","R":0.000751}},{"type":"Feature","geometry":{"type":"Point","coordinates":[130.701685,32.87279]},"properties":{"FAR":"200","ABBR":"近商","BCR":"80","YoutoName":"近隣商業地域","R":0.000387}},{"type":"Feature","geometry":{"type":"Point","coordinates":[130.722619,32.829712]},"properties":{"FAR":"200","ABBR":"近商","BCR":"80","YoutoName":"近隣商業地域","R":0.00086}},{"type":"Feature","geometry":{"type":"Point","coordinates":[130.728054,32.705705]},"properties":{"FAR":"200","ABBR":"近商","BCR":"80","YoutoName":"近隣商業地域","R":0.001147}},{"type":"Feature","geometry":{"type":"Point","coordinates":[130.765775,32.851145]},"properties":{"FAR":"200","ABBR":"近商","BCR":"80","YoutoName":"近隣商業地域","R":0.00077}},{"type":"Feature","geometry":{"type":"Point","coordinates":[130.757513,32.84815]},"properties":{"FAR":"200","ABBR":"近商","BCR":"80","YoutoName":"近隣商業地域","R":0.000254}},{"type":"Feature","geometry":{"type":"Point","coordinates":[130.692209,32.899845]},"properties":{"FAR":"300","ABBR":"近商","BCR":"80","YoutoName":"近隣商業地域","R":0.000448}},{"type":"Feature","geometry":{"type":"Point","coordinates":[130.727507,32.859855]},"properties":{"FAR":"300","ABBR":"近商","BCR":"80","YoutoName":"近隣商業地域","R":0.00084}},{"type":"Feature","geometry":{"type":"Point","coordinates":[130.712059,32.791636]},"properties":{"FAR":"300","ABBR":"近商","BCR":"80","YoutoName":"近隣商業地域","R":0.0007}},{"type":"Feature","geometry":{"type":"Point","coordinates":[130.708264,32.786687]},"properties":{"FAR":"300","ABBR":"近商","BCR":"80","YoutoName":"近隣商業地域","R":0.000386}},{"type":"Feature","geometry":{"type":"Point","coordinates":[130.716043,32.796657]},"properties":{"FAR":"300","ABBR":"近商","BCR":"80","YoutoName":"近隣商業地域","R":0.000521}},{"type":"Feature","geometry":{"type":"Point","coordinates":[130.698092,32.790297]},"properties":{"FAR":"300","ABBR":"近商","BCR":"80","YoutoName":"近隣商業地域","R":0.00061}},{"type":"Feature","geometry":{"type":"Point","coordinates":[130.721234,32.792394]},"properties":{"FAR":"300","ABBR":"近商","BCR":"80","YoutoName":"近隣商業地域","R":0.000386}},{"type":"Feature","geometry":{"type":"Point","coordinates":[130.704189,32.778243]},"properties":{"FAR":"300","ABBR":"近商","BCR":"80","YoutoName":"近隣商業地域","R":0.001021}},{"type":"Feature","geometry":{"type":"Point","coordinates":[130.690359,32.894524]},"properties":{"FAR":"300","ABBR":"近商","BCR":"80","YoutoName":"近隣商業地域","R":0.000814}},{"type":"Feature","geometry":{"type":"Point","coordinates":[130.705333,32.810586]},"properties":{"FAR":"300","ABBR":"近商","BCR":"80","YoutoName":"近隣商業地域","R":0.000379}},{"type":"Feature","geometry":{"type":"Point","coordinates":[130.701565,32.788949]},"properties":{"FAR":"300","ABBR":"近商","BCR":"80","YoutoName":"近隣商業地域","R":0.000834}},{"type":"Feature","geometry":{"type":"Point","coordinates":[130.683593,32.763272]},"properties":{"FAR":"300","ABBR":"近商","BCR":"80","YoutoName":"近隣商業地域","R":0.001347}},{"type":"Feature","geometry":{"type":"Point","coordinates":[130.68276,32.737702]},"properties":{"FAR":"300","ABBR":"近商","BCR":"80","YoutoName":"近隣商業地域","R":0.00138}},{"type":"Feature","geometry":{"type":"Point","coordinates":[130.688335,32.791769]},"properties":{"FAR":"300","ABBR":"近商","BCR":"80","YoutoName":"近隣商業地域","R":0.001218}},{"type":"Feature","geometry":{"type":"Point","coordinates":[130.712666,32.811439]},"properties":{"FAR":"300","ABBR":"近商","BCR":"80","YoutoName":"近隣商業地域","R":0.001966}},{"type":"Feature","geometry":{"type":"Point","coordinates":[130.697425,32.813883]},"properties":{"FAR":"300","ABBR":"近商","BCR":"80","YoutoName":"近隣商業地域","R":0.000321}},{"type":"Feature","geometry":{"type":"Point","coordinates":[130.747657,32.807797]},"properties":{"FAR":"300","ABBR":"近商","BCR":"80","YoutoName":"近隣商業地域","R":0.00095}},{"type":"Feature","geometry":{"type":"Point","coordinates":[130.711981,32.795025]},"properties":{"FAR":"300","ABBR":"近商","BCR":"80","YoutoName":"近隣商業地域","R":0.000377}},{"type":"Feature","geometry":{"type":"Point","coordinates":[130.712301,32.804376]},"properties":{"FAR":"400","ABBR":"商業","BCR":"80","YoutoName":"商業地域","R":0.000743}},{"type":"Feature","geometry":{"type":"Point","coordinates":[130.713194,32.806908]},"properties":{"FAR":"400","ABBR":"商業","BCR":"80","YoutoName":"商業地域","R":0.000719}},{"type":"Feature","geometry":{"type":"Point","coordinates":[130.677937,32.716097]},"properties":{"FAR":"400","ABBR":"商業","BCR":"80","YoutoName":"商業地域","R":0.000945}},{"type":"Feature","geometry":{"type":"Point","coordinates":[130.710485,32.807819]},"properties":{"FAR":"400","ABBR":"商業","BCR":"80","YoutoName":"商業地域","R":0.000953}},{"type":"Feature","geometry":{"type":"Point","coordinates":[130.761335,32.777283]},"properties":{"FAR":"400","ABBR":"商業","BCR":"80","YoutoName":"商業地域","R":0.000611}},{"type":"Feature","geometry":{"type":"Point","coordinates":[130.715074,32.809685]},"properties":{"FAR":"400","ABBR":"商業","BCR":"80","YoutoName":"商業地域","R":0.000726}},{"type":"Feature","geometry":{"type":"Point","coordinates":[130.691573,32.895566]},"properties":{"FAR":"400","ABBR":"商業","BCR":"80","YoutoName":"商業地域","R":0.000677}},{"type":"Feature","geometry":{"type":"Point","coordinates":[130.716439,32.806292]},"properties":{"FAR":"400","ABBR":"商業","BCR":"80","YoutoName":"商業地域","R":0.001065}},{"type":"Feature","geometry":{"type":"Point","coordinates":[130.691136,32.78566]},"properties":{"FAR":"400","ABBR":"商業","BCR":"80","YoutoName":"商業地域","R":0.00167}},{"type":"Feature","geometry":{"type":"Point","coordinates":[130.708972,32.794647]},"properties":{"FAR":"400","ABBR":"商業","BCR":"80","YoutoName":"商業地域","R":0.001493}},{"type":"Feature","geometry":{"type":"Point","coordinates":[130.716037,32.799896]},"properties":{"FAR":"400","ABBR":"商業","BCR":"80","YoutoName":"商業地域","R":0.00167}},{"type":"Feature","geometry":{"type":"Point","coordinates":[130.696757,32.802517]},"properties":{"FAR":"400","ABBR":"商業","BCR":"80","YoutoName":"商業地域","R":0.002401}},{"type":"Feature","geometry":{"type":"Point","coordinates":[130.704657,32.802202]},"properties":{"FAR":"400","ABBR":"商業","BCR":"80","YoutoName":"商業地域","R":0.000591}},{"type":"Feature","geometry":{"type":"Point","coordinates":[130.690413,32.789883]},"properties":{"FAR":"500","ABBR":"商業","BCR":"80","YoutoName":"商業地域","R":0.00158}},{"type":"Feature","geometry":{"type":"Point","coordinates":[130.700211,32.796042]},"properties":{"FAR":"500","ABBR":"商業","BCR":"80","YoutoName":"商業地域","R":0.001319}},{"type":"Feature","geometry":{"type":"Point","coordinates":[130.708887,32.80086]},"properties":{"FAR":"600","ABBR":"商業","BCR":"80","YoutoName":"商業地域","R":0.003141}},{"type":"Feature","geometry":{"type":"Point","coordinates":[130.713472,32.788361]},"properties":{"FAR":"300","ABBR":"準工","BCR":"60","YoutoName":"準工業地域","R":0.001019}},{"type":"Feature","geometry":{"type":"Point","coordinates":[130.699681,32.814153]},"properties":{"FAR":"300","ABBR":"準工","BCR":"60","YoutoName":"準工業地域","R":0.001186}},{"type":"Feature","geometry":{"type":"Point","coordinates":[130.582232,32.434623]},"properties":{"FAR":"80","ABBR":"1低","BCR":"50","YoutoName":"第１種低層住居専用地域","R":0.000813}},{"type":"Feature","geometry":{"type":"Point","coordinates":[130.585016,32.492157]},"properties":{"FAR":"80","ABBR":"1低","BCR":"50","YoutoName":"第１種低層住居専用地域","R":0.000423}},{"type":"Feature","geometry":{"type":"Point","coordinates":[130.587769,32.49222]},"properties":{"FAR":"80","ABBR":"1低","BCR":"50","YoutoName":"第１種低層住居専用地域","R":0.00061}},{"type":"Feature","geometry":{"type":"Point","coordinates":[130.589278,32.488561]},"properties":{"FAR":"80","ABBR":"1低","BCR":"50","YoutoName":"第１種低層住居専用地域","R":0.000923}},{"type":"Feature","geometry":{"type":"Point","coordinates":[130.61278,32.497836]},"properties":{"FAR":"80","ABBR":"1低","BCR":"50","YoutoName":"第１種低層住居専用地域","R":0.000878}},{"type":"Feature","geometry":{"type":"Point","coordinates":[130.614375,32.520234]},"properties":{"FAR":"80","ABBR":"1低","BCR":"50","YoutoName":"第１種低層住居専用地域","R":0.001325}},{"type":"Feature","geometry":{"type":"Point","coordinates":[130.603244,32.521624]},"properties":{"FAR":"80","ABBR":"1低","BCR":"50","YoutoName":"第１種低層住居専用地域","R":0.000987}},{"type":"Feature","geometry":{"type":"Point","coordinates":[130.622892,32.518316]},"properties":{"FAR":"80","ABBR":"1低","BCR":"40","YoutoName":"第１種低層住居専用地域","R":0.001325}},{"type":"Feature","geometry":{"type":"Point","coordinates":[130.636943,32.497832]},"properties":{"FAR":"80","ABBR":"1低","BCR":"40","YoutoName":"第１種低層住居専用地域","R":0.001196}},{"type":"Feature","geometry":{"type":"Point","coordinates":[130.599266,32.531731]},"properties":{"FAR":"80","ABBR":"1低","BCR":"50","YoutoName":"第１種低層住居専用地域","R":0.000484}},{"type":"Feature","geometry":{"type":"Point","coordinates":[130.662026,32.568619]},"properties":{"FAR":"80","ABBR":"1低","BCR":"40","YoutoName":"第１種低層住居専用地域","R":0.000463}},{"type":"Feature","geometry":{"type":"Point","coordinates":[130.620033,32.482742]},"properties":{"FAR":"80","ABBR":"1低","BCR":"50","YoutoName":"第１種低層住居専用地域","R":0.001064}},{"type":"Feature","geometry":{"type":"Point","coordinates":[130.588561,32.519279]},"properties":{"FAR":"80","ABBR":"1低","BCR":"50","YoutoName":"第１種低層住居専用地域","R":0.001229}},{"type":"Feature","geometry":{"type":"Point","coordinates":[130.586951,32.487346]},"properties":{"FAR":"80","ABBR":"1低","BCR":"50","YoutoName":"第１種低層住居専用地域","R":0.000135}},{"type":"Feature","geometry":{"type":"Point","coordinates":[130.559958,32.508913]},"properties":{"FAR":"200","ABBR":"工専","BCR":"60","YoutoName":"工業専用地域","R":0.00106}},{"type":"Feature","geometry":{"type":"Point","coordinates":[130.623232,32.505543]},"properties":{"FAR":"200","ABBR":"工専","BCR":"60","YoutoName":"工業専用地域","R":0.001712}},{"type":"Feature","geometry":{"type":"Point","coordinates":[130.608766,32.512738]},"properties":{"FAR":"200","ABBR":"工専","BCR":"60","YoutoName":"工業専用地域","R":0.001833}},{"type":"Feature","geometry":{"type":"Point","coordinates":[130.547809,32.528536]},"properties":{"FAR":"200","ABBR":"工専","BCR":"60","YoutoName":"工業専用地域","R":0.007382}},{"type":"Feature","geometry":{"type":"Point","coordinates":[130.586751,32.509438]},"properties":{"FAR":"200","ABBR":"工専","BCR":"60","YoutoName":"工業専用地域","R":0.00249}},{"type":"Feature","geometry":{"type":"Point","coordinates":[130.573464,32.433294]},"properties":{"FAR":"500","ABBR":"商業","BCR":"80","YoutoName":"商業地域","R":0.000434}},{"type":"Feature","geometry":{"type":"Point","coordinates":[130.574995,32.432893]},"properties":{"FAR":"400","ABBR":"商業","BCR":"80","YoutoName":"商業地域","R":0.000761}},{"type":"Feature","geometry":{"type":"Point","coordinates":[130.603753,32.504735]},"properties":{"FAR":"500","ABBR":"商業","BCR":"80","YoutoName":"商業地域","R":0.00079}},{"type":"Feature","geometry":{"type":"Point","coordinates":[130.601613,32.505066]},"properties":{"FAR":"400","ABBR":"商業","BCR":"80","YoutoName":"商業地域","R":0.000479}},{"type":"Feature","geometry":{"type":"Point","coordinates":[130.593867,32.504587]},"properties":{"FAR":"400","ABBR":"商業","BCR":"80","YoutoName":"商業地域","R":0.001003}},{"type":"Feature","geometry":{"type":"Point","coordinates":[130.603475,32.506172]},"properties":{"FAR":"400","ABBR":"商業","BCR":"80","YoutoName":"商業地域","R":0.000443}},{"type":"Feature","geometry":{"type":"Point","coordinates":[130.620741,32.502815]},"properties":{"FAR":"400","ABBR":"商業","BCR":"80","YoutoName":"商業地域","R":0.000938}},{"type":"Feature","geometry":{"type":"Point","coordinates":[130.577429,32.434447]},"properties":{"FAR":"200","ABBR":"近商","BCR":"80","YoutoName":"近隣商業地域","R":0.000663}},{"type":"Feature","geometry":{"type":"Point","coordinates":[130.567239,32.512891]},"properties":{"FAR":"200","ABBR":"近商","BCR":"80","YoutoName":"近隣商業地域","R":0.0005}},{"type":"Feature","geometry":{"type":"Point","coordinates":[130.61654,32.514457]},"properties":{"FAR":"200","ABBR":"近商","BCR":"80","YoutoName":"近隣商業地域","R":0.001382}},{"type":"Feature","geometry":{"type":"Point","coordinates":[130.599378,32.496992]},"properties":{"FAR":"300","ABBR":"近商","BCR":"80","YoutoName":"近隣商業地域","R":0.000827}},{"type":"Feature","geometry":{"type":"Point","coordinates":[130.670143,32.564202]},"properties":{"FAR":"300","ABBR":"近商","BCR":"80","YoutoName":"近隣商業地域","R":0.000308}},{"type":"Feature","geometry":{"type":"Point","coordinates":[130.672579,32.561665]},"properties":{"FAR":"300","ABBR":"近商","BCR":"80","YoutoName":"近隣商業地域","R":0.000401}},{"type":"Feature","geometry":{"type":"Point","coordinates":[130.659196,32.570374]},"properties":{"FAR":"300","ABBR":"近商","BCR":"80","YoutoName":"近隣商業地域","R":0.00037}},{"type":"Feature","geometry":{"type":"Point","coordinates":[130.585193,32.506176]},"properties":{"FAR":"200","ABBR":"近商","BCR":"80","YoutoName":"近隣商業地域","R":0.001075}},{"type":"Feature","geometry":{"type":"Point","coordinates":[130.590567,32.522694]},"properties":{"FAR":"200","ABBR":"近商","BCR":"80","YoutoName":"近隣商業地域","R":0.001295}},{"type":"Feature","geometry":{"type":"Point","coordinates":[130.653072,32.569261]},"properties":{"FAR":"300","ABBR":"近商","BCR":"80","YoutoName":"近隣商業地域","R":0.000613}},{"type":"Feature","geometry":{"type":"Point","coordinates":[130.662461,32.56667]},"properties":{"FAR":"300","ABBR":"近商","BCR":"80","YoutoName":"近隣商業地域","R":0.000322}},{"type":"Feature","geometry":{"type":"Point","coordinates":[130.578676,32.436316]},"properties":{"FAR":"200","ABBR":"2中高","BCR":"60","YoutoName":"第２種中高層住居専用地域","R":0.000637}},{"type":"Feature","geometry":{"type":"Point","coordinates":[130.601243,32.496355]},"properties":{"FAR":"200","ABBR":"2中高","BCR":"60","YoutoName":"第２種中高層住居専用地域","R":0.000928}},{"type":"Feature","geometry":{"type":"Point","coordinates":[130.639783,32.501228]},"properties":{"FAR":"200","ABBR":"2中高","BCR":"60","YoutoName":"第２種中高層住居専用地域","R":0.00101}},{"type":"Feature","geometry":{"type":"Point","coordinates":[130.611053,32.497051]},"properties":{"FAR":"200","ABBR":"2中高","BCR":"60","YoutoName":"第２種中高層住居専用地域","R":0.000499}},{"type":"Feature","geometry":{"type":"Point","coordinates":[130.601949,32.499077]},"properties":{"FAR":"200","ABBR":"2中高","BCR":"60","YoutoName":"第２種中高層住居専用地域","R":0.00132}},{"type":"Feature","geometry":{"type":"Point","coordinates":[130.588767,32.496607]},"properties":{"FAR":"200","ABBR":"2中高","BCR":"60","YoutoName":"第２種中高層住居専用地域","R":0.000973}},{"type":"Feature","geometry":{"type":"Point","coordinates":[130.633958,32.508436]},"properties":{"FAR":"200","ABBR":"2中高","BCR":"60","YoutoName":"第２種中高層住居専用地域","R":0.001825}},{"type":"Feature","geometry":{"type":"Point","coordinates":[130.626979,32.51601]},"properties":{"FAR":"200","ABBR":"2中高","BCR":"60","YoutoName":"第２種中高層住居専用地域","R":0.00132}},{"type":"Feature","geometry":{"type":"Point","coordinates":[130.613106,32.512777]},"properties":{"FAR":"200","ABBR":"2中高","BCR":"60","YoutoName":"第２種中高層住居専用地域","R":0.001279}},{"type":"Feature","geometry":{"type":"Point","coordinates":[130.607378,32.520529]},"properties":{"FAR":"200","ABBR":"2中高","BCR":"60","YoutoName":"第２種中高層住居専用地域","R":0.001789}},{"type":"Feature","geometry":{"type":"Point","coordinates":[130.602097,32.517162]},"properties":{"FAR":"200","ABBR":"2中高","BCR":"60","YoutoName":"第２種中高層住居専用地域","R":0.001714}},{"type":"Feature","geometry":{"type":"Point","coordinates":[130.592167,32.516424]},"properties":{"FAR":"200","ABBR":"2中高","BCR":"60","YoutoName":"第２種中高層住居専用地域","R":0.002738}},{"type":"Feature","geometry":{"type":"Point","coordinates":[130.603609,32.528678]},"properties":{"FAR":"200","ABBR":"2中高","BCR":"60","YoutoName":"第２種中高層住居専用地域","R":0.001593}},{"type":"Feature","geometry":{"type":"Point","coordinates":[130.597603,32.524146]},"properties":{"FAR":"200","ABBR":"2中高","BCR":"60","YoutoName":"第２種中高層住居専用地域","R":0.001848}},{"type":"Feature","geometry":{"type":"Point","coordinates":[130.601459,32.48707]},"properties":{"FAR":"200","ABBR":"2中高","BCR":"60","YoutoName":"第２種中高層住居専用地域","R":0.002045}},{"type":"Feature","geometry":{"type":"Point","coordinates":[130.614344,32.489286]},"properties":{"FAR":"200","ABBR":"2中高","BCR":"60","YoutoName":"第２種中高層住居専用地域","R":0.002382}},{"type":"Feature","geometry":{"type":"Point","coordinates":[130.603696,32.523807]},"properties":{"FAR":"200","ABBR":"2中高","BCR":"60","YoutoName":"第２種中高層住居専用地域","R":0.001196}},{"type":"Feature","geometry":{"type":"Point","coordinates":[130.60716,32.47592]},"properties":{"FAR":"150","ABBR":"1中高","BCR":"50","YoutoName":"第１種中高層住居専用地域","R":0.001549}},{"type":"Feature","geometry":{"type":"Point","coordinates":[130.584655,32.495129]},"properties":{"FAR":"150","ABBR":"1中高","BCR":"50","YoutoName":"第１種中高層住居専用地域","R":0.000526}},{"type":"Feature","geometry":{"type":"Point","coordinates":[130.636351,32.511625]},"properties":{"FAR":"150","ABBR":"1中高","BCR":"50","YoutoName":"第１種中高層住居専用地域","R":0.000545}},{"type":"Feature","geometry":{"type":"Point","coordinates":[130.632233,32.513324]},"properties":{"FAR":"150","ABBR":"1中高","BCR":"50","YoutoName":"第１種中高層住居専用地域","R":0.001122}},{"type":"Feature","geometry":{"type":"Point","coordinates":[130.589441,32.492071]},"properties":{"FAR":"150","ABBR":"1中高","BCR":"50","YoutoName":"第１種中高層住居専用地域","R":0.000907}},{"type":"Feature","geometry":{"type":"Point","coordinates":[130.605165,32.490599]},"properties":{"FAR":"150","ABBR":"1中高","BCR":"50","YoutoName":"第１種中高層住居専用地域","R":0.001579}},{"type":"Feature","geometry":{"type":"Point","coordinates":[130.595133,32.494853]},"properties":{"FAR":"150","ABBR":"1中高","BCR":"50","YoutoName":"第１種中高層住居専用地域","R":0.000975}},{"type":"Feature","geometry":{"type":"Point","coordinates":[130.617195,32.493819]},"properties":{"FAR":"150","ABBR":"1中高","BCR":"50","YoutoName":"第１種中高層住居専用地域","R":0.001614}},{"type":"Feature","geometry":{"type":"Point","coordinates":[130.62343,32.493219]},"properties":{"FAR":"150","ABBR":"1中高","BCR":"50","YoutoName":"第１種中高層住居専用地域","R":0.000937}},{"type":"Feature","geometry":{"type":"Point","coordinates":[130.635161,32.493356]},"properties":{"FAR":"150","ABBR":"1中高","BCR":"50","YoutoName":"第１種中高層住居専用地域","R":0.001118}},{"type":"Feature","geometry":{"type":"Point","coordinates":[130.633738,32.49877]},"properties":{"FAR":"150","ABBR":"1中高","BCR":"50","YoutoName":"第１種中高層住居専用地域","R":0.001111}},{"type":"Feature","geometry":{"type":"Point","coordinates":[130.628825,32.506194]},"properties":{"FAR":"150","ABBR":"1中高","BCR":"50","YoutoName":"第１種中高層住居専用地域","R":0.002019}},{"type":"Feature","geometry":{"type":"Point","coordinates":[130.622523,32.515819]},"properties":{"FAR":"150","ABBR":"1中高","BCR":"50","YoutoName":"第１種中高層住居専用地域","R":0.001153}},{"type":"Feature","geometry":{"type":"Point","coordinates":[130.614916,32.517627]},"properties":{"FAR":"150","ABBR":"1中高","BCR":"50","YoutoName":"第１種中高層住居専用地域","R":0.00121}},{"type":"Feature","geometry":{"type":"Point","coordinates":[130.591596,32.49512]},"properties":{"FAR":"150","ABBR":"1中高","BCR":"50","YoutoName":"第１種中高層住居専用地域","R":0.00119}},{"type":"Feature","geometry":{"type":"Point","coordinates":[130.600618,32.53386]},"properties":{"FAR":"150","ABBR":"1中高","BCR":"50","YoutoName":"第１種中高層住居専用地域","R":0.000602}},{"type":"Feature","geometry":{"type":"Point","coordinates":[130.605129,32.532304]},"properties":{"FAR":"150","ABBR":"1中高","BCR":"50","YoutoName":"第１種中高層住居専用地域","R":0.000898}},{"type":"Feature","geometry":{"type":"Point","coordinates":[130.596686,32.527606]},"properties":{"FAR":"150","ABBR":"1中高","BCR":"50","YoutoName":"第１種中高層住居専用地域","R":0.001073}},{"type":"Feature","geometry":{"type":"Point","coordinates":[130.668763,32.559214]},"properties":{"FAR":"200","ABBR":"1中高","BCR":"60","YoutoName":"第１種中高層住居専用地域","R":0.000488}},{"type":"Feature","geometry":{"type":"Point","coordinates":[130.664764,32.566979]},"properties":{"FAR":"200","ABBR":"1中高","BCR":"60","YoutoName":"第１種中高層住居専用地域","R":0.000583}},{"type":"Feature","geometry":{"type":"Point","coordinates":[130.656852,32.571102]},"properties":{"FAR":"200","ABBR":"1中高","BCR":"60","YoutoName":"第１種中高層住居専用地域","R":0.000987}},{"type":"Feature","geometry":{"type":"Point","coordinates":[130.580259,32.438337]},"properties":{"FAR":"150","ABBR":"1中高","BCR":"50","YoutoName":"第１種中高層住居専用地域","R":0.001576}},{"type":"Feature","geometry":{"type":"Point","coordinates":[130.622465,32.488223]},"properties":{"FAR":"150","ABBR":"1中高","BCR":"50","YoutoName":"第１種中高層住居専用地域","R":0.00208}},{"type":"Feature","geometry":{"type":"Point","coordinates":[130.608006,32.525133]},"properties":{"FAR":"150","ABBR":"1中高","BCR":"50","YoutoName":"第１種中高層住居専用地域","R":0.002603}},{"type":"Feature","geometry":{"type":"Point","coordinates":[130.597214,32.488689]},"properties":{"FAR":"150","ABBR":"1中高","BCR":"50","YoutoName":"第１種中高層住居専用地域","R":0.001384}},{"type":"Feature","geometry":{"type":"Point","coordinates":[130.605354,32.486214]},"properties":{"FAR":"150","ABBR":"1中高","BCR":"50","YoutoName":"第１種中高層住居専用地域","R":0.001386}},{"type":"Feature","geometry":{"type":"Point","coordinates":[130.590314,32.499386]},"properties":{"FAR":"150","ABBR":"1中高","BCR":"50","YoutoName":"第１種中高層住居専用地域","R":0.001113}},{"type":"Feature","geometry":{"type":"Point","coordinates":[130.586948,32.516982]},"properties":{"FAR":"150","ABBR":"1中高","BCR":"50","YoutoName":"第１種中高層住居専用地域","R":0.001538}},{"type":"Feature","geometry":{"type":"Point","coordinates":[130.668048,32.565581]},"properties":{"FAR":"200","ABBR":"1中高","BCR":"60","YoutoName":"第１種中高層住居専用地域","R":0.000468}},{"type":"Feature","geometry":{"type":"Point","coordinates":[130.673212,32.566785]},"properties":{"FAR":"200","ABBR":"1中高","BCR":"60","YoutoName":"第１種中高層住居専用地域","R":0.00054}},{"type":"Feature","geometry":{"type":"Point","coordinates":[130.65219,32.566408]},"properties":{"FAR":"200","ABBR":"1中高","BCR":"60","YoutoName":"第１種中高層住居専用地域","R":0.000991}},{"type":"Feature","geometry":{"type":"Point","coordinates":[130.660718,32.564513]},"properties":{"FAR":"200","ABBR":"1中高","BCR":"60","YoutoName":"第１種中高層住居専用地域","R":0.000988}},{"type":"Feature","geometry":{"type":"Point","coordinates":[130.610334,32.504623]},"properties":{"FAR":"300","ABBR":"近商","BCR":"80","YoutoName":"近隣商業地域","R":0.001707}},{"type":"Feature","geometry":{"type":"Point","coordinates":[130.657808,32.568628]},"properties":{"FAR":"400","ABBR":"商業","BCR":"80","YoutoName":"商業地域","R":0.000662}},{"type":"Feature","geometry":{"type":"Point","coordinates":[130.778387,32.217985]},"properties":{"FAR":"100","ABBR":"1低","BCR":"50","YoutoName":"第１種低層住居専用地域","R":0.000809}},{"type":"Feature","geometry":{"type":"Point","coordinates":[130.772264,32.221424]},"properties":{"FAR":"200","ABBR":"1中高","BCR":"60","YoutoName":"第１種中高層住居専用地域","R":0.001941}},{"type":"Feature","geometry":{"type":"Point","coordinates":[130.766299,32.209821]},"properties":{"FAR":"60","ABBR":"1低","BCR":"30","YoutoName":"第１種低層住居専用地域","R":0.002669}},{"type":"Feature","geometry":{"type":"Point","coordinates":[130.76042,32.209834]},"properties":{"FAR":"300","ABBR":"近商","BCR":"80","YoutoName":"近隣商業地域","R":0.00034}},{"type":"Feature","geometry":{"type":"Point","coordinates":[130.757243,32.210203]},"properties":{"FAR":"100","ABBR":"1低","BCR":"50","YoutoName":"第１種低層住居専用地域","R":0.000585}},{"type":"Feature","geometry":{"type":"Point","coordinates":[130.756601,32.209265]},"properties":{"FAR":"300","ABBR":"近商","BCR":"80","YoutoName":"近隣商業地域","R":0.000374}},{"type":"Feature","geometry":{"type":"Point","coordinates":[130.751125,32.212504]},"properties":{"FAR":"300","ABBR":"近商","BCR":"80","YoutoName":"近隣商業地域","R":0.001851}},{"type":"Feature","geometry":{"type":"Point","coordinates":[130.734553,32.214585]},"properties":{"FAR":"100","ABBR":"2低","BCR":"50","YoutoName":"第２種低層住居専用地域","R":0.001158}},{"type":"Feature","geometry":{"type":"Point","coordinates":[130.732004,32.214068]},"properties":{"FAR":"200","ABBR":"2中高","BCR":"60","YoutoName":"第２種中高層住居専用地域","R":0.000432}},{"type":"Feature","geometry":{"type":"Point","coordinates":[130.728393,32.216736]},"properties":{"FAR":"100","ABBR":"2低","BCR":"50","YoutoName":"第２種低層住居専用地域","R":0.000958}},{"type":"Feature","geometry":{"type":"Point","coordinates":[130.733008,32.211998]},"properties":{"FAR":"100","ABBR":"2低","BCR":"50","YoutoName":"第２種低層住居専用地域","R":0.000964}},{"type":"Feature","geometry":{"type":"Point","coordinates":[130.754496,32.224488]},"properties":{"FAR":"100","ABBR":"2低","BCR":"50","YoutoName":"第２種低層住居専用地域","R":0.001215}},{"type":"Feature","geometry":{"type":"Point","coordinates":[130.754909,32.229788]},"properties":{"FAR":"100","ABBR":"2低","BCR":"50","YoutoName":"第２種低層住居専用地域","R":0.001072}},{"type":"Feature","geometry":{"type":"Point","coordinates":[130.757452,32.222023]},"properties":{"FAR":"300","ABBR":"近商","BCR":"80","YoutoName":"近隣商業地域","R":0.000546}},{"type":"Feature","geometry":{"type":"Point","coordinates":[130.766566,32.22221]},"properties":{"FAR":"100","ABBR":"1低","BCR":"50","YoutoName":"第１種低層住居専用地域","R":0.002369}},{"type":"Feature","geometry":{"type":"Point","coordinates":[130.776699,32.222955]},"properties":{"FAR":"200","ABBR":"1中高","BCR":"60","YoutoName":"第１種中高層住居専用地域","R":0.001492}},{"type":"Feature","geometry":{"type":"Point","coordinates":[130.751146,32.219765]},"properties":{"FAR":"60","ABBR":"1低","BCR":"30","YoutoName":"第１種低層住居専用地域","R":0.003866}},{"type":"Feature","geometry":{"type":"Point","coordinates":[130.755022,32.214662]},"properties":{"FAR":"400","ABBR":"商業","BCR":"80","YoutoName":"商業地域","R":0.001699}},{"type":"Feature","geometry":{"type":"Point","coordinates":[130.764673,32.214729]},"properties":{"FAR":"300","ABBR":"近商","BCR":"80","YoutoName":"近隣商業地域","R":0.000788}},{"type":"Feature","geometry":{"type":"Point","coordinates":[130.760748,32.215191]},"properties":{"FAR":"400","ABBR":"商業","BCR":"80","YoutoName":"商業地域","R":0.001815}},{"type":"Feature","geometry":{"type":"Point","coordinates":[130.774838,32.218012]},"properties":{"FAR":"100","ABBR":"1低","BCR":"50","YoutoName":"第１種低層住居専用地域","R":0.001319}},{"type":"Feature","geometry":{"type":"Point","coordinates":[130.465801,32.942796]},"properties":{"FAR":"200","ABBR":"工専","BCR":"60","YoutoName":"工業専用地域","R":0.001647}},{"type":"Feature","geometry":{"type":"Point","coordinates":[130.493257,32.954161]},"properties":{"FAR":"200","ABBR":"近商","BCR":"80","YoutoName":"近隣商業地域","R":0.000431}},{"type":"Feature","geometry":{"type":"Point","coordinates":[130.495037,32.956445]},"properties":{"FAR":"400","ABBR":"商業","BCR":"80","YoutoName":"商業地域","R":0.000407}},{"type":"Feature","geometry":{"type":"Point","coordinates":[130.49409,32.955047]},"properties":{"FAR":"80","ABBR":"1低","BCR":"40","YoutoName":"第１種低層住居専用地域","R":0.000776}},{"type":"Feature","geometry":{"type":"Point","coordinates":[130.475423,32.960241]},"properties":{"FAR":"200","ABBR":"近商","BCR":"80","YoutoName":"近隣商業地域","R":0.000557}},{"type":"Feature","geometry":{"type":"Point","coordinates":[130.480669,32.961329]},"properties":{"FAR":"200","ABBR":"2中高","BCR":"60","YoutoName":"第２種中高層住居専用地域","R":0.001344}},{"type":"Feature","geometry":{"type":"Point","coordinates":[130.460542,32.962879]},"properties":{"FAR":"100","ABBR":"1低","BCR":"50","YoutoName":"第１種低層住居専用地域","R":0.000487}},{"type":"Feature","geometry":{"type":"Point","coordinates":[130.483294,32.964828]},"properties":{"FAR":"200","ABBR":"近商","BCR":"80","YoutoName":"近隣商業地域","R":0.000246}},{"type":"Feature","geometry":{"type":"Point","coordinates":[130.48378,32.964936]},"properties":{"FAR":"100","ABBR":"2低","BCR":"60","YoutoName":"第２種低層住居専用地域","R":0.000247}},{"type":"Feature","geometry":{"type":"Point","coordinates":[130.480743,32.965789]},"properties":{"FAR":"100","ABBR":"2低","BCR":"60","YoutoName":"第２種低層住居専用地域","R":0.000748}},{"type":"Feature","geometry":{"type":"Point","coordinates":[130.461275,32.96516]},"properties":{"FAR":"200","ABBR":"1中高","BCR":"60","YoutoName":"第１種中高層住居専用地域","R":0.001109}},{"type":"Feature","geometry":{"type":"Point","coordinates":[130.433583,32.965501]},"properties":{"FAR":"200","ABBR":"近商","BCR":"80","YoutoName":"近隣商業地域","R":0.000444}},{"type":"Feature","geometry":{"type":"Point","coordinates":[130.458228,32.966152]},"properties":{"FAR":"80","ABBR":"1低","BCR":"40","YoutoName":"第１種低層住居専用地域","R":0.001264}},{"type":"Feature","geometry":{"type":"Point","coordinates":[130.455912,32.966791]},"properties":{"FAR":"200","ABBR":"1中高","BCR":"60","YoutoName":"第１種中高層住居専用地域","R":0.000783}},{"type":"Feature","geometry":{"type":"Point","coordinates":[130.481852,32.967723]},"properties":{"FAR":"80","ABBR":"1低","BCR":"40","YoutoName":"第１種低層住居専用地域","R":0.001236}},{"type":"Feature","geometry":{"type":"Point","coordinates":[130.484129,32.967246]},"properties":{"FAR":"200","ABBR":"1中高","BCR":"60","YoutoName":"第１種中高層住居専用地域","R":0.000838}},{"type":"Feature","geometry":{"type":"Point","coordinates":[130.436643,32.963563]},"properties":{"FAR":"100","ABBR":"2低","BCR":"60","YoutoName":"第２種低層住居専用地域","R":0.002615}},{"type":"Feature","geometry":{"type":"Point","coordinates":[130.466029,32.970611]},"properties":{"FAR":"100","ABBR":"1低","BCR":"50","YoutoName":"第１種低層住居専用地域","R":0.000797}},{"type":"Feature","geometry":{"type":"Point","coordinates":[130.462728,32.967427]},"properties":{"FAR":"100","ABBR":"1低","BCR":"50","YoutoName":"第１種低層住居専用地域","R":0.00093}},{"type":"Feature","geometry":{"type":"Point","coordinates":[130.438273,32.972092]},"properties":{"FAR":"200","ABBR":"1中高","BCR":"60","YoutoName":"第１種中高層住居専用地域","R":0.001313}},{"type":"Feature","geometry":{"type":"Point","coordinates":[130.443558,32.974202]},"properties":{"FAR":"200","ABBR":"近商","BCR":"80","YoutoName":"近隣商業地域","R":0.000322}},{"type":"Feature","geometry":{"type":"Point","coordinates":[130.45414,32.973289]},"properties":{"FAR":"200","ABBR":"1中高","BCR":"60","YoutoName":"第１種中高層住居専用地域","R":0.001622}},{"type":"Feature","geometry":{"type":"Point","coordinates":[130.438859,32.974837]},"properties":{"FAR":"100","ABBR":"2低","BCR":"60","YoutoName":"第２種低層住居専用地域","R":0.000491}},{"type":"Feature","geometry":{"type":"Point","coordinates":[130.460477,32.974516]},"properties":{"FAR":"100","ABBR":"1低","BCR":"60","YoutoName":"第１種低層住居専用地域","R":0.002413}},{"type":"Feature","geometry":{"type":"Point","coordinates":[130.461995,32.977611]},"properties":{"FAR":"200","ABBR":"1中高","BCR":"60","YoutoName":"第１種中高層住居専用地域","R":0.000368}},{"type":"Feature","geometry":{"type":"Point","coordinates":[130.449024,32.976814]},"properties":{"FAR":"200","ABBR":"1中高","BCR":"60","YoutoName":"第１種中高層住居専用地域","R":0.001102}},{"type":"Feature","geometry":{"type":"Point","coordinates":[130.46469,32.969698]},"properties":{"FAR":"200","ABBR":"2中高","BCR":"60","YoutoName":"第２種中高層住居専用地域","R":0.000614}},{"type":"Feature","geometry":{"type":"Point","coordinates":[130.466827,32.976602]},"properties":{"FAR":"100","ABBR":"1低","BCR":"60","YoutoName":"第１種低層住居専用地域","R":0.002479}},{"type":"Feature","geometry":{"type":"Point","coordinates":[130.452112,32.981804]},"properties":{"FAR":"80","ABBR":"1低","BCR":"40","YoutoName":"第１種低層住居専用地域","R":0.000389}},{"type":"Feature","geometry":{"type":"Point","coordinates":[130.437015,32.980172]},"properties":{"FAR":"100","ABBR":"2低","BCR":"60","YoutoName":"第２種低層住居専用地域","R":0.001715}},{"type":"Feature","geometry":{"type":"Point","coordinates":[130.433771,32.976657]},"properties":{"FAR":"100","ABBR":"2低","BCR":"60","YoutoName":"第２種低層住居専用地域","R":0.001051}},{"type":"Feature","geometry":{"type":"Point","coordinates":[130.448377,32.9839]},"properties":{"FAR":"80","ABBR":"1低","BCR":"40","YoutoName":"第１種低層住居専用地域","R":0.000926}},{"type":"Feature","geometry":{"type":"Point","coordinates":[130.453157,32.982681]},"properties":{"FAR":"200","ABBR":"2中高","BCR":"60","YoutoName":"第２種中高層住居専用地域","R":0.00065}},{"type":"Feature","geometry":{"type":"Point","coordinates":[130.45545,32.980507]},"properties":{"FAR":"80","ABBR":"1低","BCR":"40","YoutoName":"第１種低層住居専用地域","R":0.002289}},{"type":"Feature","geometry":{"type":"Point","coordinates":[130.469826,32.98305]},"properties":{"FAR":"200","ABBR":"近商","BCR":"80","YoutoName":"近隣商業地域","R":0.001591}},{"type":"Feature","geometry":{"type":"Point","coordinates":[130.451604,32.984471]},"properties":{"FAR":"200","ABBR":"1中高","BCR":"60","YoutoName":"第１種中高層住居専用地域","R":0.000721}},{"type":"Feature","geometry":{"type":"Point","coordinates":[130.463539,32.981745]},"properties":{"FAR":"200","ABBR":"1中高","BCR":"60","YoutoName":"第１種中高層住居専用地域","R":0.002583}},{"type":"Feature","geometry":{"type":"Point","coordinates":[130.474923,32.986496]},"properties":{"FAR":"200","ABBR":"近商","BCR":"80","YoutoName":"近隣商業地域","R":0.000297}},{"type":"Feature","geometry":{"type":"Point","coordinates":[130.474231,32.987204]},"properties":{"FAR":"200","ABBR":"1中高","BCR":"60","YoutoName":"第１種中高層住居専用地域","R":0.000615}},{"type":"Feature","geometry":{"type":"Point","coordinates":[130.443298,32.986253]},"properties":{"FAR":"100","ABBR":"2低","BCR":"60","YoutoName":"第２種低層住居専用地域","R":0.000843}},{"type":"Feature","geometry":{"type":"Point","coordinates":[130.436493,32.986074]},"properties":{"FAR":"100","ABBR":"2低","BCR":"60","YoutoName":"第２種低層住居専用地域","R":0.001001}},{"type":"Feature","geometry":{"type":"Point","coordinates":[130.478141,32.986701]},"properties":{"FAR":"80","ABBR":"1低","BCR":"40","YoutoName":"第１種低層住居専用地域","R":0.001146}},{"type":"Feature","geometry":{"type":"Point","coordinates":[130.470397,32.988173]},"properties":{"FAR":"200","ABBR":"近商","BCR":"80","YoutoName":"近隣商業地域","R":0.001602}},{"type":"Feature","geometry":{"type":"Point","coordinates":[130.437894,32.989373]},"properties":{"FAR":"100","ABBR":"2低","BCR":"60","YoutoName":"第２種低層住居専用地域","R":0.001137}},{"type":"Feature","geometry":{"type":"Point","coordinates":[130.440119,32.993849]},"properties":{"FAR":"100","ABBR":"1低","BCR":"50","YoutoName":"第１種低層住居専用地域","R":0.000867}},{"type":"Feature","geometry":{"type":"Point","coordinates":[130.4285,32.990761]},"properties":{"FAR":"200","ABBR":"近商","BCR":"80","YoutoName":"近隣商業地域","R":0.002155}},{"type":"Feature","geometry":{"type":"Point","coordinates":[130.44355,32.991323]},"properties":{"FAR":"100","ABBR":"1低","BCR":"50","YoutoName":"第１種低層住居専用地域","R":0.001112}},{"type":"Feature","geometry":{"type":"Point","coordinates":[130.436192,32.997347]},"properties":{"FAR":"200","ABBR":"近商","BCR":"80","YoutoName":"近隣商業地域","R":0.000518}},{"type":"Feature","geometry":{"type":"Point","coordinates":[130.445663,32.997372]},"properties":{"FAR":"100","ABBR":"1低","BCR":"50","YoutoName":"第１種低層住居専用地域","R":0.000621}},{"type":"Feature","geometry":{"type":"Point","coordinates":[130.465052,32.996865]},"properties":{"FAR":"100","ABBR":"2低","BCR":"60","YoutoName":"第２種低層住居専用地域","R":0.001727}},{"type":"Feature","geometry":{"type":"Point","coordinates":[130.45784,33.000283]},"properties":{"FAR":"100","ABBR":"1低","BCR":"50","YoutoName":"第１種低層住居専用地域","R":0.000822}},{"type":"Feature","geometry":{"type":"Point","coordinates":[130.440746,32.996426]},"properties":{"FAR":"200","ABBR":"2中高","BCR":"60","YoutoName":"第２種中高層住居専用地域","R":0.001233}},{"type":"Feature","geometry":{"type":"Point","coordinates":[130.460762,33.002428]},"properties":{"FAR":"200","ABBR":"2中高","BCR":"60","YoutoName":"第２種中高層住居専用地域","R":0.000777}},{"type":"Feature","geometry":{"type":"Point","coordinates":[130.456157,33.003656]},"properties":{"FAR":"200","ABBR":"近商","BCR":"80","YoutoName":"近隣商業地域","R":0.000369}},{"type":"Feature","geometry":{"type":"Point","coordinates":[130.438638,33.001972]},"properties":{"FAR":"200","ABBR":"近商","BCR":"80","YoutoName":"近隣商業地域","R":0.000417}},{"type":"Feature","geometry":{"type":"Point","coordinates":[130.420829,32.999123]},"properties":{"FAR":"200","ABBR":"工専","BCR":"60","YoutoName":"工業専用地域","R":0.004534}},{"type":"Feature","geometry":{"type":"Point","coordinates":[130.43129,33.002772]},"properties":{"FAR":"400","ABBR":"商業","BCR":"80","YoutoName":"商業地域","R":0.001888}},{"type":"Feature","geometry":{"type":"Point","coordinates":[130.43799,33.005779]},"properties":{"FAR":"200","ABBR":"近商","BCR":"80","YoutoName":"近隣商業地域","R":6.6e-05}},{"type":"Feature","geometry":{"type":"Point","coordinates":[130.480436,32.988358]},"properties":{"FAR":"100","ABBR":"2低","BCR":"60","YoutoName":"第２種低層住居専用地域","R":0.001448}},{"type":"Feature","geometry":{"type":"Point","coordinates":[130.485764,32.986642]},"properties":{"FAR":"100","ABBR":"2低","BCR":"60","YoutoName":"第２種低層住居専用地域","R":0.000122}},{"type":"Feature","geometry":{"type":"Point","coordinates":[130.404569,32.222663]},"properties":{"FAR":"80","ABBR":"1低","BCR":"40","YoutoName":"第１種低層住居専用地域","R":0.001296}},{"type":"Feature","geometry":{"type":"Point","coordinates":[130.408634,32.210933]},"properties":{"FAR":"300","ABBR":"近商","BCR":"80","YoutoName":"近隣商業地域","R":0.000278}},{"type":"Feature","geometry":{"type":"Point","coordinates":[130.427671,32.210686]},"properties":{"FAR":"300","ABBR":"近商","BCR":"80","YoutoName":"近隣商業地域","R":0.000481}},{"type":"Feature","geometry":{"type":"Point","coordinates":[130.401761,32.22195]},"properties":{"FAR":"200","ABBR":"1中高","BCR":"60","YoutoName":"第１種中高層住居専用地域","R":0.00079}},{"type":"Feature","geometry":{"type":"Point","coordinates":[130.411949,32.217101]},"properties":{"FAR":"200","ABBR":"1中高","BCR":"60","YoutoName":"第１種中高層住居専用地域","R":0.001231}},{"type":"Feature","geometry":{"type":"Point","coordinates":[130.424412,32.210878]},"properties":{"FAR":"80","ABBR":"1低","BCR":"40","YoutoName":"第１種低層住居専用地域","R":0.000667}},{"type":"Feature","geometry":{"type":"Point","coordinates":[130.422563,32.208008]},"properties":{"FAR":"200","ABBR":"1中高","BCR":"60","YoutoName":"第１種中高層住居専用地域","R":0.000942}},{"type":"Feature","geometry":{"type":"Point","coordinates":[130.412901,32.207405]},"properties":{"FAR":"200","ABBR":"2中高","BCR":"60","YoutoName":"第２種中高層住居専用地域","R":0.000318}},{"type":"Feature","geometry":{"type":"Point","coordinates":[130.410421,32.207893]},"properties":{"FAR":"200","ABBR":"1中高","BCR":"60","YoutoName":"第１種中高層住居専用地域","R":0.001071}},{"type":"Feature","geometry":{"type":"Point","coordinates":[130.41592,32.206763]},"properties":{"FAR":"200","ABBR":"1中高","BCR":"60","YoutoName":"第１種中高層住居専用地域","R":0.002615}},{"type":"Feature","geometry":{"type":"Point","coordinates":[130.409406,32.201711]},"properties":{"FAR":"200","ABBR":"1中高","BCR":"60","YoutoName":"第１種中高層住居専用地域","R":0.002622}},{"type":"Feature","geometry":{"type":"Point","coordinates":[130.405051,32.203646]},"properties":{"FAR":"200","ABBR":"1中高","BCR":"60","YoutoName":"第１種中高層住居専用地域","R":0.000809}},{"type":"Feature","geometry":{"type":"Point","coordinates":[130.40232,32.207847]},"properties":{"FAR":"300","ABBR":"近商","BCR":"80","YoutoName":"近隣商業地域","R":0.000412}},{"type":"Feature","geometry":{"type":"Point","coordinates":[130.396623,32.208069]},"properties":{"FAR":"300","ABBR":"近商","BCR":"80","YoutoName":"近隣商業地域","R":0.000347}},{"type":"Feature","geometry":{"type":"Point","coordinates":[130.400057,32.209361]},"properties":{"FAR":"400","ABBR":"商業","BCR":"80","YoutoName":"商業地域","R":0.001712}},{"type":"Feature","geometry":{"type":"Point","coordinates":[130.392728,32.219637]},"properties":{"FAR":"200","ABBR":"工専","BCR":"60","YoutoName":"工業専用地域","R":0.003009}},{"type":"Feature","geometry":{"type":"Point","coordinates":[130.383136,32.211575]},"properties":{"FAR":"200","ABBR":"1中高","BCR":"60","YoutoName":"第１種中高層住居専用地域","R":0.002117}},{"type":"Feature","geometry":{"type":"Point","coordinates":[130.387486,32.205006]},"properties":{"FAR":"200","ABBR":"1中高","BCR":"60","YoutoName":"第１種中高層住居専用地域","R":0.002143}},{"type":"Feature","geometry":{"type":"Point","coordinates":[130.375876,32.204195]},"properties":{"FAR":"200","ABBR":"1中高","BCR":"60","YoutoName":"第１種中高層住居専用地域","R":0.000773}},{"type":"Feature","geometry":{"type":"Point","coordinates":[130.393099,32.208061]},"properties":{"FAR":"200","ABBR":"工専","BCR":"60","YoutoName":"工業専用地域","R":0.002874}},{"type":"Feature","geometry":{"type":"Point","coordinates":[130.390807,32.198847]},"properties":{"FAR":"200","ABBR":"1中高","BCR":"60","YoutoName":"第１種中高層住居専用地域","R":0.001727}},{"type":"Feature","geometry":{"type":"Point","coordinates":[130.409599,32.212241]},"properties":{"FAR":"200","ABBR":"1中高","BCR":"60","YoutoName":"第１種中高層住居専用地域","R":0.000329}},{"type":"Feature","geometry":{"type":"Point","coordinates":[130.555248,32.942208]},"properties":{"FAR":"200","ABBR":"1中高","BCR":"60","YoutoName":"第１種中高層住居専用地域","R":0.000639}},{"type":"Feature","geometry":{"type":"Point","coordinates":[130.549547,32.94126]},"properties":{"FAR":"200","ABBR":"1中高","BCR":"60","YoutoName":"第１種中高層住居専用地域","R":0.002096}},{"type":"Feature","geometry":{"type":"Point","coordinates":[130.539879,32.933708]},"properties":{"FAR":"80","ABBR":"1低","BCR":"40","YoutoName":"第１種低層住居専用地域","R":0.001535}},{"type":"Feature","geometry":{"type":"Point","coordinates":[130.529475,32.93285]},"properties":{"FAR":"80","ABBR":"2低","BCR":"40","YoutoName":"第２種低層住居専用地域","R":0.000844}},{"type":"Feature","geometry":{"type":"Point","coordinates":[130.527858,32.932498]},"properties":{"FAR":"80","ABBR":"1低","BCR":"40","YoutoName":"第１種低層住居専用地域","R":0.000797}},{"type":"Feature","geometry":{"type":"Point","coordinates":[130.547287,32.934383]},"properties":{"FAR":"200","ABBR":"1中高","BCR":"60","YoutoName":"第１種中高層住居専用地域","R":0.003156}},{"type":"Feature","geometry":{"type":"Point","coordinates":[130.541434,32.929523]},"properties":{"FAR":"200","ABBR":"2中高","BCR":"60","YoutoName":"第２種中高層住居専用地域","R":0.001261}},{"type":"Feature","geometry":{"type":"Point","coordinates":[130.549623,32.929579]},"properties":{"FAR":"300","ABBR":"近商","BCR":"80","YoutoName":"近隣商業地域","R":0.000757}},{"type":"Feature","geometry":{"type":"Point","coordinates":[130.535714,32.93569]},"properties":{"FAR":"200","ABBR":"1中高","BCR":"60","YoutoName":"第１種中高層住居専用地域","R":0.001217}},{"type":"Feature","geometry":{"type":"Point","coordinates":[130.575207,32.924303]},"properties":{"FAR":"200","ABBR":"1中高","BCR":"60","YoutoName":"第１種中高層住居専用地域","R":0.001006}},{"type":"Feature","geometry":{"type":"Point","coordinates":[130.548417,32.926735]},"properties":{"FAR":"400","ABBR":"商業","BCR":"80","YoutoName":"商業地域","R":0.00201}},{"type":"Feature","geometry":{"type":"Point","coordinates":[130.561608,32.934476]},"properties":{"FAR":"200","ABBR":"2中高","BCR":"60","YoutoName":"第２種中高層住居専用地域","R":0.001476}},{"type":"Feature","geometry":{"type":"Point","coordinates":[130.557246,32.938454]},"properties":{"FAR":"400","ABBR":"商業","BCR":"80","YoutoName":"商業地域","R":0.001624}},{"type":"Feature","geometry":{"type":"Point","coordinates":[130.554015,32.923433]},"properties":{"FAR":"200","ABBR":"2中高","BCR":"60","YoutoName":"第２種中高層住居専用地域","R":0.002046}},{"type":"Feature","geometry":{"type":"Point","coordinates":[130.543971,32.922266]},"properties":{"FAR":"200","ABBR":"2中高","BCR":"60","YoutoName":"第２種中高層住居専用地域","R":0.000948}},{"type":"Feature","geometry":{"type":"Point","coordinates":[130.558099,32.921678]},"properties":{"FAR":"80","ABBR":"2低","BCR":"40","YoutoName":"第２種低層住居専用地域","R":0.000926}},{"type":"Feature","geometry":{"type":"Point","coordinates":[130.560026,32.923111]},"properties":{"FAR":"200","ABBR":"1中高","BCR":"60","YoutoName":"第１種中高層住居専用地域","R":0.001215}},{"type":"Feature","geometry":{"type":"Point","coordinates":[130.566352,32.932117]},"properties":{"FAR":"200","ABBR":"1中高","BCR":"60","YoutoName":"第１種中高層住居専用地域","R":0.000925}},{"type":"Feature","geometry":{"type":"Point","coordinates":[130.501215,32.918702]},"properties":{"FAR":"100","ABBR":"1低","BCR":"50","YoutoName":"第１種低層住居専用地域","R":0.000622}},{"type":"Feature","geometry":{"type":"Point","coordinates":[130.520196,32.916535]},"properties":{"FAR":"200","ABBR":"近商","BCR":"80","YoutoName":"近隣商業地域","R":0.000774}},{"type":"Feature","geometry":{"type":"Point","coordinates":[130.515661,32.906072]},"properties":{"FAR":"200","ABBR":"近商","BCR":"80","YoutoName":"近隣商業地域","R":0.000518}},{"type":"Feature","geometry":{"type":"Point","coordinates":[130.517127,32.909645]},"properties":{"FAR":"100","ABBR":"1低","BCR":"50","YoutoName":"第１種低層住居専用地域","R":0.001457}},{"type":"Feature","geometry":{"type":"Point","coordinates":[130.509838,32.916693]},"properties":{"FAR":"100","ABBR":"1低","BCR":"50","YoutoName":"第１種低層住居専用地域","R":0.001758}},{"type":"Feature","geometry":{"type":"Point","coordinates":[130.520143,32.914401]},"properties":{"FAR":"100","ABBR":"1低","BCR":"50","YoutoName":"第１種低層住居専用地域","R":0.001217}},{"type":"Feature","geometry":{"type":"Point","coordinates":[130.539896,32.923145]},"properties":{"FAR":"200","ABBR":"2中高","BCR":"60","YoutoName":"第２種中高層住居専用地域","R":0.000854}},{"type":"Feature","geometry":{"type":"Point","coordinates":[130.694896,33.023776]},"properties":{"FAR":"100","ABBR":"1低","BCR":"60","YoutoName":"第１種低層住居専用地域","R":0.001337}},{"type":"Feature","geometry":{"type":"Point","coordinates":[130.687499,33.023758]},"properties":{"FAR":"200","ABBR":"1中高","BCR":"60","YoutoName":"第１種中高層住居専用地域","R":0.000911}},{"type":"Feature","geometry":{"type":"Point","coordinates":[130.687442,33.022112]},"properties":{"FAR":"300","ABBR":"近商","BCR":"80","YoutoName":"近隣商業地域","R":0.00029}},{"type":"Feature","geometry":{"type":"Point","coordinates":[130.701497,33.016167]},"properties":{"FAR":"150","ABBR":"1中高","BCR":"60","YoutoName":"第１種中高層住居専用地域","R":0.001754}},{"type":"Feature","geometry":{"type":"Point","coordinates":[130.701073,33.010549]},"properties":{"FAR":"150","ABBR":"1中高","BCR":"60","YoutoName":"第１種中高層住居専用地域","R":0.000655}},{"type":"Feature","geometry":{"type":"Point","coordinates":[130.703486,33.011988]},"properties":{"FAR":"300","ABBR":"近商","BCR":"80","YoutoName":"近隣商業地域","R":0.000537}},{"type":"Feature","geometry":{"type":"Point","coordinates":[130.699208,33.006264]},"properties":{"FAR":"100","ABBR":"1低","BCR":"60","YoutoName":"第１種低層住居専用地域","R":0.000957}},{"type":"Feature","geometry":{"type":"Point","coordinates":[130.696115,33.008289]},"properties":{"FAR":"150","ABBR":"1中高","BCR":"60","YoutoName":"第１種中高層住居専用地域","R":0.001706}},{"type":"Feature","geometry":{"type":"Point","coordinates":[130.701968,33.007994]},"properties":{"FAR":"80","ABBR":"1低","BCR":"40","YoutoName":"第１種低層住居専用地域","R":0.001778}},{"type":"Feature","geometry":{"type":"Point","coordinates":[130.683933,33.012357]},"properties":{"FAR":"200","ABBR":"1中高","BCR":"60","YoutoName":"第１種中高層住居専用地域","R":0.000984}},{"type":"Feature","geometry":{"type":"Point","coordinates":[130.683044,33.013927]},"properties":{"FAR":"200","ABBR":"近商","BCR":"80","YoutoName":"近隣商業地域","R":0.000736}},{"type":"Feature","geometry":{"type":"Point","coordinates":[130.680567,33.016303]},"properties":{"FAR":"200","ABBR":"1中高","BCR":"60","YoutoName":"第１種中高層住居専用地域","R":0.000966}},{"type":"Feature","geometry":{"type":"Point","coordinates":[130.704481,33.014279]},"properties":{"FAR":"80","ABBR":"1低","BCR":"40","YoutoName":"第１種低層住居専用地域","R":0.001124}},{"type":"Feature","geometry":{"type":"Point","coordinates":[130.712238,33.010641]},"properties":{"FAR":"100","ABBR":"1低","BCR":"50","YoutoName":"第１種低層住居専用地域","R":0.00118}},{"type":"Feature","geometry":{"type":"Point","coordinates":[130.709367,33.005078]},"properties":{"FAR":"100","ABBR":"1低","BCR":"60","YoutoName":"第１種低層住居専用地域","R":0.00061}},{"type":"Feature","geometry":{"type":"Point","coordinates":[130.706122,33.005633]},"properties":{"FAR":"150","ABBR":"1中高","BCR":"60","YoutoName":"第１種中高層住居専用地域","R":0.000923}},{"type":"Feature","geometry":{"type":"Point","coordinates":[130.70823,33.007652]},"properties":{"FAR":"100","ABBR":"1低","BCR":"50","YoutoName":"第１種低層住居専用地域","R":0.000928}},{"type":"Feature","geometry":{"type":"Point","coordinates":[130.709805,33.011449]},"properties":{"FAR":"150","ABBR":"1中高","BCR":"60","YoutoName":"第１種中高層住居専用地域","R":0.001009}},{"type":"Feature","geometry":{"type":"Point","coordinates":[130.691233,33.017488]},"properties":{"FAR":"300","ABBR":"近商","BCR":"80","YoutoName":"近隣商業地域","R":0.000501}},{"type":"Feature","geometry":{"type":"Point","coordinates":[130.688996,33.016937]},"properties":{"FAR":"300","ABBR":"近商","BCR":"80","YoutoName":"近隣商業地域","R":0.000629}},{"type":"Feature","geometry":{"type":"Point","coordinates":[130.687661,33.014374]},"properties":{"FAR":"400","ABBR":"商業","BCR":"80","YoutoName":"商業地域","R":0.001994}},{"type":"Feature","geometry":{"type":"Point","coordinates":[130.811772,32.973478]},"properties":{"FAR":"100","ABBR":"2低","BCR":"50","YoutoName":"第２種低層住居専用地域","R":0.001344}},{"type":"Feature","geometry":{"type":"Point","coordinates":[130.807725,32.97103]},"properties":{"FAR":"100","ABBR":"2低","BCR":"50","YoutoName":"第２種低層住居専用地域","R":0.00115}},{"type":"Feature","geometry":{"type":"Point","coordinates":[130.813102,32.986536]},"properties":{"FAR":"400","ABBR":"2住居","BCR":"80","YoutoName":"第２種住居地域","R":0.000201}},{"type":"Feature","geometry":{"type":"Point","coordinates":[130.806791,32.982653]},"properties":{"FAR":"400","ABBR":"1住居","BCR":"80","YoutoName":"第１種住居地域","R":0.000354}},{"type":"Feature","geometry":{"type":"Point","coordinates":[130.803981,32.982194]},"properties":{"FAR":"100","ABBR":"2低","BCR":"50","YoutoName":"第２種低層住居専用地域","R":0.000572}},{"type":"Feature","geometry":{"type":"Point","coordinates":[130.811258,32.981666]},"properties":{"FAR":"300","ABBR":"近商","BCR":"80","YoutoName":"近隣商業地域","R":0.000903}},{"type":"Feature","geometry":{"type":"Point","coordinates":[130.815428,32.989225]},"properties":{"FAR":"100","ABBR":"2低","BCR":"50","YoutoName":"第２種低層住居専用地域","R":0.001492}},{"type":"Feature","geometry":{"type":"Point","coordinates":[130.814692,32.983717]},"properties":{"FAR":"400","ABBR":"商業","BCR":"80","YoutoName":"商業地域","R":0.001442}},{"type":"Feature","geometry":{"type":"Point","coordinates":[130.819907,32.980096]},"properties":{"FAR":"100","ABBR":"2低","BCR":"50","YoutoName":"第２種低層住居専用地域","R":0.001105}},{"type":"Feature","geometry":{"type":"Point","coordinates":[130.82033,32.976207]},"properties":{"FAR":"100","ABBR":"2低","BCR":"50","YoutoName":"第２種低層住居専用地域","R":0.001707}},{"type":"Feature","geometry":{"type":"Point","coordinates":[130.665828,32.686113]},"properties":{"FAR":"200","ABBR":"1中高","BCR":"60","YoutoName":"第１種中高層住居専用地域","R":0.000252}},{"type":"Feature","geometry":{"type":"Point","coordinates":[130.655445,32.684549]},"properties":{"FAR":"200","ABBR":"1中高","BCR":"60","YoutoName":"第１種中高層住居専用地域","R":0.001194}},{"type":"Feature","geometry":{"type":"Point","coordinates":[130.652901,32.683019]},"properties":{"FAR":"80","ABBR":"1低","BCR":"40","YoutoName":"第１種低層住居専用地域","R":0.001582}},{"type":"Feature","geometry":{"type":"Point","coordinates":[130.653978,32.678596]},"properties":{"FAR":"200","ABBR":"1中高","BCR":"60","YoutoName":"第１種中高層住居専用地域","R":0.002436}},{"type":"Feature","geometry":{"type":"Point","coordinates":[130.65786,32.676]},"properties":{"FAR":"200","ABBR":"1中高","BCR":"60","YoutoName":"第１種中高層住居専用地域","R":0.000764}},{"type":"Feature","geometry":{"type":"Point","coordinates":[130.668408,32.683218]},"properties":{"FAR":"200","ABBR":"近商","BCR":"80","YoutoName":"近隣商業地域","R":0.001562}},{"type":"Feature","geometry":{"type":"Point","coordinates":[130.666054,32.684936]},"properties":{"FAR":"80","ABBR":"1低","BCR":"40","YoutoName":"第１種低層住居専用地域","R":0.000531}},{"type":"Feature","geometry":{"type":"Point","coordinates":[130.660425,32.677061]},"properties":{"FAR":"100","ABBR":"1低","BCR":"50","YoutoName":"第１種低層住居専用地域","R":0.000777}},{"type":"Feature","geometry":{"type":"Point","coordinates":[130.657913,32.68242]},"properties":{"FAR":"400","ABBR":"商業","BCR":"80","YoutoName":"商業地域","R":0.000717}},{"type":"Feature","geometry":{"type":"Point","coordinates":[130.664361,32.692467]},"properties":{"FAR":"200","ABBR":"1中高","BCR":"60","YoutoName":"第１種中高層住居専用地域","R":0.00121}},{"type":"Feature","geometry":{"type":"Point","coordinates":[130.666853,32.689805]},"properties":{"FAR":"300","ABBR":"近商","BCR":"80","YoutoName":"近隣商業地域","R":0.00039}},{"type":"Feature","geometry":{"type":"Point","coordinates":[130.663675,32.680816]},"properties":{"FAR":"200","ABBR":"1中高","BCR":"60","YoutoName":"第１種中高層住居専用地域","R":0.000765}},{"type":"Feature","geometry":{"type":"Point","coordinates":[130.655602,32.693316]},"properties":{"FAR":"200","ABBR":"工専","BCR":"60","YoutoName":"工業専用地域","R":0.00232}},{"type":"Feature","geometry":{"type":"Point","coordinates":[130.672782,32.672]},"properties":{"FAR":"200","ABBR":"1中高","BCR":"60","YoutoName":"第１種中高層住居専用地域","R":0.002251}},{"type":"Feature","geometry":{"type":"Point","coordinates":[130.655623,32.689548]},"properties":{"FAR":"200","ABBR":"1中高","BCR":"60","YoutoName":"第１種中高層住居専用地域","R":0.000929}},{"type":"Feature","geometry":{"type":"Point","coordinates":[130.657463,32.67933]},"properties":{"FAR":"80","ABBR":"1低","BCR":"40","YoutoName":"第１種低層住居専用地域","R":0.001101}},{"type":"Feature","geometry":{"type":"Point","coordinates":[130.659829,32.685767]},"properties":{"FAR":"300","ABBR":"近商","BCR":"80","YoutoName":"近隣商業地域","R":0.000691}},{"type":"Feature","geometry":{"type":"Point","coordinates":[130.65875,32.681283]},"properties":{"FAR":"300","ABBR":"近商","BCR":"80","YoutoName":"近隣商業地域","R":0.000495}},{"type":"Feature","geometry":{"type":"Point","coordinates":[130.660157,32.678409]},"properties":{"FAR":"200","ABBR":"1中高","BCR":"60","YoutoName":"第１種中高層住居専用地域","R":0.000498}},{"type":"Feature","geometry":{"type":"Point","coordinates":[130.661693,32.682082]},"properties":{"FAR":"200","ABBR":"1中高","BCR":"60","YoutoName":"第１種中高層住居専用地域","R":0.000771}},{"type":"Feature","geometry":{"type":"Point","coordinates":[130.660899,32.68818]},"properties":{"FAR":"200","ABBR":"1中高","BCR":"60","YoutoName":"第１種中高層住居専用地域","R":0.000545}},{"type":"Feature","geometry":{"type":"Point","coordinates":[130.663396,32.682599]},"properties":{"FAR":"300","ABBR":"近商","BCR":"80","YoutoName":"近隣商業地域","R":0.000357}},{"type":"Feature","geometry":{"type":"Point","coordinates":[130.663448,32.683801]},"properties":{"FAR":"200","ABBR":"1中高","BCR":"60","YoutoName":"第１種中高層住居専用地域","R":0.000524}},{"type":"Feature","geometry":{"type":"Point","coordinates":[130.672189,32.675177]},"properties":{"FAR":"80","ABBR":"1低","BCR":"40","YoutoName":"第１種低層住居専用地域","R":0.000682}},{"type":"Feature","geometry":{"type":"Point","coordinates":[130.658953,32.676622]},"properties":{"FAR":"80","ABBR":"1低","BCR":"40","YoutoName":"第１種低層住居専用地域","R":0.000427}},{"type":"Feature","geometry":{"type":"Point","coordinates":[130.667647,32.694041]},"properties":{"FAR":"400","ABBR":"商業","BCR":"80","YoutoName":"商業地域","R":0.000566}},{"type":"Feature","geometry":{"type":"Point","coordinates":[130.67075,32.689423]},"properties":{"FAR":"300","ABBR":"近商","BCR":"80","YoutoName":"近隣商業地域","R":0.000526}},{"type":"Feature","geometry":{"type":"Point","coordinates":[130.67203,32.692757]},"properties":{"FAR":"300","ABBR":"近商","BCR":"80","YoutoName":"近隣商業地域","R":0.001086}},{"type":"Feature","geometry":{"type":"Point","coordinates":[130.673267,32.690865]},"properties":{"FAR":"400","ABBR":"商業","BCR":"80","YoutoName":"商業地域","R":0.001125}},{"type":"Feature","geometry":{"type":"Point","coordinates":[130.67061,32.693861]},"properties":{"FAR":"400","ABBR":"商業","BCR":"80","YoutoName":"商業地域","R":0.000545}},{"type":"Feature","geometry":{"type":"Point","coordinates":[130.697209,32.638846]},"properties":{"FAR":"100","ABBR":"2低","BCR":"50","YoutoName":"第２種低層住居専用地域","R":0.000796}},{"type":"Feature","geometry":{"type":"Point","coordinates":[130.694579,32.642376]},"properties":{"FAR":"80","ABBR":"1低","BCR":"40","YoutoName":"第１種低層住居専用地域","R":0.001395}},{"type":"Feature","geometry":{"type":"Point","coordinates":[130.682943,32.645452]},"properties":{"FAR":"200","ABBR":"2中高","BCR":"60","YoutoName":"第２種中高層住居専用地域","R":0.00069}},{"type":"Feature","geometry":{"type":"Point","coordinates":[130.691214,32.644476]},"properties":{"FAR":"100","ABBR":"2低","BCR":"50","YoutoName":"第２種低層住居専用地域","R":0.001307}},{"type":"Feature","geometry":{"type":"Point","coordinates":[130.665037,32.64427]},"properties":{"FAR":"200","ABBR":"1中高","BCR":"60","YoutoName":"第１種中高層住居専用地域","R":0.001419}},{"type":"Feature","geometry":{"type":"Point","coordinates":[130.696175,32.647104]},"properties":{"FAR":"80","ABBR":"1低","BCR":"40","YoutoName":"第１種低層住居専用地域","R":0.000943}},{"type":"Feature","geometry":{"type":"Point","coordinates":[130.686789,32.64696]},"properties":{"FAR":"200","ABBR":"1中高","BCR":"60","YoutoName":"第１種中高層住居専用地域","R":0.001378}},{"type":"Feature","geometry":{"type":"Point","coordinates":[130.69376,32.646917]},"properties":{"FAR":"100","ABBR":"2低","BCR":"50","YoutoName":"第２種低層住居専用地域","R":0.000971}},{"type":"Feature","geometry":{"type":"Point","coordinates":[130.679802,32.647454]},"properties":{"FAR":"200","ABBR":"1中高","BCR":"60","YoutoName":"第１種中高層住居専用地域","R":0.001955}},{"type":"Feature","geometry":{"type":"Point","coordinates":[130.675946,32.646862]},"properties":{"FAR":"200","ABBR":"近商","BCR":"80","YoutoName":"近隣商業地域","R":0.00058}},{"type":"Feature","geometry":{"type":"Point","coordinates":[130.688067,32.650531]},"properties":{"FAR":"400","ABBR":"商業","BCR":"80","YoutoName":"商業地域","R":0.000754}},{"type":"Feature","geometry":{"type":"Point","coordinates":[130.680189,32.651508]},"properties":{"FAR":"300","ABBR":"近商","BCR":"80","YoutoName":"近隣商業地域","R":0.000422}},{"type":"Feature","geometry":{"type":"Point","coordinates":[130.675765,32.651599]},"properties":{"FAR":"400","ABBR":"商業","BCR":"80","YoutoName":"商業地域","R":0.001161}},{"type":"Feature","geometry":{"type":"Point","coordinates":[130.697202,32.653085]},"properties":{"FAR":"100","ABBR":"2低","BCR":"50","YoutoName":"第２種低層住居専用地域","R":0.000938}},{"type":"Feature","geometry":{"type":"Point","coordinates":[130.685545,32.653643]},"properties":{"FAR":"200","ABBR":"1中高","BCR":"60","YoutoName":"第１種中高層住居専用地域","R":0.00189}},{"type":"Feature","geometry":{"type":"Point","coordinates":[130.684039,32.658469]},"properties":{"FAR":"80","ABBR":"1低","BCR":"40","YoutoName":"第１種低層住居専用地域","R":0.002142}},{"type":"Feature","geometry":{"type":"Point","coordinates":[130.674655,32.660744]},"properties":{"FAR":"80","ABBR":"1低","BCR":"40","YoutoName":"第１種低層住居専用地域","R":0.000853}},{"type":"Feature","geometry":{"type":"Point","coordinates":[130.674401,32.65552]},"properties":{"FAR":"100","ABBR":"2低","BCR":"50","YoutoName":"第２種低層住居専用地域","R":0.001148}},{"type":"Feature","geometry":{"type":"Point","coordinates":[130.736331,32.858268]},"properties":{"FAR":"150","ABBR":"1中高","BCR":"60","YoutoName":"第１種中高層住居専用地域","R":0.005118}},{"type":"Feature","geometry":{"type":"Point","coordinates":[130.779799,32.870503]},"properties":{"FAR":"150","ABBR":"2中高","BCR":"60","YoutoName":"第２種中高層住居専用地域","R":0.0006}},{"type":"Feature","geometry":{"type":"Point","coordinates":[130.725574,32.852413]},"properties":{"FAR":"200","ABBR":"近商","BCR":"80","YoutoName":"近隣商業地域","R":0.000216}},{"type":"Feature","geometry":{"type":"Point","coordinates":[130.728008,32.851526]},"properties":{"FAR":"150","ABBR":"2中高","BCR":"60","YoutoName":"第２種中高層住居専用地域","R":9.5e-05}},{"type":"Feature","geometry":{"type":"Point","coordinates":[130.746257,32.855988]},"properties":{"FAR":"150","ABBR":"2中高","BCR":"60","YoutoName":"第２種中高層住居専用地域","R":0.000207}},{"type":"Feature","geometry":{"type":"Point","coordinates":[130.732914,32.865785]},"properties":{"FAR":"150","ABBR":"1中高","BCR":"60","YoutoName":"第１種中高層住居専用地域","R":0.001638}},{"type":"Feature","geometry":{"type":"Point","coordinates":[130.747272,32.871869]},"properties":{"FAR":"80","ABBR":"1低","BCR":"40","YoutoName":"第１種低層住居専用地域","R":0.002702}},{"type":"Feature","geometry":{"type":"Point","coordinates":[130.748743,32.861646]},"properties":{"FAR":"80","ABBR":"1低","BCR":"40","YoutoName":"第１種低層住居専用地域","R":0.001426}},{"type":"Feature","geometry":{"type":"Point","coordinates":[130.76172,32.866383]},"properties":{"FAR":"80","ABBR":"1低","BCR":"40","YoutoName":"第１種低層住居専用地域","R":0.002346}},{"type":"Feature","geometry":{"type":"Point","coordinates":[130.765985,32.870766]},"properties":{"FAR":"80","ABBR":"1低","BCR":"40","YoutoName":"第１種低層住居専用地域","R":0.001623}},{"type":"Feature","geometry":{"type":"Point","coordinates":[130.7672,32.868923]},"properties":{"FAR":"150","ABBR":"2中高","BCR":"60","YoutoName":"第２種中高層住居専用地域","R":0.000511}},{"type":"Feature","geometry":{"type":"Point","coordinates":[130.766294,32.867079]},"properties":{"FAR":"80","ABBR":"1低","BCR":"40","YoutoName":"第１種低層住居専用地域","R":0.001046}},{"type":"Feature","geometry":{"type":"Point","coordinates":[130.770849,32.867021]},"properties":{"FAR":"150","ABBR":"1中高","BCR":"60","YoutoName":"第１種中高層住居専用地域","R":0.001227}},{"type":"Feature","geometry":{"type":"Point","coordinates":[130.777148,32.869845]},"properties":{"FAR":"80","ABBR":"1低","BCR":"40","YoutoName":"第１種低層住居専用地域","R":0.001936}},{"type":"Feature","geometry":{"type":"Point","coordinates":[130.781857,32.869039]},"properties":{"FAR":"80","ABBR":"2低","BCR":"40","YoutoName":"第２種低層住居専用地域","R":0.000299}},{"type":"Feature","geometry":{"type":"Point","coordinates":[130.78393,32.871918]},"properties":{"FAR":"80","ABBR":"1低","BCR":"40","YoutoName":"第１種低層住居専用地域","R":0.001797}},{"type":"Feature","geometry":{"type":"Point","coordinates":[130.772286,32.862967]},"properties":{"FAR":"150","ABBR":"1中高","BCR":"60","YoutoName":"第１種中高層住居専用地域","R":0.002026}},{"type":"Feature","geometry":{"type":"Point","coordinates":[130.778435,32.86574]},"properties":{"FAR":"80","ABBR":"1低","BCR":"40","YoutoName":"第１種低層住居専用地域","R":0.001305}},{"type":"Feature","geometry":{"type":"Point","coordinates":[130.782615,32.874712]},"properties":{"FAR":"80","ABBR":"1低","BCR":"40","YoutoName":"第１種低層住居専用地域","R":0.001258}},{"type":"Feature","geometry":{"type":"Point","coordinates":[130.779948,32.873804]},"properties":{"FAR":"150","ABBR":"2中高","BCR":"60","YoutoName":"第２種中高層住居専用地域","R":0.000296}},{"type":"Feature","geometry":{"type":"Point","coordinates":[130.749399,32.878546]},"properties":{"FAR":"150","ABBR":"2中高","BCR":"60","YoutoName":"第２種中高層住居専用地域","R":0.002116}},{"type":"Feature","geometry":{"type":"Point","coordinates":[130.625816,32.915546]},"properties":{"FAR":"100","ABBR":"2低","BCR":"50","YoutoName":"第２種低層住居専用地域","R":0.000648}},{"type":"Feature","geometry":{"type":"Point","coordinates":[130.629008,32.914326]},"properties":{"FAR":"200","ABBR":"1中高","BCR":"60","YoutoName":"第１種中高層住居専用地域","R":0.000322}},{"type":"Feature","geometry":{"type":"Point","coordinates":[130.630019,32.914481]},"properties":{"FAR":"100","ABBR":"2低","BCR":"50","YoutoName":"第２種低層住居専用地域","R":0.000415}},{"type":"Feature","geometry":{"type":"Point","coordinates":[130.464326,32.907804]},"properties":{"FAR":"200","ABBR":"工専","BCR":"60","YoutoName":"工業専用地域","R":0.003552}},{"type":"Feature","geometry":{"type":"Point","coordinates":[130.470516,32.919339]},"properties":{"FAR":"200","ABBR":"近商","BCR":"80","YoutoName":"近隣商業地域","R":0.000536}},{"type":"Feature","geometry":{"type":"Point","coordinates":[130.451161,32.916212]},"properties":{"FAR":"200","ABBR":"工専","BCR":"60","YoutoName":"工業専用地域","R":0.005117}},{"type":"Feature","geometry":{"type":"Point","coordinates":[130.443195,32.92984]},"properties":{"FAR":"400","ABBR":"商業","BCR":"80","YoutoName":"商業地域","R":0.001331}},{"type":"Feature","geometry":{"type":"Point","coordinates":[130.443066,32.933687]},"properties":{"FAR":"200","ABBR":"近商","BCR":"80","YoutoName":"近隣商業地域","R":0.00077}},{"type":"Feature","geometry":{"type":"Point","coordinates":[130.452587,32.92935]},"properties":{"FAR":"400","ABBR":"商業","BCR":"80","YoutoName":"商業地域","R":0.001312}},{"type":"Feature","geometry":{"type":"Point","coordinates":[130.452094,32.936398]},"properties":{"FAR":"200","ABBR":"近商","BCR":"80","YoutoName":"近隣商業地域","R":0.000447}},{"type":"Feature","geometry":{"type":"Point","coordinates":[130.459746,32.936916]},"properties":{"FAR":"100","ABBR":"1低","BCR":"50","YoutoName":"第１種低層住居専用地域","R":0.00101}},{"type":"Feature","geometry":{"type":"Point","coordinates":[130.44958,32.938474]},"properties":{"FAR":"200","ABBR":"1中高","BCR":"60","YoutoName":"第１種中高層住居専用地域","R":0.000365}},{"type":"Feature","geometry":{"type":"Point","coordinates":[130.452704,32.939698]},"properties":{"FAR":"100","ABBR":"1低","BCR":"50","YoutoName":"第１種低層住居専用地域","R":0.001742}},{"type":"Feature","geometry":{"type":"Point","coordinates":[130.443966,32.939451]},"properties":{"FAR":"100","ABBR":"1低","BCR":"50","YoutoName":"第１種低層住居専用地域","R":0.001144}},{"type":"Feature","geometry":{"type":"Point","coordinates":[130.448147,32.938796]},"properties":{"FAR":"100","ABBR":"1低","BCR":"50","YoutoName":"第１種低層住居専用地域","R":0.001069}},{"type":"Feature","geometry":{"type":"Point","coordinates":[130.755775,32.852313]},"properties":{"FAR":"150","ABBR":"1中高","BCR":"60","YoutoName":"第１種中高層住居専用地域","R":0.000216}},{"type":"Feature","geometry":{"type":"Point","coordinates":[130.759498,32.852233]},"properties":{"FAR":"150","ABBR":"1中高","BCR":"60","YoutoName":"第１種中高層住居専用地域","R":0.000367}},{"type":"Feature","geometry":{"type":"Point","coordinates":[130.761925,32.854419]},"properties":{"FAR":"150","ABBR":"1中高","BCR":"60","YoutoName":"第１種中高層住居専用地域","R":5.2e-05}},{"type":"Feature","geometry":{"type":"Point","coordinates":[130.762736,32.854457]},"properties":{"FAR":"150","ABBR":"1中高","BCR":"60","YoutoName":"第１種中高層住居専用地域","R":0.000197}},{"type":"Feature","geometry":{"type":"Point","coordinates":[130.765796,32.854211]},"properties":{"FAR":"150","ABBR":"1中高","BCR":"60","YoutoName":"第１種中高層住居専用地域","R":0.000362}},{"type":"Feature","geometry":{"type":"Point","coordinates":[130.789914,32.854994]},"properties":{"FAR":"150","ABBR":"1中高","BCR":"60","YoutoName":"第１種中高層住居専用地域","R":0.001076}},{"type":"Feature","geometry":{"type":"Point","coordinates":[130.751523,32.85594]},"properties":{"FAR":"150","ABBR":"1中高","BCR":"60","YoutoName":"第１種中高層住居専用地域","R":0.000522}},{"type":"Feature","geometry":{"type":"Point","coordinates":[130.748631,32.857587]},"properties":{"FAR":"150","ABBR":"1中高","BCR":"60","YoutoName":"第１種中高層住居専用地域","R":9.4e-05}},{"type":"Feature","geometry":{"type":"Point","coordinates":[130.796769,32.85775]},"properties":{"FAR":"150","ABBR":"1中高","BCR":"60","YoutoName":"第１種中高層住居専用地域","R":0.000431}},{"type":"Feature","geometry":{"type":"Point","coordinates":[130.790698,32.858293]},"properties":{"FAR":"150","ABBR":"1中高","BCR":"60","YoutoName":"第１種中高層住居専用地域","R":0.000403}},{"type":"Feature","geometry":{"type":"Point","coordinates":[130.792226,32.857476]},"properties":{"FAR":"200","ABBR":"2中高","BCR":"60","YoutoName":"第２種中高層住居専用地域","R":0.000767}},{"type":"Feature","geometry":{"type":"Point","coordinates":[130.75757,32.858964]},"properties":{"FAR":"150","ABBR":"1中高","BCR":"60","YoutoName":"第１種中高層住居専用地域","R":0.002162}},{"type":"Feature","geometry":{"type":"Point","coordinates":[130.780651,32.859239]},"properties":{"FAR":"80","ABBR":"1低","BCR":"40","YoutoName":"第１種低層住居専用地域","R":0.000909}},{"type":"Feature","geometry":{"type":"Point","coordinates":[130.786331,32.8589]},"properties":{"FAR":"300","ABBR":"近商","BCR":"80","YoutoName":"近隣商業地域","R":0.000851}},{"type":"Feature","geometry":{"type":"Point","coordinates":[130.786138,32.861071]},"properties":{"FAR":"150","ABBR":"2中高","BCR":"60","YoutoName":"第２種中高層住居専用地域","R":0.000489}},{"type":"Feature","geometry":{"type":"Point","coordinates":[130.797351,32.861619]},"properties":{"FAR":"200","ABBR":"近商","BCR":"80","YoutoName":"近隣商業地域","R":0.000435}},{"type":"Feature","geometry":{"type":"Point","coordinates":[130.780442,32.861656]},"properties":{"FAR":"80","ABBR":"1低","BCR":"40","YoutoName":"第１種低層住居専用地域","R":0.000707}},{"type":"Feature","geometry":{"type":"Point","coordinates":[130.787468,32.86193]},"properties":{"FAR":"80","ABBR":"1低","BCR":"40","YoutoName":"第１種低層住居専用地域","R":0.000752}},{"type":"Feature","geometry":{"type":"Point","coordinates":[130.778383,32.860118]},"properties":{"FAR":"150","ABBR":"2中高","BCR":"60","YoutoName":"第２種中高層住居専用地域","R":0.001137}},{"type":"Feature","geometry":{"type":"Point","coordinates":[130.823152,32.860841]},"properties":{"FAR":"150","ABBR":"1中高","BCR":"60","YoutoName":"第１種中高層住居専用地域","R":0.001562}},{"type":"Feature","geometry":{"type":"Point","coordinates":[130.790295,32.860804]},"properties":{"FAR":"150","ABBR":"2中高","BCR":"60","YoutoName":"第２種中高層住居専用地域","R":0.000636}},{"type":"Feature","geometry":{"type":"Point","coordinates":[130.788846,32.863175]},"properties":{"FAR":"150","ABBR":"2中高","BCR":"60","YoutoName":"第２種中高層住居専用地域","R":0.000395}},{"type":"Feature","geometry":{"type":"Point","coordinates":[130.791923,32.862289]},"properties":{"FAR":"150","ABBR":"1中高","BCR":"60","YoutoName":"第１種中高層住居専用地域","R":0.00149}},{"type":"Feature","geometry":{"type":"Point","coordinates":[130.774246,32.858745]},"properties":{"FAR":"80","ABBR":"1低","BCR":"40","YoutoName":"第１種低層住居専用地域","R":0.001229}},{"type":"Feature","geometry":{"type":"Point","coordinates":[130.786055,32.86402]},"properties":{"FAR":"80","ABBR":"1低","BCR":"40","YoutoName":"第１種低層住居専用地域","R":0.000637}},{"type":"Feature","geometry":{"type":"Point","coordinates":[130.823046,32.863056]},"properties":{"FAR":"150","ABBR":"2中高","BCR":"60","YoutoName":"第２種中高層住居専用地域","R":0.000633}},{"type":"Feature","geometry":{"type":"Point","coordinates":[130.828104,32.861322]},"properties":{"FAR":"100","ABBR":"1中高","BCR":"50","YoutoName":"第１種中高層住居専用地域","R":0.001715}},{"type":"Feature","geometry":{"type":"Point","coordinates":[130.781106,32.864848]},"properties":{"FAR":"80","ABBR":"1低","BCR":"40","YoutoName":"第１種低層住居専用地域","R":0.000389}},{"type":"Feature","geometry":{"type":"Point","coordinates":[130.7799,32.864431]},"properties":{"FAR":"150","ABBR":"2中高","BCR":"60","YoutoName":"第２種中高層住居専用地域","R":0.000369}},{"type":"Feature","geometry":{"type":"Point","coordinates":[130.766309,32.865705]},"properties":{"FAR":"150","ABBR":"1中高","BCR":"60","YoutoName":"第１種中高層住居専用地域","R":0.000236}},{"type":"Feature","geometry":{"type":"Point","coordinates":[130.829522,32.86646]},"properties":{"FAR":"100","ABBR":"1中高","BCR":"50","YoutoName":"第１種中高層住居専用地域","R":0.000558}},{"type":"Feature","geometry":{"type":"Point","coordinates":[130.828876,32.864906]},"properties":{"FAR":"100","ABBR":"2中高","BCR":"50","YoutoName":"第２種中高層住居専用地域","R":0.000971}},{"type":"Feature","geometry":{"type":"Point","coordinates":[130.826564,32.866673]},"properties":{"FAR":"100","ABBR":"1中高","BCR":"50","YoutoName":"第１種中高層住居専用地域","R":0.000689}},{"type":"Feature","geometry":{"type":"Point","coordinates":[130.822244,32.86548]},"properties":{"FAR":"150","ABBR":"1中高","BCR":"60","YoutoName":"第１種中高層住居専用地域","R":0.001861}},{"type":"Feature","geometry":{"type":"Point","coordinates":[130.781398,32.867657]},"properties":{"FAR":"150","ABBR":"1中高","BCR":"60","YoutoName":"第１種中高層住居専用地域","R":0.000346}},{"type":"Feature","geometry":{"type":"Point","coordinates":[130.783843,32.869134]},"properties":{"FAR":"80","ABBR":"2低","BCR":"40","YoutoName":"第２種低層住居専用地域","R":0.000222}},{"type":"Feature","geometry":{"type":"Point","coordinates":[130.787133,32.868234]},"properties":{"FAR":"80","ABBR":"1低","BCR":"40","YoutoName":"第１種低層住居専用地域","R":0.001695}},{"type":"Feature","geometry":{"type":"Point","coordinates":[130.792048,32.858781]},"properties":{"FAR":"150","ABBR":"2中高","BCR":"60","YoutoName":"第２種中高層住居専用地域","R":0.000454}},{"type":"Feature","geometry":{"type":"Point","coordinates":[130.796318,32.86011]},"properties":{"FAR":"150","ABBR":"1中高","BCR":"60","YoutoName":"第１種中高層住居専用地域","R":0.000652}},{"type":"Feature","geometry":{"type":"Point","coordinates":[130.801895,32.704366]},"properties":{"FAR":"80","ABBR":"1低","BCR":"40","YoutoName":"第１種低層住居専用地域","R":0.000826}},{"type":"Feature","geometry":{"type":"Point","coordinates":[130.805939,32.709264]},"properties":{"FAR":"100","ABBR":"1中高","BCR":"50","YoutoName":"第１種中高層住居専用地域","R":0.001118}},{"type":"Feature","geometry":{"type":"Point","coordinates":[130.807722,32.708568]},"properties":{"FAR":"80","ABBR":"1低","BCR":"40","YoutoName":"第１種低層住居専用地域","R":0.000667}},{"type":"Feature","geometry":{"type":"Point","coordinates":[130.799332,32.709221]},"properties":{"FAR":"200","ABBR":"近商","BCR":"80","YoutoName":"近隣商業地域","R":0.000745}},{"type":"Feature","geometry":{"type":"Point","coordinates":[130.802853,32.711817]},"properties":{"FAR":"100","ABBR":"1中高","BCR":"50","YoutoName":"第１種中高層住居専用地域","R":0.001345}},{"type":"Feature","geometry":{"type":"Point","coordinates":[130.795605,32.710681]},"properties":{"FAR":"100","ABBR":"2低","BCR":"50","YoutoName":"第２種低層住居専用地域","R":0.000918}},{"type":"Feature","geometry":{"type":"Point","coordinates":[130.802419,32.709386]},"properties":{"FAR":"200","ABBR":"近商","BCR":"80","YoutoName":"近隣商業地域","R":0.000905}},{"type":"Feature","geometry":{"type":"Point","coordinates":[130.791358,32.71469]},"properties":{"FAR":"80","ABBR":"1低","BCR":"40","YoutoName":"第１種低層住居専用地域","R":0.00134}},{"type":"Feature","geometry":{"type":"Point","coordinates":[130.805197,32.716536]},"properties":{"FAR":"100","ABBR":"1中高","BCR":"50","YoutoName":"第１種中高層住居専用地域","R":0.00184}},{"type":"Feature","geometry":{"type":"Point","coordinates":[130.743633,32.738536]},"properties":{"FAR":"200","ABBR":"近商","BCR":"80","YoutoName":"近隣商業地域","R":0.0014}},{"type":"Feature","geometry":{"type":"Point","coordinates":[130.742346,32.741672]},"properties":{"FAR":"200","ABBR":"2中高","BCR":"60","YoutoName":"第２種中高層住居専用地域","R":0.001261}},{"type":"Feature","geometry":{"type":"Point","coordinates":[130.737566,32.742474]},"properties":{"FAR":"200","ABBR":"2中高","BCR":"60","YoutoName":"第２種中高層住居専用地域","R":0.000769}},{"type":"Feature","geometry":{"type":"Point","coordinates":[130.746591,32.74152]},"properties":{"FAR":"200","ABBR":"2中高","BCR":"60","YoutoName":"第２種中高層住居専用地域","R":0.001004}},{"type":"Feature","geometry":{"type":"Point","coordinates":[130.73928,32.747266]},"properties":{"FAR":"200","ABBR":"2中高","BCR":"60","YoutoName":"第２種中高層住居専用地域","R":0.000399}},{"type":"Feature","geometry":{"type":"Point","coordinates":[130.737653,32.747574]},"properties":{"FAR":"200","ABBR":"2中高","BCR":"60","YoutoName":"第２種中高層住居専用地域","R":0.000482}},{"type":"Feature","geometry":{"type":"Point","coordinates":[130.740815,32.748814]},"properties":{"FAR":"200","ABBR":"2中高","BCR":"60","YoutoName":"第２種中高層住居専用地域","R":0.000396}},{"type":"Feature","geometry":{"type":"Point","coordinates":[130.743232,32.748767]},"properties":{"FAR":"100","ABBR":"2低","BCR":"50","YoutoName":"第２種低層住居専用地域","R":0.001766}},{"type":"Feature","geometry":{"type":"Point","coordinates":[130.78602,32.750356]},"properties":{"FAR":"100","ABBR":"2低","BCR":"50","YoutoName":"第２種低層住居専用地域","R":0.000542}},{"type":"Feature","geometry":{"type":"Point","coordinates":[130.780572,32.749517]},"properties":{"FAR":"200","ABBR":"2中高","BCR":"60","YoutoName":"第２種中高層住居専用地域","R":0.0006}},{"type":"Feature","geometry":{"type":"Point","coordinates":[130.782872,32.749962]},"properties":{"FAR":"100","ABBR":"2低","BCR":"50","YoutoName":"第２種低層住居専用地域","R":0.000114}},{"type":"Feature","geometry":{"type":"Point","coordinates":[130.778669,32.75012]},"properties":{"FAR":"100","ABBR":"2低","BCR":"50","YoutoName":"第２種低層住居専用地域","R":0.00031}},{"type":"Feature","geometry":{"type":"Point","coordinates":[130.77474,32.749615]},"properties":{"FAR":"100","ABBR":"2低","BCR":"50","YoutoName":"第２種低層住居専用地域","R":0.000906}},{"type":"Feature","geometry":{"type":"Point","coordinates":[130.787074,32.749367]},"properties":{"FAR":"200","ABBR":"1中高","BCR":"60","YoutoName":"第１種中高層住居専用地域","R":0.000393}},{"type":"Feature","geometry":{"type":"Point","coordinates":[130.780704,32.745837]},"properties":{"FAR":"200","ABBR":"2中高","BCR":"60","YoutoName":"第２種中高層住居専用地域","R":0.000545}},{"type":"Feature","geometry":{"type":"Point","coordinates":[130.785288,32.745341]},"properties":{"FAR":"100","ABBR":"2低","BCR":"50","YoutoName":"第２種低層住居専用地域","R":0.000494}},{"type":"Feature","geometry":{"type":"Point","coordinates":[130.778303,32.745469]},"properties":{"FAR":"100","ABBR":"2低","BCR":"50","YoutoName":"第２種低層住居専用地域","R":0.000158}},{"type":"Feature","geometry":{"type":"Point","coordinates":[130.777055,32.745184]},"properties":{"FAR":"100","ABBR":"2低","BCR":"50","YoutoName":"第２種低層住居専用地域","R":0.000319}},{"type":"Feature","geometry":{"type":"Point","coordinates":[130.772708,32.746746]},"properties":{"FAR":"100","ABBR":"2低","BCR":"50","YoutoName":"第２種低層住居専用地域","R":0.000148}},{"type":"Feature","geometry":{"type":"Point","coordinates":[130.784068,32.746996]},"properties":{"FAR":"200","ABBR":"1中高","BCR":"60","YoutoName":"第１種中高層住居専用地域","R":0.000453}},{"type":"Feature","geometry":{"type":"Point","coordinates":[130.777846,32.747707]},"properties":{"FAR":"200","ABBR":"1中高","BCR":"60","YoutoName":"第１種中高層住居専用地域","R":0.001033}},{"type":"Feature","geometry":{"type":"Point","coordinates":[130.789581,32.778583]},"properties":{"FAR":"150","ABBR":"1中高","BCR":"60","YoutoName":"第１種中高層住居専用地域","R":0.001124}},{"type":"Feature","geometry":{"type":"Point","coordinates":[130.789132,32.784609]},"properties":{"FAR":"150","ABBR":"2中高","BCR":"60","YoutoName":"第２種中高層住居専用地域","R":0.001191}},{"type":"Feature","geometry":{"type":"Point","coordinates":[130.804878,32.782911]},"properties":{"FAR":"150","ABBR":"1中高","BCR":"60","YoutoName":"第１種中高層住居専用地域","R":0.001773}},{"type":"Feature","geometry":{"type":"Point","coordinates":[130.816694,32.787762]},"properties":{"FAR":"150","ABBR":"2中高","BCR":"60","YoutoName":"第２種中高層住居専用地域","R":0.000887}},{"type":"Feature","geometry":{"type":"Point","coordinates":[130.786378,32.786509]},"properties":{"FAR":"80","ABBR":"1低","BCR":"40","YoutoName":"第１種低層住居専用地域","R":0.002012}},{"type":"Feature","geometry":{"type":"Point","coordinates":[130.785728,32.789616]},"properties":{"FAR":"150","ABBR":"2中高","BCR":"60","YoutoName":"第２種中高層住居専用地域","R":0.000804}},{"type":"Feature","geometry":{"type":"Point","coordinates":[130.796626,32.786399]},"properties":{"FAR":"150","ABBR":"1中高","BCR":"60","YoutoName":"第１種中高層住居専用地域","R":0.003257}},{"type":"Feature","geometry":{"type":"Point","coordinates":[130.822405,32.789719]},"properties":{"FAR":"150","ABBR":"2中高","BCR":"60","YoutoName":"第２種中高層住居専用地域","R":0.000891}},{"type":"Feature","geometry":{"type":"Point","coordinates":[130.817766,32.790053]},"properties":{"FAR":"200","ABBR":"近商","BCR":"80","YoutoName":"近隣商業地域","R":0.000902}},{"type":"Feature","geometry":{"type":"Point","coordinates":[130.815551,32.793455]},"properties":{"FAR":"150","ABBR":"1中高","BCR":"60","YoutoName":"第１種中高層住居専用地域","R":0.001088}},{"type":"Feature","geometry":{"type":"Point","coordinates":[130.821091,32.795837]},"properties":{"FAR":"80","ABBR":"1低","BCR":"40","YoutoName":"第１種低層住居専用地域","R":0.001746}},{"type":"Feature","geometry":{"type":"Point","coordinates":[130.78173,32.803263]},"properties":{"FAR":"150","ABBR":"1中高","BCR":"60","YoutoName":"第１種中高層住居専用地域","R":0.001811}},{"type":"Feature","geometry":{"type":"Point","coordinates":[130.819508,32.788145]},"properties":{"FAR":"150","ABBR":"2中高","BCR":"60","YoutoName":"第２種中高層住居専用地域","R":0.00072}},{"type":"Feature","geometry":{"type":"Point","coordinates":[130.800721,32.783188]},"properties":{"FAR":"200","ABBR":"近商","BCR":"80","YoutoName":"近隣商業地域","R":0.000607}}]}